1,S041,BIHAR,VALMIKI NAGAR,1,DHIRENDRA PRATAP SINGH ALIAS RINKU SINGH,Janata Dal (United),105771,284,106055,45.39
2,S041,BIHAR,VALMIKI NAGAR,2,RAMESHWAR YADAV,Bahujan Samaj Party,5294,18,5312,2.27
3,S041,BIHAR,VALMIKI NAGAR,3,SURENDRA PRASAD,Indian National Congress,107374,356,107730,46.11
4,S041,BIHAR,VALMIKI NAGAR,4,RAJESH SHARMA,Lok Samaj Party,2301,2,2303,0.99
5,S041,BIHAR,VALMIKI NAGAR,5,AZHARUDDIN ANSARI,Independent,1553,1,1554,0.67
6,S041,BIHAR,VALMIKI NAGAR,6,MAHMAD JALIL,Independent,2426,0,2426,1.04
7,S041,BIHAR,VALMIKI NAGAR,7,SURENDRA RAM,Independent,1850,2,1852,0.79
8,S041,BIHAR,VALMIKI NAGAR,8,NOTA,None of the Above,6391,9,6400,2.74
9,S042,BIHAR,RAMNAGAR,1,AADITYA KUMAR,Bahujan Samaj Party,2649,14,2663,1.25
10,S042,BIHAR,RAMNAGAR,2,NAND KISHOR RAM,Bharatiya Janata Party,114958,256,115214,54.13
11,S042,BIHAR,RAMNAGAR,3,SUBODH KUMAR,Rashtriya Janata Dal,79216,318,79534,37.36
12,S042,BIHAR,RAMNAGAR,4,PAPPU KUMAR RANJAN,Jan Suraaj Party,6933,59,6992,3.28
13,S042,BIHAR,RAMNAGAR,5,LALAN PASWAN,Nationalist Congress Party,613,5,618,0.29
14,S042,BIHAR,RAMNAGAR,6,VASHISHTHA PASWAN,Suheldev Bharatiya Samaj Party,1515,2,1517,0.71
15,S042,BIHAR,RAMNAGAR,7,ANGAD RAM,Independent,1842,0,1842,0.87
16,S042,BIHAR,RAMNAGAR,8,SANTOSH RAM,Independent,2294,1,2295,1.08
17,S042,BIHAR,RAMNAGAR,9,NOTA,None of the Above,2178,6,2184,1.03
18,S043,BIHAR,NARKATIAGANJ,1,DEEPAK YADAV,Rashtriya Janata Dal,73355,231,73586,37.41
19,S043,BIHAR,NARKATIAGANJ,2,MD MOTIUR RAHMAN,Bahujan Samaj Party,941,10,951,0.48
20,S043,BIHAR,NARKATIAGANJ,3,SHASHWAT KEDAR,Indian National Congress,5259,129,5388,2.74
21,S043,BIHAR,NARKATIAGANJ,4,SANJAY KUMAR PANDEY,Bharatiya Janata Party,99815,229,100044,50.86
22,S043,BIHAR,NARKATIAGANJ,5,DILSHAD AHMAD,Fauji Janta Party,1236,2,1238,0.63
23,S043,BIHAR,NARKATIAGANJ,6,MOHAMMAD RASHID AZIM,Nationalist Congress Party,289,2,291,0.15
24,S043,BIHAR,NARKATIAGANJ,7,MD. WASIULLAH,Jan Suraaj Party,4202,36,4238,2.15
25,S043,BIHAR,NARKATIAGANJ,8,ISHTEYAK AHAMAD,Independent,3823,8,3831,1.95
26,S043,BIHAR,NARKATIAGANJ,9,DHRUP RAM,Independent,676,0,676,0.34
27,S043,BIHAR,NARKATIAGANJ,10,MAYA DEVI,Independent,2314,23,2337,1.19
28,S043,BIHAR,NARKATIAGANJ,11,RAJENDRA PRASAD YADAV,Independent,1205,0,1205,0.61
29,S043,BIHAR,NARKATIAGANJ,12,SAMEER SUNU,Independent,703,0,703,0.36
30,S043,BIHAR,NARKATIAGANJ,13,NOTA,None of the Above,2201,2,2203,1.12
31,S044,BIHAR,BAGAHA,1,JAYESH MANGALAM SINGH,Indian National Congress,100165,397,100562,44.59
32,S044,BIHAR,BAGAHA,2,RAM SINGH,Bharatiya Janata Party,106638,237,106875,47.39
33,S044,BIHAR,BAGAHA,3,NANDESH PANDEY URF CHUNNU PANDEY,Jan Suraaj Party,5758,41,5799,2.57
34,S044,BIHAR,BAGAHA,4,MAHFOOZ ALAM,Aazad Samaj Party (Kanshi Ram),2648,11,2659,1.18
35,S044,BIHAR,BAGAHA,5,RAHUL TIWARI,Right to Recall Party,1110,1,1111,0.49
36,S044,BIHAR,BAGAHA,6,SHAILESH KUMAR CHAUDHARY,Bharat Jan Jagran Dal,1028,0,1028,0.46
37,S044,BIHAR,BAGAHA,7,DINESH AGRAWAL,Independent,4231,8,4239,1.88
38,S044,BIHAR,BAGAHA,8,NOTA,None of the Above,3253,6,3259,1.45
39,S045,BIHAR,LAURIYA,1,MOHAMMAD HAROON,Bahujan Samaj Party,3426,16,3442,1.8
40,S045,BIHAR,LAURIYA,2,VINAY BIHARI,Bharatiya Janata Party,96225,285,96510,50.36
41,S045,BIHAR,LAURIYA,3,PAPPU KUMAR THAKUR,The Plurals Party,4030,5,4035,2.11
42,S045,BIHAR,LAURIYA,4,RAN KAUSHAL PRATAP SINGH,Vikassheel Insaan Party,69214,330,69544,36.29
43,S045,BIHAR,LAURIYA,5,SUNIL KUMAR,Jan Suraaj Party,15609,113,15722,8.2
44,S045,BIHAR,LAURIYA,6,NOTA,None of the Above,2385,9,2394,1.25
45,S046,BIHAR,NAUTAN,1,AMIT KUMAR,Indian National Congress,79525,355,79880,38.43
46,S046,BIHAR,NAUTAN,2,NARAYAN PRASAD,Bharatiya Janata Party,101725,227,101952,49.05
47,S046,BIHAR,NAUTAN,3,VIRENDRA RAO,Bahujan Samaj Party,2700,14,2714,1.31
48,S046,BIHAR,NAUTAN,4,AJEET KUMAR SAH,Janshakti Janta Dal,779,3,782,0.38
49,S046,BIHAR,NAUTAN,5,JAI PRAKASH,Nationalist Congress Party,268,2,270,0.13
50,S046,BIHAR,NAUTAN,6,SANJAY PRASAD ALIAS SANJAY KUMAR SINGH,Apni Janta Party,816,6,822,0.4
51,S046,BIHAR,NAUTAN,7,SANTOSH CHAUDHARI,Jan Suraaj Party,12028,54,12082,5.81
52,S046,BIHAR,NAUTAN,8,CHITRANJAN KUMAR PATEL,Independent,1530,3,1533,0.74
53,S046,BIHAR,NAUTAN,9,MOHAMMAD ALI,Independent,643,2,645,0.31
54,S046,BIHAR,NAUTAN,10,BIPIN BIHARI PANDEY,Independent,1990,0,1990,0.96
55,S046,BIHAR,NAUTAN,11,SIKANDAR RAM,Independent,1943,0,1943,0.93
56,S046,BIHAR,NAUTAN,12,NOTA,None of the Above,3215,5,3220,1.55
57,S047,BIHAR,CHANPATIA,1,ABHISHEK RANJAN,Indian National Congress,87132,406,87538,40.07
58,S047,BIHAR,CHANPATIA,2,UMAKANT SINGH,Bharatiya Janata Party,86714,222,86936,39.8
59,S047,BIHAR,CHANPATIA,3,TRIPURARI KUMAR TIWARI ALIAS MANISH KASHYAP,Jan Suraaj Party,37057,115,37172,17.02
60,S047,BIHAR,CHANPATIA,4,BIPIN TIWARI ALIAS BIPIN NATH TIWARI,Loktantrik Jan Swaraj Party,2106,2,2108,0.96
61,S047,BIHAR,CHANPATIA,5,MOHAMMAD SOAIB,Independent,2091,1,2092,0.96
62,S047,BIHAR,CHANPATIA,6,NOTA,None of the Above,2606,3,2609,1.19
63,S048,BIHAR,BETTIAH,1,RENU DEVI,Bharatiya Janata Party,91621,286,91907,46.78
64,S048,BIHAR,BETTIAH,2,WASHI AHMAD,Indian National Congress,69258,276,69534,35.39
65,S048,BIHAR,BETTIAH,3,ANIL KUMAR SINGH,Jan Suraaj Party,6245,52,6297,3.21
66,S048,BIHAR,BETTIAH,4,CHHATHU SHARMA,Jagrook Janta Party,780,0,780,0.4
67,S048,BIHAR,BETTIAH,5,SATISH KUMAR,Sudharwadi Party,1300,0,1300,0.66
68,S048,BIHAR,BETTIAH,6,ROHIT KUMAR SIKARIA,Independent,24478,187,24665,12.55
69,S048,BIHAR,BETTIAH,7,NOTA,None of the Above,1977,4,1981,1.01
70,S049,BIHAR,SIKTA,1,AURANGJEB,Aam Aadmi Party,2510,2,2512,1.19
71,S049,BIHAR,SIKTA,2,BIRENDRA PRASAD GUPTA,Communist Party of India (Marxist-Leninist) (Liberation),37252,179,37431,17.76
72,S049,BIHAR,SIKTA,3,SANTOSH RAM,Bahujan Samaj Party,1959,5,1964,0.93
73,S049,BIHAR,SIKTA,4,SAMMRIDH VARMA,Janata Dal (United),96911,262,97173,46.11
74,S049,BIHAR,SIKTA,5,UTKARSH SRIVASTAVA,Jan Suraaj Party,8143,38,8181,3.88
75,S049,BIHAR,SIKTA,6,PUNAM SHARMA,Jagrook Janta Party,737,0,737,0.35
76,S049,BIHAR,SIKTA,7,MD. FAKHRUDDIN,Rashtriya Jansambhavna Party,2225,0,2225,1.06
77,S049,BIHAR,SIKTA,8,MD ASLAM,Independent,1720,2,1722,0.82
78,S049,BIHAR,SIKTA,9,KHURSHID FIROZ AHMAD,Independent,49795,234,50029,23.74
79,S049,BIHAR,SIKTA,10,PRAMOD SAH,Independent,1793,0,1793,0.85
80,S049,BIHAR,SIKTA,11,LALGURAD MIYAN,Independent,2426,1,2427,1.15
81,S049,BIHAR,SIKTA,12,NOTA,None of the Above,4566,2,4568,2.17
82,S0410,BIHAR,RAXAUL,1,PRAMOD KUMAR SINHA,Bharatiya Janata Party,106498,267,106765,49.55
83,S0410,BIHAR,RAXAUL,2,SHYAM BIHARI PRASAD,Indian National Congress,88382,505,88887,41.26
84,S0410,BIHAR,RAXAUL,3,KAPIL DEV PRASAD,Jan Suraaj Party,14585,71,14656,6.8
85,S0410,BIHAR,RAXAUL,4,MD KALIM,Independent,1169,1,1170,0.54
86,S0410,BIHAR,RAXAUL,5,DHURENDRA KUMAR,Independent,1460,0,1460,0.68
87,S0410,BIHAR,RAXAUL,6,NOTA,None of the Above,2505,5,2510,1.17
88,S0411,BIHAR,SUGAULI,1,ZULFIQUAR AFTAB,Bahujan Samaj Party,24750,286,25036,12.59
89,S0411,BIHAR,SUGAULI,2,RAJESH KUMAR ALIAS BABLU GUPTA,Lok Janshakti Party (Ram Vilas),98595,280,98875,49.74
90,S0411,BIHAR,SUGAULI,3,AJAY KUMAR JHA,Jan Suraaj Party,24546,172,24718,12.43
91,S0411,BIHAR,SUGAULI,4,JITENDRA TIWARI,Kisan Suraj Dal,4241,9,4250,2.14
92,S0411,BIHAR,SUGAULI,5,SHYAM KISHOR CHAUDHARY,Janshakti Janta Dal,40542,142,40684,20.47
93,S0411,BIHAR,SUGAULI,6,NOTA,None of the Above,5214,13,5227,2.63
94,S0412,BIHAR,NARKATIA,1,VISHAL KUMAR,Janata Dal (United),104104,346,104450,46.7
95,S0412,BIHAR,NARKATIA,2,SHAMIM AHMAD,Rashtriya Janata Dal,102429,578,103007,46.06
96,S0412,BIHAR,NARKATIA,3,LAL BABU PRASAD,Jan Suraaj Party,6949,53,7002,3.13
97,S0412,BIHAR,NARKATIA,4,UMAR FAROOQUE,Independent,815,1,816,0.36
98,S0412,BIHAR,NARKATIA,5,WASHISHTH PRASAD,Independent,1004,2,1006,0.45
99,S0412,BIHAR,NARKATIA,6,MD HARUN RASHID,Independent,1937,0,1937,0.87
100,S0412,BIHAR,NARKATIA,7,NOTA,None of the Above,5419,6,5425,2.43
101,S0413,BIHAR,HARSIDHI,1,KRISHNANANDAN PASWAN,Bharatiya Janata Party,96590,274,96864,47.74
102,S0413,BIHAR,HARSIDHI,2,RAJENDRA KUMAR,Rashtriya Janata Dal,89216,553,89769,44.24
103,S0413,BIHAR,HARSIDHI,3,AWADHESH KUMAR,Jan Suraaj Party,9487,81,9568,4.72
104,S0413,BIHAR,HARSIDHI,4,RAVI KANT RAVI,Kisan Suraj Dal,651,1,652,0.32
105,S0413,BIHAR,HARSIDHI,5,JAGDISH RAM,Independent,798,2,800,0.39
106,S0413,BIHAR,HARSIDHI,6,RAJENDRA PASWAN,Independent,2098,2,2100,1.03
107,S0413,BIHAR,HARSIDHI,7,NOTA,None of the Above,3142,4,3146,1.55
108,S0414,BIHAR,GOVINDGANJ,1,AJEET KUMAR RAM,Bahujan Samaj Party,1805,10,1815,0.99
109,S0414,BIHAR,GOVINDGANJ,2,ASHOK KUMAR SINGH,Aam Aadmi Party,929,0,929,0.51
110,S0414,BIHAR,GOVINDGANJ,3,RAJU TIWARI,Lok Janshakti Party (Ram Vilas),95684,350,96034,52.55
111,S0414,BIHAR,GOVINDGANJ,4,SHASHI BHUSHAN RAI ALIAS GAPPU RAI,Indian National Congress,62965,386,63351,34.67
112,S0414,BIHAR,GOVINDGANJ,5,ASHUTOSH KUMAR,Janshakti Janta Dal,3465,6,3471,1.9
113,S0414,BIHAR,GOVINDGANJ,6,KRISHNA KANT MISHRA,Jan Suraaj Party,9767,63,9830,5.38
114,S0414,BIHAR,GOVINDGANJ,7,NITESH KUMAR SHRIVASTAVA,The Plurals Party,3768,2,3770,2.06
115,S0414,BIHAR,GOVINDGANJ,8,RAHUL KUMAR PRIYADARSHY,Akhand Bhartiya Yuva Party,629,1,630,0.34
116,S0414,BIHAR,GOVINDGANJ,9,NOTA,None of the Above,2906,5,2911,1.59
117,S0415,BIHAR,KESARIA,1,RAM ADHAR RAI,Aam Aadmi Party,2658,5,2663,1.51
118,S0415,BIHAR,KESARIA,2,SHALINI MISHRA,Janata Dal (United),77879,313,78192,44.26
119,S0415,BIHAR,KESARIA,3,CHUTUN KUMAR,Rashtriya Jansambhavna Party,2249,4,2253,1.28
120,S0415,BIHAR,KESARIA,4,NAJ AHAMAD KHAN,Jan Suraaj Party,11132,74,11206,6.34
121,S0415,BIHAR,KESARIA,5,VARUN VIJAY,Vikassheel Insaan Party,61591,261,61852,35.01
122,S0415,BIHAR,KESARIA,6,VINOD KUMAR,Janshakti Janta Dal,3303,10,3313,1.88
123,S0415,BIHAR,KESARIA,7,CHANDRESHWAR MISHRA,Independent,4342,0,4342,2.46
124,S0415,BIHAR,KESARIA,8,PUNAM DEVI,Independent,2117,14,2131,1.21
125,S0415,BIHAR,KESARIA,9,RAM SHARAN PRASAD YADAV,Independent,2767,15,2782,1.57
126,S0415,BIHAR,KESARIA,10,SUNIL KUMAR,Independent,4562,5,4567,2.58
127,S0415,BIHAR,KESARIA,11,NOTA,None of the Above,3378,4,3382,1.91
128,S0416,BIHAR,KALYANPUR,1,MANOJ KUMAR YADAV,Rashtriya Janata Dal,73030,459,73489,39.46
129,S0416,BIHAR,KALYANPUR,2,MD BADIUZZAMAN,Bahujan Samaj Party,4439,51,4490,2.41
130,S0416,BIHAR,KALYANPUR,3,RAMBABU DAS,Aam Aadmi Party,577,2,579,0.31
131,S0416,BIHAR,KALYANPUR,4,SACHINDRA PRASAD SINGH,Bharatiya Janata Party,88759,298,89057,47.82
132,S0416,BIHAR,KALYANPUR,5,ARVIND KUMAR PANDEY,Lohiya Janta Dal,2249,1,2250,1.21
133,S0416,BIHAR,KALYANPUR,6,MANTOSH KUMAR SAHNI,Jan Suraaj Party,5158,48,5206,2.8
134,S0416,BIHAR,KALYANPUR,7,MOHIT KUMAR,Jagrook Janta Party,624,0,624,0.34
135,S0416,BIHAR,KALYANPUR,8,ASHOK KUMAR YADAV,Independent,2586,19,2605,1.4
136,S0416,BIHAR,KALYANPUR,9,NITESH KUMAR SINGH,Independent,1626,0,1626,0.87
137,S0416,BIHAR,KALYANPUR,10,RAKESH KUMAR PANDIT,Independent,517,0,517,0.28
138,S0416,BIHAR,KALYANPUR,11,SUBODH KUMAR,Independent,2504,8,2512,1.35
139,S0416,BIHAR,KALYANPUR,12,NOTA,None of the Above,3256,4,3260,1.75
140,S0417,BIHAR,PIPRA,1,BIPUL KUMAR,Bahujan Samaj Party,4684,11,4695,1.92
141,S0417,BIHAR,PIPRA,2,RAJMANGAL PRASAD,Communist Party of India (Marxist),99129,548,99677,40.74
142,S0417,BIHAR,PIPRA,3,SHYAM BABU PRASAD YADAV,Bharatiya Janata Party,110119,303,110422,45.13
143,S0417,BIHAR,PIPRA,4,AMIT KUMAR KUSHWAHA,Nationalist Congress Party,2031,10,2041,0.83
144,S0417,BIHAR,PIPRA,5,KUNDAN KUMAR,Bharat Jan Jagran Dal,1430,9,1439,0.59
145,S0417,BIHAR,PIPRA,6,JAGDISH PRASAD,Bajjikanchal Vikas Party,851,0,851,0.35
146,S0417,BIHAR,PIPRA,7,SHYAM KUMAR,Kisan Suraj Dal,857,2,859,0.35
147,S0417,BIHAR,PIPRA,8,SUBODH KUMAR,Jan Suraaj Party,9431,56,9487,3.88
148,S0417,BIHAR,PIPRA,9,MD MUMTAZ ALAM,Independent,2045,9,2054,0.84
149,S0417,BIHAR,PIPRA,10,RAVIRANJAN KUMAR,Independent,4409,1,4410,1.8
150,S0417,BIHAR,PIPRA,11,RAJMANGAL PRASAD,Independent,4867,5,4872,1.99
151,S0417,BIHAR,PIPRA,12,NOTA,None of the Above,3843,7,3850,1.57
152,S0418,BIHAR,MADHUBAN,1,KUNAL BHUSHAN ALIAS BITTU,Aam Aadmi Party,2592,10,2602,1.42
153,S0418,BIHAR,MADHUBAN,2,RANA RANDHIR,Bharatiya Janata Party,85683,319,86002,46.78
154,S0418,BIHAR,MADHUBAN,3,SANDHYA RANI,Rashtriya Janata Dal,80025,485,80510,43.8
155,S0418,BIHAR,MADHUBAN,4,HARISHCHANDRA KUMAR PRASAD,Bahujan Samaj Party,1503,5,1508,0.82
156,S0418,BIHAR,MADHUBAN,5,VIJAY KUMAR KUSHWAHA,Jan Suraaj Party,5361,22,5383,2.93
157,S0418,BIHAR,MADHUBAN,6,SHIVSHANKAR RAY,Janshakti Janta Dal,1099,2,1101,0.6
158,S0418,BIHAR,MADHUBAN,7,SHASHI RANJAN KUMAR ALIAS SONU SINGH,Independent,2647,0,2647,1.44
159,S0418,BIHAR,MADHUBAN,8,SYED MOHAMMAD IMAM,Independent,2005,2,2007,1.09
160,S0418,BIHAR,MADHUBAN,9,NOTA,None of the Above,2063,1,2064,1.12
161,S0419,BIHAR,MOTIHARI,1,DEWA GUPTA,Rashtriya Janata Dal,91875,642,92517,43.17
162,S0419,BIHAR,MOTIHARI,2,PRAMOD KUMAR,Bharatiya Janata Party,105645,435,106080,49.5
163,S0419,BIHAR,MOTIHARI,3,FAKHRE ALAM,Bahujan Samaj Party,1146,8,1154,0.54
164,S0419,BIHAR,MOTIHARI,4,ATUL KUMAR,Jan Suraaj Party,6521,71,6592,3.08
165,S0419,BIHAR,MOTIHARI,5,SIKANDAR CHAUDHARY,Rashtriya Jansambhavna Party,510,2,512,0.24
166,S0419,BIHAR,MOTIHARI,6,SUSHIL KUMAR,The Plurals Party,323,0,323,0.15
167,S0419,BIHAR,MOTIHARI,7,DIVYANSHU BHARDWAJ,Independent,2059,23,2082,0.97
168,S0419,BIHAR,MOTIHARI,8,DUKHIT RAY,Independent,603,0,603,0.28
169,S0419,BIHAR,MOTIHARI,9,BRAJBIHARI YADAV,Independent,1647,0,1647,0.77
170,S0419,BIHAR,MOTIHARI,10,NOTA,None of the Above,2779,22,2801,1.31
171,S0420,BIHAR,CHIRAIA,1,LAKSHMI NARAYAN PRASAD YADAV,Rashtriya Janata Dal,50854,358,51212,25.81
172,S0420,BIHAR,CHIRAIA,2,LAL BABU PRASAD GUPTA,Bharatiya Janata Party,90308,264,90572,45.65
173,S0420,BIHAR,CHIRAIA,3,MUKESH KUMAR,Janshakti Janta Dal,2917,3,2920,1.47
174,S0420,BIHAR,CHIRAIA,4,MOHAMMAD MAHTAB ALAM,Samaj Shakti Party,773,3,776,0.39
175,S0420,BIHAR,CHIRAIA,5,SANJAY KUMAR,Jan Suraaj Party,15499,91,15590,7.86
176,S0420,BIHAR,CHIRAIA,6,ACHCHHELAL PRASAD,Independent,34656,218,34874,17.58
177,S0420,BIHAR,CHIRAIA,7,NOTA,None of the Above,2474,0,2474,1.25
178,S0421,BIHAR,DHAKA,1,PAWAN KUMAR JAISWAL,Bharatiya Janata Party,112198,351,112549,45.64
179,S0421,BIHAR,DHAKA,2,FAISAL RAHMAN,Rashtriya Janata Dal,112079,648,112727,45.72
180,S0421,BIHAR,DHAKA,3,MADHUSUDAN KUMAR,Aam Aadmi Party,908,4,912,0.37
181,S0421,BIHAR,DHAKA,4,SIKANDAR BHARTI,Bahujan Samaj Party,393,3,396,0.16
182,S0421,BIHAR,DHAKA,5,KEDAR RAM,Nayak Yuva Kranti Party,215,0,215,0.09
183,S0421,BIHAR,DHAKA,6,DOCTOR L. B. PRASAD,Jan Suraaj Party,8263,84,8347,3.39
184,S0421,BIHAR,DHAKA,7,NAGINA PASWAN,Rashtriya Jansambhavna Party,477,0,477,0.19
185,S0421,BIHAR,DHAKA,8,RANA RANJIT,All India Majlis-E-Ittehadul Muslimeen,5704,26,5730,2.32
186,S0421,BIHAR,DHAKA,9,MD SALIM,Independent,495,0,495,0.2
187,S0421,BIHAR,DHAKA,10,SUBODH KUMAR,Independent,1684,1,1685,0.68
188,S0421,BIHAR,DHAKA,11,NOTA,None of the Above,3042,5,3047,1.24
189,S0422,BIHAR,SHEOHAR,1,NAVNEET KUMAR,Rashtriya Janata Dal,65646,225,65871,31.35
190,S0422,BIHAR,SHEOHAR,2,MD SHARFUDDIN,Bahujan Samaj Party,16357,112,16469,7.84
191,S0422,BIHAR,SHEOHAR,3,SHWETA GUPTA,Janata Dal (United),97081,188,97269,46.29
192,S0422,BIHAR,SHEOHAR,4,AMRENDRA KUMAR,Bajjikanchal Vikas Party,1464,0,1464,0.7
193,S0422,BIHAR,SHEOHAR,5,NIRAJ SINGH,Jan Suraaj Party,13880,72,13952,6.64
194,S0422,BIHAR,SHEOHAR,6,PURUSHOTTAM KUMAR,GaribJanta Party Loktantrik,1023,1,1024,0.49
195,S0422,BIHAR,SHEOHAR,7,MAMTA KUMARI,Rashtriya Jansambhavna Party,802,0,802,0.38
196,S0422,BIHAR,SHEOHAR,8,ANISH KUMAR,Independent,1100,0,1100,0.52
197,S0422,BIHAR,SHEOHAR,9,PRAKASH KUMAR,Independent,1363,0,1363,0.65
198,S0422,BIHAR,SHEOHAR,10,VIJAYCHANDRA JHA,Independent,4466,0,4466,2.13
199,S0422,BIHAR,SHEOHAR,11,SANJAY SANGHARSH SINGH,Independent,1488,1,1489,0.71
200,S0422,BIHAR,SHEOHAR,12,NOTA,None of the Above,4839,3,4842,2.3
201,S0423,BIHAR,RIGA,1,AMIT KUMAR,Indian National Congress,83975,293,84268,38.84
202,S0423,BIHAR,RIGA,2,BAIDYANATH PRASAD,Bharatiya Janata Party,117252,141,117393,54.11
203,S0423,BIHAR,RIGA,3,UPENDRA SAHANI,Rashtriya Jansambhavna Party,2255,1,2256,1.04
204,S0423,BIHAR,RIGA,4,KRISHNA MOHAN SINGH,Jan Suraaj Party,3055,23,3078,1.42
205,S0423,BIHAR,RIGA,5,NAGENDRA KUMAR PASWAN,Peoples Party of India (Democratic),351,5,356,0.16
206,S0423,BIHAR,RIGA,6,DHIRAJ KUMAR,Independent,423,0,423,0.19
207,S0423,BIHAR,RIGA,7,DR. PRADEEP KUMAR JAYASWAL,Independent,809,1,810,0.37
208,S0423,BIHAR,RIGA,8,MOTILAL RAUT,Independent,849,0,849,0.39
209,S0423,BIHAR,RIGA,9,RAMNATH MAHTO,Independent,669,0,669,0.31
210,S0423,BIHAR,RIGA,10,RAMASHISH RAY,Independent,4039,2,4041,1.86
211,S0423,BIHAR,RIGA,11,NOTA,None of the Above,2796,3,2799,1.29
212,S0424,BIHAR,BATHNAHA,1,ANIL KUMAR,Bharatiya Janata Party,123473,225,123698,57.47
213,S0424,BIHAR,BATHNAHA,2,AMRITA SONI,Rashtriya Lok Janshakti Party,1873,4,1877,0.87
214,S0424,BIHAR,BATHNAHA,3,NAVIN KUMAR,Indian National Congress,71619,310,71929,33.42
215,S0424,BIHAR,BATHNAHA,4,SAHDEO RAM,Bahujan Samaj Party,1750,4,1754,0.81
216,S0424,BIHAR,BATHNAHA,5,DEEPAK RAJ,Janshakti Vikas Party (Democratic),825,0,825,0.38
217,S0424,BIHAR,BATHNAHA,6,NAWAL KISHOR CHOUDHARY,Jan Suraaj Party,5245,37,5282,2.45
218,S0424,BIHAR,BATHNAHA,7,MANOJ SADA,Lok Dal,661,1,662,0.31
219,S0424,BIHAR,BATHNAHA,8,SUNIL RAM,Proutist Bloc India,583,0,583,0.27
220,S0424,BIHAR,BATHNAHA,9,ARCHANA KUMARI,Independent,1664,9,1673,0.78
221,S0424,BIHAR,BATHNAHA,10,PRAMOD BAITHA,Independent,1972,0,1972,0.92
222,S0424,BIHAR,BATHNAHA,11,BRAJESH PASWAN,Independent,1191,3,1194,0.55
223,S0424,BIHAR,BATHNAHA,12,NOTA,None of the Above,3800,7,3807,1.77
224,S0425,BIHAR,PARIHAR,1,AKHILESH NARAYAN THAKUR,Aam Aadmi Party,2010,3,2013,0.96
225,S0425,BIHAR,PARIHAR,2,GAYETRI DEVI,Bharatiya Janata Party,82559,85,82644,39.36
226,S0425,BIHAR,PARIHAR,3,SMITA GUPTA,Rashtriya Janata Dal,48374,160,48534,23.11
227,S0425,BIHAR,PARIHAR,4,AWADHESH PRASAD,Jan Suraaj Party,3201,16,3217,1.53
228,S0425,BIHAR,PARIHAR,5,CHANDRABHUSHAN KUMAR,Independent,1361,1,1362,0.65
229,S0425,BIHAR,PARIHAR,6,MAHENDRA SINGH YADAV,Independent,1614,1,1615,0.77
230,S0425,BIHAR,PARIHAR,7,MOHD MUKSAID ALAM,Independent,794,0,794,0.38
231,S0425,BIHAR,PARIHAR,8,RAM VINOD NAYAK,Independent,1964,0,1964,0.94
232,S0425,BIHAR,PARIHAR,9,RITU JAISWAL,Independent,65271,184,65455,31.17
233,S0425,BIHAR,PARIHAR,10,NOTA,None of the Above,2379,0,2379,1.13
234,S0426,BIHAR,SURSAND,1,ANIL KUMAR,Bahujan Samaj Party,1216,2,1218,0.59
235,S0426,BIHAR,SURSAND,2,RISHI KUMAR AGRAWAL,Aam Aadmi Party,1534,7,1541,0.74
236,S0426,BIHAR,SURSAND,3,PROF. NAGENDRA RAUT,Janata Dal (United),103962,195,104157,50.04
237,S0426,BIHAR,SURSAND,4,SYED ABU DOJANA,Rashtriya Janata Dal,80245,245,80490,38.67
238,S0426,BIHAR,SURSAND,5,USHA KIRAN,Jan Suraaj Party,5951,42,5993,2.88
239,S0426,BIHAR,SURSAND,6,SATISH KUMAR MISHRA,Vikas Vanchit Insan Party,924,0,924,0.44
240,S0426,BIHAR,SURSAND,7,KAMESHWAR THAKUR,Independent,1768,1,1769,0.85
241,S0426,BIHAR,SURSAND,8,PRABHAT KUMAR,Independent,2303,7,2310,1.11
242,S0426,BIHAR,SURSAND,9,MANOJ KUMAR,Independent,1938,0,1938,0.93
243,S0426,BIHAR,SURSAND,10,RAJEEV NAND,Independent,3625,0,3625,1.74
244,S0426,BIHAR,SURSAND,11,VINAY KUMAR,Independent,1044,1,1045,0.5
245,S0426,BIHAR,SURSAND,12,NOTA,None of the Above,3131,3,3134,1.51
246,S0427,BIHAR,BAJPATTI,1,DEONANDAN RAM,Bahujan Samaj Party,2180,6,2186,0.99
247,S0427,BIHAR,BAJPATTI,2,MUKESH KUMAR YADAV,Rashtriya Janata Dal,95488,261,95749,43.47
248,S0427,BIHAR,BAJPATTI,3,RANDHIR KUMAR,Aam Aadmi Party,1387,2,1389,0.63
249,S0427,BIHAR,BAJPATTI,4,ABDUL HASIB,Peace Party,795,1,796,0.36
250,S0427,BIHAR,BAJPATTI,5,AAJAM KHAN,Jan Suraaj Party,6138,36,6174,2.8
251,S0427,BIHAR,BAJPATTI,6,MOHAMMAD AFTAB,Apna Adhikar Party,918,2,920,0.42
252,S0427,BIHAR,BAJPATTI,7,RAKESH KUMAR,The Plurals Party,3079,1,3080,1.4
253,S0427,BIHAR,BAJPATTI,8,RAMESHWAR KUMAR MEHTO,Rashtriya Lok Morcha,99034,110,99144,45.02
254,S0427,BIHAR,BAJPATTI,9,SUSHIL RAJ,Bhartiya Sarthak Party,1282,1,1283,0.58
255,S0427,BIHAR,BAJPATTI,10,AJEET KUMAR JHA,Independent,835,3,838,0.38
256,S0427,BIHAR,BAJPATTI,11,ASHA CHOUDHARY,Independent,793,1,794,0.36
257,S0427,BIHAR,BAJPATTI,12,MOHD. ZEYAUR RAHMAN,Independent,2479,1,2480,1.13
258,S0427,BIHAR,BAJPATTI,13,MD. MUNNA MANSURI,Independent,3102,3,3105,1.41
259,S0427,BIHAR,BAJPATTI,14,NOTA,None of the Above,2298,5,2303,1.05
260,S0428,BIHAR,SITAMARHI,1,RAJ NARAYAN SAH,Bahujan Samaj Party,1331,3,1334,0.62
261,S0428,BIHAR,SITAMARHI,2,SUNIL KUMAR,Rashtriya Janata Dal,98243,421,98664,45.54
262,S0428,BIHAR,SITAMARHI,3,SUNIL KUMAR PINTU,Bharatiya Janata Party,103952,274,104226,48.11
263,S0428,BIHAR,SITAMARHI,4,UPENDRA SAHANI,Rashtriya Jansambhavna Party,2417,2,2419,1.12
264,S0428,BIHAR,SITAMARHI,5,KRISHNA KUMAR JHA,Proutist Bloc India,337,1,338,0.16
265,S0428,BIHAR,SITAMARHI,6,POOJA ARYA,Lok Dal,168,1,169,0.08
266,S0428,BIHAR,SITAMARHI,7,CHANDRIKA PRASAD,Independent,260,1,261,0.12
267,S0428,BIHAR,SITAMARHI,8,CHANDESHWAR PRASAD,Independent,993,2,995,0.46
268,S0428,BIHAR,SITAMARHI,9,THAKUR CHANDAN KUMAR  SINGH,Independent,223,1,224,0.1
269,S0428,BIHAR,SITAMARHI,10,MAHESH NANDAN SINGH,Independent,454,1,455,0.21
270,S0428,BIHAR,SITAMARHI,11,RAGHVENDRA KUMAR,Independent,592,0,592,0.27
271,S0428,BIHAR,SITAMARHI,12,RAM KISHOR RAY,Independent,2867,0,2867,1.32
272,S0428,BIHAR,SITAMARHI,13,VINOD SAH,Independent,1825,0,1825,0.84
273,S0428,BIHAR,SITAMARHI,14,NOTA,None of the Above,2279,5,2284,1.05
274,S0429,BIHAR,RUNNISAIDPUR,1,CHANDAN KUMAR,Rashtriya Janata Dal,73843,92,73935,38.28
275,S0429,BIHAR,RUNNISAIDPUR,2,JITENDRA RAM,Bahujan Samaj Party,2091,1,2092,1.08
276,S0429,BIHAR,RUNNISAIDPUR,3,PANKAJ KUMAR,Janata Dal (United),93580,92,93672,48.5
277,S0429,BIHAR,RUNNISAIDPUR,4,IMTIYAZ ALAM NASIR AHMED,Desh Janhit Party,3489,1,3490,1.81
278,S0429,BIHAR,RUNNISAIDPUR,5,PRAMOD KUMAR,Janshakti Janta Dal,1229,2,1231,0.64
279,S0429,BIHAR,RUNNISAIDPUR,6,VIJAY KUMAR SAH,Jan Suraaj Party,7645,26,7671,3.97
280,S0429,BIHAR,RUNNISAIDPUR,7,SHRAVAN SAHNI,Rashtriya Jansambhavna Party,1713,1,1714,0.89
281,S0429,BIHAR,RUNNISAIDPUR,8,SANJAY KUMAR,Independent,3737,0,3737,1.93
282,S0429,BIHAR,RUNNISAIDPUR,9,SUJAY KUMAR YADAV,Independent,1287,0,1287,0.67
283,S0429,BIHAR,RUNNISAIDPUR,10,NOTA,None of the Above,4312,3,4315,2.23
284,S0430,BIHAR,BELSAND,1,AMIT KUMAR,Lok Janshakti Party (Ram Vilas),81975,101,82076,44.83
285,S0430,BIHAR,BELSAND,2,RANA RANDHIR SINGH CHOUHAN,Bahujan Samaj Party,7567,33,7600,4.15
286,S0430,BIHAR,BELSAND,3,SHAMIM ALAM,Rashtriya Lok Janshakti Party,1703,3,1706,0.93
287,S0430,BIHAR,BELSAND,4,SANJAY KUMAR GUPTA,Rashtriya Janata Dal,59198,193,59391,32.44
288,S0430,BIHAR,BELSAND,5,AMBIKA SAH,Rashtriya Jansambhavna Party,2557,2,2559,1.4
289,S0430,BIHAR,BELSAND,6,ARPNA SINGH,Jan Suraaj Party,18969,56,19025,10.39
290,S0430,BIHAR,BELSAND,7,VIKASH KUMAR,Janshakti Janta Dal,2283,1,2284,1.25
291,S0430,BIHAR,BELSAND,8,RUDAL SAH,Independent,879,0,879,0.48
292,S0430,BIHAR,BELSAND,9,SHYAM BABU SINGH,Independent,1441,1,1442,0.79
293,S0430,BIHAR,BELSAND,10,NOTA,None of the Above,6108,2,6110,3.34
294,S0431,BIHAR,HARLAKHI,1,SUDHANSHU SHEKHAR,Janata Dal (United),85239,247,85486,46.6
295,S0431,BIHAR,HARLAKHI,2,JITENDER YADAV,Janshakti Janta Dal,1905,2,1907,1.04
296,S0431,BIHAR,HARLAKHI,3,RATNESHWAR THAKUR,Jan Suraaj Party,7915,67,7982,4.35
297,S0431,BIHAR,HARLAKHI,4,RAKESH KUMAR PANDEY,Communist Party of India,49006,244,49250,26.85
298,S0431,BIHAR,HARLAKHI,5,VIVEK KUMAR JHA,Rashtrawadi Janlok Party (Satya),1250,2,1252,0.68
299,S0431,BIHAR,HARLAKHI,6,SHIVLAL PASWAN,Rashtriya Samaj Paksha,1044,2,1046,0.57
300,S0431,BIHAR,HARLAKHI,7,SATISH SHARMA,Jagrook Janta Party,1091,0,1091,0.59
301,S0431,BIHAR,HARLAKHI,8,ANIL JHA,Independent,3239,1,3240,1.77
302,S0431,BIHAR,HARLAKHI,9,MD. SHABBIR,Independent,21963,78,22041,12.02
303,S0431,BIHAR,HARLAKHI,10,SANJEET KUMAR BADAL GUPTA,Independent,3155,9,3164,1.72
304,S0431,BIHAR,HARLAKHI,11,NOTA,None of the Above,6970,8,6978,3.8
305,S0432,BIHAR,BENIPATTI,1,GHATA DEWANGAN,Bahujan Samaj Party,1363,5,1368,0.78
306,S0432,BIHAR,BENIPATTI,2,NALINI RANJAN JHA ALIAS RUPAN JHA,Indian National Congress,62934,287,63221,36.08
307,S0432,BIHAR,BENIPATTI,3,VINOD NARAYAN JHA,Bharatiya Janata Party,86932,221,87153,49.74
308,S0432,BIHAR,BENIPATTI,4,SHUBHADA YADAV,Aam Aadmi Party,1533,3,1536,0.88
309,S0432,BIHAR,BENIPATTI,5,ANKIT KUMAR JHA,Aam Janta Pragati Party,434,1,435,0.25
310,S0432,BIHAR,BENIPATTI,6,ABADH KISHOR JHA,Janshakti Janta Dal,810,1,811,0.46
311,S0432,BIHAR,BENIPATTI,7,PARVEZ ALAM,Jan Suraaj Party,4190,30,4220,2.41
312,S0432,BIHAR,BENIPATTI,8,BECHAN RAM,All India Forward Bloc,480,2,482,0.28
313,S0432,BIHAR,BENIPATTI,9,LALITA DEVI,Peoples Party of India (Democratic),1273,1,1274,0.73
314,S0432,BIHAR,BENIPATTI,10,DR. B JHA MRINAL,Independent,10576,67,10643,6.07
315,S0432,BIHAR,BENIPATTI,11,PANKAJ KUMAR RAM,Independent,1963,1,1964,1.12
316,S0432,BIHAR,BENIPATTI,12,NOTA,None of the Above,2108,5,2113,1.21
317,S0433,BIHAR,KHAJAULI,1,ARUN SHANKAR PRASAD,Bharatiya Janata Party,100866,285,101151,49.36
318,S0433,BIHAR,KHAJAULI,2,BRAJ KISHOR YADAV,Rashtriya Janata Dal,87484,541,88025,42.95
319,S0433,BIHAR,KHAJAULI,3,MD SABIR,Bahujan Samaj Party,1033,0,1033,0.5
320,S0433,BIHAR,KHAJAULI,4,RATNESHWAR JHA,Aadarsh Mithila Party,528,4,532,0.26
321,S0433,BIHAR,KHAJAULI,5,RUPAM KUMARI,Jan Suraaj Party,4584,53,4637,2.26
322,S0433,BIHAR,KHAJAULI,6,RAKESH KUMAR RAUSHAN,Independent,2651,19,2670,1.3
323,S0433,BIHAR,KHAJAULI,7,RAJDEV DAS,Independent,865,1,866,0.42
324,S0433,BIHAR,KHAJAULI,8,RAM BABU YADAV,Independent,2507,1,2508,1.22
325,S0433,BIHAR,KHAJAULI,9,NOTA,None of the Above,3517,5,3522,1.72
326,S0434,BIHAR,BABUBARHI,1,ARUN KUMAR SINGH,Rashtriya Janata Dal,79974,679,80653,39.09
327,S0434,BIHAR,BABUBARHI,2,MINA KUMARI,Janata Dal (United),97947,274,98221,47.61
328,S0434,BIHAR,BABUBARHI,3,ALOK KUMAR YADAV,Jan Suraaj Party,7688,52,7740,3.75
329,S0434,BIHAR,BABUBARHI,4,KAMLESH KUMAR JHA,The Plurals Party,552,0,552,0.27
330,S0434,BIHAR,BABUBARHI,5,JITENDRA KUMAR SINGH,Janshakti Vikas Party (Democratic),562,1,563,0.27
331,S0434,BIHAR,BABUBARHI,6,DAYANAND KUMAR,Right to Recall Party,460,1,461,0.22
332,S0434,BIHAR,BABUBARHI,7,NAVIN KUMAR THAKUR,Jagrook Janta Party,893,2,895,0.43
333,S0434,BIHAR,BABUBARHI,8,MAHAVIR MANDAL,Samata Party,1557,2,1559,0.76
334,S0434,BIHAR,BABUBARHI,9,SHANTI DEVI,Janshakti Janta Dal,2551,5,2556,1.24
335,S0434,BIHAR,BABUBARHI,10,AMIR KUMAR MAHTO,Independent,2327,0,2327,1.13
336,S0434,BIHAR,BABUBARHI,11,UMESH KUMAR YADAV,Independent,5546,1,5547,2.69
337,S0434,BIHAR,BABUBARHI,12,NOTA,None of the Above,5245,3,5248,2.54
338,S0435,BIHAR,BISFI,1,ARVIND KUMAR MISHRA,Aam Aadmi Party,1329,2,1331,0.64
339,S0435,BIHAR,BISFI,2,ASIF AHMAD,Rashtriya Janata Dal,100417,354,100771,48.62
340,S0435,BIHAR,BISFI,3,HARIBHUSHAN THAKUR,Bharatiya Janata Party,92446,218,92664,44.71
341,S0435,BIHAR,BISFI,4,BRIJMOHAN THAKUR,Jagrook Janta Party,1144,2,1146,0.55
342,S0435,BIHAR,BISFI,5,SANJAY KUMAR MISHRA,Jan Suraaj Party,3101,23,3124,1.51
343,S0435,BIHAR,BISFI,6,SONU KUMAR,Janshakti Janta Dal,697,0,697,0.34
344,S0435,BIHAR,BISFI,7,MD MOHIUDDIN,Independent,3772,0,3772,1.82
345,S0435,BIHAR,BISFI,8,SOGARATH CHOUPAL,Independent,2149,0,2149,1.04
346,S0435,BIHAR,BISFI,9,NOTA,None of the Above,1593,3,1596,0.77
347,S0436,BIHAR,MADHUBANI,1,SAMIR KUMAR MAHASETH,Rashtriya Janata Dal,76975,429,77404,36.65
348,S0436,BIHAR,MADHUBANI,2,ANIL KUMAR MISHRA,Jan Suraaj Party,8379,74,8453,4
349,S0436,BIHAR,MADHUBANI,3,GANESH PURBEY,Rashtriya Jansambhavna Party,1849,3,1852,0.88
350,S0436,BIHAR,MADHUBANI,4,MADHAW ANAND,Rashtriya Lok Morcha,97743,213,97956,46.38
351,S0436,BIHAR,MADHUBANI,5,RASHID KHALIL,All India Majlis-E-Ittehadul Muslimeen,12938,33,12971,6.14
352,S0436,BIHAR,MADHUBANI,6,RAJIV KUMAR JHA,Right to Recall Party,1506,1,1507,0.71
353,S0436,BIHAR,MADHUBANI,7,RAM SAGAR SHARMA,Jagrook Janta Party,4758,2,4760,2.25
354,S0436,BIHAR,MADHUBANI,8,SUNENDRA KANT KARI,Samata Party,1362,1,1363,0.65
355,S0436,BIHAR,MADHUBANI,9,MIHIR KUMAR JHA ALIAS MAHADEO JHA,Independent,1405,9,1414,0.67
356,S0436,BIHAR,MADHUBANI,10,NOTA,None of the Above,3527,1,3528,1.67
357,S0437,BIHAR,RAJNAGAR,1,BISHNU DEO MOCHI,Rashtriya Janata Dal,65778,399,66177,34.68
358,S0437,BIHAR,RAJNAGAR,2,SIYARAM SADAY,Bahujan Samaj Party,1392,2,1394,0.73
359,S0437,BIHAR,RAJNAGAR,3,SUJEET KUMAR,Bharatiya Janata Party,107983,379,108362,56.79
360,S0437,BIHAR,RAJNAGAR,4,MAHESHWAR PASWAN,Bhartiya Chetna Party,1838,0,1838,0.96
361,S0437,BIHAR,RAJNAGAR,5,RAKESH KUMAR,Apni Janta Party,902,1,903,0.47
362,S0437,BIHAR,RAJNAGAR,6,RAMPARI DEVI,Aam Janta Pragati Party,3568,0,3568,1.87
363,S0437,BIHAR,RAJNAGAR,7,SURENDRA KUMAR DAS,Jan Suraaj Party,5604,65,5669,2.97
364,S0437,BIHAR,RAJNAGAR,8,NOTA,None of the Above,2886,3,2889,1.51
365,S0438,BIHAR,JHANJHARPUR,1,DEO KANT JHA,Aam Aadmi Party,2345,2,2347,1.22
366,S0438,BIHAR,JHANJHARPUR,2,NITISH MISHRA,Bharatiya Janata Party,107671,287,107958,55.89
367,S0438,BIHAR,JHANJHARPUR,3,BIRENDRA KUMAR SINGH,Bahujan Samaj Party,1604,11,1615,0.84
368,S0438,BIHAR,JHANJHARPUR,4,KESHAVCHANDRA BHANDARI,Jan Suraaj Party,11493,70,11563,5.99
369,S0438,BIHAR,JHANJHARPUR,5,NUTAN DAVE,Aam Janta Pragati Party,559,1,560,0.29
370,S0438,BIHAR,JHANJHARPUR,6,RAM NARAYAN YADAV,Communist Party of India,52914,195,53109,27.5
371,S0438,BIHAR,JHANJHARPUR,7,RAMNARAYAN SAHU,Vanchit Adhikar Party,1262,3,1265,0.65
372,S0438,BIHAR,JHANJHARPUR,8,VIJAY KUMAR MANDAL,Socialist Unity Centre Of India (COMMUNIST),748,0,748,0.39
373,S0438,BIHAR,JHANJHARPUR,9,ABDUL IRFAN,Independent,1992,0,1992,1.03
374,S0438,BIHAR,JHANJHARPUR,10,UMAR AFTAB AFSAR,Independent,1025,4,1029,0.53
375,S0438,BIHAR,JHANJHARPUR,11,OM PRAKASH PODDAR,Independent,1670,0,1670,0.86
376,S0438,BIHAR,JHANJHARPUR,12,KRISHNA NARAYAN JHA,Independent,1674,1,1675,0.87
377,S0438,BIHAR,JHANJHARPUR,13,KRISHNA KUMAR SAHU,Independent,4513,0,4513,2.34
378,S0438,BIHAR,JHANJHARPUR,14,NOTA,None of the Above,3110,2,3112,1.61
379,S0439,BIHAR,PHULPARAS,1,GAURI SHANKAR YADAV,Aam Aadmi Party,3630,5,3635,1.77
380,S0439,BIHAR,PHULPARAS,2,VIJAY KUMAR,Bahujan Samaj Party,1882,14,1896,0.92
381,S0439,BIHAR,PHULPARAS,3,SHEELA KUMARI,Janata Dal (United),93376,301,93677,45.65
382,S0439,BIHAR,PHULPARAS,4,SUBODH MANDAL,Indian National Congress,79049,529,79578,38.78
383,S0439,BIHAR,PHULPARAS,5,KRISHNA MOHAN,Ekta Dal United,2422,1,2423,1.18
384,S0439,BIHAR,PHULPARAS,6,JALENDRA MISHRA,Jan Suraaj Party,6213,61,6274,3.06
385,S0439,BIHAR,PHULPARAS,7,SWAMI SURESHANAND,Rashtriya Jansambhavna Party,1379,2,1381,0.67
386,S0439,BIHAR,PHULPARAS,8,BAIJU SAFI,Independent,2871,1,2872,1.4
387,S0439,BIHAR,PHULPARAS,9,RAM KUMAR YADAV,Independent,5551,2,5553,2.71
388,S0439,BIHAR,PHULPARAS,10,VIJAY KUMAR CHAUDHARI,Independent,3718,10,3728,1.82
389,S0439,BIHAR,PHULPARAS,11,NOTA,None of the Above,4198,8,4206,2.05
390,S0440,BIHAR,LAUKAHA,1,BADRI MUKHIYA,Bahujan Samaj Party,2094,3,2097,0.91
391,S0440,BIHAR,LAUKAHA,2,BHARAT BHUSHAN MANDAL,Rashtriya Janata Dal,85586,664,86250,37.37
392,S0440,BIHAR,LAUKAHA,3,SATISH KUMAR SAH,Janata Dal (United),111415,346,111761,48.43
393,S0440,BIHAR,LAUKAHA,4,KAPILESHWAR YADAV,Peoples Party of India (Democratic),1287,1,1288,0.56
394,S0440,BIHAR,LAUKAHA,5,GURUDEO SINGH,Janshakti Vikas Party (Democratic),822,0,822,0.36
395,S0440,BIHAR,LAUKAHA,6,RASLAL MANDAL,Samata Party,1142,1,1143,0.5
396,S0440,BIHAR,LAUKAHA,7,RENU YADAV,Jan Suraaj Party,4541,38,4579,1.98
397,S0440,BIHAR,LAUKAHA,8,SHASHI KUMAR BHARTI,Suheldev Bharatiya Samaj Party,1880,2,1882,0.82
398,S0440,BIHAR,LAUKAHA,9,ARUN KUMAR SINGH,Independent,789,0,789,0.34
399,S0440,BIHAR,LAUKAHA,10,INDRADEV JEE,Independent,1112,0,1112,0.48
400,S0440,BIHAR,LAUKAHA,11,NIRMAL KUMAR JHA,Independent,1896,3,1899,0.82
401,S0440,BIHAR,LAUKAHA,12,RAM LAKHAN YADAV,Independent,7623,29,7652,3.32
402,S0440,BIHAR,LAUKAHA,13,SOMAN PANDIT,Independent,3751,3,3754,1.63
403,S0440,BIHAR,LAUKAHA,14,NOTA,None of the Above,5751,4,5755,2.49
404,S0441,BIHAR,NIRMALI,1,ANIRUDDHA PRASAD YADAV,Janata Dal (United),118513,391,118904,53.28
405,S0441,BIHAR,NIRMALI,2,CHANDAN KUMAR,Aam Aadmi Party,2505,5,2510,1.12
406,S0441,BIHAR,NIRMALI,3,PRABHU RAM,Bahujan Samaj Party,1339,5,1344,0.6
407,S0441,BIHAR,NIRMALI,4,BAIDYANATH MEHTA,Rashtriya Janata Dal,81001,593,81594,36.56
408,S0441,BIHAR,NIRMALI,5,GUNSAGAR SAHU,Proutist Bloc India,1675,6,1681,0.75
409,S0441,BIHAR,NIRMALI,6,RAM PRAVESH KUMAR YADAV,Jan Suraaj Party,6796,81,6877,3.08
410,S0441,BIHAR,NIRMALI,7,RAMDEV SUTIHAR,Jagrook Janta Party,1027,0,1027,0.46
411,S0441,BIHAR,NIRMALI,8,SIYA RAM MANDAL,Independent,2983,9,2992,1.34
412,S0441,BIHAR,NIRMALI,9,NOTA,None of the Above,6235,5,6240,2.8
413,S0442,BIHAR,PIPRA,1,ANIL KUMAR,Communist Party of India (Marxist-Leninist) (Liberation),68790,475,69265,31.06
414,S0442,BIHAR,PIPRA,2,KALIM,Bahujan Samaj Party,2035,13,2048,0.92
415,S0442,BIHAR,PIPRA,3,RAMBILASH KAMAT,Janata Dal (United),106641,400,107041,48
416,S0442,BIHAR,PIPRA,4,ANJU KUMARI,Rashtriya Jansambhavna Party,2224,5,2229,1
417,S0442,BIHAR,PIPRA,5,AMARENDRA KUMAR BHASKAR,Proutist Bloc India,1925,2,1927,0.86
418,S0442,BIHAR,PIPRA,6,INDRADEV SAH,Jan Suraaj Party,5429,90,5519,2.47
419,S0442,BIHAR,PIPRA,7,CHANDRA KISHOR YADAV,Jai Hind Party,1589,0,1589,0.71
420,S0442,BIHAR,PIPRA,8,TRIBHUWAN KUMAR,Samata Party,1245,1,1246,0.56
421,S0442,BIHAR,PIPRA,9,DUKHI LAL YADAV,Socialist Party (India),1252,0,1252,0.56
422,S0442,BIHAR,PIPRA,10,RAMDEV YADAV,Socialist Unity Centre Of India (COMMUNIST),2455,5,2460,1.1
423,S0442,BIHAR,PIPRA,11,NANDAN KUMAR,Independent,1965,1,1966,0.88
424,S0442,BIHAR,PIPRA,12,LAXMI KANT BHARTI,Independent,11920,94,12014,5.39
425,S0442,BIHAR,PIPRA,13,HEMA BHARTI,Independent,3761,11,3772,1.69
426,S0442,BIHAR,PIPRA,14,NOTA,None of the Above,10685,6,10691,4.79
427,S0443,BIHAR,SUPAUL,1,BIJENDRA PRASAD YADAV,Janata Dal (United),108562,523,109085,52.16
428,S0443,BIHAR,SUPAUL,2,BRAJ BHUSHAN NAVIN,Aam Aadmi Party,1971,4,1975,0.94
429,S0443,BIHAR,SUPAUL,3,MINNATULLAH RAHMANI,Indian National Congress,77747,535,78282,37.43
430,S0443,BIHAR,SUPAUL,4,SUSHIL KUMAR,Bahujan Samaj Party,1685,8,1693,0.81
431,S0443,BIHAR,SUPAUL,5,ANIL KUMAR SINGH,Jan Suraaj Party,5029,110,5139,2.46
432,S0443,BIHAR,SUPAUL,6,GUNJA KUMARI,Proutist Bloc India,1152,2,1154,0.55
433,S0443,BIHAR,SUPAUL,7,VINDESHWARI PRASAD,Proutist Sarva Samaj,1402,2,1404,0.67
434,S0443,BIHAR,SUPAUL,8,SATYANARAYAN SHARMA,Jagrook Janta Party,2320,1,2321,1.11
435,S0443,BIHAR,SUPAUL,9,SHAMBHU BABU,Independent,2856,17,2873,1.37
436,S0443,BIHAR,SUPAUL,10,NOTA,None of the Above,5214,7,5221,2.5
437,S0444,BIHAR,TRIVENIGANJ,1,SANJAY RAM,Bahujan Samaj Party,3957,8,3965,1.79
438,S0444,BIHAR,TRIVENIGANJ,2,SANTOSH KUMAR,Rashtriya Janata Dal,98975,604,99579,44.92
439,S0444,BIHAR,TRIVENIGANJ,3,SONAM RANI,Janata Dal (United),104912,350,105262,47.48
440,S0444,BIHAR,TRIVENIGANJ,4,JITENDRA RAM,Rashtriya Jansambhavna Party,4244,2,4246,1.92
441,S0444,BIHAR,TRIVENIGANJ,5,PRADEEP RAM,Jan Suraaj Party,4455,35,4490,2.03
442,S0444,BIHAR,TRIVENIGANJ,6,NOTA,None of the Above,4145,8,4153,1.87
443,S0445,BIHAR,CHHATAPUR,1,NIRAJ KUMAR SINGH,Bharatiya Janata Party,122145,346,122491,49.18
444,S0445,BIHAR,CHHATAPUR,2,VINOD KUMAR,Aam Aadmi Party,1903,5,1908,0.77
445,S0445,BIHAR,CHHATAPUR,3,DR. VIPIN KUMAR SINGH,Rashtriya Janata Dal,105732,581,106313,42.69
446,S0445,BIHAR,CHHATAPUR,4,SIKANDRA KUMAR MANDAL,Bahujan Samaj Party,1239,8,1247,0.5
447,S0445,BIHAR,CHHATAPUR,5,ABHAY KUMAR SINGH,Jan Suraaj Party,2216,20,2236,0.9
448,S0445,BIHAR,CHHATAPUR,6,KALIM MIYAN,Janta Dal Rashtravadi,567,1,568,0.23
449,S0445,BIHAR,CHHATAPUR,7,DAYANAND MISHRA,Country Citizen Party,381,0,381,0.15
450,S0445,BIHAR,CHHATAPUR,8,MD. FARAN,Apna Adhikar Party,290,1,291,0.12
451,S0445,BIHAR,CHHATAPUR,9,BIPIN KUMAR YADAV,Proutist Bloc India,639,5,644,0.26
452,S0445,BIHAR,CHHATAPUR,10,DEEPAK KUMAR,Independent,3967,26,3993,1.6
453,S0445,BIHAR,CHHATAPUR,11,MANOJ KUMAR PASWAN,Independent,892,1,893,0.36
454,S0445,BIHAR,CHHATAPUR,12,RAMESH KUMAR MEHTA,Independent,2210,2,2212,0.89
455,S0445,BIHAR,CHHATAPUR,13,SADANAND SADA,Independent,1115,0,1115,0.45
456,S0445,BIHAR,CHHATAPUR,14,NOTA,None of the Above,4763,4,4767,1.91
457,S0446,BIHAR,NARPATGANJ,1,DEVANTI YADAV,Bharatiya Janata Party,120366,191,120557,49.89
458,S0446,BIHAR,NARPATGANJ,2,MANISH YADAV,Rashtriya Janata Dal,94992,212,95204,39.4
459,S0446,BIHAR,NARPATGANJ,3,AANANT KUMAR ROY,Rashtriya Jansambhavna Party,1694,2,1696,0.7
460,S0446,BIHAR,NARPATGANJ,4,CHANDRESH KUMAR,Bhartiya Lok Chetna Party,290,0,290,0.12
461,S0446,BIHAR,NARPATGANJ,5,JANARDAN YADAV,Jan Suraaj Party,1665,23,1688,0.7
462,S0446,BIHAR,NARPATGANJ,6,PAPPU KUMAR SINGH,Rashtrawadi Janlok Party (Satya),281,0,281,0.12
463,S0446,BIHAR,NARPATGANJ,7,MOHAMMAD ASLAM BEG,Apna Adhikar Party,235,2,237,0.1
464,S0446,BIHAR,NARPATGANJ,8,LALIT KUMAR SAH,Prism,244,0,244,0.1
465,S0446,BIHAR,NARPATGANJ,9,SHOAB ALAM,The National Road Map Party of India,278,0,278,0.12
466,S0446,BIHAR,NARPATGANJ,10,AKHILESH KUMAR,Independent,1191,5,1196,0.49
467,S0446,BIHAR,NARPATGANJ,11,ANIL KUMAR YADAV,Independent,10585,84,10669,4.42
468,S0446,BIHAR,NARPATGANJ,12,ALOK KUMAR,Independent,628,2,630,0.26
469,S0446,BIHAR,NARPATGANJ,13,JITENDRA YADAV,Independent,949,1,950,0.39
470,S0446,BIHAR,NARPATGANJ,14,BECHAN RAM,Independent,1170,0,1170,0.48
471,S0446,BIHAR,NARPATGANJ,15,SHRAVAN KUMAR DAS,Independent,3757,4,3761,1.56
472,S0446,BIHAR,NARPATGANJ,16,NOTA,None of the Above,2796,0,2796,1.16
473,S0447,BIHAR,RANIGANJ,1,ACHMIT RISHIDEV,Janata Dal (United),102923,137,103060,44.74
474,S0447,BIHAR,RANIGANJ,2,AVINASH MANGLAM,Rashtriya Janata Dal,111308,282,111590,48.44
475,S0447,BIHAR,RANIGANJ,3,KRITYANAND RAM,Jan Suraaj Party,3173,10,3183,1.38
476,S0447,BIHAR,RANIGANJ,4,BIDYANAND RAM,Aapki Apni Adhikar Party,1005,0,1005,0.44
477,S0447,BIHAR,RANIGANJ,5,AMAN RAJ,Independent,3105,21,3126,1.36
478,S0447,BIHAR,RANIGANJ,6,SHEKHA DEVI,Independent,1117,3,1120,0.49
479,S0447,BIHAR,RANIGANJ,7,HIRANAND PASWAN,Independent,2145,1,2146,0.93
480,S0447,BIHAR,RANIGANJ,8,NOTA,None of the Above,5115,3,5118,2.22
481,S0448,BIHAR,FORBESGANJ,1,MANOJ BISHWAS,Indian National Congress,119798,316,120114,47.77
482,S0448,BIHAR,FORBESGANJ,2,VIDYA SAGAR KESHARI,Bharatiya Janata Party,119618,275,119893,47.68
483,S0448,BIHAR,FORBESGANJ,3,FATMA KHATUN,Rashtriya Jansambhavna Party,2149,2,2151,0.86
484,S0448,BIHAR,FORBESGANJ,4,MOHAMMAD EKRAMUL HAQUE,Jan Suraaj Party,970,7,977,0.39
485,S0448,BIHAR,FORBESGANJ,5,ABHA RANI,Independent,385,1,386,0.15
486,S0448,BIHAR,FORBESGANJ,6,GIRANAND KUMAR,Independent,211,0,211,0.08
487,S0448,BIHAR,FORBESGANJ,7,NAJIA IKBAL,Independent,191,0,191,0.08
488,S0448,BIHAR,FORBESGANJ,8,PRADEEP PRIY MEHTA,Independent,181,0,181,0.07
489,S0448,BIHAR,FORBESGANJ,9,MANOJ SADA,Independent,231,0,231,0.09
490,S0448,BIHAR,FORBESGANJ,10,RAJA RAMAN BHASKAR,Independent,1743,16,1759,0.7
491,S0448,BIHAR,FORBESGANJ,11,RAJESH KUMAR GUPTA,Independent,279,0,279,0.11
492,S0448,BIHAR,FORBESGANJ,12,SUBHAN ANSARI,Independent,627,0,627,0.25
493,S0448,BIHAR,FORBESGANJ,13,SUBHASH CHANDRA AGRAWAL,Independent,1325,0,1325,0.53
494,S0448,BIHAR,FORBESGANJ,14,NOTA,None of the Above,3111,3,3114,1.24
495,S0449,BIHAR,ARARIA,1,ABIDUR RAHMAN,Indian National Congress,91194,335,91529,37.81
496,S0449,BIHAR,ARARIA,2,CHANDRA BHUSHAN,Aam Aadmi Party,2220,4,2224,0.92
497,S0449,BIHAR,ARARIA,3,SHAGUFTA AZIM,Janata Dal (United),78484,304,78788,32.55
498,S0449,BIHAR,ARARIA,4,MD. ASIF ALAM,Rashtriya Jansambhavna Party,1161,2,1163,0.48
499,S0449,BIHAR,ARARIA,5,FARHAT ARA BEGUM,Jan Suraaj Party,2417,17,2434,1.01
500,S0449,BIHAR,ARARIA,6,MD. MANZOOR ALAM,All India Majlis-E-Ittehadul Muslimeen,53379,42,53421,22.07
501,S0449,BIHAR,ARARIA,7,MD. RASHID ANWER,Rashtriya Ulama Council,2344,7,2351,0.97
502,S0449,BIHAR,ARARIA,8,A. GAFOOR,Independent,804,0,804,0.33
503,S0449,BIHAR,ARARIA,9,VISHAL KUMAR ROY,Independent,1675,1,1676,0.69
504,S0449,BIHAR,ARARIA,10,SHIVDEEP W LANDE,Independent,4002,83,4085,1.69
505,S0449,BIHAR,ARARIA,11,NOTA,None of the Above,3604,6,3610,1.49
506,S0450,BIHAR,JOKIHAT,1,MANZAR ALAM,Janata Dal (United),54810,124,54934,25.27
507,S0450,BIHAR,JOKIHAT,2,ROZI BANO,Bahujan Samaj Party,1450,0,1450,0.67
508,S0450,BIHAR,JOKIHAT,3,SHAHNAWAZ,Rashtriya Janata Dal,29514,145,29659,13.64
509,S0450,BIHAR,JOKIHAT,4,MD  ISMAIL,Bharatiya Momin Front,4137,0,4137,1.9
510,S0450,BIHAR,JOKIHAT,5,MUSARRAT,Rashtriya Jansambhavna Party,2609,0,2609,1.2
511,S0450,BIHAR,JOKIHAT,6,MOHAMMAD MURSHID ALAM,All India Majlis-E-Ittehadul Muslimeen,83634,103,83737,38.52
512,S0450,BIHAR,JOKIHAT,7,SARAFARAJ ALAM,Jan Suraaj Party,35099,255,35354,16.26
513,S0450,BIHAR,JOKIHAT,8,SANJAY KUMAR THAKUR,Independent,1500,2,1502,0.69
514,S0450,BIHAR,JOKIHAT,9,NOTA,None of the Above,4003,0,4003,1.84
515,S0451,BIHAR,SIKTI,1,DINESH KUMAR ARYA,Aam Aadmi Party,2208,2,2210,1
516,S0451,BIHAR,SIKTI,2,BHOLA PRASAD SINGH,Bahujan Samaj Party,3350,7,3357,1.52
517,S0451,BIHAR,SIKTI,3,VIJAY KUMAR MANDAL,Bharatiya Janata Party,111182,160,111342,50.56
518,S0451,BIHAR,SIKTI,4,JAYNARAYAN SADA,Prism,2201,3,2204,1
519,S0451,BIHAR,SIKTI,5,MD RAGHIB,Jan Suraaj Party,3772,17,3789,1.72
520,S0451,BIHAR,SIKTI,6,MD SABIR ALAM,Peace Party,2211,0,2211,1
521,S0451,BIHAR,SIKTI,7,HARI NARAYAN PRAMANIK,Vikassheel Insaan Party,91808,212,92020,41.78
522,S0451,BIHAR,SIKTI,8,SHAMSUL,Independent,1078,0,1078,0.49
523,S0451,BIHAR,SIKTI,9,NOTA,None of the Above,2017,1,2018,0.92
524,S0452,BIHAR,BAHADURGANJ,1,MD MASOOM RAZA,Aam Aadmi Party,1240,0,1240,0.57
525,S0452,BIHAR,BAHADURGANJ,2,MOHAMMAD KALIMUDDIN,Lok Janshakti Party (Ram Vilas),57087,108,57195,26.34
526,S0452,BIHAR,BAHADURGANJ,3,MOHAMMED MASAWAR ALAM,Indian National Congress,58072,517,58589,26.98
527,S0452,BIHAR,BAHADURGANJ,4,AHMAD HUSSIAN,The Plurals Party,1743,1,1744,0.8
528,S0452,BIHAR,BAHADURGANJ,5,MD TAUSEEF ALAM,All India Majlis-E-Ittehadul Muslimeen,87136,179,87315,40.21
529,S0452,BIHAR,BAHADURGANJ,6,BARUN KUMAR SINGH,Jan Suraaj Party,3171,22,3193,1.47
530,S0452,BIHAR,BAHADURGANJ,7,TARIQUL AMIN,Independent,1130,0,1130,0.52
531,S0452,BIHAR,BAHADURGANJ,8,MOHAMMAD KAUSAR PERWEZ,Independent,1195,0,1195,0.55
532,S0452,BIHAR,BAHADURGANJ,9,ROHIT KUMAR JHA,Independent,1666,1,1667,0.77
533,S0452,BIHAR,BAHADURGANJ,10,NOTA,None of the Above,3881,6,3887,1.79
534,S0453,BIHAR,THAKURGANJ,1,KARAN LAL GANESH,Bahujan Samaj Party,1696,10,1706,0.69
535,S0453,BIHAR,THAKURGANJ,2,GOPAL KUMAR AGARWAL,Janata Dal (United),84958,285,85243,34.71
536,S0453,BIHAR,THAKURGANJ,3,SAUD ALAM,Rashtriya Janata Dal,59734,302,60036,24.45
537,S0453,BIHAR,THAKURGANJ,4,MD EKRAMUL HAQUE,Jan Suraaj Party,6781,25,6806,2.77
538,S0453,BIHAR,THAKURGANJ,5,GHULAM HASNAIN,All India Majlis-E-Ittehadul Muslimeen,76319,102,76421,31.12
539,S0453,BIHAR,THAKURGANJ,6,MD FAIZAN AHMAD,Independent,1722,1,1723,0.7
540,S0453,BIHAR,THAKURGANJ,7,BASUDEV SINGH,Independent,3804,10,3814,1.55
541,S0453,BIHAR,THAKURGANJ,8,MUSHTAQUE,Independent,1419,0,1419,0.58
542,S0453,BIHAR,THAKURGANJ,9,MOHAMMAD MUKTAR,Independent,2246,0,2246,0.91
543,S0453,BIHAR,THAKURGANJ,10,SUJEET KUMAR PURVEY,Independent,2543,1,2544,1.04
544,S0453,BIHAR,THAKURGANJ,11,NOTA,None of the Above,3604,5,3609,1.47
545,S0454,BIHAR,KISHANGANJ,1,ASRAF ALAM,Aam Aadmi Party,1108,3,1111,0.49
546,S0454,BIHAR,KISHANGANJ,2,MD. QAMRUL HODA,Indian National Congress,89325,344,89669,39.49
547,S0454,BIHAR,KISHANGANJ,3,PRADEEP RAVIDAS,Bahujan Samaj Party,1365,4,1369,0.6
548,S0454,BIHAR,KISHANGANJ,4,SWEETY SINGH,Bharatiya Janata Party,76667,208,76875,33.86
549,S0454,BIHAR,KISHANGANJ,5,MD. ISHAQUE ALAM,Jan Suraaj Party,1900,4,1904,0.84
550,S0454,BIHAR,KISHANGANJ,6,MD TARIQ ANWAR,Janshakti Janta Dal,749,0,749,0.33
551,S0454,BIHAR,KISHANGANJ,7,SHAMS AGHAZ,All India Majlis-E-Ittehadul Muslimeen,51301,69,51370,22.63
552,S0454,BIHAR,KISHANGANJ,8,ABDUR RAHMAN,Independent,925,1,926,0.41
553,S0454,BIHAR,KISHANGANJ,9,PERWEZ ALAM,Independent,665,0,665,0.29
554,S0454,BIHAR,KISHANGANJ,10,MD WASIM,Independent,906,0,906,0.4
555,S0454,BIHAR,KISHANGANJ,11,NOTA,None of the Above,1493,5,1498,0.66
556,S0455,BIHAR,KOCHADHAMAN,1,BINA DEVI,Bharatiya Janata Party,44765,93,44858,23.2
557,S0455,BIHAR,KOCHADHAMAN,2,MUJAHID ALAM,Rashtriya Janata Dal,58431,408,58839,30.44
558,S0455,BIHAR,KOCHADHAMAN,3,RAJESH KUMAR BAITHA,Bahujan Samaj Party,1565,0,1565,0.81
559,S0455,BIHAR,KOCHADHAMAN,4,ABU AFFAN FAROOQUEE,Jan Suraaj Party,1969,7,1976,1.02
560,S0455,BIHAR,KOCHADHAMAN,5,MD. SARWAR ALAM,All India Majlis-E-Ittehadul Muslimeen,81678,182,81860,42.34
561,S0455,BIHAR,KOCHADHAMAN,6,MD. SHAMSUL HAQUE,Independent,2187,1,2188,1.13
562,S0455,BIHAR,KOCHADHAMAN,7,NOTA,None of the Above,2039,0,2039,1.05
563,S0456,BIHAR,AMOUR,1,ABDUL JALIL MASTAN,Indian National Congress,52685,106,52791,22.77
564,S0456,BIHAR,AMOUR,2,MD MUNTAZIR ALAM,Aam Aadmi Party,2310,0,2310,1
565,S0456,BIHAR,AMOUR,3,LAKSHMI KUMARI,Bahujan Samaj Party,791,0,791,0.34
566,S0456,BIHAR,AMOUR,4,SABA ZAFAR,Janata Dal (United),61813,95,61908,26.71
567,S0456,BIHAR,AMOUR,5,AKHTARUL IMAN,All India Majlis-E-Ittehadul Muslimeen,100756,80,100836,43.5
568,S0456,BIHAR,AMOUR,6,AFAROJ,Jan Suraaj Party,3797,5,3802,1.64
569,S0456,BIHAR,AMOUR,7,MOHD PARVEJ ALAM,Independent,4585,0,4585,1.98
570,S0456,BIHAR,AMOUR,8,MAHFOOZ ALAM,Independent,783,0,783,0.34
571,S0456,BIHAR,AMOUR,9,LOGEN LAL DAS,Independent,815,0,815,0.35
572,S0456,BIHAR,AMOUR,10,NOTA,None of the Above,3187,0,3187,1.37
573,S0457,BIHAR,BAISI,1,ABDUS SUBAHAN,Rashtriya Janata Dal,55863,137,56000,24.97
574,S0457,BIHAR,BAISI,2,RABINDRA KUMAR SINGH,Bahujan Samaj Party,1025,0,1025,0.46
575,S0457,BIHAR,BAISI,3,VINOD KUMAR,Bharatiya Janata Party,65458,57,65515,29.22
576,S0457,BIHAR,BAISI,4,GHULAM SARWAR,All India Majlis-E-Ittehadul Muslimeen,92709,57,92766,41.37
577,S0457,BIHAR,BAISI,5,MOHAMMAD MUZAMMIL,Peace Party,2444,0,2444,1.09
578,S0457,BIHAR,BAISI,6,MD SHAHNAWAZ ALAM,Jan Suraaj Party,2384,5,2389,1.07
579,S0457,BIHAR,BAISI,7,NASAR AHMAD,Independent,1030,1,1031,0.46
580,S0457,BIHAR,BAISI,8,NOTA,None of the Above,3074,0,3074,1.37
581,S0458,BIHAR,KASBA,1,MD. IRFAN ALAM,Indian National Congress,73856,146,74002,31.36
582,S0458,BIHAR,KASBA,2,NITESH KUMAR SINGH,Lok Janshakti Party (Ram Vilas),86819,58,86877,36.81
583,S0458,BIHAR,KASBA,3,BHANU BHARATIYA,Aam Aadmi Party,1092,2,1094,0.46
584,S0458,BIHAR,KASBA,4,SANOJ KUMAR CHAUHAN,Bahujan Samaj Party,414,1,415,0.18
585,S0458,BIHAR,KASBA,5,MD. ITTEFAQUE ALAM,Jan Suraaj Party,3421,9,3430,1.45
586,S0458,BIHAR,KASBA,6,KANHAIYA LAL MANDAL,Peoples Party of India (Democratic),452,0,452,0.19
587,S0458,BIHAR,KASBA,7,MUZAMMIL HASAN MAZHARI,Social Democratic Party Of India,1229,0,1229,0.52
588,S0458,BIHAR,KASBA,8,MD SHAHNAWAZ ALAM,All India Majlis-E-Ittehadul Muslimeen,35286,23,35309,14.96
589,S0458,BIHAR,KASBA,9,MD. AFAQUE ALAM,Independent,6005,39,6044,2.56
590,S0458,BIHAR,KASBA,10,PRADEEP KUMAR DAS,Independent,11151,61,11212,4.75
591,S0458,BIHAR,KASBA,11,RAJENDRA YADAV,Independent,2668,7,2675,1.13
592,S0458,BIHAR,KASBA,12,SUBODH RISHIDEV,Independent,6672,2,6674,2.83
593,S0458,BIHAR,KASBA,13,HAYAT ASHRAF,Independent,2546,0,2546,1.08
594,S0458,BIHAR,KASBA,14,NOTA,None of the Above,4048,2,4050,1.72
595,S0459,BIHAR,BANMANKHI,1,KRISHNA KUMAR RISHI,Bharatiya Janata Party,122373,121,122494,57.26
596,S0459,BIHAR,BANMANKHI,2,DEO NARAYAN RAJAK,Indian National Congress,77053,145,77198,36.09
597,S0459,BIHAR,BANMANKHI,3,SUBODH PASWAN,Bahujan Samaj Party,2124,4,2128,0.99
598,S0459,BIHAR,BANMANKHI,4,ASHA DEVI,Suheldev Bharatiya Samaj Party,1181,0,1181,0.55
599,S0459,BIHAR,BANMANKHI,5,MANOJ KUMAR RISHI,Jan Suraaj Party,6656,20,6676,3.12
600,S0459,BIHAR,BANMANKHI,6,NOTA,None of the Above,4253,2,4255,1.99
601,S0460,BIHAR,RUPAULI,1,KALADHAR PRASAD MANDAL,Janata Dal (United),124714,112,124826,55.45
602,S0460,BIHAR,RUPAULI,2,JAINENDRA KUMAR,Bahujan Samaj Party,1102,3,1105,0.49
603,S0460,BIHAR,RUPAULI,3,BIMA BHARTI,Rashtriya Janata Dal,51176,78,51254,22.77
604,S0460,BIHAR,RUPAULI,4,VIKASH KUMAR MANDAL,Aam Aadmi Party,1310,0,1310,0.58
605,S0460,BIHAR,RUPAULI,5,AWADH KISHOR SHARMA,Rashtriya Samaj Paksha,606,1,607,0.27
606,S0460,BIHAR,RUPAULI,6,AMOD KUMAR,Jan Suraaj Party,3036,12,3048,1.35
607,S0460,BIHAR,RUPAULI,7,PRAMOD KUMAR MANDAL,Republican Party of India (A),546,0,546,0.24
608,S0460,BIHAR,RUPAULI,8,MOHAMMAD NAFIS MANSURI,The National Road Map Party of India,427,0,427,0.19
609,S0460,BIHAR,RUPAULI,9,RAJEEV KUMAR,Rashtriya Jansambhavna Party,352,1,353,0.16
610,S0460,BIHAR,RUPAULI,10,ASHOK MANDAL,Independent,355,0,355,0.16
611,S0460,BIHAR,RUPAULI,11,MD. GULJAR,Independent,475,0,475,0.21
612,S0460,BIHAR,RUPAULI,12,NITYA MANDAL,Independent,575,0,575,0.26
613,S0460,BIHAR,RUPAULI,13,NEELAM DEVI,Independent,1251,0,1251,0.56
614,S0460,BIHAR,RUPAULI,14,SHANKAR RAM,Independent,3115,0,3115,1.38
615,S0460,BIHAR,RUPAULI,15,SHANKAR SINGH,Independent,29932,54,29986,13.32
616,S0460,BIHAR,RUPAULI,16,NOTA,None of the Above,5862,0,5862,2.6
617,S0461,BIHAR,DHAMDAHA,1,LESHI SINGH,Janata Dal (United),138613,137,138750,57.32
618,S0461,BIHAR,DHAMDAHA,2,SANTOSH KUMAR,Rashtriya Janata Dal,83472,119,83591,34.53
619,S0461,BIHAR,DHAMDAHA,3,MOHD ISHTIYAQUE ALAM,All India Majlis-E-Ittehadul Muslimeen,5123,3,5126,2.12
620,S0461,BIHAR,DHAMDAHA,4,BHAGWAN MAREYA,Rashtriya Jansambhavna Party,417,0,417,0.17
621,S0461,BIHAR,DHAMDAHA,5,MANOJ SHARMA,Jagrook Janta Party,248,1,249,0.1
622,S0461,BIHAR,DHAMDAHA,6,RAKESH KUMAR,Jan Suraaj Party,1800,4,1804,0.75
623,S0461,BIHAR,DHAMDAHA,7,KUMARI KUMKUM RANI,Independent,365,0,365,0.15
624,S0461,BIHAR,DHAMDAHA,8,CHAND LAL URANV,Independent,578,3,581,0.24
625,S0461,BIHAR,DHAMDAHA,9,PRADIP YADAV,Independent,447,0,447,0.18
626,S0461,BIHAR,DHAMDAHA,10,RAMAN KUMAR,Independent,922,0,922,0.38
627,S0461,BIHAR,DHAMDAHA,11,VINDESHWARI SHARMA,Independent,3032,0,3032,1.25
628,S0461,BIHAR,DHAMDAHA,12,NOTA,None of the Above,6779,2,6781,2.8
629,S0462,BIHAR,PURNIA,1,ADITYA LAL,Aam Aadmi Party,976,4,980,0.42
630,S0462,BIHAR,PURNIA,2,JITENDRA KUMAR,Indian National Congress,94120,272,94392,40.53
631,S0462,BIHAR,PURNIA,3,RAJIV KUMAR ROY,Bahujan Samaj Party,1124,4,1128,0.48
632,S0462,BIHAR,PURNIA,4,VIJAY KUMAR KHEMKA,Bharatiya Janata Party,127340,274,127614,54.79
633,S0462,BIHAR,PURNIA,5,SANTOSH KUMAR SINGH,Jan Suraaj Party,3670,31,3701,1.59
634,S0462,BIHAR,PURNIA,6,AJAY SWARN,Independent,507,0,507,0.22
635,S0462,BIHAR,PURNIA,7,ASLAM AZAD,Independent,1017,0,1017,0.44
636,S0462,BIHAR,PURNIA,8,KANEEZ FATMA,Independent,914,5,919,0.39
637,S0462,BIHAR,PURNIA,9,LAKHENDAR SAH,Independent,1224,1,1225,0.53
638,S0462,BIHAR,PURNIA,10,NOTA,None of the Above,1434,2,1436,0.62
639,S0463,BIHAR,KATIHAR,1,TARKISHORE PRASAD,Bharatiya Janata Party,100005,250,100255,50.52
640,S0463,BIHAR,KATIHAR,2,RAJESH GURNANI,Aam Aadmi Party,1066,6,1072,0.54
641,S0463,BIHAR,KATIHAR,3,AHMAD RAZA,All India Majlis-E-Inquilab-E-Millat,1202,3,1205,0.61
642,S0463,BIHAR,KATIHAR,4,DR. GHAZI SHARIQUE,Jan Suraaj Party,2823,30,2853,1.44
643,S0463,BIHAR,KATIHAR,5,JHANTU URAON,Bharat Jago Janta Party,549,1,550,0.28
644,S0463,BIHAR,KATIHAR,6,MANISHA KUMARI,Peoples Party of India (Democratic),3250,3,3253,1.64
645,S0463,BIHAR,KATIHAR,7,SAURAV KUMAR AGARWAL,Vikassheel Insaan Party,77829,272,78101,39.36
646,S0463,BIHAR,KATIHAR,8,JANARDAN SINGH,Independent,655,1,656,0.33
647,S0463,BIHAR,KATIHAR,9,DR. RAM PRAKASH MAHTO,Independent,7332,79,7411,3.73
648,S0463,BIHAR,KATIHAR,10,Sanjay Singh @ Bhai Sanjiv,Independent,504,0,504,0.25
649,S0463,BIHAR,KATIHAR,11,SAMIR KUMAR JHA,Independent,410,0,410,0.21
650,S0463,BIHAR,KATIHAR,12,NOTA,None of the Above,2169,9,2178,1.1
651,S0464,BIHAR,KADWA,1,DULAL CHANDRA GOSWAMI,Janata Dal (United),99182,92,99274,46.57
652,S0464,BIHAR,KADWA,2,VIDYANAND MANDAL,Bahujan Samaj Party,1110,4,1114,0.52
653,S0464,BIHAR,KADWA,3,SHAKEEL AHMAD KHAN,Indian National Congress,80699,207,80906,37.96
654,S0464,BIHAR,KADWA,4,ANMOL KUMAR,Voters Party International,984,0,984,0.46
655,S0464,BIHAR,KADWA,5,MD. SHAHARYAR,Jan Suraaj Party,1161,8,1169,0.55
656,S0464,BIHAR,KADWA,6,MD SHAKIR REZA,All India Majlis-E-Ittehadul Muslimeen,11545,12,11557,5.42
657,S0464,BIHAR,KADWA,7,MD. SHAMIUDDIN,Minorities Democratic Party,822,0,822,0.39
658,S0464,BIHAR,KADWA,8,SUNIL KUMAR MANDAL,Peoples Party of India (Democratic),339,0,339,0.16
659,S0464,BIHAR,KADWA,9,ASHA SUMAN,Independent,869,5,874,0.41
660,S0464,BIHAR,KADWA,10,PRAMOD DAS,Independent,380,1,381,0.18
661,S0464,BIHAR,KADWA,11,MOHAMMAD RAZAUL HAQUE,Independent,601,3,604,0.28
662,S0464,BIHAR,KADWA,12,RAJEEV RANJAN,Independent,891,0,891,0.42
663,S0464,BIHAR,KADWA,13,SAJAN KUMAR,Independent,876,1,877,0.41
664,S0464,BIHAR,KADWA,14,SADIQ HUSSAIN,Independent,2961,6,2967,1.39
665,S0464,BIHAR,KADWA,15,SURESH YADAV,Independent,961,2,963,0.45
666,S0464,BIHAR,KADWA,16,HIMRAJ SINGH,Independent,5605,10,5615,2.63
667,S0464,BIHAR,KADWA,17,NOTA,None of the Above,3817,1,3818,1.79
668,S0465,BIHAR,BALRAMPUR,1,PRIYA KUMARI ROY,Bahujan Samaj Party,1435,3,1438,0.52
669,S0465,BIHAR,BALRAMPUR,2,MAHBOOB ALAM,Communist Party of India (Marxist-Leninist) (Liberation),78933,208,79141,28.56
670,S0465,BIHAR,BALRAMPUR,3,SANGITA DEVI,Lok Janshakti Party (Ram Vilas),80349,110,80459,29.04
671,S0465,BIHAR,BALRAMPUR,4,ASHAB ALAM,Jan Suraaj Party,2612,2,2614,0.94
672,S0465,BIHAR,BALRAMPUR,5,MOHAMMAD ADIL HASAN,All India Majlis-E-Ittehadul Muslimeen,79998,72,80070,28.9
673,S0465,BIHAR,BALRAMPUR,6,MD SHAHID SHAIKH,The Plurals Party,885,0,885,0.32
674,S0465,BIHAR,BALRAMPUR,7,AJAD KHA,Independent,645,0,645,0.23
675,S0465,BIHAR,BALRAMPUR,8,MD AFTAB ALAM RUKNAVI,Independent,1015,1,1016,0.37
676,S0465,BIHAR,BALRAMPUR,9,MD KAMALUDDIN,Independent,537,0,537,0.19
677,S0465,BIHAR,BALRAMPUR,10,MD ZINNAH,Independent,3430,16,3446,1.24
678,S0465,BIHAR,BALRAMPUR,11,TANWEER SHAMSI,Independent,775,0,775,0.28
679,S0465,BIHAR,BALRAMPUR,12,MD NASRUL HAQUE,Independent,2080,0,2080,0.75
680,S0465,BIHAR,BALRAMPUR,13,BARUN KUMAR JHA,Independent,5366,6,5372,1.94
681,S0465,BIHAR,BALRAMPUR,14,MD MOAZZAM HUSSAIN,Independent,9159,36,9195,3.32
682,S0465,BIHAR,BALRAMPUR,15,ROSHAN AGRAWAL,Independent,2278,4,2282,0.82
683,S0465,BIHAR,BALRAMPUR,16,SHAKIR ALAM,Independent,1442,0,1442,0.52
684,S0465,BIHAR,BALRAMPUR,17,SUJIT PASWAN,Independent,843,1,844,0.3
685,S0465,BIHAR,BALRAMPUR,18,HAJI SHAFIQUL HAQUE PRADHAN,Independent,1648,0,1648,0.59
686,S0465,BIHAR,BALRAMPUR,19,NOTA,None of the Above,3184,1,3185,1.15
687,S0466,BIHAR,PRANPUR,1,ISHRAT PARWEEN,Rashtriya Janata Dal,100575,238,100813,39.61
688,S0466,BIHAR,PRANPUR,2,NISHA SINGH,Bharatiya Janata Party,108453,112,108565,42.65
689,S0466,BIHAR,PRANPUR,3,PREM KUMAR MANDAL,Bahujan Samaj Party,1260,5,1265,0.5
690,S0466,BIHAR,PRANPUR,4,MD AFTAB ALAM,All India Majlis-E-Ittehadul Muslimeen,30111,52,30163,11.85
691,S0466,BIHAR,PRANPUR,5,KUNAL  NISHAD,Jan Suraaj Party,2456,11,2467,0.97
692,S0466,BIHAR,PRANPUR,6,SUBHASH KUMAR YADAV,Sampoorna Bharat Kranti Party,943,0,943,0.37
693,S0466,BIHAR,PRANPUR,7,ABDUS SALAM,Independent,520,0,520,0.2
694,S0466,BIHAR,PRANPUR,8,MD NAIYAR ALAM,Independent,293,0,293,0.12
695,S0466,BIHAR,PRANPUR,9,MANOJ MURMU,Independent,1261,2,1263,0.5
696,S0466,BIHAR,PRANPUR,10,MOHAMMAD MUSHA,Independent,639,1,640,0.25
697,S0466,BIHAR,PRANPUR,11,SANJAY KUMAR,Independent,975,1,976,0.38
698,S0466,BIHAR,PRANPUR,12,SATYA NARAYAN MANDAL,Independent,1263,0,1263,0.5
699,S0466,BIHAR,PRANPUR,13,SUBHASHCHANDRA SAH,Independent,2048,0,2048,0.8
700,S0466,BIHAR,PRANPUR,14,NOTA,None of the Above,3313,0,3313,1.3
701,S0467,BIHAR,MANIHARI,1,UPENDRA MANDAL,Bahujan Samaj Party,1965,2,1967,0.83
702,S0467,BIHAR,MANIHARI,2,NALINEE MANDAL,Aam Aadmi Party,2736,2,2738,1.15
703,S0467,BIHAR,MANIHARI,3,MANOHAR PRASAD SINGH,Indian National Congress,114488,266,114754,48.16
704,S0467,BIHAR,MANIHARI,4,RAM RATAN PRASAD,Rashtriya Lok Janshakti Party,3759,2,3761,1.58
705,S0467,BIHAR,MANIHARI,5,SHAMBHU KUMAR SUMAN,Janata Dal (United),99417,169,99586,41.8
706,S0467,BIHAR,MANIHARI,6,BABLU SOREN,Jan Suraaj Party,7625,22,7647,3.21
707,S0467,BIHAR,MANIHARI,7,SAIF ALI KHAN,Nationalist Congress Party,4831,34,4865,2.04
708,S0467,BIHAR,MANIHARI,8,NOTA,None of the Above,2938,3,2941,1.23
709,S0468,BIHAR,BARARI,1,TAUQUIR ALAM,Indian National Congress,96496,362,96858,42.37
710,S0468,BIHAR,BARARI,2,DWARIKA MANDAL,Bahujan Samaj Party,1267,4,1271,0.56
711,S0468,BIHAR,BARARI,3,BIJAY SINGH,Janata Dal (United),107689,153,107842,47.18
712,S0468,BIHAR,BARARI,4,PRITAM PRASOON,Jan Suraaj Party,3007,19,3026,1.32
713,S0468,BIHAR,BARARI,5,MD MATIUR RAHMAN,All India Majlis-E-Ittehadul Muslimeen,5840,6,5846,2.56
714,S0468,BIHAR,BARARI,6,MD MAHBOOB,Bharat Jago Janta Party,377,1,378,0.17
715,S0468,BIHAR,BARARI,7,RATAN KUMAR,Vikas Vanchit Insan Party,255,0,255,0.11
716,S0468,BIHAR,BARARI,8,ARUN KUMAR JAISWAL,Independent,368,1,369,0.16
717,S0468,BIHAR,BARARI,9,MD NASIM,Independent,744,0,744,0.33
718,S0468,BIHAR,BARARI,10,NIRANJAN KUMAR JHA,Independent,420,0,420,0.18
719,S0468,BIHAR,BARARI,11,MD MOJAHID ALAM,Independent,546,0,546,0.24
720,S0468,BIHAR,BARARI,12,RAJ KISHOR YADAV,Independent,1450,3,1453,0.64
721,S0468,BIHAR,BARARI,13,SHIVPUJAN PASWAN,Independent,4961,1,4962,2.17
722,S0468,BIHAR,BARARI,14,SATYA NARAYAN AGRAWAL,Independent,1577,0,1577,0.69
723,S0468,BIHAR,BARARI,15,NOTA,None of the Above,3047,0,3047,1.33
724,S0469,BIHAR,KORHA,1,KAVITA DEVI,Bharatiya Janata Party,123375,120,123495,51.82
725,S0469,BIHAR,KORHA,2,PUNAM KUMARI,Indian National Congress,101052,186,101238,42.48
726,S0469,BIHAR,KORHA,3,RAVINDRA KUMAR,Bahujan Samaj Party,1466,3,1469,0.62
727,S0469,BIHAR,KORHA,4,TUFANI DAS,Peoples Party of India (Democratic),913,1,914,0.38
728,S0469,BIHAR,KORHA,5,NIRMAL KUMAR RAJ,Jan Suraaj Party,3992,36,4028,1.69
729,S0469,BIHAR,KORHA,6,KAPILDEV PASWAN,Independent,1398,7,1405,0.59
730,S0469,BIHAR,KORHA,7,WAKIL DAS,Independent,1229,19,1248,0.52
731,S0469,BIHAR,KORHA,8,VINOD KUMAR MIRDHA,Independent,1345,1,1346,0.56
732,S0469,BIHAR,KORHA,9,NOTA,None of the Above,3158,4,3162,1.33
733,S0470,BIHAR,ALAMNAGAR,1,NARENDRA NARAYAN YADAV,Janata Dal (United),138291,110,138401,53.98
734,S0470,BIHAR,ALAMNAGAR,2,AKHATAR MANSURI,The National Road Map Party of India,2574,2,2576,1
735,S0470,BIHAR,ALAMNAGAR,3,NABIN KUMAR,Vikassheel Insaan Party,82874,62,82936,32.35
736,S0470,BIHAR,ALAMNAGAR,4,MOHAN SHARMA,Rashtriya Jansambhavna Party,1790,1,1791,0.7
737,S0470,BIHAR,ALAMNAGAR,5,SUBODH KUMAR SUMAN,Jan Suraaj Party,8916,18,8934,3.48
738,S0470,BIHAR,ALAMNAGAR,6,AMAR KUMAR SINGH,Independent,1042,1,1043,0.41
739,S0470,BIHAR,ALAMNAGAR,7,CHANO RISHIDEV,Independent,2160,1,2161,0.84
740,S0470,BIHAR,ALAMNAGAR,8,BINOD ASHISH,Independent,2707,0,2707,1.06
741,S0470,BIHAR,ALAMNAGAR,9,RUBI KUMARI,Independent,4692,3,4695,1.83
742,S0470,BIHAR,ALAMNAGAR,10,VIKRAM KUMAR GUPTA,Independent,3177,1,3178,1.24
743,S0470,BIHAR,ALAMNAGAR,11,NOTA,None of the Above,7958,1,7959,3.1
744,S0471,BIHAR,BIHARIGANJ,1,NIRANJAN KUMAR MEHTA,Janata Dal (United),116535,87,116622,52.12
745,S0471,BIHAR,BIHARIGANJ,2,RABINDRA KUMAR,Bahujan Samaj Party,2198,1,2199,0.98
746,S0471,BIHAR,BIHARIGANJ,3,RENU KUMARI,Rashtriya Janata Dal,84876,124,85000,37.99
747,S0471,BIHAR,BIHARIGANJ,4,AMLESH ROY,Jan Suraaj Party,4471,15,4486,2
748,S0471,BIHAR,BIHARIGANJ,5,PANKAJ KUMAR JAISWAL,Socialist Unity Centre Of India (COMMUNIST),2491,2,2493,1.11
749,S0471,BIHAR,BIHARIGANJ,6,KARN KUMAR MISHRA,Independent,5369,3,5372,2.4
750,S0471,BIHAR,BIHARIGANJ,7,MOHAMMAD SAJAM,Independent,1658,1,1659,0.74
751,S0471,BIHAR,BIHARIGANJ,8,NOTA,None of the Above,5914,1,5915,2.64
752,S0472,BIHAR,SINGHESHWAR,1,CHANDRAHAS CHAUPAL,Rashtriya Janata Dal,103314,120,103434,45.13
753,S0472,BIHAR,SINGHESHWAR,2,RAMESH RISHI,Janata Dal (United),106345,71,106416,46.43
754,S0472,BIHAR,SINGHESHWAR,3,SUBHASH KUMAR,Bahujan Samaj Party,1923,1,1924,0.84
755,S0472,BIHAR,SINGHESHWAR,4,PRAMOD KUMAR RAM,Jan Suraaj Party,3500,16,3516,1.53
756,S0472,BIHAR,SINGHESHWAR,5,BABLU RISHIDEV,Independent,917,1,918,0.4
757,S0472,BIHAR,SINGHESHWAR,6,BAMBAM KUMAR,Independent,1184,0,1184,0.52
758,S0472,BIHAR,SINGHESHWAR,7,MANJU DEVI,Independent,1908,1,1909,0.83
759,S0472,BIHAR,SINGHESHWAR,8,VIRENDRA KUMAR SHARMA,Independent,3977,1,3978,1.74
760,S0472,BIHAR,SINGHESHWAR,9,NOTA,None of the Above,5894,1,5895,2.57
761,S0473,BIHAR,MADHEPURA,1,KAVITA KUMARI SAHA,Janata Dal (United),100579,76,100655,42.01
762,S0473,BIHAR,MADHEPURA,2,CHANDRA SHEKHAR,Rashtriya Janata Dal,108342,122,108464,45.27
763,S0473,BIHAR,MADHEPURA,3,MUKESH KUMAR,Aam Aadmi Party,3647,5,3652,1.52
764,S0473,BIHAR,MADHEPURA,4,LALAN KUMAR RAM,Bahujan Samaj Party,775,6,781,0.33
765,S0473,BIHAR,MADHEPURA,5,KAMESHWAR YADAV,Aadarsh Mithila Party,447,1,448,0.19
766,S0473,BIHAR,MADHEPURA,6,PRADEEP KUMAR,Jagrook Janta Party,496,1,497,0.21
767,S0473,BIHAR,MADHEPURA,7,MOHAMMAD ASIF ALAM,The National Road Map Party of India,888,1,889,0.37
768,S0473,BIHAR,MADHEPURA,8,SHASHI KUMAR,Jan Suraaj Party,4618,16,4634,1.93
769,S0473,BIHAR,MADHEPURA,9,SANJAY YADAV,Janshakti Janta Dal,1277,1,1278,0.53
770,S0473,BIHAR,MADHEPURA,10,SURENDRA YADAV,Proutist Bloc India,1751,0,1751,0.73
771,S0473,BIHAR,MADHEPURA,11,PRANAV PRAKASH,Independent,7873,21,7894,3.29
772,S0473,BIHAR,MADHEPURA,12,SANJAY KUMAR,Independent,2818,1,2819,1.18
773,S0473,BIHAR,MADHEPURA,13,NOTA,None of the Above,5827,1,5828,2.43
774,S0474,BIHAR,SONBARSHA,1,KIRAN DEVI,Bahujan Samaj Party,5012,7,5019,2.43
775,S0474,BIHAR,SONBARSHA,2,RATNESH SADA,Janata Dal (United),97606,227,97833,47.39
776,S0474,BIHAR,SONBARSHA,3,SARITA DEVI,Indian National Congress,84034,345,84379,40.87
777,S0474,BIHAR,SONBARSHA,4,SATYENDRA KUMAR,Jan Suraaj Party,5635,20,5655,2.74
778,S0474,BIHAR,SONBARSHA,5,PARMOD SADA,Independent,3986,12,3998,1.94
779,S0474,BIHAR,SONBARSHA,6,RAJESH RAM,Independent,4034,4,4038,1.96
780,S0474,BIHAR,SONBARSHA,7,NOTA,None of the Above,5516,6,5522,2.67
781,S0475,BIHAR,SAHARSA,1,AJABLAL MEHTA,Bahujan Samaj Party,2225,11,2236,0.86
782,S0475,BIHAR,SAHARSA,2,ALOK RANJAN,Bharatiya Janata Party,112622,376,112998,43.5
783,S0475,BIHAR,SAHARSA,3,AMAR SHANKAR,Swadhinta Party,2960,4,2964,1.14
784,S0475,BIHAR,SAHARSA,4,INDRAJEET PRASAD GUPTA,Indian Inclusive Party,114498,538,115036,44.28
785,S0475,BIHAR,SAHARSA,5,KISHOR KUMAR,Jan Suraaj Party,12655,131,12786,4.92
786,S0475,BIHAR,SAHARSA,6,BITTU KUMAR,Rashtriya Samaj Paksha,855,2,857,0.33
787,S0475,BIHAR,SAHARSA,7,MD AMIRUL HASAN,Rashtriya Jansambhavna Party,2302,2,2304,0.89
788,S0475,BIHAR,SAHARSA,8,DEVCHANDRA YADAV,Independent,4335,18,4353,1.68
789,S0475,BIHAR,SAHARSA,9,MOHAMMAD NAZIR,Independent,1550,17,1567,0.6
790,S0475,BIHAR,SAHARSA,10,RAMESH SAH,Independent,2051,4,2055,0.79
791,S0475,BIHAR,SAHARSA,11,NOTA,None of the Above,2597,10,2607,1
792,S0476,BIHAR,SIMRI BAKHTIARPUR,1,YUSUF SALAHUDDIN,Rashtriya Janata Dal,101257,512,101769,43.54
793,S0476,BIHAR,SIMRI BAKHTIARPUR,2,SANJAY KUMAR SINGH,Lok Janshakti Party (Ram Vilas),109403,296,109699,46.94
794,S0476,BIHAR,SIMRI BAKHTIARPUR,3,SUNITA DEVI,Bahujan Samaj Party,1379,8,1387,0.59
795,S0476,BIHAR,SIMRI BAKHTIARPUR,4,PINTU KUMAR SHARMA,Jagrook Janta Party,523,8,531,0.23
796,S0476,BIHAR,SIMRI BAKHTIARPUR,5,BIBHUTI SINGH,Rashtrawadi Janlok Party (Satya),253,3,256,0.11
797,S0476,BIHAR,SIMRI BAKHTIARPUR,6,SURENDRA KUMAR YADAV,Jan Suraaj Party,2233,37,2270,0.97
798,S0476,BIHAR,SIMRI BAKHTIARPUR,7,AWDHESH KUMAR,Independent,333,0,333,0.14
799,S0476,BIHAR,SIMRI BAKHTIARPUR,8,ANAND RANJAN,Independent,258,0,258,0.11
800,S0476,BIHAR,SIMRI BAKHTIARPUR,9,DOMI SHARMA,Independent,535,1,536,0.23
801,S0476,BIHAR,SIMRI BAKHTIARPUR,10,PANKAJ KUMAR,Independent,419,1,420,0.18
802,S0476,BIHAR,SIMRI BAKHTIARPUR,11,BARUN KUMAR YADAV,Independent,1081,0,1081,0.46
803,S0476,BIHAR,SIMRI BAKHTIARPUR,12,YAPURA WADAT,Independent,565,0,565,0.24
804,S0476,BIHAR,SIMRI BAKHTIARPUR,13,YOGBIR ROY,Independent,695,0,695,0.3
805,S0476,BIHAR,SIMRI BAKHTIARPUR,14,RAJKUMAR SADA,Independent,1435,1,1436,0.61
806,S0476,BIHAR,SIMRI BAKHTIARPUR,15,VIKASH RAJ,Independent,7487,6,7493,3.21
807,S0476,BIHAR,SIMRI BAKHTIARPUR,16,NOTA,None of the Above,4993,3,4996,2.14
808,S0477,BIHAR,MAHISHI,1,GUNJESHWAR SAH,Janata Dal (United),89739,273,90012,44.35
809,S0477,BIHAR,MAHISHI,2,GAUTAM KRISHNA,Rashtriya Janata Dal,93246,506,93752,46.19
810,S0477,BIHAR,MAHISHI,3,PRIYANKA ANAND,Bahujan Samaj Party,1202,5,1207,0.59
811,S0477,BIHAR,MAHISHI,4,VIJAY KUMAR GUPTA,Aam Aadmi Party,846,1,847,0.42
812,S0477,BIHAR,MAHISHI,5,DEVNARAYAN YADAV,Janshakti Janta Dal,336,2,338,0.17
813,S0477,BIHAR,MAHISHI,6,SHAMIM AKHTAR,Jan Suraaj Party,2534,37,2571,1.27
814,S0477,BIHAR,MAHISHI,7,ARVIND KUMAR,Independent,651,2,653,0.32
815,S0477,BIHAR,MAHISHI,8,TIRO SHARMA,Independent,329,1,330,0.16
816,S0477,BIHAR,MAHISHI,9,MAHARUDRA JHA,Independent,397,1,398,0.2
817,S0477,BIHAR,MAHISHI,10,RANJIT SADA,Independent,757,1,758,0.37
818,S0477,BIHAR,MAHISHI,11,RAJA KUMAR,Independent,567,0,567,0.28
819,S0477,BIHAR,MAHISHI,12,RAHUL PASWAN,Independent,518,1,519,0.26
820,S0477,BIHAR,MAHISHI,13,SUSHIL KUMAR RAJAK,Independent,1199,2,1201,0.59
821,S0477,BIHAR,MAHISHI,14,SURAJ SAMRAT,Independent,3142,0,3142,1.55
822,S0477,BIHAR,MAHISHI,15,NOTA,None of the Above,6668,3,6671,3.29
823,S0478,BIHAR,KUSHESHWAR ASTHAN,1,ATIREK KUMAR,Janata Dal (United),85453,232,85685,52.25
824,S0478,BIHAR,KUSHESHWAR ASTHAN,2,YOGI CHAUPAL,Aam Aadmi Party,3459,5,3464,2.11
825,S0478,BIHAR,KUSHESHWAR ASTHAN,3,DUKHI RAM RASIYA,Aam Janta Pragati Party,792,5,797,0.49
826,S0478,BIHAR,KUSHESHWAR ASTHAN,4,SHATRUDHAN PASWAN,Jan Suraaj Party,6458,30,6488,3.96
827,S0478,BIHAR,KUSHESHWAR ASTHAN,5,SATYA NARAYAN PASWAN,Mazdoor Ekta Party,5127,0,5127,3.13
828,S0478,BIHAR,KUSHESHWAR ASTHAN,6,GANGA PASWAN,Independent,1206,0,1206,0.74
829,S0478,BIHAR,KUSHESHWAR ASTHAN,7,GANESH BHARTI,Independent,48982,262,49244,30.03
830,S0478,BIHAR,KUSHESHWAR ASTHAN,8,JEEBACHH KUMAR HAJARI,Independent,1198,3,1201,0.73
831,S0478,BIHAR,KUSHESHWAR ASTHAN,9,SHREEMATI ANJU DEVI,Independent,2138,4,2142,1.31
832,S0478,BIHAR,KUSHESHWAR ASTHAN,10,SACHIDANAND PASWAN,Independent,2170,1,2171,1.32
833,S0478,BIHAR,KUSHESHWAR ASTHAN,11,NOTA,None of the Above,6446,5,6451,3.93
834,S0479,BIHAR,GAURA BAURAM,1,AFZAL ALI KHAN,Rashtriya Janata Dal,71646,367,72013,42.81
835,S0479,BIHAR,GAURA BAURAM,2,SUJIT KUMAR,Bharatiya Janata Party,77446,236,77682,46.18
836,S0479,BIHAR,GAURA BAURAM,3,AKHTAR SHAHANSHA,All India Majlis-E-Ittehadul Muslimeen,3231,12,3243,1.93
837,S0479,BIHAR,GAURA BAURAM,4,DR MD IFTEKHAR ALAM,Jan Suraaj Party,2495,11,2506,1.49
838,S0479,BIHAR,GAURA BAURAM,5,SANTOSH SAHANI,Vikassheel Insaan Party,341,52,393,0.23
839,S0479,BIHAR,GAURA BAURAM,6,SAROJ CHAUDHARY,Mithilanchal Mukti Morcha,279,0,279,0.17
840,S0479,BIHAR,GAURA BAURAM,7,SONI DEVI,Rashtriya Janwadi Party (Socialist),183,0,183,0.11
841,S0479,BIHAR,GAURA BAURAM,8,KRISHAN KUMAR,Independent,209,0,209,0.12
842,S0479,BIHAR,GAURA BAURAM,9,NAND KISHORE SHARMA,Independent,349,1,350,0.21
843,S0479,BIHAR,GAURA BAURAM,10,PANKAJ KUMAR SAHU,Independent,437,0,437,0.26
844,S0479,BIHAR,GAURA BAURAM,11,BACHELAL JHA,Independent,716,0,716,0.43
845,S0479,BIHAR,GAURA BAURAM,12,SHYAM SUNDAR CHOUDHARY,Independent,6524,25,6549,3.89
846,S0479,BIHAR,GAURA BAURAM,13,NOTA,None of the Above,3662,1,3663,2.18
847,S0480,BIHAR,BENIPUR,1,PRAMOD PASWAN,Bahujan Samaj Party,1992,9,2001,1.06
848,S0480,BIHAR,BENIPUR,2,MITHILESH KUMAR CHOUDHARY,Indian National Congress,70205,399,70604,37.48
849,S0480,BIHAR,BENIPUR,3,BINAY KUMAR CHOUDHARY,Janata Dal (United),83781,426,84207,44.7
850,S0480,BIHAR,BENIPUR,4,AMRESH KUMAR AMAR,Jan Suraaj Party,6519,39,6558,3.48
851,S0480,BIHAR,BENIPUR,5,PRAMILA JHA,Bhartiya Mahasangh Party,712,2,714,0.38
852,S0480,BIHAR,BENIPUR,6,PRAMOD KUMAR SAHU,Rashtriya Samajwadi Lok Adhikar Party,564,1,565,0.3
853,S0480,BIHAR,BENIPUR,7,VIDYANAND RAM,Wazib Adhikar Party,815,1,816,0.43
854,S0480,BIHAR,BENIPUR,8,SHANKAR DOM URF SHANKAR MALLIK,Aam Janta Pragati Party,391,1,392,0.21
855,S0480,BIHAR,BENIPUR,9,SIYA LAKHAN YADAV,Open peoples Party,862,1,863,0.46
856,S0480,BIHAR,BENIPUR,10,AMARJEE MISHRA,Independent,697,2,699,0.37
857,S0480,BIHAR,BENIPUR,11,AVADHESH KUMAR JHA,Independent,5400,28,5428,2.88
858,S0480,BIHAR,BENIPUR,12,IMTIYAZ AHMAD,Independent,1419,3,1422,0.75
859,S0480,BIHAR,BENIPUR,13,CHUN CHUN JHA,Independent,6531,1,6532,3.47
860,S0480,BIHAR,BENIPUR,14,MAHENDRA NARAYAN MAHTO,Independent,4457,0,4457,2.37
861,S0480,BIHAR,BENIPUR,15,NOTA,None of the Above,3103,5,3108,1.65
862,S0481,BIHAR,ALINAGAR,1,MAITHILI THAKUR,Bharatiya Janata Party,84611,304,84915,49.05
863,S0481,BIHAR,ALINAGAR,2,RAJIPAL JHA,Aam Aadmi Party,1484,0,1484,0.86
864,S0481,BIHAR,ALINAGAR,3,BINOD MISHRA,Rashtriya Janata Dal,72639,546,73185,42.27
865,S0481,BIHAR,ALINAGAR,4,NAVIJAN ANSARI,Aam Janta Pragati Party,671,0,671,0.39
866,S0481,BIHAR,ALINAGAR,5,NOORUDDIN ZANGI,Social Democratic Party Of India,310,2,312,0.18
867,S0481,BIHAR,ALINAGAR,6,BIPLAW KUMAR CHOUDHARY,Jan Suraaj Party,2259,16,2275,1.31
868,S0481,BIHAR,ALINAGAR,7,SANJAY KUMAR JHA,Mithilawadi party,418,4,422,0.24
869,S0481,BIHAR,ALINAGAR,8,SITAMBAR SHARMA,Jagrook Janta Party,331,0,331,0.19
870,S0481,BIHAR,ALINAGAR,9,GANESH CHOUDHARY,Independent,317,3,320,0.18
871,S0481,BIHAR,ALINAGAR,10,CHANDU CHAUDHRY,Independent,776,2,778,0.45
872,S0481,BIHAR,ALINAGAR,11,SAIFUDDIN AHMED,Independent,2792,11,2803,1.62
873,S0481,BIHAR,ALINAGAR,12,HARI LAL SHARMA,Independent,869,1,870,0.5
874,S0481,BIHAR,ALINAGAR,13,NOTA,None of the Above,4748,3,4751,2.74
875,S0482,BIHAR,DARBHANGA RURAL,1,JAGAT NARAYAN NAYAK,Bahujan Samaj Party,2117,1,2118,1.16
876,S0482,BIHAR,DARBHANGA RURAL,2,RAJESH KUMAR MANDAL,Janata Dal (United),80355,269,80624,44.05
877,S0482,BIHAR,DARBHANGA RURAL,3,LALIT KUMAR YADAV,Rashtriya Janata Dal,61902,330,62232,34
878,S0482,BIHAR,DARBHANGA RURAL,4,MD JALALUDDIN SAHIL,All India Majlis-E-Ittehadul Muslimeen,16966,42,17008,9.29
879,S0482,BIHAR,DARBHANGA RURAL,5,PRADEEP KUMAR MISHRA,Aam Janta Pragati Party,471,1,472,0.26
880,S0482,BIHAR,DARBHANGA RURAL,6,MOHAMMAD KALAM,Bharat Jan Jagran Dal,744,0,744,0.41
881,S0482,BIHAR,DARBHANGA RURAL,7,ROSHAN,Vikas Insaf Party,427,0,427,0.23
882,S0482,BIHAR,DARBHANGA RURAL,8,SHOAIB AHMED KHAN,Jan Suraaj Party,3792,22,3814,2.08
883,S0482,BIHAR,DARBHANGA RURAL,9,ABDUL QUDDUS,Independent,638,1,639,0.35
884,S0482,BIHAR,DARBHANGA RURAL,10,UDAY CHANDRA CHAUPAL,Independent,585,0,585,0.32
885,S0482,BIHAR,DARBHANGA RURAL,11,JAI KISHUN SAHNI,Independent,2330,0,2330,1.27
886,S0482,BIHAR,DARBHANGA RURAL,12,RAM SUKAMAR YADAV,Independent,2900,1,2901,1.58
887,S0482,BIHAR,DARBHANGA RURAL,13,SHYAM PASWAN,Independent,4637,1,4638,2.53
888,S0482,BIHAR,DARBHANGA RURAL,14,NOTA,None of the Above,4510,6,4516,2.47
889,S0483,BIHAR,DARBHANGA,1,DURGA NANDA MAHAVIR NAYAK,Bahujan Samaj Party,938,15,953,0.49
890,S0483,BIHAR,DARBHANGA,2,SANJAY SARAOGI,Bharatiya Janata Party,96952,501,97453,49.66
891,S0483,BIHAR,DARBHANGA,3,ABHISHEK KUMAR JHA,Mithilawadi party,1624,4,1628,0.83
892,S0483,BIHAR,DARBHANGA,4,ASHISH RANJAN,Aam Janta Pragati Party,1511,2,1513,0.77
893,S0483,BIHAR,DARBHANGA,5,UMESH SAHANI,Vikassheel Insaan Party,72465,395,72860,37.13
894,S0483,BIHAR,DARBHANGA,6,PUSHPAM PRIYA,The Plurals Party,1396,7,1403,0.71
895,S0483,BIHAR,DARBHANGA,7,RAKESH KUMAR MISHRA,Jan Suraaj Party,11610,148,11758,5.99
896,S0483,BIHAR,DARBHANGA,8,MOJAHID ALAM,Socialist Unity Centre Of India (COMMUNIST),343,2,345,0.18
897,S0483,BIHAR,DARBHANGA,9,RANJEET KUMAR RAM,Wazib Adhikar Party,851,1,852,0.43
898,S0483,BIHAR,DARBHANGA,10,MD SHAQUIB NAJMI,Akhil Bharatiya Socialist Party,1853,3,1856,0.95
899,S0483,BIHAR,DARBHANGA,11,MOHAMMAD AMAJAD KHAN,Independent,465,5,470,0.24
900,S0483,BIHAR,DARBHANGA,12,MD NAFISUL HAQUE,Independent,2270,44,2314,1.18
901,S0483,BIHAR,DARBHANGA,13,SUJEET KUMAR CHAUDHARY,Independent,1363,0,1363,0.69
902,S0483,BIHAR,DARBHANGA,14,NOTA,None of the Above,1453,15,1468,0.75
903,S0484,BIHAR,HAYAGHAT,1,NAGESHWAR DAS,Bahujan Samaj Party,1107,8,1115,0.66
904,S0484,BIHAR,HAYAGHAT,2,RAVINDRA NATH SINGH,Aam Aadmi Party,1906,16,1922,1.14
905,S0484,BIHAR,HAYAGHAT,3,RAM CHANDRA PRASAD,Bharatiya Janata Party,76915,307,77222,45.68
906,S0484,BIHAR,HAYAGHAT,4,SHYAM BHARTI,Communist Party of India (Marxist),64951,432,65383,38.68
907,S0484,BIHAR,HAYAGHAT,5,IRSHAD ALI,Desh Janhit Party,1195,5,1200,0.71
908,S0484,BIHAR,HAYAGHAT,6,JAGNNATH SINGH,Janshakti Janta Dal,1461,4,1465,0.87
909,S0484,BIHAR,HAYAGHAT,7,PRATIBHA SINGH,Jan Suraaj Party,5675,84,5759,3.41
910,S0484,BIHAR,HAYAGHAT,8,HARSHA NARAYAN PANDIT,Bhagidari Party(P),1135,2,1137,0.67
911,S0484,BIHAR,HAYAGHAT,9,USHA AKELA,Independent,437,3,440,0.26
912,S0484,BIHAR,HAYAGHAT,10,NARESH KUMAR NAWAL,Independent,999,2,1001,0.59
913,S0484,BIHAR,HAYAGHAT,11,PROBHENDRA JHA,Independent,3576,2,3578,2.12
914,S0484,BIHAR,HAYAGHAT,12,MOHAMMAD MAHTAB ALAM,Independent,3665,2,3667,2.17
915,S0484,BIHAR,HAYAGHAT,13,LAKSHMI DAS,Independent,2371,8,2379,1.41
916,S0484,BIHAR,HAYAGHAT,14,NOTA,None of the Above,2762,5,2767,1.64
917,S0485,BIHAR,BAHADURPUR,1,PRANAY PRABHAKAR,Bahujan Samaj Party,2744,15,2759,1.3
918,S0485,BIHAR,BAHADURPUR,2,BHOLA YADAV,Rashtriya Janata Dal,83881,408,84289,39.6
919,S0485,BIHAR,BAHADURPUR,3,MADAN SAHNI,Janata Dal (United),95949,351,96300,45.24
920,S0485,BIHAR,BAHADURPUR,4,SURESH PRASAD SINGH,Rashtriya Lok Janshakti Party,1582,4,1586,0.75
921,S0485,BIHAR,BAHADURPUR,5,ANJU DEVI,Bhagidari Party(P),1466,2,1468,0.69
922,S0485,BIHAR,BAHADURPUR,6,BIRENDRA KUMAR PASWAN,Republican Party of India (Bhimrao Ambedkar),733,4,737,0.35
923,S0485,BIHAR,BAHADURPUR,7,MOHAMMAD AMIR HAIDER,Jan Suraaj Party,5547,32,5579,2.62
924,S0485,BIHAR,BAHADURPUR,8,RANJEET SHARMA,Gantantrik Samaj Party,766,2,768,0.36
925,S0485,BIHAR,BAHADURPUR,9,RAJNISH KUMAR,Jantantra Awaj Party,401,0,401,0.19
926,S0485,BIHAR,BAHADURPUR,10,ASAD ALI,Independent,403,1,404,0.19
927,S0485,BIHAR,BAHADURPUR,11,UMESH CHOUDHARY,Independent,1253,9,1262,0.59
928,S0485,BIHAR,BAHADURPUR,12,DILEEP KUMAR,Independent,1768,10,1778,0.84
929,S0485,BIHAR,BAHADURPUR,13,RAM GULAM THAKUR,Independent,2319,1,2320,1.09
930,S0485,BIHAR,BAHADURPUR,14,RAM CHATUR SAHNI,Independent,6311,1,6312,2.97
931,S0485,BIHAR,BAHADURPUR,15,VINAI KUMAR SINGH,Independent,2376,3,2379,1.12
932,S0485,BIHAR,BAHADURPUR,16,SANJAY PRASAD OJHA,Independent,1712,0,1712,0.8
933,S0485,BIHAR,BAHADURPUR,17,SANJAY KUMAR SINGH,Independent,816,0,816,0.38
934,S0485,BIHAR,BAHADURPUR,18,NOTA,None of the Above,1979,14,1993,0.94
935,S0486,BIHAR,KEOTI,1,FARAZ FATMI,Rashtriya Janata Dal,81470,348,81818,42.48
936,S0486,BIHAR,KEOTI,2,MANOJ KUMAR MAHTO,Bahujan Samaj Party,962,2,964,0.5
937,S0486,BIHAR,KEOTI,3,MURARI MOHAN JHA,Bharatiya Janata Party,88908,215,89123,46.28
938,S0486,BIHAR,KEOTI,4,BILTU SAHNI,Jan Suraaj Party,4792,24,4816,2.5
939,S0486,BIHAR,KEOTI,5,MOHAMMAD ANISUR RAHMAN,All India Majlis-E-Ittehadul Muslimeen,7465,9,7474,3.88
940,S0486,BIHAR,KEOTI,6,MOHAMMAD PINTU KHAN,Akhil Bharatiya Socialist Party,306,0,306,0.16
941,S0486,BIHAR,KEOTI,7,YOGESH RANJAN,Proutist Sarva Samaj,455,5,460,0.24
942,S0486,BIHAR,KEOTI,8,GULAB BABU RAIN,Independent,541,0,541,0.28
943,S0486,BIHAR,KEOTI,9,DHIRENDRA KUMAR DHEERAJ,Independent,3886,9,3895,2.02
944,S0486,BIHAR,KEOTI,10,BALARAM THAKUR,Independent,736,1,737,0.38
945,S0486,BIHAR,KEOTI,11,NOTA,None of the Above,2453,1,2454,1.27
946,S0487,BIHAR,JALE,1,RISHI MISHRA,Indian National Congress,78363,271,78634,39.25
947,S0487,BIHAR,JALE,2,JIBESH KUMAR,Bharatiya Janata Party,100289,207,100496,50.16
948,S0487,BIHAR,JALE,3,ROHIT KUMAR,Bahujan Samaj Party,1243,3,1246,0.62
949,S0487,BIHAR,JALE,4,FAISHAL RAHMAN,All India Majlis-E-Ittehadul Muslimeen,4657,9,4666,2.33
950,S0487,BIHAR,JALE,5,MUMTAZ ALI,Jan Mithila Vikas Party,393,0,393,0.2
951,S0487,BIHAR,JALE,6,RANJIT SHARMA,Jan Suraaj Party,5130,20,5150,2.57
952,S0487,BIHAR,JALE,7,SYED MD MAHTAB,The Plurals Party,501,1,502,0.25
953,S0487,BIHAR,JALE,8,MASKOOR AHMAD USMANI,Independent,4576,29,4605,2.3
954,S0487,BIHAR,JALE,9,MOHAMMAD PIYARE,Independent,1865,0,1865,0.93
955,S0487,BIHAR,JALE,10,NOTA,None of the Above,2804,4,2808,1.4
956,S0488,BIHAR,GAIGHAT,1,ISHRAT PERWEEN,Bahujan Samaj Party,2787,7,2794,1.25
957,S0488,BIHAR,GAIGHAT,2,KOMAL SINGH,Janata Dal (United),107845,259,108104,48.31
958,S0488,BIHAR,GAIGHAT,3,NIRANJAN ROY,Rashtriya Janata Dal,84366,321,84687,37.84
959,S0488,BIHAR,GAIGHAT,4,ASHOK KUMAR SINGH,Jan Suraaj Party,10718,72,10790,4.82
960,S0488,BIHAR,GAIGHAT,5,UMESH PRASAD SINGH,Janshakti Janta Dal,1223,3,1226,0.55
961,S0488,BIHAR,GAIGHAT,6,KUNAL KUMAR,Jan Sahmati Party,2966,3,2969,1.33
962,S0488,BIHAR,GAIGHAT,7,MITHILESH MANJHI,Independent,3263,1,3264,1.46
963,S0488,BIHAR,GAIGHAT,8,SUBODH KUMAR SINGH,Independent,6156,1,6157,2.75
964,S0488,BIHAR,GAIGHAT,9,NOTA,None of the Above,3778,10,3788,1.69
965,S0489,BIHAR,AURAI,1,RAMA NISHAD,Bharatiya Janata Party,103893,192,104085,50.06
966,S0489,BIHAR,AURAI,2,SHEO SHANKAR GUPTA,Aam Aadmi Party,3325,8,3333,1.6
967,S0489,BIHAR,AURAI,3,MD. AFTAB ALAM,Aazad Samaj Party (Kanshi Ram),31363,67,31430,15.12
968,S0489,BIHAR,AURAI,4,BHOGENDRA SAHNI,Vikassheel Insaan Party,46691,188,46879,22.55
969,S0489,BIHAR,AURAI,5,RADHA RAMAN,Jan Suraaj Party,8648,57,8705,4.19
970,S0489,BIHAR,AURAI,6,AKHILESH KUMAR,Independent,8893,22,8915,4.29
971,S0489,BIHAR,AURAI,7,HARISCHANDRA PRASAD YADAV,Independent,1125,5,1130,0.54
972,S0489,BIHAR,AURAI,8,NOTA,None of the Above,3436,7,3443,1.66
973,S0490,BIHAR,MINAPUR,1,AJAY KUMAR,Janata Dal (United),113091,320,113411,51.59
974,S0490,BIHAR,MINAPUR,2,KUMAR PUSHPENDRA,Bahujan Samaj Party,3160,2,3162,1.44
975,S0490,BIHAR,MINAPUR,3,RAJEEV KUMAR URF MUNNA YADAV,Rashtriya Janata Dal,78926,247,79173,36.01
976,S0490,BIHAR,MINAPUR,4,JITENDRA PRASAD,Rashtriya Jansambhavna Party,1502,0,1502,0.68
977,S0490,BIHAR,MINAPUR,5,TEJ NARAYAN SAHNI,Jan Suraaj Party,6608,25,6633,3.02
978,S0490,BIHAR,MINAPUR,6,DHARMVIR KUMAR SHARMA,Jagrook Janta Party,806,1,807,0.37
979,S0490,BIHAR,MINAPUR,7,SHIV KUMAR YADAV,Socialist Unity Centre Of India (COMMUNIST),1049,1,1050,0.48
980,S0490,BIHAR,MINAPUR,8,DEENANATH PRASAD,Independent,750,0,750,0.34
981,S0490,BIHAR,MINAPUR,9,RAMESH KUMAR,Independent,714,3,717,0.33
982,S0490,BIHAR,MINAPUR,10,SANJIV CHAUDHRI,Independent,2649,5,2654,1.21
983,S0490,BIHAR,MINAPUR,11,SANTOSH KUMAR,Independent,2177,2,2179,0.99
984,S0490,BIHAR,MINAPUR,12,NOTA,None of the Above,7800,5,7805,3.55
985,S0491,BIHAR,BOCHAHAN,1,DR. ABHAY KUMAR,Aam Aadmi Party,2725,6,2731,1.25
986,S0491,BIHAR,BOCHAHAN,2,AMAR KUMAR PASWAN,Rashtriya Janata Dal,87508,362,87870,40.15
987,S0491,BIHAR,BOCHAHAN,3,BABY KUMARI,Lok Janshakti Party (Ram Vilas),107892,294,108186,49.43
988,S0491,BIHAR,BOCHAHAN,4,RAHUL KUMAR,Bahujan Samaj Party,1972,4,1976,0.9
989,S0491,BIHAR,BOCHAHAN,5,UMESH KUMAR RAJAK,Jan Suraaj Party,5207,48,5255,2.4
990,S0491,BIHAR,BOCHAHAN,6,JAYMANGAL RAM,Rashtriya Jansambhavna Party,2278,2,2280,1.04
991,S0491,BIHAR,BOCHAHAN,7,RAJGEER PASWAN,Bajjikanchal Vikas Party,3811,1,3812,1.74
992,S0491,BIHAR,BOCHAHAN,8,DEEPMALA DEVI,Independent,2926,2,2928,1.34
993,S0491,BIHAR,BOCHAHAN,9,NOTA,None of the Above,3805,10,3815,1.74
994,S0492,BIHAR,SAKRA,1,ASHOK KUMAR,Bahujan Samaj Party,2556,8,2564,1.24
995,S0492,BIHAR,SAKRA,2,ADITYA KUMAR,Janata Dal (United),98485,238,98723,47.9
996,S0492,BIHAR,SAKRA,3,UMESH KUMAR RAM,Indian National Congress,83403,270,83673,40.6
997,S0492,BIHAR,SAKRA,4,RAM SEWAK PASWAN,Socialist Unity Centre Of India (COMMUNIST),3058,1,3059,1.48
998,S0492,BIHAR,SAKRA,5,RENU KUMARI URF RENU PASWAN,Jan Suraaj Party,6372,42,6414,3.11
999,S0492,BIHAR,SAKRA,6,SHIV NARAYAN,Samata Party,1105,0,1105,0.54
1000,S0492,BIHAR,SAKRA,7,SACHINDRA KUMAR,Independent,3438,3,3441,1.67
1001,S0492,BIHAR,SAKRA,8,SATEESH KUMAR,Independent,3594,0,3594,1.74
1002,S0492,BIHAR,SAKRA,9,NOTA,None of the Above,3527,8,3535,1.72
1003,S0493,BIHAR,KURHANI,1,KEDAR PD GUPTA,Bharatiya Janata Party,107493,318,107811,46.49
1004,S0493,BIHAR,KURHANI,2,VIJAYESH KUMAR,Bahujan Samaj Party,2109,8,2117,0.91
1005,S0493,BIHAR,KURHANI,3,SUNIL KUMAR SUMAN,Rashtriya Janata Dal,97685,408,98093,42.3
1006,S0493,BIHAR,KURHANI,4,AJAY KUMAR SAHANI,Socialist Party (India),793,1,794,0.34
1007,S0493,BIHAR,KURHANI,5,ALOK KUMAR SINGH,Rashtriya Jansambhavna Party,555,0,555,0.24
1008,S0493,BIHAR,KURHANI,6,MD GULAM MASOOM,Janshakti Janta Dal,521,3,524,0.23
1009,S0493,BIHAR,KURHANI,7,BAIJU KUMAR RAY,Samata Party,306,1,307,0.13
1010,S0493,BIHAR,KURHANI,8,MOHAMMAD ALI IRFAN,Jan Suraaj Party,4039,36,4075,1.76
1011,S0493,BIHAR,KURHANI,9,ROHIT KUMAR,Right to Recall Party,238,2,240,0.1
1012,S0493,BIHAR,KURHANI,10,SANJEET MANJHI,Socialist Unity Centre Of India (COMMUNIST),435,1,436,0.19
1013,S0493,BIHAR,KURHANI,11,ARVIND KUMAR,Independent,276,2,278,0.12
1014,S0493,BIHAR,KURHANI,12,GULAB KUMAR RAJAK,Independent,491,3,494,0.21
1015,S0493,BIHAR,KURHANI,13,DINESH KUMAR RAY,Independent,769,2,771,0.33
1016,S0493,BIHAR,KURHANI,14,DHARMENDRA KUMAR,Independent,6712,21,6733,2.9
1017,S0493,BIHAR,KURHANI,15,PRAMOD KUMAR SHARMA,Independent,838,1,839,0.36
1018,S0493,BIHAR,KURHANI,16,MANISH KUMAR,Independent,3363,5,3368,1.45
1019,S0493,BIHAR,KURHANI,17,SANJEET KUMAR JHA,Independent,1845,0,1845,0.8
1020,S0493,BIHAR,KURHANI,18,DR. SANTOSH KUMAR,Independent,400,2,402,0.17
1021,S0493,BIHAR,KURHANI,19,SUMIT KUMAR JHA,Independent,1208,1,1209,0.52
1022,S0493,BIHAR,KURHANI,20,SURESH KUMAR GUPTA,Independent,263,1,264,0.11
1023,S0493,BIHAR,KURHANI,21,NOTA,None of the Above,721,8,729,0.31
1024,S0494,BIHAR,MUZAFFARPUR,1,BALAK NATH SAHANI,Bahujan Samaj Party,593,1,594,0.32
1025,S0494,BIHAR,MUZAFFARPUR,2,RANJAN KUMAR,Bharatiya Janata Party,100060,417,100477,53.43
1026,S0494,BIHAR,MUZAFFARPUR,3,BIJENDRA CHAUDHARY,Indian National Congress,67456,364,67820,36.06
1027,S0494,BIHAR,MUZAFFARPUR,4,MD HASAN,Aam Aadmi Party,433,1,434,0.23
1028,S0494,BIHAR,MUZAFFARPUR,5,AJAY KUMAR,Bajjikanchal Vikas Party,220,1,221,0.12
1029,S0494,BIHAR,MUZAFFARPUR,6,AMAN KUMAR JHA,Socialist Unity Centre Of India (COMMUNIST),171,0,171,0.09
1030,S0494,BIHAR,MUZAFFARPUR,7,ASHOK KUMAR JHA,Garib Janshakti Party,301,0,301,0.16
1031,S0494,BIHAR,MUZAFFARPUR,8,DR. A.K. DAS,Jan Suraaj Party,10077,96,10173,5.41
1032,S0494,BIHAR,MUZAFFARPUR,9,DHANVANTI DEVI,Lok Chetna Dal,275,0,275,0.15
1033,S0494,BIHAR,MUZAFFARPUR,10,MANOJ KUMAR,Rashtriya Jansambhavna Party,223,0,223,0.12
1034,S0494,BIHAR,MUZAFFARPUR,11,SHANU KUMAR,Aazad Samaj Party (Kanshi Ram),656,7,663,0.35
1035,S0494,BIHAR,MUZAFFARPUR,12,AWADHESH PRASAD SINGH,Independent,272,1,273,0.15
1036,S0494,BIHAR,MUZAFFARPUR,13,ANAND PATEL,Independent,386,2,388,0.21
1037,S0494,BIHAR,MUZAFFARPUR,14,KANHAIYA KUMAR,Independent,803,2,805,0.43
1038,S0494,BIHAR,MUZAFFARPUR,15,CHANDRA BHUSHAN PRASAD,Independent,954,3,957,0.51
1039,S0494,BIHAR,MUZAFFARPUR,16,BASKIT KUMAR SHARMA,Independent,604,0,604,0.32
1040,S0494,BIHAR,MUZAFFARPUR,17,MD SHABBIR ANSARI,Independent,221,1,222,0.12
1041,S0494,BIHAR,MUZAFFARPUR,18,SANJAY KUMAR S/O JATAN RAJAK,Independent,753,0,753,0.4
1042,S0494,BIHAR,MUZAFFARPUR,19,SANJAY KUMAR S/O LATE NAND KISHOR PRASAD,Independent,460,0,460,0.24
1043,S0494,BIHAR,MUZAFFARPUR,20,SANJAY KUMAR KEJRIWAL,Independent,1645,6,1651,0.88
1044,S0494,BIHAR,MUZAFFARPUR,21,NOTA,None of the Above,597,9,606,0.32
1045,S0495,BIHAR,KANTI,1,AJIT KUMAR,Janata Dal (United),116893,406,117299,50.43
1046,S0495,BIHAR,KANTI,2,MOHAMMAD ISRAIL MANSURI,Rashtriya Janata Dal,91136,368,91504,39.34
1047,S0495,BIHAR,KANTI,3,VIVEK KUMAR,Bahujan Samaj Party,1197,3,1200,0.52
1048,S0495,BIHAR,KANTI,4,ANAND KUMAR JHA,Lok Chetna Dal,387,0,387,0.17
1049,S0495,BIHAR,KANTI,5,KUMARI SHEETAL,Aazad Samaj Party (Kanshi Ram),2584,10,2594,1.12
1050,S0495,BIHAR,KANTI,6,PRANJAL PRAKALP,Kisan Suraj Dal,345,2,347,0.15
1051,S0495,BIHAR,KANTI,7,LAL BABU ROY,Socialist Unity Centre Of India (COMMUNIST),1194,3,1197,0.51
1052,S0495,BIHAR,KANTI,8,BIRENDRA KUMAR,Rashtriya Jansambhavna Party,588,1,589,0.25
1053,S0495,BIHAR,KANTI,9,SUDARSHAN MISHRA,Jan Suraaj Party,4209,42,4251,1.83
1054,S0495,BIHAR,KANTI,10,AJIT KUMAR,Independent,748,3,751,0.32
1055,S0495,BIHAR,KANTI,11,MD JAFRUDIN,Independent,532,0,532,0.23
1056,S0495,BIHAR,KANTI,12,RANJIT KUMAR JHA ALIAS PINAKI JHA,Independent,1236,1,1237,0.53
1057,S0495,BIHAR,KANTI,13,SURESH KUMAR GUPTA,Independent,2888,1,2889,1.24
1058,S0495,BIHAR,KANTI,14,NOTA,None of the Above,7819,4,7823,3.36
1059,S0496,BIHAR,BARURAJ,1,ARUN KUMAR SINGH,Bharatiya Janata Party,96663,216,96879,47.14
1060,S0496,BIHAR,BARURAJ,2,NASIMA  KHATOON,Bahujan Samaj Party,2940,4,2944,1.43
1061,S0496,BIHAR,BARURAJ,3,MD. ANZAR,Rashtriya Ulama Council,511,1,512,0.25
1062,S0496,BIHAR,BARURAJ,4,MADHAV BHAKTA,Socialist Unity Centre Of India (COMMUNIST),628,5,633,0.31
1063,S0496,BIHAR,BARURAJ,5,RAKESH KUMAR,Vikassheel Insaan Party,67629,198,67827,33
1064,S0496,BIHAR,BARURAJ,6,VIDHYALAL SAHANI,Lok Chetna Dal,2032,3,2035,0.99
1065,S0496,BIHAR,BARURAJ,7,SANJAY KUMAR PASWAN,Rashtriya Lok Janshakti Party,1578,0,1578,0.77
1066,S0496,BIHAR,BARURAJ,8,HIRALAL KHARIA,Jan Suraaj Party,19898,37,19935,9.7
1067,S0496,BIHAR,BARURAJ,9,AWADHESH KUMAR GUPTA,Independent,4854,3,4857,2.36
1068,S0496,BIHAR,BARURAJ,10,RAJESH KUMAR,Independent,704,0,704,0.34
1069,S0496,BIHAR,BARURAJ,11,RAJESH KUMAR SAH,Independent,997,0,997,0.49
1070,S0496,BIHAR,BARURAJ,12,SANTOSH KUMAR,Independent,1682,0,1682,0.82
1071,S0496,BIHAR,BARURAJ,13,NOTA,None of the Above,4924,2,4926,2.4
1072,S0497,BIHAR,PAROO,1,VIJAY KUMAR,Bahujan Samaj Party,4492,17,4509,1.98
1073,S0497,BIHAR,PAROO,2,SHANKAR PRASAD,Rashtriya Janata Dal,94884,388,95272,41.76
1074,S0497,BIHAR,PAROO,3,NANHAK SAH,Socialist Unity Centre Of India (COMMUNIST),1646,7,1653,0.72
1075,S0497,BIHAR,PAROO,4,MADAN CHAUDHARY,Rashtriya Lok Morcha,66283,162,66445,29.12
1076,S0497,BIHAR,PAROO,5,RANJANA KUMARI,Jan Suraaj Party,6771,54,6825,2.99
1077,S0497,BIHAR,PAROO,6,ASHOK KUMAR SINGH,Independent,40462,199,40661,17.82
1078,S0497,BIHAR,PAROO,7,ASHUTOSH KUMAR,Independent,2247,1,2248,0.99
1079,S0497,BIHAR,PAROO,8,NIRAJ KUMAR,Independent,2300,1,2301,1.01
1080,S0497,BIHAR,PAROO,9,MANISH KUMAR SINGH,Independent,2854,2,2856,1.25
1081,S0497,BIHAR,PAROO,10,VIJAY THAKUR,Independent,2691,1,2692,1.18
1082,S0497,BIHAR,PAROO,11,NOTA,None of the Above,2699,2,2701,1.18
1083,S0498,BIHAR,SAHEBGANJ,1,PRITHWINATH RAY,Rashtriya Janata Dal,92473,327,92800,42.27
1084,S0498,BIHAR,SAHEBGANJ,2,BINDA MAHATO,Bahujan Samaj Party,2533,8,2541,1.16
1085,S0498,BIHAR,SAHEBGANJ,3,RAJU KUMAR SINGH,Bharatiya Janata Party,106077,245,106322,48.43
1086,S0498,BIHAR,SAHEBGANJ,4,THAKUR HARI KISHORE SINGH,Jan Suraaj Party,4179,18,4197,1.91
1087,S0498,BIHAR,SAHEBGANJ,5,SUKHARI DAS,Socialist Unity Centre Of India (COMMUNIST),419,1,420,0.19
1088,S0498,BIHAR,SAHEBGANJ,6,JAI PRAKASH KUMAR,Independent,183,0,183,0.08
1089,S0498,BIHAR,SAHEBGANJ,7,MUKESH KUMAR SINGH,Independent,844,5,849,0.39
1090,S0498,BIHAR,SAHEBGANJ,8,MOTIUR RAHMAN,Independent,356,1,357,0.16
1091,S0498,BIHAR,SAHEBGANJ,9,YOGENDRA KUMAR YADAV,Independent,373,0,373,0.17
1092,S0498,BIHAR,SAHEBGANJ,10,RANJEET KUMAR,Independent,449,2,451,0.21
1093,S0498,BIHAR,SAHEBGANJ,11,RAJAN KUMAR,Independent,975,1,976,0.44
1094,S0498,BIHAR,SAHEBGANJ,12,VIKKY KUMAR,Independent,4187,0,4187,1.91
1095,S0498,BIHAR,SAHEBGANJ,13,SHAMBHU SAH,Independent,1158,0,1158,0.53
1096,S0498,BIHAR,SAHEBGANJ,14,NOTA,None of the Above,4731,5,4736,2.16
1097,S0499,BIHAR,BAIKUNTHPUR,1,PRADEEP KUMAR,Bahujan Samaj Party,4116,26,4142,1.95
1098,S0499,BIHAR,BAIKUNTHPUR,2,PREM SHANKAR PRASAD,Rashtriya Janata Dal,86590,590,87180,41.07
1099,S0499,BIHAR,BAIKUNTHPUR,3,MITHILESH TIWARI,Bharatiya Janata Party,103801,332,104133,49.05
1100,S0499,BIHAR,BAIKUNTHPUR,4,AJAY PRASAD,Jan Suraaj Party,7305,30,7335,3.46
1101,S0499,BIHAR,BAIKUNTHPUR,5,MOHAN MAHATO,Rashtriya Jansambhavna Party,1571,3,1574,0.74
1102,S0499,BIHAR,BAIKUNTHPUR,6,RAM NARAYAN SINGH,Rashtrawadi Janlok Party (Satya),3489,8,3497,1.65
1103,S0499,BIHAR,BAIKUNTHPUR,7,RAJ KISHOR SINGH,Independent,2405,3,2408,1.13
1104,S0499,BIHAR,BAIKUNTHPUR,8,NOTA,None of the Above,2011,7,2018,0.95
1105,S04100,BIHAR,BARAULI,1,DILIP KUMAR SINGH,Rashtriya Janata Dal,75917,366,76283,39.29
1106,S04100,BIHAR,BARAULI,2,MANJEET KUMAR SINGH,Janata Dal (United),88339,318,88657,45.66
1107,S04100,BIHAR,BARAULI,3,REYAZUL HAQUE URF RAJU,Bahujan Samaj Party,13335,62,13397,6.9
1108,S04100,BIHAR,BARAULI,4,FAIZ AHMAD,Jan Suraaj Party,2884,27,2911,1.5
1109,S04100,BIHAR,BARAULI,5,RUDAL MAHATO,Rashtriya Jansambhavna Party,571,3,574,0.3
1110,S04100,BIHAR,BARAULI,6,KRISHNA SHAH,Independent,649,1,650,0.33
1111,S04100,BIHAR,BARAULI,7,MANJU KUMARI,Independent,690,1,691,0.36
1112,S04100,BIHAR,BARAULI,8,SITA DEVI,Independent,2197,7,2204,1.14
1113,S04100,BIHAR,BARAULI,9,SONU KUMAR,Independent,4804,0,4804,2.47
1114,S04100,BIHAR,BARAULI,10,NOTA,None of the Above,4001,5,4006,2.06
1115,S04101,BIHAR,GOPALGANJ,1,INDIRA YADAV,Bahujan Samaj Party,7924,155,8079,4.06
1116,S04101,BIHAR,GOPALGANJ,2,OM PRAKASH GARG,Indian National Congress,67546,374,67920,34.15
1117,S04101,BIHAR,GOPALGANJ,3,BRIJ KISHOR GUPTA,Aam Aadmi Party,1569,4,1573,0.79
1118,S04101,BIHAR,GOPALGANJ,4,SUBHASH SINGH,Bharatiya Janata Party,96353,539,96892,48.72
1119,S04101,BIHAR,GOPALGANJ,5,ANASH SALAM,All India Majlis-E-Ittehadul Muslimeen,14162,63,14225,7.15
1120,S04101,BIHAR,GOPALGANJ,6,SAHANA KHATOON,Samata Party,1805,1,1806,0.91
1121,S04101,BIHAR,GOPALGANJ,7,MD. HAYATULLAH,Bhartiya Insan Party,1022,2,1024,0.51
1122,S04101,BIHAR,GOPALGANJ,8,ANUP KUMAR SHRIVASTAVA,Independent,5074,42,5116,2.57
1123,S04101,BIHAR,GOPALGANJ,9,NOTA,None of the Above,2229,8,2237,1.12
1124,S04102,BIHAR,KUCHAIKOTE,1,AMRENDRA KUMAR PANDEY,Janata Dal (United),100926,499,101425,50.21
1125,S04102,BIHAR,KUCHAIKOTE,2,BALIRAM SINGH,Bahujan Samaj Party,5509,33,5542,2.74
1126,S04102,BIHAR,KUCHAIKOTE,3,HARI NARAYAN SINGH,Indian National Congress,76561,373,76934,38.08
1127,S04102,BIHAR,KUCHAIKOTE,4,BRAJ BIHARI BHATT,Janshakti Janta Dal,2023,2,2025,1
1128,S04102,BIHAR,KUCHAIKOTE,5,VIJAY KUMAR CHOUBEY,Jan Suraaj Party,6012,65,6077,3.01
1129,S04102,BIHAR,KUCHAIKOTE,6,VISHWAKARMA SHARMA,Jagrook Janta Party,2645,1,2646,1.31
1130,S04102,BIHAR,KUCHAIKOTE,7,PANKAJ PANDEY,Independent,1584,4,1588,0.79
1131,S04102,BIHAR,KUCHAIKOTE,8,NOTA,None of the Above,5776,7,5783,2.86
1132,S04103,BIHAR,BHOREY,1,DHANANJAY,Communist Party of India (Marxist-Leninist) (Liberation),84836,470,85306,40.03
1133,S04103,BIHAR,BHOREY,2,DHARMENDRA KUMAR RAM,Aam Aadmi Party,4084,11,4095,1.92
1134,S04103,BIHAR,BHOREY,3,SUNIL KUMAR,Janata Dal (United),100856,613,101469,47.61
1135,S04103,BIHAR,BHOREY,4,SURENDRA KUMAR RAM,Bahujan Samaj Party,6105,27,6132,2.88
1136,S04103,BIHAR,BHOREY,5,PRITI KINAR,Jan Suraaj Party,8536,66,8602,4.04
1137,S04103,BIHAR,BHOREY,6,NOTA,None of the Above,7511,6,7517,3.53
1138,S04104,BIHAR,HATHUA,1,INDRAJIT GUPT JYOTISHKAR,Aam Aadmi Party,3114,3,3117,1.59
1139,S04104,BIHAR,HATHUA,2,RAJESH KUMAR SINGH,Rashtriya Janata Dal,79450,323,79773,40.69
1140,S04104,BIHAR,HATHUA,3,RAMSEWAK SINGH,Janata Dal (United),91842,279,92121,46.99
1141,S04104,BIHAR,HATHUA,4,SHABANM KHATUN,Bahujan Samaj Party,3776,13,3789,1.93
1142,S04104,BIHAR,HATHUA,5,KALINDRA KUMAR RAY,Rashtriya Sab Janshakti Party,760,1,761,0.39
1143,S04104,BIHAR,HATHUA,6,LAXMAN BHAR,Suheldev Bharatiya Samaj Party,1175,1,1176,0.6
1144,S04104,BIHAR,HATHUA,7,SANJAY KUMAR SUMAN,Jan Suraaj Party,5052,37,5089,2.6
1145,S04104,BIHAR,HATHUA,8,SURENDRA RAM,Bhartiya Rashtriya Dal,1043,1,1044,0.53
1146,S04104,BIHAR,HATHUA,9,NAURAJ SAH,Independent,3639,1,3640,1.86
1147,S04104,BIHAR,HATHUA,10,SURENDRA GUPTA,Independent,2452,2,2454,1.25
1148,S04104,BIHAR,HATHUA,11,NOTA,None of the Above,3092,2,3094,1.58
1149,S04105,BIHAR,SIWAN,1,AWADH BIHARI CHOUDHARY,Rashtriya Janata Dal,82847,162,83009,43.56
1150,S04105,BIHAR,SIWAN,2,MANGAL PANDEY,Bharatiya Janata Party,92233,146,92379,48.47
1151,S04105,BIHAR,SIWAN,3,SUNITA DEVI,Bahujan Samaj Party,2174,9,2183,1.15
1152,S04105,BIHAR,SIWAN,4,INTEKHAB AHMAD,Jan Suraaj Party,2524,19,2543,1.33
1153,S04105,BIHAR,SIWAN,5,KUMAR GAURAW BUNTY,Rashtrawadi Janlok Party (Satya),240,0,240,0.13
1154,S04105,BIHAR,SIWAN,6,MOHAMMAD KAIFI SAMSHIR,All India Majlis-E-Ittehadul Muslimeen,3491,2,3493,1.83
1155,S04105,BIHAR,SIWAN,7,RAKESH SHARMA,Jagrook Janta Party,221,1,222,0.12
1156,S04105,BIHAR,SIWAN,8,MD ARIF,Independent,298,0,298,0.16
1157,S04105,BIHAR,SIWAN,9,DEWA KANT MISHRA ALIAS MUNNA BHAIYA,Independent,205,0,205,0.11
1158,S04105,BIHAR,SIWAN,10,VIMAL PRASAD,Independent,226,1,227,0.12
1159,S04105,BIHAR,SIWAN,11,SATYENDRA KUMAR KUSHWAHA,Independent,441,4,445,0.23
1160,S04105,BIHAR,SIWAN,12,SAROJ KUMARI,Independent,636,0,636,0.33
1161,S04105,BIHAR,SIWAN,13,SUSHIL KUMAR,Independent,1998,0,1998,1.05
1162,S04105,BIHAR,SIWAN,14,NOTA,None of the Above,2702,2,2704,1.42
1163,S04106,BIHAR,ZIRADEI,1,AMARJEET KUSHWAHA,Communist Party of India (Marxist-Leninist) (Liberation),63498,103,63601,40.27
1164,S04106,BIHAR,ZIRADEI,2,PRAMOD KUMAR MALL,Bahujan Samaj Party,5090,12,5102,3.23
1165,S04106,BIHAR,ZIRADEI,3,BHISM PRATAP SINGH,Janata Dal (United),66137,90,66227,41.94
1166,S04106,BIHAR,ZIRADEI,4,JAGLAL RAJBHAR,Suheldev Bharatiya Samaj Party,2386,4,2390,1.51
1167,S04106,BIHAR,ZIRADEI,5,PARMANAND PRASAD,Swatantra Samaj Party,807,0,807,0.51
1168,S04106,BIHAR,ZIRADEI,6,MUNNA PANDEY,Jan Suraaj Party,10090,35,10125,6.41
1169,S04106,BIHAR,ZIRADEI,7,AJAY KUMAR PRAJAPATI,Independent,783,0,783,0.5
1170,S04106,BIHAR,ZIRADEI,8,PRABUNATH THAKUR,Independent,1039,0,1039,0.66
1171,S04106,BIHAR,ZIRADEI,9,RAGHWENDRA KUMAR KHARWAR,Independent,2262,1,2263,1.43
1172,S04106,BIHAR,ZIRADEI,10,VIVEK SHUKLA,Independent,882,0,882,0.56
1173,S04106,BIHAR,ZIRADEI,11,NOTA,None of the Above,4704,3,4707,2.98
1174,S04107,BIHAR,DARAULI,1,VISHNU DEO PASWAN,Lok Janshakti Party (Ram Vilas),82804,210,83014,47.38
1175,S04107,BIHAR,DARAULI,2,SATYADEO RAM,Communist Party of India (Marxist-Leninist) (Liberation),73284,158,73442,41.92
1176,S04107,BIHAR,DARAULI,3,HARILAL RAM,Bahujan Samaj Party,3190,18,3208,1.83
1177,S04107,BIHAR,DARAULI,4,GANESH RAM,Jan Suraaj Party,4593,37,4630,2.64
1178,S04107,BIHAR,DARAULI,5,MANOJ RAM,Suheldev Bharatiya Samaj Party,3903,5,3908,2.23
1179,S04107,BIHAR,DARAULI,6,PRADEEP MANJHI,Independent,2459,6,2465,1.41
1180,S04107,BIHAR,DARAULI,7,NOTA,None of the Above,4535,11,4546,2.59
1181,S04108,BIHAR,RAGHUNATHPUR,1,OSAMA SHAHAB,Rashtriya Janata Dal,88123,155,88278,48.81
1182,S04108,BIHAR,RAGHUNATHPUR,2,VIKASH KUMAR SINGH,Janata Dal (United),78872,158,79030,43.69
1183,S04108,BIHAR,RAGHUNATHPUR,3,KUMAR SANTOSH,Suheldev Bharatiya Samaj Party,2195,0,2195,1.21
1184,S04108,BIHAR,RAGHUNATHPUR,4,PASHUPATI NATH CHATURVEDI,Janshakti Janta Dal,991,5,996,0.55
1185,S04108,BIHAR,RAGHUNATHPUR,5,RAHUL KIRTI,Jan Suraaj Party,3042,29,3071,1.7
1186,S04108,BIHAR,RAGHUNATHPUR,6,ANITA KUMARI,Independent,914,3,917,0.51
1187,S04108,BIHAR,RAGHUNATHPUR,7,UPENDRA SINGH,Independent,2906,3,2909,1.61
1188,S04108,BIHAR,RAGHUNATHPUR,8,NOTA,None of the Above,3471,7,3478,1.92
1189,S04109,BIHAR,DARAUNDA,1,AMARNATH YADAV,Communist Party of India (Marxist-Leninist) (Liberation),68552,128,68680,37.1
1190,S04109,BIHAR,DARAUNDA,2,KARNJEET SINGH ALIAS VYAS SINGH,Bharatiya Janata Party,86880,167,87047,47.02
1191,S04109,BIHAR,DARAUNDA,3,MADHUSUDAN SINGH,Bahujan Samaj Party,2241,9,2250,1.22
1192,S04109,BIHAR,DARAUNDA,4,BRIJABIHARI RAY,Suheldev Bharatiya Samaj Party,1168,0,1168,0.63
1193,S04109,BIHAR,DARAUNDA,5,SATYANDRA YADAV,Jan Suraaj Party,6690,41,6731,3.64
1194,S04109,BIHAR,DARAUNDA,6,GUDIYA DEVI,Independent,11113,20,11133,6.01
1195,S04109,BIHAR,DARAUNDA,7,BALENDRA KUMAR RAY,Independent,2976,0,2976,1.61
1196,S04109,BIHAR,DARAUNDA,8,NOTA,None of the Above,5146,5,5151,2.78
1197,S04110,BIHAR,BARHARIA,1,ARUN KUMAR GUPTA,Rashtriya Janata Dal,81340,124,81464,41.35
1198,S04110,BIHAR,BARHARIA,2,INDRADEV SINGH,Janata Dal (United),93481,119,93600,47.51
1199,S04110,BIHAR,BARHARIA,3,JITENDRA YADAV,Aam Aadmi Party,2170,5,2175,1.1
1200,S04110,BIHAR,BARHARIA,4,VIJAY KUMAR YADAW,Bahujan Samaj Party,1290,1,1291,0.66
1201,S04110,BIHAR,BARHARIA,5,RADHESHYAM SHARMA,Jagrook Janta Party,410,2,412,0.21
1202,S04110,BIHAR,BARHARIA,6,SHEKH SHAHNAWAZ ALAM,Jan Suraaj Party,3735,15,3750,1.9
1203,S04110,BIHAR,BARHARIA,7,DEEPAK KUMAR,Independent,383,1,384,0.19
1204,S04110,BIHAR,BARHARIA,8,RAMDAS TIWARI,Independent,918,0,918,0.47
1205,S04110,BIHAR,BARHARIA,9,RAHUL KUMAR,Independent,1148,0,1148,0.58
1206,S04110,BIHAR,BARHARIA,10,SHYAM BAHADUR SINGH,Independent,4678,14,4692,2.38
1207,S04110,BIHAR,BARHARIA,11,HARERAM SINGH,Independent,3229,0,3229,1.64
1208,S04110,BIHAR,BARHARIA,12,NOTA,None of the Above,3930,2,3932,2
1209,S04111,BIHAR,GORIAKOTHI,1,ANWARUL HAQUE,Rashtriya Janata Dal,93431,93,93524,43.84
1210,S04111,BIHAR,GORIAKOTHI,2,DEVESH KANT SINGH,Bharatiya Janata Party,105799,110,105909,49.64
1211,S04111,BIHAR,GORIAKOTHI,3,RAVI BHUSHAN GUPTA,Aam Aadmi Party,1378,1,1379,0.65
1212,S04111,BIHAR,GORIAKOTHI,4,UMASHANKAR TIWARI,Bhartiya Lok Chetna Party,313,0,313,0.15
1213,S04111,BIHAR,GORIAKOTHI,5,EJAZ AHMAD SIDDIQUE,Jan Suraaj Party,3262,19,3281,1.54
1214,S04111,BIHAR,GORIAKOTHI,6,TRIBHUWAN RAM,Peoples Party of India (Democratic),459,1,460,0.22
1215,S04111,BIHAR,GORIAKOTHI,7,DILIP MANJHI,Janshakti Vikas Party (Democratic),534,0,534,0.25
1216,S04111,BIHAR,GORIAKOTHI,8,DHRUVNATH SINGH,Rashtriya Jansambhavna Party,648,0,648,0.3
1217,S04111,BIHAR,GORIAKOTHI,9,RAMAYAN SINGH,All India Forward Bloc,843,2,845,0.4
1218,S04111,BIHAR,GORIAKOTHI,10,ASHOK KUMAR VARMA,Independent,2797,0,2797,1.31
1219,S04111,BIHAR,GORIAKOTHI,11,NOTA,None of the Above,3649,6,3655,1.71
1220,S04112,BIHAR,MAHARAJGANJ,1,RAVI RANJAN TISU,Bahujan Samaj Party,2174,2,2176,1.16
1221,S04112,BIHAR,MAHARAJGANJ,2,VISHAL KUMAR JAISWAL,Rashtriya Janata Dal,65604,110,65714,34.99
1222,S04112,BIHAR,MAHARAJGANJ,3,HEM NARAYAN SAH,Janata Dal (United),86674,139,86813,46.22
1223,S04112,BIHAR,MAHARAJGANJ,4,NAYAN PRASAD,Bharat Ka Kisan Majdoor Party,1658,1,1659,0.88
1224,S04112,BIHAR,MAHARAJGANJ,5,MADAN YADAV,Aazad Samaj Party (Kanshi Ram),2370,3,2373,1.26
1225,S04112,BIHAR,MAHARAJGANJ,6,DR. VIKAS KUMAR SINGH,Political Team India,2129,0,2129,1.13
1226,S04112,BIHAR,MAHARAJGANJ,7,SUNIL RAY,Jan Suraaj Party,8116,49,8165,4.35
1227,S04112,BIHAR,MAHARAJGANJ,8,ANGAD KUMAR,Independent,706,0,706,0.38
1228,S04112,BIHAR,MAHARAJGANJ,9,ASHISH RANJAN SINGH,Independent,885,1,886,0.47
1229,S04112,BIHAR,MAHARAJGANJ,10,NITISH KUMAR DIWEDI,Independent,6242,12,6254,3.33
1230,S04112,BIHAR,MAHARAJGANJ,11,RAVINDRA KUMAR,Independent,4358,0,4358,2.32
1231,S04112,BIHAR,MAHARAJGANJ,12,RAJ KISHOR GUPTA,Independent,2902,0,2902,1.55
1232,S04112,BIHAR,MAHARAJGANJ,13,NOTA,None of the Above,3674,1,3675,1.96
1233,S04113,BIHAR,EKMA,1,MANORANJAN SINGH,Janata Dal (United),83844,233,84077,49.16
1234,S04113,BIHAR,EKMA,2,LAKSHMAN MANJHI,Bahujan Samaj Party,2977,15,2992,1.75
1235,S04113,BIHAR,EKMA,3,SRIKANT YADAV,Rashtriya Janata Dal,61161,208,61369,35.88
1236,S04113,BIHAR,EKMA,4,UMESH KUMAR RAJBHAR,Suheldev Bharatiya Samaj Party,1378,0,1378,0.81
1237,S04113,BIHAR,EKMA,5,JAWAHIR PRASAD,Apna Kisan Party,993,2,995,0.58
1238,S04113,BIHAR,EKMA,6,DEO KUMAR SINGH,Jan Suraaj Party,7583,59,7642,4.47
1239,S04113,BIHAR,EKMA,7,ABHIJEET ABHIGYAN,Independent,1049,7,1056,0.62
1240,S04113,BIHAR,EKMA,8,JITENDRA KUMAR KANNAUJ,Independent,1257,0,1257,0.73
1241,S04113,BIHAR,EKMA,9,RAKESH KUMAR SINGH,Independent,2460,0,2460,1.44
1242,S04113,BIHAR,EKMA,10,SHANKAR SHARMA,Independent,1600,0,1600,0.94
1243,S04113,BIHAR,EKMA,11,NOTA,None of the Above,6216,1,6217,3.63
1244,S04114,BIHAR,MANJHI,1,RANDHIR KUMAR SINGH,Janata Dal (United),68116,339,68455,38.53
1245,S04114,BIHAR,MANJHI,2,SANOTSH PRASAD,Bahujan Samaj Party,1995,17,2012,1.13
1246,S04114,BIHAR,MANJHI,3,DR. SATYENDRA YADAV,Communist Party of India (Marxist),58405,263,58668,33.02
1247,S04114,BIHAR,MANJHI,4,Y.V.GIRI,Jan Suraaj Party,9212,94,9306,5.24
1248,S04114,BIHAR,MANJHI,5,DHARMENDRA KUMAR SHARMA,Jagrook Janta Party,916,9,925,0.52
1249,S04114,BIHAR,MANJHI,6,NASIM AHAMAD,Aazad Samaj Party (Kanshi Ram),3385,15,3400,1.91
1250,S04114,BIHAR,MANJHI,7,PRATIBHA DEVI,Suheldev Bharatiya Samaj Party,1356,6,1362,0.77
1251,S04114,BIHAR,MANJHI,8,ASHOK SHARMA,Independent,694,3,697,0.39
1252,S04114,BIHAR,MANJHI,9,OM PRAKASH PRASAD,Independent,3079,8,3087,1.74
1253,S04114,BIHAR,MANJHI,10,RANA PRATAP SINGH,Independent,19061,78,19139,10.77
1254,S04114,BIHAR,MANJHI,11,SANJU YADAV,Independent,3104,3,3107,1.75
1255,S04114,BIHAR,MANJHI,12,SURESH KUMAR RAM,Independent,1403,2,1405,0.79
1256,S04114,BIHAR,MANJHI,13,NOTA,None of the Above,6106,7,6113,3.44
1257,S04115,BIHAR,BANIAPUR,1,KEDAR NATH SINGH,Bharatiya Janata Party,95343,263,95606,47.7
1258,S04115,BIHAR,BANIAPUR,2,CHANDNI DEVI,Rashtriya Janata Dal,79854,316,80170,40
1259,S04115,BIHAR,BANIAPUR,3,BYAS MANJHI,Bahujan Samaj Party,1800,6,1806,0.9
1260,S04115,BIHAR,BANIAPUR,4,PUSHPA KUMARI,Janshakti Janta Dal,1120,15,1135,0.57
1261,S04115,BIHAR,BANIAPUR,5,SHRAVAN KUMAR,Jan Suraaj Party,8574,64,8638,4.31
1262,S04115,BIHAR,BANIAPUR,6,RAVI PRAKASH,Independent,2843,7,2850,1.42
1263,S04115,BIHAR,BANIAPUR,7,RAJESH KUMAR SINGH,Independent,1505,1,1506,0.75
1264,S04115,BIHAR,BANIAPUR,8,SHYAM KUMAR SINGH,Independent,3831,0,3831,1.91
1265,S04115,BIHAR,BANIAPUR,9,NOTA,None of the Above,4870,6,4876,2.43
1266,S04116,BIHAR,TARAIYA,1,AMIT KUMAR SINGH,Aam Aadmi Party,1846,5,1851,0.96
1267,S04116,BIHAR,TARAIYA,2,JANAK SINGH,Bharatiya Janata Party,85401,163,85564,44.21
1268,S04116,BIHAR,TARAIYA,3,BRAJ BIHARI SINGH,Bahujan Samaj Party,1870,5,1875,0.97
1269,S04116,BIHAR,TARAIYA,4,SHAILENDRA PRATAP,Rashtriya Janata Dal,84070,165,84235,43.52
1270,S04116,BIHAR,TARAIYA,5,AHMAD HUSSAIN ANSARI,Peace Party,1016,2,1018,0.53
1271,S04116,BIHAR,TARAIYA,6,BHAGWAN PRASAD GUPTA,Vanchit Adhikar Party,976,2,978,0.51
1272,S04116,BIHAR,TARAIYA,7,RAM VISWAS RAI,Bhartiya Sarthak Party,296,3,299,0.15
1273,S04116,BIHAR,TARAIYA,8,VIVEK KUMAR,Janshakti Janta Dal,680,1,681,0.35
1274,S04116,BIHAR,TARAIYA,9,SANJAY KUMAR,Peoples Party of India (Democratic),879,0,879,0.45
1275,S04116,BIHAR,TARAIYA,10,SATYENDRA KU SAHNI,Jan Suraaj Party,5065,21,5086,2.63
1276,S04116,BIHAR,TARAIYA,11,MITHILESH KUMAR,Independent,2654,9,2663,1.38
1277,S04116,BIHAR,TARAIYA,12,MUMTAJ ANSARI,Independent,2746,2,2748,1.42
1278,S04116,BIHAR,TARAIYA,13,LALU PRASAD YADAV,Independent,1315,1,1316,0.68
1279,S04116,BIHAR,TARAIYA,14,VIJESH RAY,Independent,2621,0,2621,1.35
1280,S04116,BIHAR,TARAIYA,15,NOTA,None of the Above,1718,6,1724,0.89
1281,S04117,BIHAR,MARHAURA,1,JITENDRA KUMAR RAI,Rashtriya Janata Dal,85764,354,86118,47.97
1282,S04117,BIHAR,MARHAURA,2,NAVEEN KUMAR SINGH URAF ABHAY SINGH,Jan Suraaj Party,58016,174,58190,32.42
1283,S04117,BIHAR,MARHAURA,3,PURUSHOTTAM KUMAR,Rashtriya Sab Janshakti Party,2330,8,2338,1.3
1284,S04117,BIHAR,MARHAURA,4,MADHUBALA GIRI,The Plurals Party,1566,11,1577,0.88
1285,S04117,BIHAR,MARHAURA,5,LALU PRASAD YADAV,Rashtriya Jansambhavna Party,2816,4,2820,1.57
1286,S04117,BIHAR,MARHAURA,6,ANKIT KUMAR,Independent,17299,11,17310,9.64
1287,S04117,BIHAR,MARHAURA,7,ABHISHEK RANJAN,Independent,1505,1,1506,0.84
1288,S04117,BIHAR,MARHAURA,8,MANEGAR RAY,Independent,1357,0,1357,0.76
1289,S04117,BIHAR,MARHAURA,9,SANDEV KUMAR RAY,Independent,3483,0,3483,1.94
1290,S04117,BIHAR,MARHAURA,10,NOTA,None of the Above,4799,10,4809,2.68
1291,S04118,BIHAR,CHAPRA,1,CHHOTI KUMARI,Bharatiya Janata Party,86561,284,86845,45.86
1292,S04118,BIHAR,CHAPRA,2,SHATRUGHAN YADAV,Rashtriya Janata Dal,78897,348,79245,41.84
1293,S04118,BIHAR,CHAPRA,3,JAI PRAKASH SINGH,Jan Suraaj Party,3377,56,3433,1.81
1294,S04118,BIHAR,CHAPRA,4,GYANI KUMAR SHARMA,Bharatiya Ekta Dal,277,2,279,0.15
1295,S04118,BIHAR,CHAPRA,5,RAJESH KUSHWAHA,Bhartiya Lok Chetna Party,333,4,337,0.18
1296,S04118,BIHAR,CHAPRA,6,SHAK NAUSHAD,Aazad Samaj Party (Kanshi Ram),2081,12,2093,1.11
1297,S04118,BIHAR,CHAPRA,7,PADMA MISHRA,Independent,539,3,542,0.29
1298,S04118,BIHAR,CHAPRA,8,MD SULTAN HUSSEN IDRISHI,Independent,391,4,395,0.21
1299,S04118,BIHAR,CHAPRA,9,RAKHI GUPTA,Independent,11358,130,11488,6.07
1300,S04118,BIHAR,CHAPRA,10,RANA YASHWANT PRATAP SINGH,Independent,2024,2,2026,1.07
1301,S04118,BIHAR,CHAPRA,11,NOTA,None of the Above,2704,2,2706,1.43
1302,S04119,BIHAR,GARKHA,1,AVINASH KUMAR,Bahujan Samaj Party,3264,14,3278,1.61
1303,S04119,BIHAR,GARKHA,2,VIGAN MANJHI,Rashtriya Lok Janshakti Party,1650,10,1660,0.82
1304,S04119,BIHAR,GARKHA,3,SADAN KUMAR,Aam Aadmi Party,1006,4,1010,0.5
1305,S04119,BIHAR,GARKHA,4,SIMANT MRINAL,Lok Janshakti Party (Ram Vilas),78136,194,78330,38.49
1306,S04119,BIHAR,GARKHA,5,SURENDRA RAM,Rashtriya Janata Dal,90831,303,91134,44.78
1307,S04119,BIHAR,GARKHA,6,NAGENDRA RAM,Republican Party of India (A),1424,4,1428,0.7
1308,S04119,BIHAR,GARKHA,7,MANOHAR KUMAR RAM,Jan Suraaj Party,5255,59,5314,2.61
1309,S04119,BIHAR,GARKHA,8,NAND KISHOR MANJHI,Independent,805,1,806,0.4
1310,S04119,BIHAR,GARKHA,9,NEERAJ RAM,Independent,1284,3,1287,0.63
1311,S04119,BIHAR,GARKHA,10,MUNESHWAR CHAUDHARY,Independent,9392,61,9453,4.65
1312,S04119,BIHAR,GARKHA,11,RAGHUNANDAN MANJHI,Independent,2768,6,2774,1.36
1313,S04119,BIHAR,GARKHA,12,RAJKUMAR,Independent,2678,0,2678,1.32
1314,S04119,BIHAR,GARKHA,13,SABITA DEVI,Independent,1724,4,1728,0.85
1315,S04119,BIHAR,GARKHA,14,NOTA,None of the Above,2606,11,2617,1.29
1316,S04120,BIHAR,AMNOUR,1,KRISHAN KUMAR MANTOO,Bharatiya Janata Party,75298,227,75525,44.52
1317,S04120,BIHAR,AMNOUR,2,PUJA KUMARI,Bahujan Samaj Party,5675,20,5695,3.36
1318,S04120,BIHAR,AMNOUR,3,SUNIL KUMAR,Rashtriya Janata Dal,71475,242,71717,42.27
1319,S04120,BIHAR,AMNOUR,4,ALI ABBAS,Bharatiya Momin Front,1059,3,1062,0.63
1320,S04120,BIHAR,AMNOUR,5,KRISHNA MISHRA,The Plurals Party,300,1,301,0.18
1321,S04120,BIHAR,AMNOUR,6,JAY PRAKASH KUMAR SINGH,Socialist Party (India),403,2,405,0.24
1322,S04120,BIHAR,AMNOUR,7,RAKESH KUMAR,Bharatiya Ekta Dal,648,1,649,0.38
1323,S04120,BIHAR,AMNOUR,8,RAHUL KUMAR SINGH,Jan Suraaj Party,5981,50,6031,3.55
1324,S04120,BIHAR,AMNOUR,9,ARJUN KUMAR NIRALA,Independent,528,3,531,0.31
1325,S04120,BIHAR,AMNOUR,10,RAMLAL MANJHI,Independent,660,0,660,0.39
1326,S04120,BIHAR,AMNOUR,11,LAKSHMAN YADAV,Independent,2261,1,2262,1.33
1327,S04120,BIHAR,AMNOUR,12,SUJEET PRIYDARSHI,Independent,1073,1,1074,0.63
1328,S04120,BIHAR,AMNOUR,13,NOTA,None of the Above,3745,4,3749,2.21
1329,S04121,BIHAR,PARSA,1,KARISHMA,Rashtriya Janata Dal,88807,286,89093,49.16
1330,S04121,BIHAR,PARSA,2,CHHOTE LAL RAI,Janata Dal (United),63087,234,63321,34.94
1331,S04121,BIHAR,PARSA,3,PAWAN TIWARI,Aam Aadmi Party,1976,1,1977,1.09
1332,S04121,BIHAR,PARSA,4,MD SAMIM ANSARI,Bahujan Samaj Party,2520,20,2540,1.4
1333,S04121,BIHAR,PARSA,5,JAVAHIR SINGH,Insaniyat Party,1569,0,1569,0.87
1334,S04121,BIHAR,PARSA,6,BIPIN KR SINGH,Nationalist Congress Party,846,5,851,0.47
1335,S04121,BIHAR,PARSA,7,MADAN MOHAN SRIVASTAVA,Proutist Bloc India,924,0,924,0.51
1336,S04121,BIHAR,PARSA,8,MOSAHEB MAHTO,Jan Suraaj Party,10076,50,10126,5.59
1337,S04121,BIHAR,PARSA,9,SHYAM BABU RAY,Bhartiya Lok Chetna Party,593,1,594,0.33
1338,S04121,BIHAR,PARSA,10,MUNESHWAR PRASAD GUPTA,Independent,919,2,921,0.51
1339,S04121,BIHAR,PARSA,11,RAMAISHWAR PRASAD RAY,Independent,1430,1,1431,0.79
1340,S04121,BIHAR,PARSA,12,SHRINIWAS SAH,Independent,3208,3,3211,1.77
1341,S04121,BIHAR,PARSA,13,NOTA,None of the Above,4674,3,4677,2.58
1342,S04122,BIHAR,SONEPUR,1,AJAY KUMAR,Samata Party,1156,2,1158,0.58
1343,S04122,BIHAR,SONEPUR,2,CHANDAN LAL MEHTA,Jan Suraaj Party,11888,89,11977,6.01
1344,S04122,BIHAR,SONEPUR,3,DR. RAMANUJ PRASAD,Rashtriya Janata Dal,85861,214,86075,43.2
1345,S04122,BIHAR,SONEPUR,4,VINAY KUMAR SINGH,Bharatiya Janata Party,90591,251,90842,45.59
1346,S04122,BIHAR,SONEPUR,5,DHARAMVEER KUMAR,Nationalist Congress Party,471,0,471,0.24
1347,S04122,BIHAR,SONEPUR,6,SURENDRA PRASAD YADAV,Janshakti Janta Dal,1235,0,1235,0.62
1348,S04122,BIHAR,SONEPUR,7,RAMESH KUMAR,Independent,3155,1,3156,1.58
1349,S04122,BIHAR,SONEPUR,8,ROHIT ROY,Independent,1720,0,1720,0.86
1350,S04122,BIHAR,SONEPUR,9,NOTA,None of the Above,2602,4,2606,1.31
1351,S04123,BIHAR,HAJIPUR,1,ABHISHEK KUMAR,Bahujan Samaj Party,1540,5,1545,0.69
1352,S04123,BIHAR,HAJIPUR,2,AWADHESH SINGH,Bharatiya Janata Party,112565,656,113221,50.27
1353,S04123,BIHAR,HAJIPUR,3,GHANSHYAM KUMAR DAHA,Rashtriya Lok Janshakti Party,1602,2,1604,0.71
1354,S04123,BIHAR,HAJIPUR,4,DEO KUMAR CHAURASIA,Rashtriya Janata Dal,93857,855,94712,42.05
1355,S04123,BIHAR,HAJIPUR,5,RAJ KUMAR PASWAN,Aam Aadmi Party,637,7,644,0.29
1356,S04123,BIHAR,HAJIPUR,6,INDRADEO ROY,Socialist Unity Centre Of India (COMMUNIST),254,0,254,0.11
1357,S04123,BIHAR,HAJIPUR,7,DHEERAJ KUMAR ROY,Yuva Devlop Party,419,5,424,0.19
1358,S04123,BIHAR,HAJIPUR,8,PRATIBHA SINHA,Jan Suraaj Party,4605,96,4701,2.09
1359,S04123,BIHAR,HAJIPUR,9,RAJ KUMAR SINGH,Bhartiya Lok Chetna Party,823,8,831,0.37
1360,S04123,BIHAR,HAJIPUR,10,NISHANT GANDHI,Independent,1836,15,1851,0.82
1361,S04123,BIHAR,HAJIPUR,11,RAMESH KUMAR SINGH,Independent,845,3,848,0.38
1362,S04123,BIHAR,HAJIPUR,12,SUNIL ROY,Independent,2225,1,2226,0.99
1363,S04123,BIHAR,HAJIPUR,13,NOTA,None of the Above,2370,11,2381,1.06
1364,S04124,BIHAR,LALGANJ,1,RAJENDRA PRASAD SINGH,Aam Aadmi Party,1675,4,1679,0.7
1365,S04124,BIHAR,LALGANJ,2,SHIVANI SHUKLA,Rashtriya Janata Dal,94807,676,95483,39.75
1366,S04124,BIHAR,LALGANJ,3,SANJAY KUMAR SINGH,Bharatiya Janata Party,127193,457,127650,53.14
1367,S04124,BIHAR,LALGANJ,4,AMAR KUMAR SINGH,Jan Suraaj Party,4151,64,4215,1.75
1368,S04124,BIHAR,LALGANJ,5,MD. NIYAJ ALAM,Lok Shakti Party (Loktantrik),603,8,611,0.25
1369,S04124,BIHAR,LALGANJ,6,RAJENDRA SHARMA,Socialist Unity Centre Of India (COMMUNIST),370,3,373,0.16
1370,S04124,BIHAR,LALGANJ,7,AKHILESH KUMAR,Independent,459,2,461,0.19
1371,S04124,BIHAR,LALGANJ,8,ABHISHEK KUMAR SINGH,Independent,968,2,970,0.4
1372,S04124,BIHAR,LALGANJ,9,DHIRENDRA KUMAR MAHTO,Independent,4434,7,4441,1.85
1373,S04124,BIHAR,LALGANJ,10,VIDYA PRAKASH,Independent,2143,5,2148,0.89
1374,S04124,BIHAR,LALGANJ,11,NOTA,None of the Above,2162,12,2174,0.91
1375,S04125,BIHAR,VAISHALI,1,AJAY KUMAR KUSHWAHA,Rashtriya Janata Dal,75302,485,75787,31.89
1376,S04125,BIHAR,VAISHALI,2,NISHA RAJ,Bahujan Samaj Party,2305,16,2321,0.98
1377,S04125,BIHAR,VAISHALI,3,RAMEKBAL SINGH,Rashtriya Lok Janshakti Party,1431,8,1439,0.61
1378,S04125,BIHAR,VAISHALI,4,SANJEEV SINGH,Indian National Congress,20269,126,20395,8.58
1379,S04125,BIHAR,VAISHALI,5,SIDDHARTH PATEL,Janata Dal (United),107853,524,108377,45.6
1380,S04125,BIHAR,VAISHALI,6,DR. BIPIN CHANDRA,Samata Party,2080,4,2084,0.88
1381,S04125,BIHAR,VAISHALI,7,MD. MURTAZA HOSSAIN HAQUE,Ambedkar National Congress,841,6,847,0.36
1382,S04125,BIHAR,VAISHALI,8,RAJ KUMAR,Bajjikanchal Vikas Party,1122,1,1123,0.47
1383,S04125,BIHAR,VAISHALI,9,RAM NATH RAY,Socialist Unity Centre Of India (COMMUNIST),2820,3,2823,1.19
1384,S04125,BIHAR,VAISHALI,10,SUNIL KUMAR,Jan Suraaj Party,9047,61,9108,3.83
1385,S04125,BIHAR,VAISHALI,11,ANAND KUMAR,Independent,1526,2,1528,0.64
1386,S04125,BIHAR,VAISHALI,12,RUBI KUMARI,Independent,3163,11,3174,1.34
1387,S04125,BIHAR,VAISHALI,13,BRISHIN PATEL,Independent,4075,41,4116,1.73
1388,S04125,BIHAR,VAISHALI,14,NOTA,None of the Above,4554,8,4562,1.92
1389,S04126,BIHAR,MAHUA,1,MUKESH KUMAR RAUSHAN,Rashtriya Janata Dal,42406,238,42644,20.18
1390,S04126,BIHAR,MAHUA,2,RIMJHIM DEVI,Bahujan Samaj Party,6678,61,6739,3.19
1391,S04126,BIHAR,MAHUA,3,SANJAY KUMAR SINGH,Lok Janshakti Party (Ram Vilas),87356,285,87641,41.47
1392,S04126,BIHAR,MAHUA,4,AKHILESH KUMAR THAKUR,Nationalist Congress Party,998,2,1000,0.47
1393,S04126,BIHAR,MAHUA,5,AMIT KUMAR,All India Majlis-E-Ittehadul Muslimeen,15747,36,15783,7.47
1394,S04126,BIHAR,MAHUA,6,INDRAJEET PRADHAN,Jan Suraaj Party,2371,15,2386,1.13
1395,S04126,BIHAR,MAHUA,7,JAY NARAYAN SAH,Bajjikanchal Vikas Party,652,0,652,0.31
1396,S04126,BIHAR,MAHUA,8,TEJ PRATAP YADAV,Janshakti Janta Dal,35333,370,35703,16.89
1397,S04126,BIHAR,MAHUA,9,RAJU MAHTO,Bhartiya Sarthak Party,1369,3,1372,0.65
1398,S04126,BIHAR,MAHUA,10,LALIT KUMAR GHOSH,Socialist Unity Centre Of India (COMMUNIST),558,2,560,0.26
1399,S04126,BIHAR,MAHUA,11,AMRESH KUMAR,Independent,999,6,1005,0.48
1400,S04126,BIHAR,MAHUA,12,ASHMA PARVEEN,Independent,7321,106,7427,3.51
1401,S04126,BIHAR,MAHUA,13,NARESH RAY,Independent,1108,2,1110,0.53
1402,S04126,BIHAR,MAHUA,14,RAM SAGAR SAHNI,Independent,3646,3,3649,1.73
1403,S04126,BIHAR,MAHUA,15,SARITA SAH,Independent,939,1,940,0.44
1404,S04126,BIHAR,MAHUA,16,NOTA,None of the Above,2710,7,2717,1.29
1405,S04127,BIHAR,RAJA PAKAR,1,KRISHNA MOHAN PASWAN,Bahujan Samaj Party,1396,8,1404,0.76
1406,S04127,BIHAR,RAJA PAKAR,2,PRATIMA KUMARI,Indian National Congress,47639,430,48069,26.12
1407,S04127,BIHAR,RAJA PAKAR,3,MAHENDRA RAM,Janata Dal (United),95630,628,96258,52.31
1408,S04127,BIHAR,RAJA PAKAR,4,SHIVNATH KUMAR PASWAN,Rashtriya Lok Janshakti Party,1954,29,1983,1.08
1409,S04127,BIHAR,RAJA PAKAR,5,ASHOK PASWAN,Sathi Aur Aapka Faisala Party,887,3,890,0.48
1410,S04127,BIHAR,RAJA PAKAR,6,UMESH RAM,Socialist Unity Centre Of India (COMMUNIST),1147,4,1151,0.63
1411,S04127,BIHAR,RAJA PAKAR,7,CHANDAN KUMAR,All India Forward Bloc,382,0,382,0.21
1412,S04127,BIHAR,RAJA PAKAR,8,DHARMENDRA KUMAR,Jantantra Awaj Party,471,3,474,0.26
1413,S04127,BIHAR,RAJA PAKAR,9,PANKAJ KUMAR,Aazad Samaj Party (Kanshi Ram),2976,13,2989,1.62
1414,S04127,BIHAR,RAJA PAKAR,10,MUKESH KUMAR,Jan Suraaj Party,4616,85,4701,2.55
1415,S04127,BIHAR,RAJA PAKAR,11,MOHIT PASWAN,Communist Party of India,12870,120,12990,7.06
1416,S04127,BIHAR,RAJA PAKAR,12,SANJEEV CHOWDHARY,The Plurals Party,1364,1,1365,0.74
1417,S04127,BIHAR,RAJA PAKAR,13,AJAY KUMAR PASWAN,Independent,5745,3,5748,3.12
1418,S04127,BIHAR,RAJA PAKAR,14,KAVITA KUMARI,Independent,3472,5,3477,1.89
1419,S04127,BIHAR,RAJA PAKAR,15,NOTA,None of the Above,2128,9,2137,1.16
1420,S04128,BIHAR,RAGHOPUR,1,TEJASHWI PRASAD YADAV,Rashtriya Janata Dal,117946,651,118597,49.74
1421,S04128,BIHAR,RAGHOPUR,2,RAJU KUMAR,Aam Aadmi Party,1319,3,1322,0.55
1422,S04128,BIHAR,RAGHOPUR,3,SATISH KUMAR,Bharatiya Janata Party,103520,545,104065,43.64
1423,S04128,BIHAR,RAGHOPUR,4,ANIL SINGH,Nationalist Congress Party,982,1,983,0.41
1424,S04128,BIHAR,RAGHOPUR,5,UMESH MAHATO,Rashtriya Jansambhavna Party,451,3,454,0.19
1425,S04128,BIHAR,RAGHOPUR,6,KAVITA KUMARI,Bihar Justice Party,196,3,199,0.08
1426,S04128,BIHAR,RAGHOPUR,7,CHANCHAL KUMAR,Jan Suraaj Party,2348,51,2399,1.01
1427,S04128,BIHAR,RAGHOPUR,8,PREM KUMAR,Janshakti Janta Dal,706,3,709,0.3
1428,S04128,BIHAR,RAGHOPUR,9,MOHAMAD RIZWANUL AZAM,Janta Dal Rashtravadi,403,5,408,0.17
1429,S04128,BIHAR,RAGHOPUR,10,RAM BABU RAY,Jantantra Awaj Party,359,1,360,0.15
1430,S04128,BIHAR,RAGHOPUR,11,SHILAM JHA,Akhil Hind Forward Bloc (Krantikari),794,0,794,0.33
1431,S04128,BIHAR,RAGHOPUR,12,BALIRAM SINGH,Independent,3086,0,3086,1.29
1432,S04128,BIHAR,RAGHOPUR,13,BAIDYANATH KUMAR SAH,Independent,1039,0,1039,0.44
1433,S04128,BIHAR,RAGHOPUR,14,NOTA,None of the Above,4025,8,4033,1.69
1434,S04129,BIHAR,MAHNAR,1,ACHUTANAND,Rashtriya Lok Janshakti Party,2523,31,2554,1.27
1435,S04129,BIHAR,MAHNAR,2,UMESH SINGH KUSHWAHA,Janata Dal (United),97482,568,98050,48.59
1436,S04129,BIHAR,MAHNAR,3,OM PRABHA KUMARI,Bahujan Samaj Party,1680,13,1693,0.84
1437,S04129,BIHAR,MAHNAR,4,RAVINDRA KUMAR SINGH,Rashtriya Janata Dal,59007,485,59492,29.48
1438,S04129,BIHAR,MAHNAR,5,VIPIN KUMAR,Aam Aadmi Party,1398,9,1407,0.7
1439,S04129,BIHAR,MAHNAR,6,JAI SINGH,Janshakti Janta Dal,847,2,849,0.42
1440,S04129,BIHAR,MAHNAR,7,MITHILESH KUMAR SINGH SATHI,Sathi Aur Aapka Faisala Party,611,0,611,0.3
1441,S04129,BIHAR,MAHNAR,8,YOGANAND KUMAR SINGH KUSVAHA,Ambedkar National Congress,347,1,348,0.17
1442,S04129,BIHAR,MAHNAR,9,RAVIRANJAN KUMAR SINGH,Vikas Insaf Party,432,1,433,0.21
1443,S04129,BIHAR,MAHNAR,10,DR. RAJESH KUMAR,Jan Suraaj Party,4446,66,4512,2.24
1444,S04129,BIHAR,MAHNAR,11,KIRAN YADAV,Independent,403,3,406,0.2
1445,S04129,BIHAR,MAHNAR,12,CHANDAN KUMAR,Independent,738,5,743,0.37
1446,S04129,BIHAR,MAHNAR,13,MITHILESH KUMAR SINGH,Independent,1826,0,1826,0.9
1447,S04129,BIHAR,MAHNAR,14,RAMESH SAHNI,Independent,1970,4,1974,0.98
1448,S04129,BIHAR,MAHNAR,15,VIPIN KUMAR,Independent,7598,59,7657,3.79
1449,S04129,BIHAR,MAHNAR,16,SHIVESHWAR KUMAR,Independent,1726,3,1729,0.86
1450,S04129,BIHAR,MAHNAR,17,SANJAY KUMAR RAY,Independent,14038,115,14153,7.01
1451,S04129,BIHAR,MAHNAR,18,SUBODH SINGH,Independent,2029,0,2029,1.01
1452,S04129,BIHAR,MAHNAR,19,NOTA,None of the Above,1312,9,1321,0.65
1453,S04130,BIHAR,PATEPUR,1,PREMA CHAUDHARY,Rashtriya Janata Dal,85475,501,85976,41.03
1454,S04130,BIHAR,PATEPUR,2,MIRA DEVI,Bahujan Samaj Party,1591,5,1596,0.76
1455,S04130,BIHAR,PATEPUR,3,LAKHENDRA KUMAR RAUSHAN,Bharatiya Janata Party,107977,379,108356,51.71
1456,S04130,BIHAR,PATEPUR,4,DASAI CHAUDHARY,Jan Suraaj Party,4138,43,4181,2
1457,S04130,BIHAR,PATEPUR,5,RINA KUMARI,Janshakti Janta Dal,557,2,559,0.27
1458,S04130,BIHAR,PATEPUR,6,ANIL PASWAN,Independent,380,0,380,0.18
1459,S04130,BIHAR,PATEPUR,7,AWANISH,Independent,365,0,365,0.17
1460,S04130,BIHAR,PATEPUR,8,FAGUNI MANJHI,Independent,845,1,846,0.4
1461,S04130,BIHAR,PATEPUR,9,SANJAY PASWAN,Independent,3423,0,3423,1.63
1462,S04130,BIHAR,PATEPUR,10,SUNAINA DEVI,Independent,1260,0,1260,0.6
1463,S04130,BIHAR,PATEPUR,11,NOTA,None of the Above,2592,6,2598,1.24
1464,S04131,BIHAR,KALYANPUR,1,MAHESHWAR HAZARI,Janata Dal (United),117964,198,118162,49.3
1465,S04131,BIHAR,KALYANPUR,2,RANJEET KUMAR RAM,Communist Party of India (Marxist-Leninist) (Liberation),79389,187,79576,33.2
1466,S04131,BIHAR,KALYANPUR,3,RATNESHWAR RAM,Bahujan Samaj Party,3801,4,3805,1.59
1467,S04131,BIHAR,KALYANPUR,4,MADHU KRISHNAJI RAM,Socialist Unity Centre Of India (COMMUNIST),2495,2,2497,1.04
1468,S04131,BIHAR,KALYANPUR,5,RAM BALAK PASWAN,Jan Suraaj Party,16510,64,16574,6.92
1469,S04131,BIHAR,KALYANPUR,6,OM PRAKASH,Independent,1600,3,1603,0.67
1470,S04131,BIHAR,KALYANPUR,7,MANTESH KUMAR,Independent,3191,2,3193,1.33
1471,S04131,BIHAR,KALYANPUR,8,RAJEEV KUMAR,Independent,5630,1,5631,2.35
1472,S04131,BIHAR,KALYANPUR,9,NOTA,None of the Above,8624,10,8634,3.6
1473,S04132,BIHAR,WARISNAGAR,1,UPENDRA PRASAD ROY,Aam Aadmi Party,3589,2,3591,1.53
1474,S04132,BIHAR,WARISNAGAR,2,KANCHAN KUMARI BHARTI,Bahujan Samaj Party,1546,1,1547,0.66
1475,S04132,BIHAR,WARISNAGAR,3,GOVIND KUMAR,Rashtriya Lok Janshakti Party,4157,21,4178,1.78
1476,S04132,BIHAR,WARISNAGAR,4,PHOOLBABU SINGH,Communist Party of India (Marxist-Leninist) (Liberation),74329,203,74532,31.75
1477,S04132,BIHAR,WARISNAGAR,5,MANJARIK MRINAL,Janata Dal (United),108751,217,108968,46.41
1478,S04132,BIHAR,WARISNAGAR,6,CHANDAN KUMAR,Hindustani Awam Manch (United),3125,5,3130,1.33
1479,S04132,BIHAR,WARISNAGAR,7,RAM KUMAR,Rashtriya Jansambhavna Party,889,0,889,0.38
1480,S04132,BIHAR,WARISNAGAR,8,SHAKTI KUMAR SAHNI,Right to Recall Party,1297,2,1299,0.55
1481,S04132,BIHAR,WARISNAGAR,9,SATYANARAYAN SAHANI,Jan Suraaj Party,13005,76,13081,5.57
1482,S04132,BIHAR,WARISNAGAR,10,ABHINAV RAJ,Independent,7248,7,7255,3.09
1483,S04132,BIHAR,WARISNAGAR,11,ZAHID IQBAL,Independent,5428,2,5430,2.31
1484,S04132,BIHAR,WARISNAGAR,12,DILIP ROY,Independent,2567,1,2568,1.09
1485,S04132,BIHAR,WARISNAGAR,13,MAHESH PRASAD,Independent,2708,2,2710,1.15
1486,S04132,BIHAR,WARISNAGAR,14,NOTA,None of the Above,5602,3,5605,2.39
1487,S04133,BIHAR,SAMASTIPUR,1,AKHTARUL ISLAM SHAHIN,Rashtriya Janata Dal,81530,323,81853,41.16
1488,S04133,BIHAR,SAMASTIPUR,2,ASHWAMEDH DEVI,Janata Dal (United),95476,252,95728,48.14
1489,S04133,BIHAR,SAMASTIPUR,3,RAJAN KUMAR,Aam Aadmi Party,1713,2,1715,0.86
1490,S04133,BIHAR,SAMASTIPUR,4,VINAY KUMAR RAM,Bahujan Samaj Party,589,2,591,0.3
1491,S04133,BIHAR,SAMASTIPUR,5,IRSHAD AHMAD,Apna Kisan Party,342,0,342,0.17
1492,S04133,BIHAR,SAMASTIPUR,6,DINESH KUMAR RAI,Rashtriya Jansambhavna Party,432,0,432,0.22
1493,S04133,BIHAR,SAMASTIPUR,7,NITESH KUMAR SINHA,Bharatiya Sampuran Krantikari Party,683,1,684,0.34
1494,S04133,BIHAR,SAMASTIPUR,8,PREMJEET KUMAR,Aadarsh Mithila Party,431,0,431,0.22
1495,S04133,BIHAR,SAMASTIPUR,9,MANOJ KUMAR SINGH,Jan Suraaj Party,4911,27,4938,2.48
1496,S04133,BIHAR,SAMASTIPUR,10,RAKESH KUMAR,Socialist Unity Centre Of India (COMMUNIST),492,0,492,0.25
1497,S04133,BIHAR,SAMASTIPUR,11,SHIVAM KUMAR RAJ,The Plurals Party,939,0,939,0.47
1498,S04133,BIHAR,SAMASTIPUR,12,CHETNA JHAMB,Independent,6172,21,6193,3.11
1499,S04133,BIHAR,SAMASTIPUR,13,NOTA,None of the Above,4520,7,4527,2.28
1500,S04134,BIHAR,UJIARPUR,1,ANKIT KUMAR MISHRA,Aam Aadmi Party,2620,4,2624,1.14
1501,S04134,BIHAR,UJIARPUR,2,ALOK KUMAR MEHTA,Rashtriya Janata Dal,102292,415,102707,44.66
1502,S04134,BIHAR,UJIARPUR,3,BULBUL KUMAR SAHNI,Bahujan Samaj Party,2445,7,2452,1.07
1503,S04134,BIHAR,UJIARPUR,4,DURGA PRASAD SINGH,Jan Suraaj Party,9445,57,9502,4.13
1504,S04134,BIHAR,UJIARPUR,5,PRASHANT KUMAR PANKAJ,Rashtriya Lok Morcha,86262,162,86424,37.58
1505,S04134,BIHAR,UJIARPUR,6,SUNITA KUMARI,Janshakti Vikas Party (Democratic),2656,5,2661,1.16
1506,S04134,BIHAR,UJIARPUR,7,ARUN KUMAR YADAV,Independent,893,0,893,0.39
1507,S04134,BIHAR,UJIARPUR,8,UPENDRA KUMAR,Independent,6421,31,6452,2.81
1508,S04134,BIHAR,UJIARPUR,9,DINESH PRASAD CHOUDHARY,Independent,987,0,987,0.43
1509,S04134,BIHAR,UJIARPUR,10,DILIP KUMAR SAHANI,Independent,760,0,760,0.33
1510,S04134,BIHAR,UJIARPUR,11,NIKKI JHA,Independent,993,2,995,0.43
1511,S04134,BIHAR,UJIARPUR,12,MAHA SHANKER CHOUDHARY,Independent,3175,2,3177,1.38
1512,S04134,BIHAR,UJIARPUR,13,RANVEER KUMAR CHOURASIYA,Independent,3458,5,3463,1.51
1513,S04134,BIHAR,UJIARPUR,14,VIKAS KUMAR,Independent,1743,1,1744,0.76
1514,S04134,BIHAR,UJIARPUR,15,VIRENDRA KUMAR RAY,Independent,3077,0,3077,1.34
1515,S04134,BIHAR,UJIARPUR,16,NOTA,None of the Above,2068,9,2077,0.9
1516,S04135,BIHAR,MORWA,1,TUNTUN RAY,Aam Aadmi Party,3143,2,3145,1.6
1517,S04135,BIHAR,MORWA,2,RANVIJAY SAHU,Rashtriya Janata Dal,77551,219,77770,39.53
1518,S04135,BIHAR,MORWA,3,VIDYA SAGAR SINGH NISHAD,Janata Dal (United),68969,130,69099,35.13
1519,S04135,BIHAR,MORWA,4,SANTHOSH RAI,Bahujan Samaj Party,1283,5,1288,0.65
1520,S04135,BIHAR,MORWA,5,CHANDRASHEKHAR RAI,Socialist Unity Centre Of India (COMMUNIST),2728,0,2728,1.39
1521,S04135,BIHAR,MORWA,6,JAGRITI,Jan Suraaj Party,4094,37,4131,2.1
1522,S04135,BIHAR,MORWA,7,BRIJENDU KUMAR SINGH,Hindustani Awam Manch (United),1683,1,1684,0.86
1523,S04135,BIHAR,MORWA,8,RANJEET KUMAR,Apna Kisan Party,3259,0,3259,1.66
1524,S04135,BIHAR,MORWA,9,ABHAY KUMAR SINGH,Independent,29960,86,30046,15.27
1525,S04135,BIHAR,MORWA,10,NOTA,None of the Above,3568,3,3571,1.82
1526,S04136,BIHAR,SARAIRANJAN,1,ARBIND KUMAR SAHANI,Rashtriya Janata Dal,81729,265,81994,39.38
1527,S04136,BIHAR,SARAIRANJAN,2,VIJAY KUMAR CHOUDHARY,Janata Dal (United),102465,327,102792,49.37
1528,S04136,BIHAR,SARAIRANJAN,3,RAM SAGAR ROY,Apna Kisan Party,1483,1,1484,0.71
1529,S04136,BIHAR,SARAIRANJAN,4,SAJAN KUMAR MISHRA,Jan Suraaj Party,5455,38,5493,2.64
1530,S04136,BIHAR,SARAIRANJAN,5,AMRENDRA KUMAR SINGH,Independent,1126,3,1129,0.54
1531,S04136,BIHAR,SARAIRANJAN,6,ASHOK KUMAR ANJANA,Independent,625,3,628,0.3
1532,S04136,BIHAR,SARAIRANJAN,7,KUNAL KUMAR,Independent,6170,12,6182,2.97
1533,S04136,BIHAR,SARAIRANJAN,8,RANJIT KUMAR PANDIT,Independent,4055,4,4059,1.95
1534,S04136,BIHAR,SARAIRANJAN,9,NOTA,None of the Above,4424,4,4428,2.13
1535,S04137,BIHAR,MOHIUDDINNAGAR,1,AMRENDRA KUMAR YADAV,Bahujan Samaj Party,1238,6,1244,0.68
1536,S04137,BIHAR,MOHIUDDINNAGAR,2,UMESH RAY,Aam Aadmi Party,520,6,526,0.29
1537,S04137,BIHAR,MOHIUDDINNAGAR,3,EJYA YADAV,Rashtriya Janata Dal,77279,247,77526,42.31
1538,S04137,BIHAR,MOHIUDDINNAGAR,4,RAJESH KUMAR SINGH,Bharatiya Janata Party,88994,214,89208,48.68
1539,S04137,BIHAR,MOHIUDDINNAGAR,5,AJAY KUMAR BULGANIN,Janshakti Janta Dal,1491,7,1498,0.82
1540,S04137,BIHAR,MOHIUDDINNAGAR,6,BHUSHAN PRASAD RAY,Janta Dal Rashtravadi,514,3,517,0.28
1541,S04137,BIHAR,MOHIUDDINNAGAR,7,RAJKAPOOR SINGH,Jan Suraaj Party,4373,41,4414,2.41
1542,S04137,BIHAR,MOHIUDDINNAGAR,8,RAM MOHAN RAY,Sathi Aur Aapka Faisala Party,400,1,401,0.22
1543,S04137,BIHAR,MOHIUDDINNAGAR,9,ABHIRANJAN KUMAR,Independent,703,1,704,0.38
1544,S04137,BIHAR,MOHIUDDINNAGAR,10,VISHWANATH SAH,Independent,2229,1,2230,1.22
1545,S04137,BIHAR,MOHIUDDINNAGAR,11,SUNIL KUMAR RAY,Independent,2025,0,2025,1.11
1546,S04137,BIHAR,MOHIUDDINNAGAR,12,SURJEET SHYAMAL,Independent,747,3,750,0.41
1547,S04137,BIHAR,MOHIUDDINNAGAR,13,NOTA,None of the Above,2193,4,2197,1.2
1548,S04138,BIHAR,BIBHUTIPUR,1,AJAY KUMAR,Communist Party of India (Marxist),78908,338,79246,40.37
1549,S04138,BIHAR,BIBHUTIPUR,2,ARVIND KUMAR,Aam Aadmi Party,2569,5,2574,1.31
1550,S04138,BIHAR,BIBHUTIPUR,3,AWADHESH KUMAR,Bahujan Samaj Party,1456,6,1462,0.74
1551,S04138,BIHAR,BIBHUTIPUR,4,RAVINA KUSHWAHA,Janata Dal (United),68824,141,68965,35.13
1552,S04138,BIHAR,BIBHUTIPUR,5,NEEL KAMAL,Janshakti Janta Dal,1515,3,1518,0.77
1553,S04138,BIHAR,BIBHUTIPUR,6,VISHWANATH CHOUDHARY,Jan Suraaj Party,13399,51,13450,6.85
1554,S04138,BIHAR,BIBHUTIPUR,7,AMARJEET KUMAR,Independent,1302,6,1308,0.67
1555,S04138,BIHAR,BIBHUTIPUR,8,KANHAIYA KUMAR,Independent,956,1,957,0.49
1556,S04138,BIHAR,BIBHUTIPUR,9,NAVIN KUMAR,Independent,713,0,713,0.36
1557,S04138,BIHAR,BIBHUTIPUR,10,PRAHLAD,Independent,901,0,901,0.46
1558,S04138,BIHAR,BIBHUTIPUR,11,RAM LAL TANTI,Independent,2313,0,2313,1.18
1559,S04138,BIHAR,BIBHUTIPUR,12,RUPANJALI KUMARI,Independent,14411,45,14456,7.36
1560,S04138,BIHAR,BIBHUTIPUR,13,SHASHI BHUSHAN DAS,Independent,1862,4,1866,0.95
1561,S04138,BIHAR,BIBHUTIPUR,14,SUSHANT KUMAR,Independent,1781,1,1782,0.91
1562,S04138,BIHAR,BIBHUTIPUR,15,NOTA,None of the Above,4805,2,4807,2.45
1563,S04139,BIHAR,ROSERA,1,AMIT KUMAR BAITHA,Bahujan Samaj Party,2743,5,2748,1.23
1564,S04139,BIHAR,ROSERA,2,BIRENDRA KUMAR,Bharatiya Janata Party,122523,250,122773,55.02
1565,S04139,BIHAR,ROSERA,3,BRAJ KISHORE RAVI,Indian National Congress,71938,302,72240,32.37
1566,S04139,BIHAR,ROSERA,4,DEVENDRA KUMAR PASWAN,Bhartiya Mahasangh Party,3573,1,3574,1.6
1567,S04139,BIHAR,ROSERA,5,ROHIT KUMAR,Jan Suraaj Party,14857,56,14913,6.68
1568,S04139,BIHAR,ROSERA,6,RAJESH KUMAR PASWAN,Independent,3883,2,3885,1.74
1569,S04139,BIHAR,ROSERA,7,NOTA,None of the Above,3014,2,3016,1.35
1570,S04140,BIHAR,HASANPUR,1,BIBHA DEVI,Bahujan Samaj Party,1716,7,1723,0.84
1571,S04140,BIHAR,HASANPUR,2,MANMOHAN KUMAR,Aam Aadmi Party,2127,0,2127,1.04
1572,S04140,BIHAR,HASANPUR,3,MALA PUSHPAM,Rashtriya Janata Dal,82839,208,83047,40.57
1573,S04140,BIHAR,HASANPUR,4,RAJ KUMAR RAY,Janata Dal (United),90810,151,90961,44.43
1574,S04140,BIHAR,HASANPUR,5,ASHWINI KUMAR,The Plurals Party,1281,1,1282,0.63
1575,S04140,BIHAR,HASANPUR,6,INDU DEVI,Jan Suraaj Party,9527,26,9553,4.67
1576,S04140,BIHAR,HASANPUR,7,IMTIYAZ ALAM RAMZAN ALI SHAIKH,Socialist Party (India),1220,3,1223,0.6
1577,S04140,BIHAR,HASANPUR,8,CHANDRA MOHAN KUMAR,Jagrook Janta Party,1467,0,1467,0.72
1578,S04140,BIHAR,HASANPUR,9,MANOJ MUKHIYA,Independent,4671,2,4673,2.28
1579,S04140,BIHAR,HASANPUR,10,FULO SAHNI,Independent,3294,0,3294,1.61
1580,S04140,BIHAR,HASANPUR,11,SWETANK ANAND,Independent,1349,0,1349,0.66
1581,S04140,BIHAR,HASANPUR,12,NOTA,None of the Above,4012,1,4013,1.96
1582,S04141,BIHAR,CHERIA,1,ABHISHEK ANAND,Janata Dal (United),74898,183,75081,39.24
1583,S04141,BIHAR,CHERIA,2,SUSHIL KUMAR,Rashtriya Janata Dal,70682,280,70962,37.09
1584,S04141,BIHAR,CHERIA,3,MRITUNJAY KUMAR,Jan Suraaj Party,24474,121,24595,12.86
1585,S04141,BIHAR,CHERIA,4,RAKESH KUMAR,Rashtriya Jan Vikas Party,1426,1,1427,0.75
1586,S04141,BIHAR,CHERIA,5,RAJ KUMAR,Bhagidari Party(P),1402,2,1404,0.73
1587,S04141,BIHAR,CHERIA,6,RAM ASHIS SHARMA,Jagrook Janta Party,1189,1,1190,0.62
1588,S04141,BIHAR,CHERIA,7,RAM SAKHA MAHTO,Independent,7480,57,7537,3.94
1589,S04141,BIHAR,CHERIA,8,RAM SWARTH PRASAD,Independent,1484,2,1486,0.78
1590,S04141,BIHAR,CHERIA,9,VIJAY TANTI,Independent,2483,0,2483,1.3
1591,S04141,BIHAR,CHERIA,10,NOTA,None of the Above,5148,3,5151,2.69
1592,S04142,BIHAR,BACHHWARA,1,AVINASH KUMAR,Aam Aadmi Party,1607,2,1609,0.72
1593,S04142,BIHAR,BACHHWARA,2,SHIV PRAKASH GARIB DAS,Indian National Congress,84071,431,84502,37.92
1594,S04142,BIHAR,BACHHWARA,3,SURENDRA MEHTA,Bharatiya Janata Party,100049,294,100343,45.03
1595,S04142,BIHAR,BACHHWARA,4,ABDESH KUMAR RAI,Communist Party of India,21471,117,21588,9.69
1596,S04142,BIHAR,BACHHWARA,5,RAMOD KUMAR,Jan Suraaj Party,7606,48,7654,3.43
1597,S04142,BIHAR,BACHHWARA,6,RAJA RAM SINGH,Independent,1163,0,1163,0.52
1598,S04142,BIHAR,BACHHWARA,7,BIPEEN KUMAR,Independent,2382,1,2383,1.07
1599,S04142,BIHAR,BACHHWARA,8,SHATRUDHAN KUMAR,Independent,1712,0,1712,0.77
1600,S04142,BIHAR,BACHHWARA,9,NOTA,None of the Above,1888,5,1893,0.85
1601,S04143,BIHAR,TEGHRA,1,MOHAMMAD SAKIL,Bahujan Samaj Party,1667,8,1675,0.79
1602,S04143,BIHAR,TEGHRA,2,RAJNISH KUMAR,Bharatiya Janata Party,112423,347,112770,53.04
1603,S04143,BIHAR,TEGHRA,3,AVADHESH KUMAR,Janta Kranti Party (Rashtravadi),1284,4,1288,0.61
1604,S04143,BIHAR,TEGHRA,4,AVINASH BHARTI,Samata Party,587,11,598,0.28
1605,S04143,BIHAR,TEGHRA,5,CHANDRA PRAKASH SINGH,Janshakti Janta Dal,1051,8,1059,0.5
1606,S04143,BIHAR,TEGHRA,6,RAM NANDAN SINGH,Jan Suraaj Party,8363,79,8442,3.97
1607,S04143,BIHAR,TEGHRA,7,RAM RATAN SINGH,Communist Party of India,77095,311,77406,36.4
1608,S04143,BIHAR,TEGHRA,8,KEDARNATH BHASKAR,Independent,1273,2,1275,0.6
1609,S04143,BIHAR,TEGHRA,9,BASANT KUMAR,Independent,582,4,586,0.28
1610,S04143,BIHAR,TEGHRA,10,MRINAL VARUN,Independent,519,2,521,0.25
1611,S04143,BIHAR,TEGHRA,11,RAM KUMAR,Independent,854,1,855,0.4
1612,S04143,BIHAR,TEGHRA,12,RAM PUKAR THAKUR,Independent,964,0,964,0.45
1613,S04143,BIHAR,TEGHRA,13,SUDHA BHARTI,Independent,3162,7,3169,1.49
1614,S04143,BIHAR,TEGHRA,14,NOTA,None of the Above,2011,10,2021,0.95
1615,S04144,BIHAR,MATIHANI,1,NARENDRA KUMAR SINGH ALIAS BOGO SINGH,Rashtriya Janata Dal,117164,625,117789,47.66
1616,S04144,BIHAR,MATIHANI,2,RAJ KUMAR SINGH,Janata Dal (United),112047,452,112499,45.52
1617,S04144,BIHAR,MATIHANI,3,ARUN KUMAR,Jan Suraaj Party,6692,82,6774,2.74
1618,S04144,BIHAR,MATIHANI,4,DEVANAND RAUT,Samata Party,1341,4,1345,0.54
1619,S04144,BIHAR,MATIHANI,5,RAKESH KUMAR,Independent,1432,0,1432,0.58
1620,S04144,BIHAR,MATIHANI,6,VIKASH KUMAR,Independent,2975,1,2976,1.2
1621,S04144,BIHAR,MATIHANI,7,NOTA,None of the Above,4328,9,4337,1.75
1622,S04145,BIHAR,SAHEBPUR KAMAL,1,ANANT KUMAR PODDAR,Bahujan Samaj Party,929,13,942,0.5
1623,S04145,BIHAR,SAHEBPUR KAMAL,2,SANJAY YADAV,Rashtriya Lok Janshakti Party,989,10,999,0.53
1624,S04145,BIHAR,SAHEBPUR KAMAL,3,SATTANAND SAMBUDDHA ALIAS LALAN JEE,Rashtriya Janata Dal,76463,335,76798,40.49
1625,S04145,BIHAR,SAHEBPUR KAMAL,4,SURENDRA KUMAR ALIAS SURENDRA VIVEK,Lok Janshakti Party (Ram Vilas),60844,233,61077,32.2
1626,S04145,BIHAR,SAHEBPUR KAMAL,5,MD. ABDULLAH,Jan Suraaj Party,3360,36,3396,1.79
1627,S04145,BIHAR,SAHEBPUR KAMAL,6,MD MERAJ,Samata Party,490,0,490,0.26
1628,S04145,BIHAR,SAHEBPUR KAMAL,7,SURENDRA KUMAR,Parivartan Party of India,674,3,677,0.36
1629,S04145,BIHAR,SAHEBPUR KAMAL,8,MD. AFTAB ALAM,Independent,392,2,394,0.21
1630,S04145,BIHAR,SAHEBPUR KAMAL,9,PRIYANKA KUMARI,Independent,727,3,730,0.38
1631,S04145,BIHAR,SAHEBPUR KAMAL,10,VIVEKANAND PRASAD,Independent,473,3,476,0.25
1632,S04145,BIHAR,SAHEBPUR KAMAL,11,VISHWAJEET KUMAR ALIAS VIKAS,Independent,1283,2,1285,0.68
1633,S04145,BIHAR,SAHEBPUR KAMAL,12,SHASHIKANT KUMAR SHASHI ALIAS AMAR KUMAR SINGH,Independent,34661,120,34781,18.34
1634,S04145,BIHAR,SAHEBPUR KAMAL,13,MD. SHAHZADUZZAMA ALIAS SAIFY,Independent,4904,1,4905,2.59
1635,S04145,BIHAR,SAHEBPUR KAMAL,14,SENTU KUMAR,Independent,981,2,983,0.52
1636,S04145,BIHAR,SAHEBPUR KAMAL,15,NOTA,None of the Above,1745,6,1751,0.92
1637,S04146,BIHAR,BEGUSARAI,1,AMITA BHUSHAN,Indian National Congress,88345,529,88874,38.9
1638,S04146,BIHAR,BEGUSARAI,2,KUNDAN KUMAR,Bharatiya Janata Party,119135,371,119506,52.31
1639,S04146,BIHAR,BEGUSARAI,3,MIRA SINGH,Aam Aadmi Party,1113,2,1115,0.49
1640,S04146,BIHAR,BEGUSARAI,4,MOHAMMAD ABDUL HAQUE,Bahujan Samaj Party,369,3,372,0.16
1641,S04146,BIHAR,BEGUSARAI,5,GAUTAM KUMAR,Socialist Unity Centre Of India (COMMUNIST),215,1,216,0.09
1642,S04146,BIHAR,BEGUSARAI,6,RAMKRISHNA MAHTO,Janshakti Janta Dal,519,0,519,0.23
1643,S04146,BIHAR,BEGUSARAI,7,SURENDRA KUMAR SAHANI,Jan Suraaj Party,7711,62,7773,3.4
1644,S04146,BIHAR,BEGUSARAI,8,SUSHIL KUMAR,Samata Party,722,5,727,0.32
1645,S04146,BIHAR,BEGUSARAI,9,ARUN KUMAR,Independent,375,0,375,0.16
1646,S04146,BIHAR,BEGUSARAI,10,MD GAFFAR KHAN,Independent,519,0,519,0.23
1647,S04146,BIHAR,BEGUSARAI,11,PINKI SINHA,Independent,425,0,425,0.19
1648,S04146,BIHAR,BEGUSARAI,12,MANOJ KUMAR,Independent,537,0,537,0.24
1649,S04146,BIHAR,BEGUSARAI,13,VIJAY KUMAR,Independent,1014,3,1017,0.45
1650,S04146,BIHAR,BEGUSARAI,14,MD SADDAM HUSAIN,Independent,2909,3,2912,1.27
1651,S04146,BIHAR,BEGUSARAI,15,NOTA,None of the Above,3544,16,3560,1.56
1652,S04147,BIHAR,BAKHRI,1,NIRA DEVI,Rashtriya Lok Janshakti Party,2445,5,2450,1.19
1653,S04147,BIHAR,BAKHRI,2,SANJAY KUMAR,Lok Janshakti Party (Ram Vilas),98368,143,98511,47.67
1654,S04147,BIHAR,BAKHRI,3,RAJESH KUMAR,Rashtriya Suraksha Party,2056,4,2060,1
1655,S04147,BIHAR,BAKHRI,4,VIKASH KUMAR,Nationalist Congress Party,609,0,609,0.29
1656,S04147,BIHAR,BAKHRI,5,SANJAY KUMAR,Jan Suraaj Party,11471,58,11529,5.58
1657,S04147,BIHAR,BAKHRI,6,SURYAKANT PASWAN,Communist Party of India,80837,356,81193,39.29
1658,S04147,BIHAR,BAKHRI,7,KIRAN KUMARI,Independent,1419,4,1423,0.69
1659,S04147,BIHAR,BAKHRI,8,GAUTAM SADA,Independent,2216,5,2221,1.07
1660,S04147,BIHAR,BAKHRI,9,SANJIV KUMAR PASWAN,Independent,2967,1,2968,1.44
1661,S04147,BIHAR,BAKHRI,10,NOTA,None of the Above,3668,5,3673,1.78
1662,S04148,BIHAR,ALAULI,1,DASHRATH RAM,Bahujan Samaj Party,3066,7,3073,1.71
1663,S04148,BIHAR,ALAULI,2,YASH RAJ,Rashtriya Lok Janshakti Party,14186,75,14261,7.95
1664,S04148,BIHAR,ALAULI,3,RAM CHANDRA SADA,Janata Dal (United),92886,322,93208,51.94
1665,S04148,BIHAR,ALAULI,4,RAMBRIKSH SADA,Rashtriya Janata Dal,57328,148,57476,32.03
1666,S04148,BIHAR,ALAULI,5,ABHISHANK KUMAR,Jan Suraaj Party,7459,17,7476,4.17
1667,S04148,BIHAR,ALAULI,6,NOTA,None of the Above,3951,2,3953,2.2
1668,S04149,BIHAR,KHAGARIA,1,CHANDAN KUMAR ALIAS DR. CHANDAN YADAV,Indian National Congress,70171,402,70573,38.51
1669,S04149,BIHAR,KHAGARIA,2,BABLU KUMAR,Janata Dal (United),93657,331,93988,51.29
1670,S04149,BIHAR,KHAGARIA,3,JAYANTI PATEL,Jan Suraaj Party,4185,47,4232,2.31
1671,S04149,BIHAR,KHAGARIA,4,NAVIN KUMAR,Jagrook Janta Party,399,2,401,0.22
1672,S04149,BIHAR,KHAGARIA,5,VINAY KUMAR VERMA,Bhartiya Lok Chetna Party,454,5,459,0.25
1673,S04149,BIHAR,KHAGARIA,6,AMITABH KUMAR,Independent,337,0,337,0.18
1674,S04149,BIHAR,KHAGARIA,7,TINKU KUMAR LAHERI,Independent,517,1,518,0.28
1675,S04149,BIHAR,KHAGARIA,8,MADHU KUMAR BHARTI,Independent,1009,6,1015,0.55
1676,S04149,BIHAR,KHAGARIA,9,MANISH KUMAR SINGH,Independent,5398,109,5507,3.01
1677,S04149,BIHAR,KHAGARIA,10,LALAN KUMAR,Independent,2545,0,2545,1.39
1678,S04149,BIHAR,KHAGARIA,11,NOTA,None of the Above,3656,6,3662,2
1679,S04150,BIHAR,BELDAUR,1,PANNA LAL SINGH PATEL,Janata Dal (United),105955,307,106262,48.87
1680,S04150,BIHAR,BELDAUR,2,MITHILESH KUMAR NISHAD,Indian National Congress,70794,293,71087,32.7
1681,S04150,BIHAR,BELDAUR,3,RAHUL KUMAR BASU,Aam Aadmi Party,2391,1,2392,1.1
1682,S04150,BIHAR,BELDAUR,4,VIDYA NAND YADAV,Bahujan Samaj Party,1029,3,1032,0.47
1683,S04150,BIHAR,BELDAUR,5,SUNITA SHARMA,Rashtriya Lok Janshakti Party,4960,18,4978,2.29
1684,S04150,BIHAR,BELDAUR,6,AJAY KUMAR,Rashtriya Jansambhavna Party,851,2,853,0.39
1685,S04150,BIHAR,BELDAUR,7,ATAL BIHARI,GaribJanta Party Loktantrik,615,2,617,0.28
1686,S04150,BIHAR,BELDAUR,8,AVDESH KUMAR PANDIT,Bhagidari Party(P),1197,4,1201,0.55
1687,S04150,BIHAR,BELDAUR,9,GAJENDRA KUMAR SINGH,Jan Suraaj Party,5200,35,5235,2.41
1688,S04150,BIHAR,BELDAUR,10,JAMIL AHMAD,All India Forward Bloc,636,0,636,0.29
1689,S04150,BIHAR,BELDAUR,11,TANISHA BHARTI,Indian Inclusive Party,9168,20,9188,4.23
1690,S04150,BIHAR,BELDAUR,12,RANDHIR KESARI,Independent,1184,1,1185,0.55
1691,S04150,BIHAR,BELDAUR,13,DR. RAVI KUMAR,Independent,1902,5,1907,0.88
1692,S04150,BIHAR,BELDAUR,14,SHIV NARAYAN SINGH,Independent,2863,0,2863,1.32
1693,S04150,BIHAR,BELDAUR,15,NOTA,None of the Above,7976,4,7980,3.67
1694,S04151,BIHAR,PARBATTA,1,BABULAL SHORYA,Lok Janshakti Party (Ram Vilas),118259,418,118677,55.18
1695,S04151,BIHAR,PARBATTA,2,ROBIN SMITH,Bahujan Samaj Party,1759,18,1777,0.83
1696,S04151,BIHAR,PARBATTA,3,DOCTOR SANJEEV KUMAR,Rashtriya Janata Dal,84253,385,84638,39.36
1697,S04151,BIHAR,PARBATTA,4,NARESH PRASAD SINGH,Rashtriya Jansambhavna Party,2221,3,2224,1.03
1698,S04151,BIHAR,PARBATTA,5,VINAY KUMAR VARUN,Jan Suraaj Party,3149,47,3196,1.49
1699,S04151,BIHAR,PARBATTA,6,NOTA,None of the Above,4541,2,4543,2.11
1700,S04152,BIHAR,BIHPUR,1,KUMAR SHAILENDRA,Bharatiya Janata Party,91239,219,91458,52.39
1701,S04152,BIHAR,BIHPUR,2,KRISHNA KUMAR MANDAL,Bahujan Samaj Party,1231,5,1236,0.71
1702,S04152,BIHAR,BIHPUR,3,ARPANA KUMARI,Vikassheel Insaan Party,61326,107,61433,35.19
1703,S04152,BIHAR,BIHPUR,4,PAWAN CHOUDHARY,Jan Suraaj Party,8789,32,8821,5.05
1704,S04152,BIHAR,BIHPUR,5,SANJEEV KUMAR,Gantantrik Samaj Party,622,2,624,0.36
1705,S04152,BIHAR,BIHPUR,6,AJAY KUMAR RAVIDAS,Independent,1031,1,1032,0.59
1706,S04152,BIHAR,BIHPUR,7,ABNISH KUMAR,Independent,2035,8,2043,1.17
1707,S04152,BIHAR,BIHPUR,8,KISHOR KUMAR,Independent,1239,0,1239,0.71
1708,S04152,BIHAR,BIHPUR,9,MAMTA KUMARI,Independent,2519,11,2530,1.45
1709,S04152,BIHAR,BIHPUR,10,RUPAM DEVI,Independent,868,2,870,0.5
1710,S04152,BIHAR,BIHPUR,11,NOTA,None of the Above,3265,4,3269,1.87
1711,S04153,BIHAR,GOPALPUR,1,SHAILESH KUMAR ALIAS BULO MANDAL,Janata Dal (United),108453,177,108630,56.75
1712,S04153,BIHAR,GOPALPUR,2,SUMAN KUMAR,Bahujan Samaj Party,1167,4,1171,0.61
1713,S04153,BIHAR,GOPALPUR,3,PREM SAGAR ALIAS DABLU YADAV,Vikassheel Insaan Party,50399,96,50495,26.38
1714,S04153,BIHAR,GOPALPUR,4,BHARAT BHUSHAN GANPATI,Lok Shakti Party (Loktantrik),1527,2,1529,0.8
1715,S04153,BIHAR,GOPALPUR,5,MANKESHWAR SINGH ALIAS MANTU SINGH,Jan Suraaj Party,4657,44,4701,2.46
1716,S04153,BIHAR,GOPALPUR,6,NARENDRA KUMAR NIRAJ,Independent,12657,29,12686,6.63
1717,S04153,BIHAR,GOPALPUR,7,PIYUSH JHA,Independent,593,1,594,0.31
1718,S04153,BIHAR,GOPALPUR,8,RAJIV KUMAR SINGH,Independent,691,0,691,0.36
1719,S04153,BIHAR,GOPALPUR,9,SANJIV KUMAR YADAV ALIAS MOTI YADAV,Independent,4467,5,4472,2.34
1720,S04153,BIHAR,GOPALPUR,10,SONI BHARTI,Independent,1647,4,1651,0.86
1721,S04153,BIHAR,GOPALPUR,11,NOTA,None of the Above,4777,5,4782,2.5
1722,S04154,BIHAR,PIRPAINTI,1,PRITAM KUMAR,Aam Aadmi Party,2191,8,2199,0.89
1723,S04154,BIHAR,PIRPAINTI,2,MURARI PASAVAN,Bharatiya Janata Party,140370,238,140608,56.81
1724,S04154,BIHAR,PIRPAINTI,3,RAM VILASH PASAVAN,Rashtriya Janata Dal,87291,210,87501,35.36
1725,S04154,BIHAR,PIRPAINTI,4,SUNIL KUMAR CHOUDHARY,Bahujan Samaj Party,1576,10,1586,0.64
1726,S04154,BIHAR,PIRPAINTI,5,GHANSHYAM DAS,Jan Suraaj Party,5601,43,5644,2.28
1727,S04154,BIHAR,PIRPAINTI,6,NAND KISHOR RAJAK,Suheldev Bharatiya Samaj Party,488,2,490,0.2
1728,S04154,BIHAR,PIRPAINTI,7,RAJESH PASWAN,Bhartiya Lok Chetna Party,533,1,534,0.22
1729,S04154,BIHAR,PIRPAINTI,8,SAHDEV KUMAR,Peoples Party of India (Democratic),1354,1,1355,0.55
1730,S04154,BIHAR,PIRPAINTI,9,ASHOK KUMAR PASWAN,Independent,2303,0,2303,0.93
1731,S04154,BIHAR,PIRPAINTI,10,RAHUL KUMAR PASWAN,Independent,2533,0,2533,1.02
1732,S04154,BIHAR,PIRPAINTI,11,NOTA,None of the Above,2731,5,2736,1.11
1733,S04155,BIHAR,KAHALGAON,1,PRAVIN SINGH,Indian National Congress,10043,40,10083,4
1734,S04155,BIHAR,KAHALGAON,2,BHAVESH KUMAR,Bahujan Samaj Party,1451,2,1453,0.58
1735,S04155,BIHAR,KAHALGAON,3,RAJNISH BHARTI,Rashtriya Janata Dal,80561,94,80655,32.01
1736,S04155,BIHAR,KAHALGAON,4,SHUBHANAND MUKESH,Janata Dal (United),130589,178,130767,51.9
1737,S04155,BIHAR,KAHALGAON,5,NIRMAL KUMAR,Akhand Bhartiya Yuva Party,1345,0,1345,0.53
1738,S04155,BIHAR,KAHALGAON,6,MANJAR ALAM,Jan Suraaj Party,3330,18,3348,1.33
1739,S04155,BIHAR,KAHALGAON,7,ANUJ KUMAR MANDAL,Independent,930,1,931,0.37
1740,S04155,BIHAR,KAHALGAON,8,OM PRAKASH MANDAL,Independent,760,2,762,0.3
1741,S04155,BIHAR,KAHALGAON,9,PAWAN KUMAR YADAV,Independent,10230,14,10244,4.07
1742,S04155,BIHAR,KAHALGAON,10,MAHENDRA TANTI,Independent,1081,0,1081,0.43
1743,S04155,BIHAR,KAHALGAON,11,RAMCHANDRA MANDAL,Independent,3385,0,3385,1.34
1744,S04155,BIHAR,KAHALGAON,12,RUPAM DEVI,Independent,3039,1,3040,1.21
1745,S04155,BIHAR,KAHALGAON,13,SANJU KUMARI,Independent,1639,1,1640,0.65
1746,S04155,BIHAR,KAHALGAON,14,NOTA,None of the Above,3246,3,3249,1.29
1747,S04156,BIHAR,BHAGALPUR,1,AJEET SHARMA,Indian National Congress,87058,238,87296,44.28
1748,S04156,BIHAR,BHAGALPUR,2,REKHA DAS,Bahujan Samaj Party,688,6,694,0.35
1749,S04156,BIHAR,BHAGALPUR,3,ROHIT PANDEY,Bharatiya Janata Party,100519,251,100770,51.11
1750,S04156,BIHAR,BHAGALPUR,4,ABHAY KANT JHA,Jan Suraaj Party,3203,48,3251,1.65
1751,S04156,BIHAR,BHAGALPUR,5,S J VEDANT,Bhartiya Party (Loktantrik),299,0,299,0.15
1752,S04156,BIHAR,BHAGALPUR,6,YOGENDRA PRASAD YADAV,Peoples Party of India (Democratic),152,0,152,0.08
1753,S04156,BIHAR,BHAGALPUR,7,RAVI KUMAR SINGH,Socialist Unity Centre Of India (COMMUNIST),145,0,145,0.07
1754,S04156,BIHAR,BHAGALPUR,8,SANJAY KUMAR YADAV,Socialist Party (India),275,0,275,0.14
1755,S04156,BIHAR,BHAGALPUR,9,CHANDRA KISHORE SAH,Independent,291,0,291,0.15
1756,S04156,BIHAR,BHAGALPUR,10,DHANANJAY KUMAR PANDEY,Independent,302,0,302,0.15
1757,S04156,BIHAR,BHAGALPUR,11,NISHA BHARTI,Independent,1202,2,1204,0.61
1758,S04156,BIHAR,BHAGALPUR,12,SUBODH MANDAL,Independent,492,1,493,0.25
1759,S04156,BIHAR,BHAGALPUR,13,NOTA,None of the Above,1970,4,1974,1
1760,S04157,BIHAR,SULTANGANJ,1,CHANDAN KUMAR ALIAS CHANDAN KUMAR SINHA,Rashtriya Janata Dal,77402,174,77576,36.97
1761,S04157,BIHAR,SULTANGANJ,2,MATIUR RAHMAN,Bahujan Samaj Party,979,1,980,0.47
1762,S04157,BIHAR,SULTANGANJ,3,LALAN KUMAR,Indian National Congress,2723,31,2754,1.31
1763,S04157,BIHAR,SULTANGANJ,4,LALIT NARAYAN MANDAL,Janata Dal (United),108523,189,108712,51.81
1764,S04157,BIHAR,SULTANGANJ,5,BANTY THAKUR,Samata Party,1633,1,1634,0.78
1765,S04157,BIHAR,SULTANGANJ,6,BIPIN KUMAR SINGH,Bhartiya Lok Chetna Party,1021,2,1023,0.49
1766,S04157,BIHAR,SULTANGANJ,7,RAKESH KUMAR,Jan Suraaj Party,4364,38,4402,2.1
1767,S04157,BIHAR,SULTANGANJ,8,SUNIL KUMAR,Socialist Unity Centre Of India (COMMUNIST),1245,0,1245,0.59
1768,S04157,BIHAR,SULTANGANJ,9,SUMAN KUMAR,Jagrook Janta Party,982,1,983,0.47
1769,S04157,BIHAR,SULTANGANJ,10,AJIT KUMAR,Independent,4278,8,4286,2.04
1770,S04157,BIHAR,SULTANGANJ,11,DHARMENDRA SINGH,Independent,858,2,860,0.41
1771,S04157,BIHAR,SULTANGANJ,12,RAHUL KUMAR,Independent,1250,1,1251,0.6
1772,S04157,BIHAR,SULTANGANJ,13,NOTA,None of the Above,4106,2,4108,1.96
1773,S04158,BIHAR,NATHNAGAR,1,MITHUN KUMAR,Lok Janshakti Party (Ram Vilas),117976,167,118143,48.92
1774,S04158,BIHAR,NATHNAGAR,2,RAVISH CHANDRA RAVI KUSHWAHA,Bahujan Samaj Party,1994,4,1998,0.83
1775,S04158,BIHAR,NATHNAGAR,3,SHEIKH ZEYAUL HASSAN,Rashtriya Janata Dal,92534,185,92719,38.39
1776,S04158,BIHAR,NATHNAGAR,4,AJAY KUMAR ROY,Jan Suraaj Party,5194,39,5233,2.17
1777,S04158,BIHAR,NATHNAGAR,5,MD ISMAIL,All India Majlis-E-Ittehadul Muslimeen,8220,6,8226,3.41
1778,S04158,BIHAR,NATHNAGAR,6,MD MANZAR ALAM,Bhartiya Party (Loktantrik),216,1,217,0.09
1779,S04158,BIHAR,NATHNAGAR,7,SUSHIL PRASAD YADAV,Peoples Party of India (Democratic),343,1,344,0.14
1780,S04158,BIHAR,NATHNAGAR,8,ARAVIND MANDAL,Independent,452,5,457,0.19
1781,S04158,BIHAR,NATHNAGAR,9,CHETAN RAM,Independent,568,0,568,0.24
1782,S04158,BIHAR,NATHNAGAR,10,JAI PRAKASH MANDAL,Independent,1421,2,1423,0.59
1783,S04158,BIHAR,NATHNAGAR,11,JAYKARAN PASWAN,Independent,465,0,465,0.19
1784,S04158,BIHAR,NATHNAGAR,12,DAYARAM MANDAL,Independent,419,1,420,0.17
1785,S04158,BIHAR,NATHNAGAR,13,SHANIJ KUMAR,Independent,1647,1,1648,0.68
1786,S04158,BIHAR,NATHNAGAR,14,SHARADA DEVI,Independent,3433,1,3434,1.42
1787,S04158,BIHAR,NATHNAGAR,15,SUDHIR KUMAR,Independent,999,3,1002,0.41
1788,S04158,BIHAR,NATHNAGAR,16,NOTA,None of the Above,5195,8,5203,2.15
1789,S04159,BIHAR,AMARPUR,1,JAYANT RAJ,Janata Dal (United),103717,227,103944,53.51
1790,S04159,BIHAR,AMARPUR,2,JITENDRA SINGH,Indian National Congress,70501,222,70723,36.41
1791,S04159,BIHAR,AMARPUR,3,MD ZAKIR HOSSAIN,Aam Aadmi Party,2215,6,2221,1.14
1792,S04159,BIHAR,AMARPUR,4,ROSHAN KUMAR SINGH,Bahujan Samaj Party,1510,5,1515,0.78
1793,S04159,BIHAR,AMARPUR,5,ANIL KUMAR SINGH,Nationalist Congress Party,393,4,397,0.2
1794,S04159,BIHAR,AMARPUR,6,SUJATA VAIDYA,Jan Suraaj Party,4753,36,4789,2.47
1795,S04159,BIHAR,AMARPUR,7,TRIPURANAND YADAV,Independent,390,2,392,0.2
1796,S04159,BIHAR,AMARPUR,8,NAZRANA PRAWEEN,Independent,558,0,558,0.29
1797,S04159,BIHAR,AMARPUR,9,NARESH CHANDRA YADVENDU,Independent,455,0,455,0.23
1798,S04159,BIHAR,AMARPUR,10,MOHAMMAD FURKAN,Independent,830,0,830,0.43
1799,S04159,BIHAR,AMARPUR,11,RITESH KUMAR JHA,Independent,2405,1,2406,1.24
1800,S04159,BIHAR,AMARPUR,12,NOTA,None of the Above,6013,4,6017,3.1
1801,S04160,BIHAR,DHORAIYA,1,ARUN KUMAR DAS,Bahujan Samaj Party,1863,3,1866,0.85
1802,S04160,BIHAR,DHORAIYA,2,JITENDRA KUMAR,Rashtriya Lok Janshakti Party,1228,3,1231,0.56
1803,S04160,BIHAR,DHORAIYA,3,TRIBHUWAN PRASAD,Rashtriya Janata Dal,90304,281,90585,41.05
1804,S04160,BIHAR,DHORAIYA,4,MANISH KUMAR,Janata Dal (United),112762,249,113011,51.21
1805,S04160,BIHAR,DHORAIYA,5,JETHU DAS,Rashtriya Jansambhavna Party,1752,2,1754,0.79
1806,S04160,BIHAR,DHORAIYA,6,SUMAN PASWAN,Jan Suraaj Party,6258,26,6284,2.85
1807,S04160,BIHAR,DHORAIYA,7,ASHOK DAS,Independent,1795,2,1797,0.81
1808,S04160,BIHAR,DHORAIYA,8,RAJNISH KUMAR,Independent,1139,1,1140,0.52
1809,S04160,BIHAR,DHORAIYA,9,NOTA,None of the Above,3017,8,3025,1.37
1810,S04161,BIHAR,BANKA,1,KUNDAN KUMAR ROY,Rashtriya Lok Janshakti Party,1276,7,1283,0.67
1811,S04161,BIHAR,BANKA,2,RAJNISH KUMAR CHOUDHARY,Aam Aadmi Party,1167,3,1170,0.61
1812,S04161,BIHAR,BANKA,3,RAM NARAYAN MANDAL,Bharatiya Janata Party,95413,175,95588,49.58
1813,S04161,BIHAR,BANKA,4,VINOD PANDIT,Bahujan Samaj Party,1773,11,1784,0.93
1814,S04161,BIHAR,BANKA,5,KAUSHAL KUMAR SINGH,Jan Suraaj Party,6612,37,6649,3.45
1815,S04161,BIHAR,BANKA,6,SANJAY KUMAR,Communist Party of India,71641,183,71824,37.25
1816,S04161,BIHAR,BANKA,7,AVINASH KUMAR,Independent,1374,1,1375,0.71
1817,S04161,BIHAR,BANKA,8,UMAKANT YADAV,Independent,672,2,674,0.35
1818,S04161,BIHAR,BANKA,9,MD ZAMIRUDDIN,Independent,816,26,842,0.44
1819,S04161,BIHAR,BANKA,10,JAWAHAR KUMAR JHA,Independent,4127,18,4145,2.15
1820,S04161,BIHAR,BANKA,11,DR FIROZ ANSARI,Independent,1590,1,1591,0.83
1821,S04161,BIHAR,BANKA,12,MANOJ SINGH,Independent,1103,0,1103,0.57
1822,S04161,BIHAR,BANKA,13,VIKRAM ANAND,Independent,2240,1,2241,1.16
1823,S04161,BIHAR,BANKA,14,SAJAN KUMAR,Independent,990,0,990,0.51
1824,S04161,BIHAR,BANKA,15,NOTA,None of the Above,1547,5,1552,0.8
1825,S04162,BIHAR,KATORIA,1,PURAN LAL TUDU,Bharatiya Janata Party,94070,190,94260,48.07
1826,S04162,BIHAR,KATORIA,2,SHIV LAL HANSDA,Rashtriya Lok Janshakti Party,2256,1,2257,1.15
1827,S04162,BIHAR,KATORIA,3,SWEETY SIMA HEMBROM,Rashtriya Janata Dal,82979,295,83274,42.46
1828,S04162,BIHAR,KATORIA,4,DHENA SOREN,Socialist Unity Centre Of India (COMMUNIST),1226,2,1228,0.63
1829,S04162,BIHAR,KATORIA,5,SALOMI MURMU,Jan Suraaj Party,2424,19,2443,1.25
1830,S04162,BIHAR,KATORIA,6,SUSHILLA HEMBROM,Janshakti Vikas Party (Democratic),795,2,797,0.41
1831,S04162,BIHAR,KATORIA,7,ADHIK LAL MARANDI,Independent,753,3,756,0.39
1832,S04162,BIHAR,KATORIA,8,BALIRAM MURMU,Independent,960,1,961,0.49
1833,S04162,BIHAR,KATORIA,9,REKHA SOREN,Independent,3648,4,3652,1.86
1834,S04162,BIHAR,KATORIA,10,SOBAN MURMOO,Independent,1289,1,1290,0.66
1835,S04162,BIHAR,KATORIA,11,NOTA,None of the Above,5183,4,5187,2.65
1836,S04163,BIHAR,BELHAR,1,CHANAKYA PRAKASH RANJAN,Rashtriya Janata Dal,78087,100,78187,34.33
1837,S04163,BIHAR,BELHAR,2,MANOJ YADAV,Janata Dal (United),115285,108,115393,50.66
1838,S04163,BIHAR,BELHAR,3,AJAY SHARMA,Jagrook Janta Party,1444,1,1445,0.63
1839,S04163,BIHAR,BELHAR,4,AMRIT TANTI,Bhartiya Dalit Party,514,0,514,0.23
1840,S04163,BIHAR,BELHAR,5,ASHOK MANDAL,Samata Party,424,1,425,0.19
1841,S04163,BIHAR,BELHAR,6,GIRDHARI PANDIT,Socialist Unity Centre Of India (COMMUNIST),540,2,542,0.24
1842,S04163,BIHAR,BELHAR,7,BRAJ KISHOR PANDIT,Jan Suraaj Party,7690,21,7711,3.39
1843,S04163,BIHAR,BELHAR,8,UMESH YADAV,Independent,1242,1,1243,0.55
1844,S04163,BIHAR,BELHAR,9,GIRDHARI KUMAR,Independent,534,0,534,0.23
1845,S04163,BIHAR,BELHAR,10,BALESHWAR YADAV,Independent,581,0,581,0.26
1846,S04163,BIHAR,BELHAR,11,MAMTA ROY,Independent,747,1,748,0.33
1847,S04163,BIHAR,BELHAR,12,MITHAN PRASAD YADAV,Independent,3037,1,3038,1.33
1848,S04163,BIHAR,BELHAR,13,MEHAKK ANJUM,Independent,1431,2,1433,0.63
1849,S04163,BIHAR,BELHAR,14,RAJESH KUMAR PASWAN,Independent,4450,1,4451,1.95
1850,S04163,BIHAR,BELHAR,15,LALAN PRASAD SINGH,Independent,6065,0,6065,2.66
1851,S04163,BIHAR,BELHAR,16,NOTA,None of the Above,5461,1,5462,2.4
1852,S04164,BIHAR,TARAPUR,1,ARUN KUMAR,Rashtriya Janata Dal,76379,258,76637,35.52
1853,S04164,BIHAR,TARAPUR,2,ASHISH ANAND,Bahujan Samaj Party,684,8,692,0.32
1854,S04164,BIHAR,TARAPUR,3,RAHUL KUMAR SINGH,Aam Aadmi Party,587,3,590,0.27
1855,S04164,BIHAR,TARAPUR,4,SAMRAT CHOUDHARY,Bharatiya Janata Party,122199,281,122480,56.77
1856,S04164,BIHAR,TARAPUR,5,BHARAT MANDAL,Socialist Unity Centre Of India (COMMUNIST),1142,1,1143,0.53
1857,S04164,BIHAR,TARAPUR,6,SANTOSH KUMAR SINGH,Jan Suraaj Party,3862,36,3898,1.81
1858,S04164,BIHAR,TARAPUR,7,SUKHDEV YADAV,Janshakti Janta Dal,385,2,387,0.18
1859,S04164,BIHAR,TARAPUR,8,DIPAK KUMAR,Independent,282,0,282,0.13
1860,S04164,BIHAR,TARAPUR,9,PRIYANKA CHAUHAN,Independent,367,2,369,0.17
1861,S04164,BIHAR,TARAPUR,10,BULBUL  KUMARI,Independent,845,3,848,0.39
1862,S04164,BIHAR,TARAPUR,11,RAKESH KUMAR,Independent,2667,0,2667,1.24
1863,S04164,BIHAR,TARAPUR,12,SHAMBHU SHANKAR,Independent,1283,1,1284,0.6
1864,S04164,BIHAR,TARAPUR,13,SUDHIR SINGH,Independent,1574,0,1574,0.73
1865,S04164,BIHAR,TARAPUR,14,NOTA,None of the Above,2900,7,2907,1.35
1866,S04165,BIHAR,MUNGER,1,AVINASH KUMAR VIDYARTHI,Rashtriya Janata Dal,88899,379,89278,42.25
1867,S04165,BIHAR,MUNGER,2,KUMAR PRANAY,Bharatiya Janata Party,107723,305,108028,51.12
1868,S04165,BIHAR,MUNGER,3,RANVIR SAHANI,Bahujan Samaj Party,1032,7,1039,0.49
1869,S04165,BIHAR,MUNGER,4,MONAZIR HASSAN,All India Majlis-E-Ittehadul Muslimeen,3558,40,3598,1.7
1870,S04165,BIHAR,MUNGER,5,VIKASH KUMAR ARYA,Socialist Unity Centre Of India (COMMUNIST),398,2,400,0.19
1871,S04165,BIHAR,MUNGER,6,SANJAY KUMAR SINGH,Jan Suraaj Party,1766,43,1809,0.86
1872,S04165,BIHAR,MUNGER,7,KRISHNA MANDAL,Independent,273,2,275,0.13
1873,S04165,BIHAR,MUNGER,8,JAMUNA LAL SRIVASTAVA,Independent,322,1,323,0.15
1874,S04165,BIHAR,MUNGER,9,RAKESH KUMAR,Independent,529,1,530,0.25
1875,S04165,BIHAR,MUNGER,10,RAJA KESHRI,Independent,915,2,917,0.43
1876,S04165,BIHAR,MUNGER,11,SANTOSH KUMAR MANDAL,Independent,2034,1,2035,0.96
1877,S04165,BIHAR,MUNGER,12,NOTA,None of the Above,3069,6,3075,1.46
1878,S04166,BIHAR,JAMALPUR,1,KAPIL DEO DAS,Bahujan Samaj Party,1293,14,1307,0.65
1879,S04166,BIHAR,JAMALPUR,2,GOPAL KUMAR,Aam Aadmi Party,1413,12,1425,0.71
1880,S04166,BIHAR,JAMALPUR,3,NACHIKETA,Janata Dal (United),96387,296,96683,48
1881,S04166,BIHAR,JAMALPUR,4,NARENDRA KUMAR,Indian Inclusive Party,60260,195,60455,30.01
1882,S04166,BIHAR,JAMALPUR,5,MRITUNJOY KUMAR SINGH,Akhand Bharat Vikas Party,789,5,794,0.39
1883,S04166,BIHAR,JAMALPUR,6,LALAN JEE,Jan Suraaj Party,3807,56,3863,1.92
1884,S04166,BIHAR,JAMALPUR,7,ASHOK KUMAR,Independent,452,6,458,0.23
1885,S04166,BIHAR,JAMALPUR,8,JOONE KUMAR,Independent,471,1,472,0.23
1886,S04166,BIHAR,JAMALPUR,9,NIRMALJEET,Independent,552,2,554,0.28
1887,S04166,BIHAR,JAMALPUR,10,RAVI KUMAR,Independent,955,3,958,0.48
1888,S04166,BIHAR,JAMALPUR,11,RAJESH KUMAR JHA,Independent,1063,1,1064,0.53
1889,S04166,BIHAR,JAMALPUR,12,SHIV KUMAR PASWAN,Independent,842,3,845,0.42
1890,S04166,BIHAR,JAMALPUR,13,SHIVDEEP W LANDE,Independent,15538,117,15655,7.77
1891,S04166,BIHAR,JAMALPUR,14,SHAILESH KUMAR,Independent,14169,49,14218,7.06
1892,S04166,BIHAR,JAMALPUR,15,HARSH VARDHAN SINGH,Independent,893,1,894,0.44
1893,S04166,BIHAR,JAMALPUR,16,NOTA,None of the Above,1768,9,1777,0.88
1894,S04167,BIHAR,SURYAGARHA,1,PREMSAGAR CHOUDHARY,Rashtriya Janata Dal,77831,276,78107,32.75
1895,S04167,BIHAR,SURYAGARHA,2,RABINDRA KUMAR DAS,Bahujan Samaj Party,1702,7,1709,0.72
1896,S04167,BIHAR,SURYAGARHA,3,RAMANAND MANDAL,Janata Dal (United),101639,329,101968,42.75
1897,S04167,BIHAR,SURYAGARHA,4,AMIT SAGAR,Jan Suraaj Party,8386,43,8429,3.53
1898,S04167,BIHAR,SURYAGARHA,5,SHARVAN KUMAR ANAND,Samata Party,2032,3,2035,0.85
1899,S04167,BIHAR,SURYAGARHA,6,PRANAY KUMAR,Independent,2075,6,2081,0.87
1900,S04167,BIHAR,SURYAGARHA,7,RAVISHANKER  PRASAD SINGH,Independent,37962,213,38175,16.01
1901,S04167,BIHAR,SURYAGARHA,8,VIPIN KUMAR,Independent,1545,2,1547,0.65
1902,S04167,BIHAR,SURYAGARHA,9,NOTA,None of the Above,4449,7,4456,1.87
1903,S04168,BIHAR,LAKHISARAI,1,AMARESH KUMAR,Indian National Congress,97110,358,97468,39.17
1904,S04168,BIHAR,LAKHISARAI,2,PRAVAL KUMAR,Bahujan Samaj Party,1592,1,1593,0.64
1905,S04168,BIHAR,LAKHISARAI,3,VIJAY KUMAR SINHA,Bharatiya Janata Party,122009,399,122408,49.2
1906,S04168,BIHAR,LAKHISARAI,4,UMA SHANKAR YADAV,Vishvas Yogya Party,1435,0,1435,0.58
1907,S04168,BIHAR,LAKHISARAI,5,KUSHO MAHTO,Bhartiya Lok Chetna Party,895,6,901,0.36
1908,S04168,BIHAR,LAKHISARAI,6,SURAJ KUMAR,Jan Suraaj Party,8665,57,8722,3.51
1909,S04168,BIHAR,LAKHISARAI,7,ABHISHEK KUMAR,Independent,713,0,713,0.29
1910,S04168,BIHAR,LAKHISARAI,8,AMRESH KUMAR,Independent,468,3,471,0.19
1911,S04168,BIHAR,LAKHISARAI,9,AMRESH PRASAD SINGH,Independent,594,0,594,0.24
1912,S04168,BIHAR,LAKHISARAI,10,RAMJEE MANDAL,Independent,769,2,771,0.31
1913,S04168,BIHAR,LAKHISARAI,11,VIKASH KUMAR JAGNANI,Independent,2030,0,2030,0.82
1914,S04168,BIHAR,LAKHISARAI,12,VIJAY KUMAR,Independent,4045,0,4045,1.63
1915,S04168,BIHAR,LAKHISARAI,13,SUBODH KUMAR SUMAN,Independent,1938,0,1938,0.78
1916,S04168,BIHAR,LAKHISARAI,14,NOTA,None of the Above,5724,7,5731,2.3
1917,S04169,BIHAR,SHEIKHPURA,1,UMESH PRASAD SINGH,Aam Aadmi Party,2829,5,2834,1.74
1918,S04169,BIHAR,SHEIKHPURA,2,RANDHIR KUMAR SONI,Janata Dal (United),82782,140,82922,50.77
1919,S04169,BIHAR,SHEIKHPURA,3,VIJAY KUMAR S/O GANGA KUMAR YADAV,Rashtriya Janata Dal,60191,184,60375,36.96
1920,S04169,BIHAR,SHEIKHPURA,4,DEVENDRA KUMAR,Bhartiya Lok Chetna Party,2042,6,2048,1.25
1921,S04169,BIHAR,SHEIKHPURA,5,RAJESH KUMAR,Jan Suraaj Party,4156,28,4184,2.56
1922,S04169,BIHAR,SHEIKHPURA,6,KUNDAN KUMAR,Independent,683,1,684,0.42
1923,S04169,BIHAR,SHEIKHPURA,7,VIJAY KUMAR S/O SADHUSHARAN PRASAD,Independent,3812,7,3819,2.34
1924,S04169,BIHAR,SHEIKHPURA,8,VIRENDRA PASWAN,Independent,1684,1,1685,1.03
1925,S04169,BIHAR,SHEIKHPURA,9,SUNIL KUMAR,Independent,2368,0,2368,1.45
1926,S04169,BIHAR,SHEIKHPURA,10,NOTA,None of the Above,2417,5,2422,1.48
1927,S04170,BIHAR,BARBIGHA,1,DR. KUMAR PUSPANJAY,Janata Dal (United),61696,186,61882,42.85
1928,S04170,BIHAR,BARBIGHA,2,TRISHULDHARI SINGH,Indian National Congress,36238,151,36389,25.2
1929,S04170,BIHAR,BARBIGHA,3,MURARI KUMAR,Bahujan Samaj Party,1312,1,1313,0.91
1930,S04170,BIHAR,BARBIGHA,4,PAWAN KUMAR,The Plurals Party,933,1,934,0.65
1931,S04170,BIHAR,BARBIGHA,5,MUKESH KUMAR SINGH,Jan Suraaj Party,4644,40,4684,3.24
1932,S04170,BIHAR,BARBIGHA,6,SIKANDAR CHAUDHARI,Right to Recall Party,785,0,785,0.54
1933,S04170,BIHAR,BARBIGHA,7,SANJAY KUMAR PRABHAT,Independent,1440,6,1446,1
1934,S04170,BIHAR,BARBIGHA,8,SATISH KUMAR,Independent,2368,5,2373,1.64
1935,S04170,BIHAR,BARBIGHA,9,SUDARSHAN KUMAR,Independent,28307,104,28411,19.67
1936,S04170,BIHAR,BARBIGHA,10,NOTA,None of the Above,6191,6,6197,4.29
1937,S04171,BIHAR,ASTHAWAN,1,JITENDRA KUMAR,Janata Dal (United),90133,409,90542,52.13
1938,S04171,BIHAR,ASTHAWAN,2,BANVARI KUMAR,Bahujan Samaj Party,1943,3,1946,1.12
1939,S04171,BIHAR,ASTHAWAN,3,RAVI RANJAN KUMAR,Rashtriya Janata Dal,49579,255,49834,28.69
1940,S04171,BIHAR,ASTHAWAN,4,DEEPAK KUMAR VIDYARTHI,Socialist Unity Centre Of India (COMMUNIST),1793,1,1794,1.03
1941,S04171,BIHAR,ASTHAWAN,5,LATA SINGH,Jan Suraaj Party,15874,88,15962,9.19
1942,S04171,BIHAR,ASTHAWAN,6,HIMANSHU KUMAR PASWAN,Aazad Samaj Party (Kanshi Ram),4748,7,4755,2.74
1943,S04171,BIHAR,ASTHAWAN,7,SHABNAM LATA,Independent,2313,3,2316,1.33
1944,S04171,BIHAR,ASTHAWAN,8,NOTA,None of the Above,6541,9,6550,3.77
1945,S04172,BIHAR,BIHARSHARIF,1,OMAIR KHAN,Indian National Congress,79767,369,80136,37.27
1946,S04172,BIHAR,BIHARSHARIF,2,MANOJ KUMAR,Aam Aadmi Party,848,2,850,0.4
1947,S04172,BIHAR,BIHARSHARIF,3,VALARAM DAS,Bahujan Samaj Party,1387,9,1396,0.65
1948,S04172,BIHAR,BIHARSHARIF,4,DR. SUNIL KUMAR,Bharatiya Janata Party,108731,573,109304,50.83
1949,S04172,BIHAR,BIHARSHARIF,5,DINESH KUMAR,Jan Suraaj Party,5973,71,6044,2.81
1950,S04172,BIHAR,BIHARSHARIF,6,SHIV KUMAR YADAV,Communist Party of India,2724,12,2736,1.27
1951,S04172,BIHAR,BIHARSHARIF,7,MANOJ KUMAR TANTI,Independent,6280,35,6315,2.94
1952,S04172,BIHAR,BIHARSHARIF,8,MOHIT KUMAR ALIAS KUNDAN KUMAR,Independent,3400,5,3405,1.58
1953,S04172,BIHAR,BIHARSHARIF,9,RAKESH PASWAN,Independent,547,5,552,0.26
1954,S04172,BIHAR,BIHARSHARIF,10,SARSWATI KUMARI,Independent,753,4,757,0.35
1955,S04172,BIHAR,BIHARSHARIF,11,NOTA,None of the Above,3514,10,3524,1.64
1956,S04173,BIHAR,RAJGIR,1,KAUSHAL KISHORE,Janata Dal (United),107367,444,107811,57.87
1957,S04173,BIHAR,RAJGIR,2,BISHWANATH CHAUDHARY,Communist Party of India (Marxist-Leninist) (Liberation),52126,257,52383,28.12
1958,S04173,BIHAR,RAJGIR,3,MANO DEVI,Moolniwasi Samaj Party,2889,2,2891,1.55
1959,S04173,BIHAR,RAJGIR,4,SATYENDRA KUMAR,Jan Suraaj Party,9817,99,9916,5.32
1960,S04173,BIHAR,RAJGIR,5,ANJALI ROY,Independent,1258,8,1266,0.68
1961,S04173,BIHAR,RAJGIR,6,UGRASEN PASWAN,Independent,1901,3,1904,1.02
1962,S04173,BIHAR,RAJGIR,7,VIJAY PASWAN,Independent,3245,4,3249,1.74
1963,S04173,BIHAR,RAJGIR,8,NOTA,None of the Above,6861,9,6870,3.69
1964,S04174,BIHAR,ISLAMPUR,1,RAKESH KUMAR RAUSHAN,Rashtriya Janata Dal,67896,352,68248,36.37
1965,S04174,BIHAR,ISLAMPUR,2,RUHAIL RANJAN,Janata Dal (United),99918,569,100487,53.55
1966,S04174,BIHAR,ISLAMPUR,3,BIPIN MISTRI,Bahujan Samaj Party,2707,10,2717,1.45
1967,S04174,BIHAR,ISLAMPUR,4,KUMAR HARI CHARAN SINGH YADAV,Bharatiya Momin Front,437,1,438,0.23
1968,S04174,BIHAR,ISLAMPUR,5,TANUJA KUMARI,Jan Suraaj Party,4724,55,4779,2.55
1969,S04174,BIHAR,ISLAMPUR,6,DINKAR KUMAR,Rashtriya Samajwadi Lok Adhikar Party,157,1,158,0.08
1970,S04174,BIHAR,ISLAMPUR,7,VIKASH KUMAR GAURAB,Lohiya Janta Dal,197,0,197,0.1
1971,S04174,BIHAR,ISLAMPUR,8,SUGOULI PRASAD,Peoples Party of India (Democratic),286,1,287,0.15
1972,S04174,BIHAR,ISLAMPUR,9,AJAY KUMAR SINHA,Independent,299,1,300,0.16
1973,S04174,BIHAR,ISLAMPUR,10,MANOJ JAMADAR,Independent,555,2,557,0.3
1974,S04174,BIHAR,ISLAMPUR,11,MITU KUMARI,Independent,580,1,581,0.31
1975,S04174,BIHAR,ISLAMPUR,12,RANJEET KUMAR,Independent,967,0,967,0.52
1976,S04174,BIHAR,ISLAMPUR,13,SITARAM SINGH,Independent,3416,0,3416,1.82
1977,S04174,BIHAR,ISLAMPUR,14,NOTA,None of the Above,4526,6,4532,2.41
1978,S04175,BIHAR,HILSA,1,ATRI MUNI URF SHAKTI SINGH YADAV,Rashtriya Janata Dal,79702,295,79997,41.44
1979,S04175,BIHAR,HILSA,2,KUMAR NIRAJ,Rashtriya Lok Janshakti Party,1636,10,1646,0.85
1980,S04175,BIHAR,HILSA,3,KRISHNA MURARI SHARAN,Janata Dal (United),95521,488,96009,49.73
1981,S04175,BIHAR,HILSA,4,AMAR SINGH,The Plurals Party,1086,0,1086,0.56
1982,S04175,BIHAR,HILSA,5,UMESH KUMAR VERMA,Jan Suraaj Party,4194,58,4252,2.2
1983,S04175,BIHAR,HILSA,6,PREM KUMAR,Rashtriya Jansambhavna Party,415,6,421,0.22
1984,S04175,BIHAR,HILSA,7,VAVUCHAND CHAUDHARI,Indian National Socialistic Action Forces,662,1,663,0.34
1985,S04175,BIHAR,HILSA,8,SUDHIR KUMAR,Sanyukt Kisan Vikas Party,935,0,935,0.48
1986,S04175,BIHAR,HILSA,9,SHUKESH KUMAR,Independent,3336,1,3337,1.73
1987,S04175,BIHAR,HILSA,10,SACHIDANAND SINGH,Independent,858,1,859,0.44
1988,S04175,BIHAR,HILSA,11,NOTA,None of the Above,3849,4,3853,2
1989,S04176,BIHAR,NALANDA,1,KAUSHALENDRA KUMAR,Indian National Congress,72091,333,72424,36.25
1990,S04176,BIHAR,NALANDA,2,PRIYADARSHI ASHOK,Bahujan Samaj Party,2485,13,2498,1.25
1991,S04176,BIHAR,NALANDA,3,SHRAWON KUMAR,Janata Dal (United),104942,490,105432,52.77
1992,S04176,BIHAR,NALANDA,4,ABHI KUMAR,Vikas Vanchit Insan Party,1574,0,1574,0.79
1993,S04176,BIHAR,NALANDA,5,KUMARI POONAM SINHA,Jan Suraaj Party,5129,77,5206,2.61
1994,S04176,BIHAR,NALANDA,6,GAUTAM RAJVANSHI,Moolniwasi Samaj Party,915,1,916,0.46
1995,S04176,BIHAR,NALANDA,7,DILIP KUMAR,Peoples Party of India (Democratic),631,0,631,0.32
1996,S04176,BIHAR,NALANDA,8,DHARMENDRA PASWAN,Rashtriya Samajwadi Lok Adhikar Party,890,0,890,0.45
1997,S04176,BIHAR,NALANDA,9,BAIJNATH PRASAD,Bharatheeya Jawan Kisan Party,3579,2,3581,1.79
1998,S04176,BIHAR,NALANDA,10,RAUSHAN KUMAR,Aazad Samaj Party (Kanshi Ram),1803,5,1808,0.9
1999,S04176,BIHAR,NALANDA,11,NOTA,None of the Above,4825,4,4829,2.42
2000,S04177,BIHAR,HARNAUT,1,ARUN KUMAR,Indian National Congress,58393,226,58619,30.5
2001,S04177,BIHAR,HARNAUT,2,DHARMENDRA KUMAR,Aam Aadmi Party,2384,3,2387,1.24
2002,S04177,BIHAR,HARNAUT,3,HARI NARAYAN SINGH,Janata Dal (United),106471,483,106954,55.66
2003,S04177,BIHAR,HARNAUT,4,INDRASEN PRIYADARSHI,Rashtriya Sanatan Party,1835,5,1840,0.96
2004,S04177,BIHAR,HARNAUT,5,KANHAIYA LAL YADAV,Bhartiya Party (Loktantrik),1780,2,1782,0.93
2005,S04177,BIHAR,HARNAUT,6,KAMLESH PASWAN,Jan Suraaj Party,7845,82,7927,4.13
2006,S04177,BIHAR,HARNAUT,7,DHANANJAY KUMAR,Vikas Vanchit Insan Party,1304,0,1304,0.68
2007,S04177,BIHAR,HARNAUT,8,PREM RANJAN KUMAR,Jantantrik Lokhit Party,886,3,889,0.46
2008,S04177,BIHAR,HARNAUT,9,ANIRUDH KUMAR,Independent,1126,2,1128,0.59
2009,S04177,BIHAR,HARNAUT,10,PINTU PASWAN,Independent,2785,0,2785,1.45
2010,S04177,BIHAR,HARNAUT,11,VINAY BHUSHAN KUMAR,Independent,1166,1,1167,0.61
2011,S04177,BIHAR,HARNAUT,12,NOTA,None of the Above,5367,13,5380,2.8
2012,S04178,BIHAR,MOKAMA,1,ANANT KUMAR SINGH,Janata Dal (United),91135,281,91416,49.44
2013,S04178,BIHAR,MOKAMA,2,DR. RAJESH KUMAR RATNAKAR,Aam Aadmi Party,2098,2,2100,1.14
2014,S04178,BIHAR,MOKAMA,3,VEENA DEVI,Rashtriya Janata Dal,63022,188,63210,34.18
2015,S04178,BIHAR,MOKAMA,4,PRIYADARSHI PIYUSH,Jan Suraaj Party,19315,50,19365,10.47
2016,S04178,BIHAR,MOKAMA,5,MANJU KUMARI,Panchpauniya Samaj Party,865,2,867,0.47
2017,S04178,BIHAR,MOKAMA,6,RAHUL KUMAR,Lokhit Adhikar Party,1132,0,1132,0.61
2018,S04178,BIHAR,MOKAMA,7,ANIL KUMAR,Independent,1389,1,1390,0.75
2019,S04178,BIHAR,MOKAMA,8,VIKASH KUMAR,Independent,830,2,832,0.45
2020,S04178,BIHAR,MOKAMA,9,NOTA,None of the Above,4598,11,4609,2.49
2021,S04179,BIHAR,BARH,1,KARNVEER SINGH YADAV,Rashtriya Janata Dal,74494,139,74633,39.41
2022,S04179,BIHAR,BARH,2,MADHUKAR JAY VIJAY,Aam Aadmi Party,1350,3,1353,0.71
2023,S04179,BIHAR,BARH,3,SIYARAM SINGH,Bharatiya Janata Party,99172,274,99446,52.51
2024,S04179,BIHAR,BARH,4,AMITABH BACHCHAN,Rashtriya Sanatan Party,1340,0,1340,0.71
2025,S04179,BIHAR,BARH,5,NIRANJAN PRASAD,Panchpauniya Samaj Party,637,2,639,0.34
2026,S04179,BIHAR,BARH,6,MAHESH PRASAD SINGH,Jan Suraaj Party,3448,25,3473,1.83
2027,S04179,BIHAR,BARH,7,SHATRUDHAN VARMA,Peoples Party of India (Democratic),403,1,404,0.21
2028,S04179,BIHAR,BARH,8,ARBIND KUMAR,Independent,284,1,285,0.15
2029,S04179,BIHAR,BARH,9,RAVI RANJAN KUMAR,Independent,376,1,377,0.2
2030,S04179,BIHAR,BARH,10,RAVIKANT PRASAD YADAV,Independent,801,1,802,0.42
2031,S04179,BIHAR,BARH,11,SHARVAN PANDEY,Independent,2246,1,2247,1.19
2032,S04179,BIHAR,BARH,12,SURAJ KUMAR,Independent,760,0,760,0.4
2033,S04179,BIHAR,BARH,13,NOTA,None of the Above,3627,4,3631,1.92
2034,S04180,BIHAR,BAKHTIARPUR,1,ANIRUDDH KUMAR,Rashtriya Janata Dal,87373,166,87539,44.64
2035,S04180,BIHAR,BAKHTIARPUR,2,ARUN KUMAR S/O SATRUGHAN SAO,Lok Janshakti Party (Ram Vilas),88329,191,88520,45.14
2036,S04180,BIHAR,BAKHTIARPUR,3,ARUN THAKUR,Aam Aadmi Party,1549,4,1553,0.79
2037,S04180,BIHAR,BAKHTIARPUR,4,DEEPAK BHAI PATEL,Bahujan Samaj Party,2914,9,2923,1.49
2038,S04180,BIHAR,BAKHTIARPUR,5,GULSHAN KUMAR YADAV,Janshakti Janta Dal,790,1,791,0.4
2039,S04180,BIHAR,BAKHTIARPUR,6,BALMIKI SINGH,Jan Suraaj Party,6541,40,6581,3.36
2040,S04180,BIHAR,BAKHTIARPUR,7,ARUN KUMAR S/O NAGENDRA PRASAD SINGH,Independent,651,2,653,0.33
2041,S04180,BIHAR,BAKHTIARPUR,8,RAM RATAN PRASAD SINGH,Independent,1029,0,1029,0.52
2042,S04180,BIHAR,BAKHTIARPUR,9,SHAMBHU SINGH,Independent,2876,0,2876,1.47
2043,S04180,BIHAR,BAKHTIARPUR,10,NOTA,None of the Above,3631,4,3635,1.85
2044,S04181,BIHAR,DIGHA,1,DIVYA GAUTAM,Communist Party of India (Marxist-Leninist) (Liberation),51846,76,51922,26.47
2045,S04181,BIHAR,DIGHA,2,PRABHAKAR KR. SINGH,Bahujan Samaj Party,1925,5,1930,0.98
2046,S04181,BIHAR,DIGHA,3,SANJIV CHAURASIA,Bharatiya Janata Party,110743,258,111001,56.59
2047,S04181,BIHAR,DIGHA,4,INDU DEVI,Bharatiya Momin Front,1726,6,1732,0.88
2048,S04181,BIHAR,DIGHA,5,RICHA SINHA,Vocal India Party,685,0,685,0.35
2049,S04181,BIHAR,DIGHA,6,PRANJAL SINGH,The Plurals Party,465,1,466,0.24
2050,S04181,BIHAR,DIGHA,7,RAJIV KUMAR SINGH,Right to Recall Party,610,4,614,0.31
2051,S04181,BIHAR,DIGHA,8,Ritesh Ranjan Singh Alias Bittu Singh,Jan Suraaj Party,21993,78,22071,11.25
2052,S04181,BIHAR,DIGHA,9,SADHANA KUMARI,Jagrook Janta Party,635,1,636,0.32
2053,S04181,BIHAR,DIGHA,10,KUSUMLATA VERMA,Independent,1377,5,1382,0.7
2054,S04181,BIHAR,DIGHA,11,SHWET RANJAN,Independent,600,1,601,0.31
2055,S04181,BIHAR,DIGHA,12,NOTA,None of the Above,3091,11,3102,1.58
2056,S04182,BIHAR,BANKIPUR,1,NITIN NABIN,Bharatiya Janata Party,98151,148,98299,62.66
2057,S04182,BIHAR,BANKIPUR,2,PANKAJ KUMAR,Aam Aadmi Party,788,2,790,0.5
2058,S04182,BIHAR,BANKIPUR,3,REKHA KUMARI,Rashtriya Janata Dal,46308,55,46363,29.55
2059,S04182,BIHAR,BANKIPUR,4,NIRANJAN KUMAR ACHARY,Right to Recall Party,361,0,361,0.23
2060,S04182,BIHAR,BANKIPUR,5,PRABHASH CHANDRA SHARMA,Jagrook Janta Party,275,1,276,0.18
2061,S04182,BIHAR,BANKIPUR,6,VANDANA KUMARI,Jan Suraaj Party,7690,27,7717,4.92
2062,S04182,BIHAR,BANKIPUR,7,AKHILESH KUMAR,Independent,403,0,403,0.26
2063,S04182,BIHAR,BANKIPUR,8,RAVI KUMAR,Independent,666,0,666,0.42
2064,S04182,BIHAR,BANKIPUR,9,S. SAJJAD HUSSAIN AKHTER,Independent,545,1,546,0.35
2065,S04182,BIHAR,BANKIPUR,10,NOTA,None of the Above,1460,4,1464,0.93
2066,S04183,BIHAR,KUMHRAR,1,INDRADEEP KUMAR CHANDRAVANSHI,Indian National Congress,52869,92,52961,30.52
2067,S04183,BIHAR,KUMHRAR,2,DR. UMA KANT PATHAK,Bahujan Samaj Party,668,0,668,0.39
2068,S04183,BIHAR,KUMHRAR,3,BABLU KUMAR,Aam Aadmi Party,545,1,546,0.31
2069,S04183,BIHAR,KUMHRAR,4,SANJAY KUMAR,Bharatiya Janata Party,100342,143,100485,57.91
2070,S04183,BIHAR,KUMHRAR,5,AMRENDRA KUMAR BHASKAR,Proutist Bloc India,561,0,561,0.32
2071,S04183,BIHAR,KUMHRAR,6,KRISHNA CHANDRA SINHA,Jan Suraaj Party,14965,52,15017,8.66
2072,S04183,BIHAR,KUMHRAR,7,DHANJAY KUMAR,Rashtriya Jansambhavna Party,270,0,270,0.16
2073,S04183,BIHAR,KUMHRAR,8,SHAHID ALAM,Jantantra Awaj Party,204,0,204,0.12
2074,S04183,BIHAR,KUMHRAR,9,SAROJ KUMAR SUMAN,Socialist Unity Centre Of India (COMMUNIST),207,0,207,0.12
2075,S04183,BIHAR,KUMHRAR,10,SUMIT RANJAN SINHA,Akhand Bharat Janpriya Party,215,0,215,0.12
2076,S04183,BIHAR,KUMHRAR,11,ANUJ KUMAR SINGH,Independent,538,1,539,0.31
2077,S04183,BIHAR,KUMHRAR,12,ABHAY KUMAR,Independent,256,0,256,0.15
2078,S04183,BIHAR,KUMHRAR,13,AMIT KUMAR ALBELA,Independent,299,0,299,0.17
2079,S04183,BIHAR,KUMHRAR,14,NOTA,None of the Above,1276,2,1278,0.74
2080,S04184,BIHAR,PATNA SAHIB,1,RANDHIR KUMAR,Bahujan Samaj Party,1206,1,1207,0.51
2081,S04184,BIHAR,PATNA SAHIB,2,RATNESH KUMAR,Bharatiya Janata Party,130200,166,130366,55.44
2082,S04184,BIHAR,PATNA SAHIB,3,SHASHANT SHEKHAR,Indian National Congress,91335,131,91466,38.9
2083,S04184,BIHAR,PATNA SAHIB,4,ADIL AFTAB KHAN,Nationalist Congress Party,899,3,902,0.38
2084,S04184,BIHAR,PATNA SAHIB,5,MD IFTEKHAR HUSSAIN,Bharatiya Momin Front,567,0,567,0.24
2085,S04184,BIHAR,PATNA SAHIB,6,OM PRAKASH PANJIYAR,Sarv Jan Party (Bharat),377,0,377,0.16
2086,S04184,BIHAR,PATNA SAHIB,7,MINU KUMARI,Janshakti Janta Dal,606,0,606,0.26
2087,S04184,BIHAR,PATNA SAHIB,8,VINITA MISHRA,Jan Suraaj Party,5230,33,5263,2.24
2088,S04184,BIHAR,PATNA SAHIB,9,MD SHABAB RAHBAR,Rashtriya Jansambhavna Party,1318,0,1318,0.56
2089,S04184,BIHAR,PATNA SAHIB,10,AMIT KUMAR ALBELA,Independent,981,0,981,0.42
2090,S04184,BIHAR,PATNA SAHIB,11,NOTA,None of the Above,2094,5,2099,0.89
2091,S04185,BIHAR,FATUHA,1,DR. RAMANAND YADAV,Rashtriya Janata Dal,90438,120,90558,45.69
2092,S04185,BIHAR,FATUHA,2,RUPA KUMARI,Lok Janshakti Party (Ram Vilas),82423,143,82566,41.66
2093,S04185,BIHAR,FATUHA,3,JIYA SINGH LUCY,Adarsh Jankalyan Dal,1355,3,1358,0.69
2094,S04185,BIHAR,FATUHA,4,RAJU KUMAR,Jan Suraaj Party,8539,59,8598,4.34
2095,S04185,BIHAR,FATUHA,5,RAJESH PASWAN,Indian National Socialistic Action Forces,500,2,502,0.25
2096,S04185,BIHAR,FATUHA,6,BINAY SINGH,Kisan Sangharsh Samiti,839,0,839,0.42
2097,S04185,BIHAR,FATUHA,7,SHIV NANDAN TIWARI,Ambedkar National Congress,973,5,978,0.49
2098,S04185,BIHAR,FATUHA,8,RANADHIR KUMAR,Independent,1756,0,1756,0.89
2099,S04185,BIHAR,FATUHA,9,RAMJATAN CHOUDHARY,Independent,566,2,568,0.29
2100,S04185,BIHAR,FATUHA,10,BRIJBHAN RAM,Independent,807,0,807,0.41
2101,S04185,BIHAR,FATUHA,11,SHAKTI PASWAN,Independent,909,1,910,0.46
2102,S04185,BIHAR,FATUHA,12,SANJEET KUMAR,Independent,4801,1,4802,2.42
2103,S04185,BIHAR,FATUHA,13,NOTA,None of the Above,3930,8,3938,1.99
2104,S04186,BIHAR,DANAPUR,1,RAM KRIPAL YADAV,Bharatiya Janata Party,119528,349,119877,54.41
2105,S04186,BIHAR,DANAPUR,2,RIT LAL ROY,Rashtriya Janata Dal,90550,194,90744,41.19
2106,S04186,BIHAR,DANAPUR,3,RAGHUVEER MAHTO,Rashtriya Jansambhavna Party,1334,6,1340,0.61
2107,S04186,BIHAR,DANAPUR,4,SUNNY KUMAR SHARMA,Jagrook Janta Party,690,1,691,0.31
2108,S04186,BIHAR,DANAPUR,5,PAWAN KUMAR,Independent,625,1,626,0.28
2109,S04186,BIHAR,DANAPUR,6,VARSHA,Independent,998,3,1001,0.45
2110,S04186,BIHAR,DANAPUR,7,SHAILESH K.R DHIRAJ,Independent,2781,5,2786,1.26
2111,S04186,BIHAR,DANAPUR,8,NOTA,None of the Above,3230,12,3242,1.47
2112,S04187,BIHAR,MANER,1,JITENDRA YADAV,Lok Janshakti Party (Ram Vilas),90590,174,90764,40.14
2113,S04187,BIHAR,MANER,2,BHAI BIRENDRA,Rashtriya Janata Dal,110460,338,110798,48.99
2114,S04187,BIHAR,MANER,3,MANTOSH KUMAR SINGH,Insaniyat Party,1945,2,1947,0.86
2115,S04187,BIHAR,MANER,4,SHANKAR KUMAR,Janshakti Janta Dal,3280,10,3290,1.45
2116,S04187,BIHAR,MANER,5,SHIV KUMAR SINGH,Apna Kisan Party,742,2,744,0.33
2117,S04187,BIHAR,MANER,6,SANDIP KUMAR SINGH ALIAS GOPAL SANDEEP SINGH,Jan Suraaj Party,3945,35,3980,1.76
2118,S04187,BIHAR,MANER,7,SATISH KUMAR,Rashtriya Jansambhavna Party,986,1,987,0.44
2119,S04187,BIHAR,MANER,8,GUDIYA KUMARI,Independent,479,4,483,0.21
2120,S04187,BIHAR,MANER,9,CHANDRASHEKHAR MAHTO,Independent,637,0,637,0.28
2121,S04187,BIHAR,MANER,10,MUKESH KUMAR,Independent,673,0,673,0.3
2122,S04187,BIHAR,MANER,11,VIKASH KUMAR ALIAS DIKESH SINGH,Independent,2886,3,2889,1.28
2123,S04187,BIHAR,MANER,12,SANNEE KUMAR,Independent,1141,0,1141,0.5
2124,S04187,BIHAR,MANER,13,SANNU DEVI,Independent,2769,0,2769,1.22
2125,S04187,BIHAR,MANER,14,NOTA,None of the Above,5034,7,5041,2.23
2126,S04188,BIHAR,PHULWARI,1,ARUN KUMAR RAJAK,Aam Aadmi Party,5297,8,5305,2.06
2127,S04188,BIHAR,PHULWARI,2,GOPAL RAVI DAS,Communist Party of India (Marxist-Leninist) (Liberation),93645,168,93813,36.48
2128,S04188,BIHAR,PHULWARI,3,SHYAM RAJAK,Janata Dal (United),126194,276,126470,49.18
2129,S04188,BIHAR,PHULWARI,4,SUNIL PASWAN,Rashtriya Lok Janshakti Party,2594,4,2598,1.01
2130,S04188,BIHAR,PHULWARI,5,MAHESH PASWAN,Bhartiya Lok Chetna Party,1291,0,1291,0.5
2131,S04188,BIHAR,PHULWARI,6,MUKESH KUMAR,Rashtriya Republican Party,907,1,908,0.35
2132,S04188,BIHAR,PHULWARI,7,YUVRAJ KUMAR,Samata Party,1590,1,1591,0.62
2133,S04188,BIHAR,PHULWARI,8,SHASHI KANT PRASAD,Jan Suraaj Party,11047,53,11100,4.32
2134,S04188,BIHAR,PHULWARI,9,SHRI RAJ PASWAN,Prabal Bharat Party,1154,1,1155,0.45
2135,S04188,BIHAR,PHULWARI,10,ANIL DAS,Independent,1332,1,1333,0.52
2136,S04188,BIHAR,PHULWARI,11,PUJA KUMARI,Independent,3795,3,3798,1.48
2137,S04188,BIHAR,PHULWARI,12,SUKESH KUMAR,Independent,2927,1,2928,1.14
2138,S04188,BIHAR,PHULWARI,13,NOTA,None of the Above,4838,6,4844,1.88
2139,S04189,BIHAR,MASAURHI,1,ARUN MANJHI,Janata Dal (United),106293,212,106505,47.16
2140,S04189,BIHAR,MASAURHI,2,MANOJ KUMAR,Bahujan Samaj Party,4073,3,4076,1.8
2141,S04189,BIHAR,MASAURHI,3,REKHA DEVI,Rashtriya Janata Dal,98651,211,98862,43.78
2142,S04189,BIHAR,MASAURHI,4,RAJESHWAR MANJHI,Jan Suraaj Party,4658,35,4693,2.08
2143,S04189,BIHAR,MASAURHI,5,JAGAT PASWAN,Independent,1762,0,1762,0.78
2144,S04189,BIHAR,MASAURHI,6,RAVI PRAKASH,Independent,979,1,980,0.43
2145,S04189,BIHAR,MASAURHI,7,RAM EKWAL RAVIDAS,Independent,757,0,757,0.34
2146,S04189,BIHAR,MASAURHI,8,VIJENDRA PASWAN,Independent,1942,0,1942,0.86
2147,S04189,BIHAR,MASAURHI,9,SRI KANT KUMAR,Independent,1096,0,1096,0.49
2148,S04189,BIHAR,MASAURHI,10,NOTA,None of the Above,5145,1,5146,2.28
2149,S04190,BIHAR,PALIGANJ,1,SHIVNATH KUMAR,Aam Aadmi Party,1809,3,1812,0.99
2150,S04190,BIHAR,PALIGANJ,2,SANDEEP SAURAV,Communist Party of India (Marxist-Leninist) (Liberation),80868,237,81105,44.48
2151,S04190,BIHAR,PALIGANJ,3,SUNIL KUMAR,Lok Janshakti Party (Ram Vilas),74287,163,74450,40.83
2152,S04190,BIHAR,PALIGANJ,4,SUSHANT,Bahujan Samaj Party,2740,5,2745,1.51
2153,S04190,BIHAR,PALIGANJ,5,ANAMIKA,Socialist Unity Centre Of India (COMMUNIST),430,3,433,0.24
2154,S04190,BIHAR,PALIGANJ,6,ANAND KUMAR,Bhartiya Lok Chetna Party,513,1,514,0.28
2155,S04190,BIHAR,PALIGANJ,7,GIRJA RAM,Suheldev Bharatiya Samaj Party,808,1,809,0.44
2156,S04190,BIHAR,PALIGANJ,8,JITENDRA KUMAR PANDIT,Awami Samta Party,374,0,374,0.21
2157,S04190,BIHAR,PALIGANJ,9,SHYAM NANDAN SHARMA,Jan Suraaj Party,6548,64,6612,3.63
2158,S04190,BIHAR,PALIGANJ,10,ARVIND KUMAR MAURYA,Independent,955,7,962,0.53
2159,S04190,BIHAR,PALIGANJ,11,JITENDRA KUMAR,Independent,790,0,790,0.43
2160,S04190,BIHAR,PALIGANJ,12,MRITUNJAY KUMAR,Independent,1421,1,1422,0.78
2161,S04190,BIHAR,PALIGANJ,13,SHAMBHU KUMAR,Independent,3747,0,3747,2.06
2162,S04190,BIHAR,PALIGANJ,14,SATYA NARAYAN YADAV,Independent,3354,0,3354,1.84
2163,S04190,BIHAR,PALIGANJ,15,NOTA,None of the Above,3182,9,3191,1.75
2164,S04191,BIHAR,BIKRAM,1,ANIL KUMAR,Indian National Congress,95310,278,95588,44.42
2165,S04191,BIHAR,BIKRAM,2,RAM PRAVESH YADAV,Bahujan Samaj Party,2575,7,2582,1.2
2166,S04191,BIHAR,BIKRAM,3,SIDDHARTH SAURAV,Bharatiya Janata Party,100864,325,101189,47.02
2167,S04191,BIHAR,BIKRAM,4,AJEET KUMAR,Janshakti Janta Dal,4923,14,4937,2.29
2168,S04191,BIHAR,BIKRAM,5,CHANDAN SHARMA,Jagrook Janta Party,559,1,560,0.26
2169,S04191,BIHAR,BIKRAM,6,DHURAKHELI RAVIDAS,Indian National Socialistic Action Forces,404,0,404,0.19
2170,S04191,BIHAR,BIKRAM,7,MANTU KUMAR,Jan Suraaj Party,2993,44,3037,1.41
2171,S04191,BIHAR,BIKRAM,8,SHAMBHU PRASAD SHARMA,Hindustan Vikas Dal,913,0,913,0.42
2172,S04191,BIHAR,BIKRAM,9,CHANDAN KUMAR,Independent,1924,2,1926,0.89
2173,S04191,BIHAR,BIKRAM,10,RAJIV KUMAR SINGH,Independent,728,0,728,0.34
2174,S04191,BIHAR,BIKRAM,11,NOTA,None of the Above,3335,3,3338,1.55
2175,S04192,BIHAR,SANDESH,1,DIPU SINGH,Rashtriya Janata Dal,80108,463,80571,43.97
2176,S04192,BIHAR,SANDESH,2,RADHA CHARAN SAH,Janata Dal (United),80072,526,80598,43.99
2177,S04192,BIHAR,SANDESH,3,AJAY KUMAR PATHAK,Akhil Bharatiya Jan Sangh,1283,10,1293,0.71
2178,S04192,BIHAR,SANDESH,4,MANMOHAN SINGH,Rashtrawadi Janlok Party (Satya),505,4,509,0.28
2179,S04192,BIHAR,SANDESH,5,RAJIV RANJAN RAJ,Jan Suraaj Party,5920,120,6040,3.3
2180,S04192,BIHAR,SANDESH,6,SANJEET KUMAR,Peoples Party of India (Democratic),606,3,609,0.33
2181,S04192,BIHAR,SANDESH,7,SATYA PRAKASH,The Plurals Party,297,2,299,0.16
2182,S04192,BIHAR,SANDESH,8,ABHISHEK KUMAR,Independent,393,5,398,0.22
2183,S04192,BIHAR,SANDESH,9,MUKESH SINGH,Independent,5373,26,5399,2.95
2184,S04192,BIHAR,SANDESH,10,SANDHYA KUMARI,Independent,868,12,880,0.48
2185,S04192,BIHAR,SANDESH,11,SAMARJAY SINGH,Independent,2473,1,2474,1.35
2186,S04192,BIHAR,SANDESH,12,NOTA,None of the Above,4142,18,4160,2.27
2187,S04193,BIHAR,BARHARA,1,ASHOK KUMAR SINGH,Rashtriya Janata Dal,64751,439,65190,35.8
2188,S04193,BIHAR,BARHARA,2,RAGHVENDRA PRATAP SINGH,Bharatiya Janata Party,78980,613,79593,43.71
2189,S04193,BIHAR,BARHARA,3,SANTOSH KUMAR SINGH,Peoples Party of India (Democratic),1054,5,1059,0.58
2190,S04193,BIHAR,BARHARA,4,SAURABH SINGH YADAV,Jan Suraaj Party,3101,88,3189,1.75
2191,S04193,BIHAR,BARHARA,5,KAJAL,Independent,1013,17,1030,0.57
2192,S04193,BIHAR,BARHARA,6,KISUN PRASAD,Independent,1355,2,1357,0.75
2193,S04193,BIHAR,BARHARA,7,DHARAMPAL YADAV,Independent,498,2,500,0.27
2194,S04193,BIHAR,BARHARA,8,BANSHIDHAR SINGH,Independent,1773,26,1799,0.99
2195,S04193,BIHAR,BARHARA,9,RANVIJAY KUMAR SINGH,Independent,3848,15,3863,2.12
2196,S04193,BIHAR,BARHARA,10,SHIV DAS SINGH,Independent,432,0,432,0.24
2197,S04193,BIHAR,BARHARA,11,SAROJ YADAV,Independent,8940,44,8984,4.93
2198,S04193,BIHAR,BARHARA,12,SURYA BHAN SINGH,Independent,9181,87,9268,5.09
2199,S04193,BIHAR,BARHARA,13,SAURAV NARANG,Independent,2359,2,2361,1.3
2200,S04193,BIHAR,BARHARA,14,NOTA,None of the Above,3460,11,3471,1.91
2201,S04194,BIHAR,ARRAH,1,QUYAMUDDIN ANSARI,Communist Party of India (Marxist-Leninist) (Liberation),74124,496,74620,40.38
2202,S04194,BIHAR,ARRAH,2,MRITUNJAY BHARDWAJ,Bahujan Samaj Party,1088,10,1098,0.59
2203,S04194,BIHAR,ARRAH,3,SANJAY SINGH (TIGER),Bharatiya Janata Party,93598,603,94201,50.98
2204,S04194,BIHAR,ARRAH,4,ARUN KUMAR SINGH,Bhartiya Mahasangh Party,900,8,908,0.49
2205,S04194,BIHAR,ARRAH,5,GORAKH RAM,Bhojpuria Jan Morcha,320,2,322,0.17
2206,S04194,BIHAR,ARRAH,6,DHARMATMA SHARMA,Socialist Unity Centre Of India (COMMUNIST),179,1,180,0.1
2207,S04194,BIHAR,ARRAH,7,RAJ KISHOR SHARMA,Jantantra Awaj Party,267,1,268,0.15
2208,S04194,BIHAR,ARRAH,8,RAJESH SHARMA,Gantantrik Samaj Party,336,1,337,0.18
2209,S04194,BIHAR,ARRAH,9,RAM PRAKASH PANDEY,Akhil Bharatiya Jan Sangh,379,5,384,0.21
2210,S04194,BIHAR,ARRAH,10,DR. VIJAY KUMAR GUPTA,Jan Suraaj Party,5680,120,5800,3.14
2211,S04194,BIHAR,ARRAH,11,MD. SARFARAJ ANSARI,Peoples Party of India (Democratic),678,1,679,0.37
2212,S04194,BIHAR,ARRAH,12,AMARDEEP KUMAR JAI,Independent,1183,0,1183,0.64
2213,S04194,BIHAR,ARRAH,13,SACHIN,Independent,643,1,644,0.35
2214,S04194,BIHAR,ARRAH,14,NOTA,None of the Above,4139,15,4154,2.25
2215,S04195,BIHAR,AGIAON,1,MAHESH PASWAN,Bharatiya Janata Party,69039,373,69412,45.2
2216,S04195,BIHAR,AGIAON,2,MUKESH KUMAR RAM,Bahujan Samaj Party,1424,16,1440,0.94
2217,S04195,BIHAR,AGIAON,3,SHIV PRAKASH RANJAN,Communist Party of India (Marxist-Leninist) (Liberation),68892,425,69317,45.14
2218,S04195,BIHAR,AGIAON,4,BARUN DEO,Janshakti Janta Dal,1317,9,1326,0.86
2219,S04195,BIHAR,AGIAON,5,BASANT KUMAR RAM,Voters Party International,584,0,584,0.38
2220,S04195,BIHAR,AGIAON,6,RAMESH KUMAR,Jan Suraaj Party,3808,74,3882,2.53
2221,S04195,BIHAR,AGIAON,7,VIJAY MEHRA,Independent,733,1,734,0.48
2222,S04195,BIHAR,AGIAON,8,SHYAM BIHARI CHOUDHARY,Independent,2503,5,2508,1.63
2223,S04195,BIHAR,AGIAON,9,SURAJ BHAN,Independent,719,1,720,0.47
2224,S04195,BIHAR,AGIAON,10,NOTA,None of the Above,3622,9,3631,2.36
2225,S04196,BIHAR,TARARI,1,MADAN SINGH  S/O-KUMI SINGH,Communist Party of India (Marxist-Leninist) (Liberation),84911,512,85423,43.72
2226,S04196,BIHAR,TARARI,2,VISHAL PRASHANT,Bharatiya Janata Party,96310,577,96887,49.59
2227,S04196,BIHAR,TARARI,3,SANJAY KUMAR SHARMA,Aam Aadmi Party,1212,11,1223,0.63
2228,S04196,BIHAR,TARARI,4,SANTOSH KUMAR SINGH,Bahujan Samaj Party,389,7,396,0.2
2229,S04196,BIHAR,TARARI,5,ASHOK KUMAR SINGH,Socialist Party (India),122,0,122,0.06
2230,S04196,BIHAR,TARARI,6,CHANDRA SHEKHAR SINGH,Jan Suraaj Party,2211,60,2271,1.16
2231,S04196,BIHAR,TARARI,7,NARAYAN SINGH,Voters Party International,186,1,187,0.1
2232,S04196,BIHAR,TARARI,8,RAJU RAJVANSHI,Suheldev Bharatiya Samaj Party,305,4,309,0.16
2233,S04196,BIHAR,TARARI,9,RAJESH SINGH,Rashtriya Jansambhavna Party,160,3,163,0.08
2234,S04196,BIHAR,TARARI,10,SIKANDAR KUMAR,Janshakti Janta Dal,324,3,327,0.17
2235,S04196,BIHAR,TARARI,11,KARMOO SAH KESHARI,Independent,213,0,213,0.11
2236,S04196,BIHAR,TARARI,12,MADAN SINGH  S/O BARBHANGA SINGH,Independent,315,0,315,0.16
2237,S04196,BIHAR,TARARI,13,RAJNISH KUMAR,Independent,390,0,390,0.2
2238,S04196,BIHAR,TARARI,14,RAMESH CHANDRA RABI,Independent,712,2,714,0.37
2239,S04196,BIHAR,TARARI,15,RAJENDRA KUMAR PATHAK,Independent,2364,0,2364,1.21
2240,S04196,BIHAR,TARARI,16,NOTA,None of the Above,4074,4,4078,2.09
2241,S04197,BIHAR,JAGDISHPUR,1,KISHORE KUNAL,Rashtriya Janata Dal,74377,404,74781,39.73
2242,S04197,BIHAR,JAGDISHPUR,2,SRIBHAGWAN SINGH KUSHWAHA,Janata Dal (United),92462,512,92974,49.39
2243,S04197,BIHAR,JAGDISHPUR,3,SANJAY KUMAR CHATURVEDI,Bahujan Samaj Party,2805,15,2820,1.5
2244,S04197,BIHAR,JAGDISHPUR,4,NEERAJ ROY,Janshakti Janta Dal,597,10,607,0.32
2245,S04197,BIHAR,JAGDISHPUR,5,VIJAY SINGH,Jan Suraaj Party,4999,107,5106,2.71
2246,S04197,BIHAR,JAGDISHPUR,6,VIRENDRA KUMAR SINGH,Bhojpuria Jan Morcha,324,4,328,0.17
2247,S04197,BIHAR,JAGDISHPUR,7,AMRADEEP KUMAR JAI,Independent,489,1,490,0.26
2248,S04197,BIHAR,JAGDISHPUR,8,MUNGA LAL RAM,Independent,834,7,841,0.45
2249,S04197,BIHAR,JAGDISHPUR,9,RAJEEV RANJAN,Independent,3257,15,3272,1.74
2250,S04197,BIHAR,JAGDISHPUR,10,HIRALAL SINGH,Independent,3070,0,3070,1.63
2251,S04197,BIHAR,JAGDISHPUR,11,NOTA,None of the Above,3945,10,3955,2.1
2252,S04198,BIHAR,SHAHPUR,1,DHARMENDRA KUMAR,Bahujan Samaj Party,2911,12,2923,1.64
2253,S04198,BIHAR,SHAHPUR,2,RAKESH RANJAN,Bharatiya Janata Party,87897,758,88655,49.69
2254,S04198,BIHAR,SHAHPUR,3,RAHUL TIWARY,Rashtriya Janata Dal,72945,485,73430,41.16
2255,S04198,BIHAR,SHAHPUR,4,PADMA OJHA,Jan Suraaj Party,3837,111,3948,2.21
2256,S04198,BIHAR,SHAHPUR,5,MADAN YADAV,Janshakti Janta Dal,580,9,589,0.33
2257,S04198,BIHAR,SHAHPUR,6,SHANKAR KUMAR GOND,Gondvana Gantantra Party,231,4,235,0.13
2258,S04198,BIHAR,SHAHPUR,7,KRISHNA RAM,Independent,974,5,979,0.55
2259,S04198,BIHAR,SHAHPUR,8,GOUTTAM OJHA,Independent,253,2,255,0.14
2260,S04198,BIHAR,SHAHPUR,9,DABLU KUMAR GOND,Independent,1000,0,1000,0.56
2261,S04198,BIHAR,SHAHPUR,10,MANAN SHAH,Independent,2534,2,2536,1.42
2262,S04198,BIHAR,SHAHPUR,11,SAHABUDIN MIYA,Independent,1839,5,1844,1.03
2263,S04198,BIHAR,SHAHPUR,12,NOTA,None of the Above,2002,4,2006,1.12
2264,S04199,BIHAR,BRAHAMPUR,1,MAHAVIR YADAV,Bahujan Samaj Party,4557,42,4599,2.23
2265,S04199,BIHAR,BRAHAMPUR,2,SHAMBHU NATH YADAV,Rashtriya Janata Dal,95066,762,95828,46.43
2266,S04199,BIHAR,BRAHAMPUR,3,HULAS PANDE,Lok Janshakti Party (Ram Vilas),91844,764,92608,44.87
2267,S04199,BIHAR,BRAHAMPUR,4,VIKRAMA GOND,Gondvana Gantantra Party,1594,11,1605,0.78
2268,S04199,BIHAR,BRAHAMPUR,5,SUNIL KUMAR RAY,Suheldev Bharatiya Samaj Party,2455,10,2465,1.19
2269,S04199,BIHAR,BRAHAMPUR,6,NITISH KUMAR,Independent,1908,24,1932,0.94
2270,S04199,BIHAR,BRAHAMPUR,7,MANISH BHUSHAN OJHA,Independent,2737,14,2751,1.33
2271,S04199,BIHAR,BRAHAMPUR,8,SHIV SHANKAR DAS,Independent,2274,2,2276,1.1
2272,S04199,BIHAR,BRAHAMPUR,9,NOTA,None of the Above,2309,20,2329,1.13
2273,S04200,BIHAR,BUXAR,1,ABHIMNYU MAURY,Bahujan Samaj Party,28966,152,29118,15.44
2274,S04200,BIHAR,BUXAR,2,ANAND MISHRA,Bharatiya Janata Party,84261,640,84901,45.01
2275,S04200,BIHAR,BUXAR,3,DHARM RAJ SINGH,Aam Aadmi Party,1124,6,1130,0.6
2276,S04200,BIHAR,BUXAR,4,SANJAY KUMAR TIWARI URF MUNNA TIWARI,Indian National Congress,56049,499,56548,29.98
2277,S04200,BIHAR,BUXAR,5,TATHAGAT HARSH VARDHAN,Jan Suraaj Party,7820,100,7920,4.2
2278,S04200,BIHAR,BUXAR,6,PANKAJ KUMAR PANDEY,Kisan Samaj Party (S),480,6,486,0.26
2279,S04200,BIHAR,BUXAR,7,BINOD KUMAR SINGH,Bhartiya Sarthak Party,353,6,359,0.19
2280,S04200,BIHAR,BUXAR,8,VISHESHWAR CHAUHAN,Rashtriya Jansambhavna Party,343,3,346,0.18
2281,S04200,BIHAR,BUXAR,9,SOHAN GOND,Gondvana Gantantra Party,781,1,782,0.41
2282,S04200,BIHAR,BUXAR,10,OM JEE KUMAR,Independent,403,6,409,0.22
2283,S04200,BIHAR,BUXAR,11,NITU KUMARI,Independent,371,3,374,0.2
2284,S04200,BIHAR,BUXAR,12,PRAMILA DEVI,Independent,563,5,568,0.3
2285,S04200,BIHAR,BUXAR,13,MANOJ KUMAR,Independent,1455,10,1465,0.78
2286,S04200,BIHAR,BUXAR,14,RAMPRAVESH SINGH,Independent,1572,3,1575,0.84
2287,S04200,BIHAR,BUXAR,15,VISHWAMITRA KAHAR,Independent,1281,0,1281,0.68
2288,S04200,BIHAR,BUXAR,16,NOTA,None of the Above,1354,2,1356,0.72
2289,S04201,BIHAR,DUMRAON,1,DR. AJIT KUMAR SINGH,Communist Party of India (Marxist-Leninist) (Liberation),76669,637,77306,39.3
2290,S04201,BIHAR,DUMRAON,2,DADAN YADAV,Bahujan Samaj Party,11026,101,11127,5.66
2291,S04201,BIHAR,DUMRAON,3,MRITYUNJAY KUMAR SINGH,Rashtriya Lok Janshakti Party,1763,31,1794,0.91
2292,S04201,BIHAR,DUMRAON,4,RAHUL KUMAR SINGH,Janata Dal (United),78884,527,79411,40.37
2293,S04201,BIHAR,DUMRAON,5,UMESH RAM,Sanyukt Kisan Vikas Party,919,7,926,0.47
2294,S04201,BIHAR,DUMRAON,6,DINESH SINGH,Janshakti Janta Dal,822,7,829,0.42
2295,S04201,BIHAR,DUMRAON,7,PRADIP KUMAR SHARAN,Suheldev Bharatiya Samaj Party,4967,9,4976,2.53
2296,S04201,BIHAR,DUMRAON,8,MANTOSH KUMAR GOND,Gondvana Gantantra Party,973,4,977,0.5
2297,S04201,BIHAR,DUMRAON,9,RAVISHANKAR PRASAD,Bhagidari Party(P),860,3,863,0.44
2298,S04201,BIHAR,DUMRAON,10,SHIVANG VIJAY SINGH,Jan Suraaj Party,5162,111,5273,2.68
2299,S04201,BIHAR,DUMRAON,11,SUSHIL KUMAR SHARMA,Jagrook Janta Party,496,2,498,0.25
2300,S04201,BIHAR,DUMRAON,12,PRAMILA DEVI,Independent,1062,5,1067,0.54
2301,S04201,BIHAR,DUMRAON,13,BHEEM KAMKAR,Independent,2660,1,2661,1.35
2302,S04201,BIHAR,DUMRAON,14,RAVI PRAKASH SINHA,Independent,994,1,995,0.51
2303,S04201,BIHAR,DUMRAON,15,RAVISHANKAR RAY,Independent,949,2,951,0.48
2304,S04201,BIHAR,DUMRAON,16,HEMLATA,Independent,3994,0,3994,2.03
2305,S04201,BIHAR,DUMRAON,17,NOTA,None of the Above,3050,9,3059,1.56
2306,S04202,BIHAR,RAJPUR,1,AMAR PASWAN,Rashtriya Lok Janshakti Party,1717,15,1732,0.82
2307,S04202,BIHAR,RAJPUR,2,LAL JEE RAM,Bahujan Samaj Party,20449,49,20498,9.7
2308,S04202,BIHAR,RAJPUR,3,VISHWANATH RAM,Indian National Congress,71213,352,71565,33.86
2309,S04202,BIHAR,RAJPUR,4,SANTOSH KUMAR NIRALA,Janata Dal (United),80368,333,80701,38.19
2310,S04202,BIHAR,RAJPUR,5,ANIL KUMAR RAM,Aazad Samaj Party (Kanshi Ram),4548,9,4557,2.16
2311,S04202,BIHAR,RAJPUR,6,DHANANJAY KUMAR,Jan Suraaj Party,12406,85,12491,5.91
2312,S04202,BIHAR,RAJPUR,7,BALESHWAR RAM,Rashtriya Jansambhavna Party,1017,0,1017,0.48
2313,S04202,BIHAR,RAJPUR,8,BHIM RAM,Sarvjan Sanatan Party,971,0,971,0.46
2314,S04202,BIHAR,RAJPUR,9,SHIV KUMAR RAM,Suheldev Bharatiya Samaj Party,6746,3,6749,3.19
2315,S04202,BIHAR,RAJPUR,10,SHIVJI KUMAR,Janshakti Vikas Party (Democratic),1608,1,1609,0.76
2316,S04202,BIHAR,RAJPUR,11,SUBHASH RAM,Bhartiya Sarthak Party,2514,3,2517,1.19
2317,S04202,BIHAR,RAJPUR,12,SURAJ PRAKASH RAM,Sanyukt Kisan Vikas Party,2753,0,2753,1.3
2318,S04202,BIHAR,RAJPUR,13,RAM LAL RAM,Independent,1386,1,1387,0.66
2319,S04202,BIHAR,RAJPUR,14,NOTA,None of the Above,2769,9,2778,1.31
2320,S04203,BIHAR,RAMGARH,1,AJIT KUMAR,Rashtriya Janata Dal,41287,193,41480,21.29
2321,S04203,BIHAR,RAMGARH,2,ASHOK KUMAR SINGH,Bharatiya Janata Party,72338,321,72659,37.29
2322,S04203,BIHAR,RAMGARH,3,SATISH KUMAR SINGH YADAV,Bahujan Samaj Party,72382,307,72689,37.31
2323,S04203,BIHAR,RAMGARH,4,ANAND KUMAR SINGH,Jan Suraaj Party,4389,37,4426,2.27
2324,S04203,BIHAR,RAMGARH,5,GHURELAL RAJBHAR,Suheldev Bharatiya Samaj Party,1777,2,1779,0.91
2325,S04203,BIHAR,RAMGARH,6,RAMPRAVESH SINGH,Independent,657,0,657,0.34
2326,S04203,BIHAR,RAMGARH,7,NOTA,None of the Above,1152,2,1154,0.59
2327,S04204,BIHAR,MOHANIA,1,OMPRAKASH NARAYAN,Bahujan Samaj Party,32123,140,32263,16.91
2328,S04204,BIHAR,MOHANIA,2,RANJIT DOM,Aam Aadmi Party,1059,1,1060,0.56
2329,S04204,BIHAR,MOHANIA,3,SANGITA KUMARI,Bharatiya Janata Party,75998,292,76290,39.98
2330,S04204,BIHAR,MOHANIA,4,KANHAIYA RAM,Jantantra Awaj Party,1102,4,1106,0.58
2331,S04204,BIHAR,MOHANIA,5,GITA DEVI,Jan Suraaj Party,14015,113,14128,7.4
2332,S04204,BIHAR,MOHANIA,6,NITISH KUMAR,Asankhya Samaj Party,843,0,843,0.44
2333,S04204,BIHAR,MOHANIA,7,BABUDHAN PASI,Rashtriya Jansambhavna Party,404,2,406,0.21
2334,S04204,BIHAR,MOHANIA,8,MUNNA KUMAR,Nationalist Congress Party,309,9,318,0.17
2335,S04204,BIHAR,MOHANIA,9,AJAY KUMAR,Independent,1135,3,1138,0.6
2336,S04204,BIHAR,MOHANIA,10,INDRAJIT RAM,Independent,565,3,568,0.3
2337,S04204,BIHAR,MOHANIA,11,NITU KUMARI,Independent,2202,3,2205,1.16
2338,S04204,BIHAR,MOHANIA,12,RAVI SHANKAR PASWAN,Independent,57251,287,57538,30.15
2339,S04204,BIHAR,MOHANIA,13,NOTA,None of the Above,2946,6,2952,1.55
2340,S04205,BIHAR,BHABUA,1,BHARAT BIND,Bharatiya Janata Party,79696,343,80039,41.48
2341,S04205,BIHAR,BHABUA,2,MOHAMMAD AMIRUDDIN ANSARI,Aam Aadmi Party,1122,16,1138,0.59
2342,S04205,BIHAR,BHABUA,3,VIKASH SINGH,Bahujan Samaj Party,39452,259,39711,20.58
2343,S04205,BIHAR,BHABUA,4,VIKASH KUMAR TIWARI,Rashtriya Lok Janshakti Party,6161,83,6244,3.24
2344,S04205,BIHAR,BHABUA,5,BIRENDRA KUMAR SINGH,Rashtriya Janata Dal,55032,592,55624,28.83
2345,S04205,BIHAR,BHABUA,6,JAINENDRA KUMAR ARYA,Jan Suraaj Party,6665,110,6775,3.51
2346,S04205,BIHAR,BHABUA,7,AJEET KUMAR PATEL,Independent,720,2,722,0.37
2347,S04205,BIHAR,BHABUA,8,SHISHUPAL SINGH,Independent,777,1,778,0.4
2348,S04205,BIHAR,BHABUA,9,NOTA,None of the Above,1919,8,1927,1
2349,S04206,BIHAR,CHAINPUR,1,MD. ZAMA KHAN,Janata Dal (United),70597,279,70876,30.94
2350,S04206,BIHAR,CHAINPUR,2,DHIRAJ KUMAR SINGH,Bahujan Samaj Party,50987,213,51200,22.35
2351,S04206,BIHAR,CHAINPUR,3,RAM RAJ SHARMA,Aam Aadmi Party,1974,6,1980,0.86
2352,S04206,BIHAR,CHAINPUR,4,BRIJ KISHOR BIND,Rashtriya Janata Dal,62177,337,62514,27.29
2353,S04206,BIHAR,CHAINPUR,5,ANIL KUMAR SINGH,Jansatta Party of India,1154,1,1155,0.5
2354,S04206,BIHAR,CHAINPUR,6,ANUJ KUMAR DUBEY,Uday Bharatam Party,627,0,627,0.27
2355,S04206,BIHAR,CHAINPUR,7,GOVIND VIND,Vikassheel Insaan Party,5128,16,5144,2.25
2356,S04206,BIHAR,CHAINPUR,8,DINDAYAL SINGH KUSHAWAHA,Samata Party,444,1,445,0.19
2357,S04206,BIHAR,CHAINPUR,9,MAJNU GOND,Aazad Samaj Party (Kanshi Ram),3244,8,3252,1.42
2358,S04206,BIHAR,CHAINPUR,10,RAJA LAL SINGH,Bhagidari Party(P),5334,4,5338,2.33
2359,S04206,BIHAR,CHAINPUR,11,SUNIL KUMAR,Sarvlokhit Samaj Party,664,2,666,0.29
2360,S04206,BIHAR,CHAINPUR,12,SUNIL SHARMA,Jagrook Janta Party,933,0,933,0.41
2361,S04206,BIHAR,CHAINPUR,13,SUSHANK KUMAR SINGH,Suheldev Bharatiya Samaj Party,4898,2,4900,2.14
2362,S04206,BIHAR,CHAINPUR,14,HEMANT KUMAR CHOUBEY,Jan Suraaj Party,6820,57,6877,3
2363,S04206,BIHAR,CHAINPUR,15,AKASH RANJAN,Independent,1218,1,1219,0.53
2364,S04206,BIHAR,CHAINPUR,16,UTTAM PATEL,Independent,5279,23,5302,2.31
2365,S04206,BIHAR,CHAINPUR,17,GOPAL VINDA,Independent,1747,0,1747,0.76
2366,S04206,BIHAR,CHAINPUR,18,PRIYANKA,Independent,789,1,790,0.34
2367,S04206,BIHAR,CHAINPUR,19,MAHENDRA PRASAD,Independent,779,0,779,0.34
2368,S04206,BIHAR,CHAINPUR,20,MADHAW SINGH,Independent,1150,2,1152,0.5
2369,S04206,BIHAR,CHAINPUR,21,RAM EKABAL PRASAD,Independent,422,0,422,0.18
2370,S04206,BIHAR,CHAINPUR,22,SHRAVAN BIND,Independent,440,1,441,0.19
2371,S04206,BIHAR,CHAINPUR,23,NOTA,None of the Above,1314,7,1321,0.58
2372,S04207,BIHAR,CHENARI,1,ASHA  PASWAN,Rashtriya Lok Janshakti Party,1591,9,1600,0.78
2373,S04207,BIHAR,CHENARI,2,MANGAL RAM,Indian National Congress,73182,409,73591,35.76
2374,S04207,BIHAR,CHENARI,3,MURARI PRASAD GAUTAM,Lok Janshakti Party (Ram Vilas),95310,269,95579,46.44
2375,S04207,BIHAR,CHENARI,4,SWETA DEVI,Bahujan Samaj Party,3500,11,3511,1.71
2376,S04207,BIHAR,CHENARI,5,AMIT PASWAN,Aazad Samaj Party (Kanshi Ram),7492,44,7536,3.66
2377,S04207,BIHAR,CHENARI,6,NEHA KUMARI,Jan Suraaj Party,9311,93,9404,4.57
2378,S04207,BIHAR,CHENARI,7,BHJURAM,Rashtriya Samanta Dal,432,1,433,0.21
2379,S04207,BIHAR,CHENARI,8,RAVISHANKAR PARASAD,Lohiya Janta Dal,318,0,318,0.15
2380,S04207,BIHAR,CHENARI,9,SALONI DEVI OMPRAKASH RAM,Republican Party of India (A),814,0,814,0.4
2381,S04207,BIHAR,CHENARI,10,SUNIL RAM,Rashtriya Jansambhavna Party,623,0,623,0.3
2382,S04207,BIHAR,CHENARI,11,NEHA KUMARI,Independent,1260,8,1268,0.62
2383,S04207,BIHAR,CHENARI,12,PANKAJ KUMAR,Independent,1064,0,1064,0.52
2384,S04207,BIHAR,CHENARI,13,PRAMHANSH KUMAR,Independent,1452,0,1452,0.71
2385,S04207,BIHAR,CHENARI,14,SUKHARI RAM,Independent,4265,1,4266,2.07
2386,S04207,BIHAR,CHENARI,15,HARE RAM RAM,Independent,2006,0,2006,0.97
2387,S04207,BIHAR,CHENARI,16,NOTA,None of the Above,2324,4,2328,1.13
2388,S04208,BIHAR,SASARAM,1,ARMAN AHMAD KHAN,Aam Aadmi Party,1063,4,1067,0.48
2389,S04208,BIHAR,SASARAM,2,ASHOK KUMAR,Bahujan Samaj Party,10177,84,10261,4.64
2390,S04208,BIHAR,SASARAM,3,SATENDRA SAH,Rashtriya Janata Dal,79046,517,79563,35.99
2391,S04208,BIHAR,SASARAM,4,ASHUTOSH SINGH,Nationalist Congress Party,695,13,708,0.32
2392,S04208,BIHAR,SASARAM,5,DHANJIT SHARMA,Jagrook Janta Party,1016,1,1017,0.46
2393,S04208,BIHAR,SASARAM,6,BINAY KUMAR SINGH,Jan Suraaj Party,6400,95,6495,2.94
2394,S04208,BIHAR,SASARAM,7,MD SHAHZAD HUSSAIN,Aazad Samaj Party (Kanshi Ram),3500,17,3517,1.59
2395,S04208,BIHAR,SASARAM,8,YASH RAJ SINGH,Jai Hind Force,598,2,600,0.27
2396,S04208,BIHAR,SASARAM,9,REKHA DEVI,Suheldev Bharatiya Samaj Party,2909,9,2918,1.32
2397,S04208,BIHAR,SASARAM,10,SNEHLATA,Rashtriya Lok Morcha,104701,305,105006,47.49
2398,S04208,BIHAR,SASARAM,11,ANAND KUMAR GUPTA,Independent,602,1,603,0.27
2399,S04208,BIHAR,SASARAM,12,ARIF ISAIN HUSSAIN,Independent,251,3,254,0.11
2400,S04208,BIHAR,SASARAM,13,OMJEET KUMAR,Independent,517,4,521,0.24
2401,S04208,BIHAR,SASARAM,14,KUMARI ARCHANA GUPTA,Independent,1024,3,1027,0.46
2402,S04208,BIHAR,SASARAM,15,KRISHNA KUMAR SINGH,Independent,346,0,346,0.16
2403,S04208,BIHAR,SASARAM,16,GEETA DEVI,Independent,876,0,876,0.4
2404,S04208,BIHAR,SASARAM,17,JAKIR HUSAIN,Independent,658,0,658,0.3
2405,S04208,BIHAR,SASARAM,18,NIRANJAN KUMAR,Independent,371,0,371,0.17
2406,S04208,BIHAR,SASARAM,19,BIMAL KANT DUBEY,Independent,860,0,860,0.39
2407,S04208,BIHAR,SASARAM,20,RAMAYAN PASWAN,Independent,326,1,327,0.15
2408,S04208,BIHAR,SASARAM,21,LAL MATI DEVI,Independent,345,2,347,0.16
2409,S04208,BIHAR,SASARAM,22,VIVEK KUMAR,Independent,2775,13,2788,1.26
2410,S04208,BIHAR,SASARAM,23,NOTA,None of the Above,953,8,961,0.43
2411,S04209,BIHAR,KARGAHAR,1,UDAY PRATAP SINGH,Bahujan Samaj Party,56551,258,56809,25.87
2412,S04209,BIHAR,KARGAHAR,2,BASHISTH SINGH,Janata Dal (United),92082,403,92485,42.12
2413,S04209,BIHAR,KARGAHAR,3,SANTOSH KUMAR MISHRA,Indian National Congress,39135,198,39333,17.91
2414,S04209,BIHAR,KARGAHAR,4,AMIT KUMAR,Rashtriya Sanatan Party,759,1,760,0.35
2415,S04209,BIHAR,KARGAHAR,5,MANTU KUMAR,Lok Shakti Party (Loktantrik),791,1,792,0.36
2416,S04209,BIHAR,KARGAHAR,6,MAHENDRA PRASAD GUPTA,Communist Party of India,2352,10,2362,1.08
2417,S04209,BIHAR,KARGAHAR,7,RAMESAR NONIYA,Rashtriya Jansambhavna Party,457,1,458,0.21
2418,S04209,BIHAR,KARGAHAR,8,RITESH RANJAN,Jan Suraaj Party,16208,90,16298,7.42
2419,S04209,BIHAR,KARGAHAR,9,GOVARDHAN SINGH,Independent,2495,4,2499,1.14
2420,S04209,BIHAR,KARGAHAR,10,DEEPAK KUMAR,Independent,468,0,468,0.21
2421,S04209,BIHAR,KARGAHAR,11,RAMSUNDAR PAL,Independent,1189,1,1190,0.54
2422,S04209,BIHAR,KARGAHAR,12,SHIV KUMAR SINGH,Independent,3097,0,3097,1.41
2423,S04209,BIHAR,KARGAHAR,13,NOTA,None of the Above,3012,1,3013,1.37
2424,S04210,BIHAR,DINARA,1,BHUPESH SINGH,Rashtriya Lok Janshakti Party,872,27,899,0.48
2425,S04210,BIHAR,DINARA,2,MALTI DEVI,Bahujan Samaj Party,8361,21,8382,4.48
2426,S04210,BIHAR,DINARA,3,SHASHI SHANKAR KUMAR ALIAS RAJESH YADAV,Rashtriya Janata Dal,67225,279,67504,36.09
2427,S04210,BIHAR,DINARA,4,ANIL KUMAR SINGH,Lohiya Janta Dal,1138,2,1140,0.61
2428,S04210,BIHAR,DINARA,5,ALOK KUMAR SINGH,Rashtriya Lok Morcha,78151,187,78338,41.88
2429,S04210,BIHAR,DINARA,6,MANOJ KUMAR SINGH,Nationalist Congress Party,777,4,781,0.42
2430,S04210,BIHAR,DINARA,7,SANJAY KUMAR,Jan Suraaj Party,6356,50,6406,3.42
2431,S04210,BIHAR,DINARA,8,ABHISHEK RANJAN,Independent,623,1,624,0.33
2432,S04210,BIHAR,DINARA,9,JAI KUMAR SINGH,Independent,17756,83,17839,9.54
2433,S04210,BIHAR,DINARA,10,NIRANJAN KUMAR RAY,Independent,680,1,681,0.36
2434,S04210,BIHAR,DINARA,11,MUNNA SINGH,Independent,1416,1,1417,0.76
2435,S04210,BIHAR,DINARA,12,RAMA KANT RAM,Independent,1422,0,1422,0.76
2436,S04210,BIHAR,DINARA,13,NOTA,None of the Above,1630,1,1631,0.87
2437,S04211,BIHAR,NOKHA,1,ANITA DEVI,Rashtriya Janata Dal,68688,451,69139,37.92
2438,S04211,BIHAR,NOKHA,2,NAGENDRA CHANDRAVANSHI,Janata Dal (United),92815,378,93193,51.12
2439,S04211,BIHAR,NOKHA,3,SUNITA KUMARI,Bahujan Samaj Party,4359,14,4373,2.4
2440,S04211,BIHAR,NOKHA,4,AJEET KUMAR SINGH,Peoples Party of India (Democratic),364,4,368,0.2
2441,S04211,BIHAR,NOKHA,5,ARVIND KUMAR,Bhartiya Lok Chetna Party,1301,6,1307,0.72
2442,S04211,BIHAR,NOKHA,6,ASHOK KUMAR SINGH,Lohiya Janta Dal,341,0,341,0.19
2443,S04211,BIHAR,NOKHA,7,DHANANJAY PASWAN,Suheldev Bharatiya Samaj Party,1377,4,1381,0.76
2444,S04211,BIHAR,NOKHA,8,NASRULLAH KHAN,Jan Suraaj Party,4766,65,4831,2.65
2445,S04211,BIHAR,NOKHA,9,RANJAN KUMAR CHAUDHARY,Bharateeya Manavadhikar party,430,0,430,0.24
2446,S04211,BIHAR,NOKHA,10,SANTOSH KUMAR SINGH,Rashtriya Jansambhavna Party,798,1,799,0.44
2447,S04211,BIHAR,NOKHA,11,SARVESHWAR TIWARY,Independent,2752,1,2753,1.51
2448,S04211,BIHAR,NOKHA,12,NOTA,None of the Above,3396,4,3400,1.86
2449,S04212,BIHAR,DEHRI,1,GUDDU KUMAR CHANDRAWANSI,Rashtriya Janata Dal,67622,432,68054,35.52
2450,S04212,BIHAR,DEHRI,2,RAJEEV RANJAN SINGH,Lok Janshakti Party (Ram Vilas),103684,338,104022,54.29
2451,S04212,BIHAR,DEHRI,3,PRADIP KUMAR JOSHI,Rashtra Sewa Dal,1749,13,1762,0.92
2452,S04212,BIHAR,DEHRI,4,PRADEEP LALLAN SINGH,Jan Suraaj Party,4289,34,4323,2.26
2453,S04212,BIHAR,DEHRI,5,PHATE BAHADUR SINGH,Aazad Samaj Party (Kanshi Ram),6961,42,7003,3.66
2454,S04212,BIHAR,DEHRI,6,INDRA RAJ ROUSHAN,Independent,356,2,358,0.19
2455,S04212,BIHAR,DEHRI,7,MD. EKRAM ANSARI,Independent,570,0,570,0.3
2456,S04212,BIHAR,DEHRI,8,RANJAN KUMAR,Independent,721,3,724,0.38
2457,S04212,BIHAR,DEHRI,9,SAMEER KUMAR,Independent,564,1,565,0.29
2458,S04212,BIHAR,DEHRI,10,SAROJ KUMAR SINGH,Independent,1804,2,1806,0.94
2459,S04212,BIHAR,DEHRI,11,NOTA,None of the Above,2400,5,2405,1.26
2460,S04213,BIHAR,KARAKAT,1,ARUN SINGH (VILL-AJNAP TOLA),Communist Party of India (Marxist-Leninist) (Liberation),73748,409,74157,37.51
2461,S04213,BIHAR,KARAKAT,2,BANDANA RAJ,Bahujan Samaj Party,7310,67,7377,3.73
2462,S04213,BIHAR,KARAKAT,3,MAHABALI SINGH,Janata Dal (United),71046,275,71321,36.07
2463,S04213,BIHAR,KARAKAT,4,MD. IRSHAD KHAN,Lohiya Janta Dal,992,3,995,0.5
2464,S04213,BIHAR,KARAKAT,5,NIRMAL SHARMA,Jagrook Janta Party,549,4,553,0.28
2465,S04213,BIHAR,KARAKAT,6,YOGENDRA SINGH,Jan Suraaj Party,7403,100,7503,3.79
2466,S04213,BIHAR,KARAKAT,7,AMIT UPADHAYAY,Independent,495,1,496,0.25
2467,S04213,BIHAR,KARAKAT,8,AMIT KUMAR MISHRA,Independent,662,5,667,0.34
2468,S04213,BIHAR,KARAKAT,9,AYODHYA RAM,Independent,585,2,587,0.3
2469,S04213,BIHAR,KARAKAT,10,ARUN SINGH (VILL-KURUR),Independent,592,8,600,0.3
2470,S04213,BIHAR,KARAKAT,11,JYOTI SINGH,Independent,23351,118,23469,11.87
2471,S04213,BIHAR,KARAKAT,12,BANSHIDHAR SINGH,Independent,3019,0,3019,1.53
2472,S04213,BIHAR,KARAKAT,13,MANTU CHOUDHARY,Independent,1206,0,1206,0.61
2473,S04213,BIHAR,KARAKAT,14,NOTA,None of the Above,5760,5,5765,2.92
2474,S04214,BIHAR,ARWAL,1,DIVYA BHARTI,Rashtriya Lok Janshakti Party,1700,24,1724,1.01
2475,S04214,BIHAR,ARWAL,2,MANOJ KUMAR,Bharatiya Janata Party,79400,454,79854,46.66
2476,S04214,BIHAR,ARWAL,3,MAHANAND SINGH,Communist Party of India (Marxist-Leninist) (Liberation),65247,514,65761,38.43
2477,S04214,BIHAR,ARWAL,4,SHEKHAR RAM,Bahujan Samaj Party,3706,13,3719,2.17
2478,S04214,BIHAR,ARWAL,5,ARUN KUMAR,Janshakti Janta Dal,794,10,804,0.47
2479,S04214,BIHAR,ARWAL,6,KUNTI DEVI,Jan Suraaj Party,3311,65,3376,1.97
2480,S04214,BIHAR,ARWAL,7,PANCHAM KUMAR,Suheldev Bharatiya Samaj Party,3173,3,3176,1.86
2481,S04214,BIHAR,ARWAL,8,MANSUR ALAM,Aam Janta Pragati Party,261,3,264,0.15
2482,S04214,BIHAR,ARWAL,9,VIKASH KUMAR,Desh Janhit Party,343,0,343,0.2
2483,S04214,BIHAR,ARWAL,10,AMITESH KUMAR,Independent,1608,9,1617,0.94
2484,S04214,BIHAR,ARWAL,11,KAJAL DEVI,Independent,433,3,436,0.25
2485,S04214,BIHAR,ARWAL,12,CHANDRA SHEKHAR YADAV,Independent,563,3,566,0.33
2486,S04214,BIHAR,ARWAL,13,MANOJ KUMAR SANTOSH,Independent,1434,5,1439,0.84
2487,S04214,BIHAR,ARWAL,14,VEERENDRA PRASAD,Independent,3879,0,3879,2.27
2488,S04214,BIHAR,ARWAL,15,SATYENDRA PRASAD SHARMA,Independent,2722,4,2726,1.59
2489,S04214,BIHAR,ARWAL,16,NOTA,None of the Above,1442,9,1451,0.85
2490,S04215,BIHAR,KURTHA,1,ARUN KUMAR ALIAS ARUN KUSHWAHA,Rashtriya Lok Samta Party,1420,8,1428,0.86
2491,S04215,BIHAR,KURTHA,2,ASHOK KUMAR,Bahujan Samaj Party,3321,17,3338,2.01
2492,S04215,BIHAR,KURTHA,3,UMA SHANKAR SHARAN,Aam Aadmi Party,1441,3,1444,0.87
2493,S04215,BIHAR,KURTHA,4,KUMAR KRISHNA MOHAN URF SUDAY YADAV,Rashtriya Janata Dal,68577,408,68985,41.59
2494,S04215,BIHAR,KURTHA,5,PAPPU KUMAR VERMA,Janata Dal (United),74089,377,74466,44.9
2495,S04215,BIHAR,KURTHA,6,RAMBALI SINGH,Jan Suraaj Party,4996,34,5030,3.03
2496,S04215,BIHAR,KURTHA,7,RUPESH KUMAR,Socialist Unity Centre Of India (COMMUNIST),929,1,930,0.56
2497,S04215,BIHAR,KURTHA,8,AVINASH KUMAR,Independent,474,2,476,0.29
2498,S04215,BIHAR,KURTHA,9,NIRAJ KUMAR,Independent,1200,1,1201,0.72
2499,S04215,BIHAR,KURTHA,10,BUDDHADEV SAV,Independent,2326,1,2327,1.4
2500,S04215,BIHAR,KURTHA,11,RAUSHAN KUMAR,Independent,1639,3,1642,0.99
2501,S04215,BIHAR,KURTHA,12,VIKASH KUMAR,Independent,1353,0,1353,0.82
2502,S04215,BIHAR,KURTHA,13,VINOD KUMAR,Independent,1460,4,1464,0.88
2503,S04215,BIHAR,KURTHA,14,NOTA,None of the Above,1778,5,1783,1.07
2504,S04216,BIHAR,JEHANABAD,1,CHANDESHWAR PRASAD,Janata Dal (United),85168,441,85609,44.23
2505,S04216,BIHAR,JEHANABAD,2,PRAMOD YADAV,Rashtriya Lok Janshakti Party,921,6,927,0.48
2506,S04216,BIHAR,JEHANABAD,3,BALESHWAR SINGH,Aam Aadmi Party,1172,3,1175,0.61
2507,S04216,BIHAR,JEHANABAD,4,RAHUL KUMAR,Rashtriya Janata Dal,85706,696,86402,44.64
2508,S04216,BIHAR,JEHANABAD,5,ABHIRAM SINGH,Jan Suraaj Party,5674,86,5760,2.98
2509,S04216,BIHAR,JEHANABAD,6,NITISH KUMAR,Bhagidari Party(P),899,6,905,0.47
2510,S04216,BIHAR,JEHANABAD,7,RAMBHA KUMARI,Samajwadi Lok Parishad,498,1,499,0.26
2511,S04216,BIHAR,JEHANABAD,8,RAJU KUMAR,Socialist Unity Centre Of India (COMMUNIST),931,1,932,0.48
2512,S04216,BIHAR,JEHANABAD,9,SIDDHANATH KUMAR,Kisan Sangharsh Samiti,1151,0,1151,0.59
2513,S04216,BIHAR,JEHANABAD,10,BABLU KUMAR,Independent,1262,12,1274,0.66
2514,S04216,BIHAR,JEHANABAD,11,RITESH KUMAR,Independent,4316,14,4330,2.24
2515,S04216,BIHAR,JEHANABAD,12,NOTA,None of the Above,4561,16,4577,2.36
2516,S04217,BIHAR,GHOSI,1,ANURADHA SINHA,Bahujan Samaj Party,3688,27,3715,2.17
2517,S04217,BIHAR,GHOSI,2,RAMBALI SINGH YADAV,Communist Party of India (Marxist-Leninist) (Liberation),68408,403,68811,40.1
2518,S04217,BIHAR,GHOSI,3,RITURAJ KUMAR,Janata Dal (United),80203,537,80740,47.05
2519,S04217,BIHAR,GHOSI,4,INDU KUMARI,Socialist Unity Centre Of India (COMMUNIST),1835,7,1842,1.07
2520,S04217,BIHAR,GHOSI,5,PRABHAT KUMAR,Jan Suraaj Party,3013,57,3070,1.79
2521,S04217,BIHAR,GHOSI,6,RAKESH ROUSHAN,Aam Janta Party Rashtriya,830,6,836,0.49
2522,S04217,BIHAR,GHOSI,7,VIJAY SHARMA,Bhartiya Sarthak Party,565,2,567,0.33
2523,S04217,BIHAR,GHOSI,8,SARYU PRASAD SINGH,Kisan Sangharsh Samiti,440,1,441,0.26
2524,S04217,BIHAR,GHOSI,9,RAJESH RANJAN,Independent,1926,5,1931,1.13
2525,S04217,BIHAR,GHOSI,10,WASIF HUSNAIN,Independent,3493,0,3493,2.04
2526,S04217,BIHAR,GHOSI,11,SATYENDRA PRASAD YADAV,Independent,3071,2,3073,1.79
2527,S04217,BIHAR,GHOSI,12,NOTA,None of the Above,3063,10,3073,1.79
2528,S04218,BIHAR,MAKHDUMPUR,1,CHHOTELAL PASWAN,Rashtriya Lok Janshakti Party,1723,10,1733,1.04
2529,S04218,BIHAR,MAKHDUMPUR,2,RANI KUMARI,Lok Janshakti Party (Ram Vilas),72535,404,72939,43.83
2530,S04218,BIHAR,MAKHDUMPUR,3,SUDHIR CHOUDHARY,Bahujan Samaj Party,3503,14,3517,2.11
2531,S04218,BIHAR,MAKHDUMPUR,4,SUBEDAR DAS,Rashtriya Janata Dal,74389,380,74769,44.93
2532,S04218,BIHAR,MAKHDUMPUR,5,DINESH PASWAN,Kisan Sangharsh Samiti,1143,2,1145,0.69
2533,S04218,BIHAR,MAKHDUMPUR,6,PREM KISHOR PASWAN,Bhartiya Lok Chetna Party,790,2,792,0.48
2534,S04218,BIHAR,MAKHDUMPUR,7,SHANKAR SWARUP,Jan Suraaj Party,4740,63,4803,2.89
2535,S04218,BIHAR,MAKHDUMPUR,8,MINTA DEVI,Independent,1180,4,1184,0.71
2536,S04218,BIHAR,MAKHDUMPUR,9,SHAILENDRA CHAUDHARI,Independent,2756,1,2757,1.66
2537,S04218,BIHAR,MAKHDUMPUR,10,NOTA,None of the Above,2756,4,2760,1.66
2538,S04219,BIHAR,GOH,1,AMRENDRA KUMAR,Rashtriya Janata Dal,93243,381,93624,44.23
2539,S04219,BIHAR,GOH,2,DR. RANVIJAY KUMAR,Bharatiya Janata Party,89282,301,89583,42.32
2540,S04219,BIHAR,GOH,3,SANJAY PRASAD ALIAS ER. SANJAY PRASAD KUSHWAHA,Bahujan Samaj Party,1938,8,1946,0.92
2541,S04219,BIHAR,GOH,4,ARUN KUMAR AMAR,Socialist Party (India),486,1,487,0.23
2542,S04219,BIHAR,GOH,5,MD EKLAKHA,Aazad Samaj Party (Kanshi Ram),6613,18,6631,3.13
2543,S04219,BIHAR,GOH,6,SITARAM DUKHARI,Jan Suraaj Party,7949,47,7996,3.78
2544,S04219,BIHAR,GOH,7,SONU KUMAR,Jagrook Janta Party,1369,2,1371,0.65
2545,S04219,BIHAR,GOH,8,AMIT KUMAR,Independent,890,3,893,0.42
2546,S04219,BIHAR,GOH,9,MUNDRIKA PRASAD,Independent,452,0,452,0.21
2547,S04219,BIHAR,GOH,10,RAJEEV RANJAN,Independent,922,0,922,0.44
2548,S04219,BIHAR,GOH,11,SHIV SHANKER SINGH,Independent,3114,1,3115,1.47
2549,S04219,BIHAR,GOH,12,NOTA,None of the Above,4646,3,4649,2.2
2550,S04220,BIHAR,OBRA,1,RISHI KUMAR,Rashtriya Janata Dal,79025,600,79625,38.95
2551,S04220,BIHAR,OBRA,2,PRAKASH CHANDRA,Lok Janshakti Party (Ram Vilas),91177,461,91638,44.83
2552,S04220,BIHAR,OBRA,3,PRATIMA KUMARI,Rashtriya Lok Janshakti Party,1089,7,1096,0.54
2553,S04220,BIHAR,OBRA,4,SANJAY KUMAR,Bahujan Samaj Party,7873,23,7896,3.86
2554,S04220,BIHAR,OBRA,5,AJIT KUMAR,Aam Janta Party Rashtriya,369,4,373,0.18
2555,S04220,BIHAR,OBRA,6,UDAY NARAYAN RAJBHAR,Suheldev Bharatiya Samaj Party,3968,0,3968,1.94
2556,S04220,BIHAR,OBRA,7,JAYNAND RAM,New India United Party,300,1,301,0.15
2557,S04220,BIHAR,OBRA,8,JITENDRA DUBEY,Akhil Bharatiya Jan Sangh,484,1,485,0.24
2558,S04220,BIHAR,OBRA,9,DHARMENDRA KUMAR,Jagrook Janta Party,610,3,613,0.3
2559,S04220,BIHAR,OBRA,10,DR. DHARMENDRA KUMAR,Akhil Hind Forward Bloc (Krantikari),369,2,371,0.18
2560,S04220,BIHAR,OBRA,11,SUDHIR KUMAR SHARMA,Jan Suraaj Party,3707,72,3779,1.85
2561,S04220,BIHAR,OBRA,12,SOM PRAKASH,Swaraj Party (Loktantrik),1674,12,1686,0.82
2562,S04220,BIHAR,OBRA,13,DHIRAJ KUMAR,Independent,480,2,482,0.24
2563,S04220,BIHAR,OBRA,14,BRAJ KISHOR SINGH,Independent,829,0,829,0.41
2564,S04220,BIHAR,OBRA,15,MD TAUFIQUE ALAM,Independent,4564,2,4566,2.23
2565,S04220,BIHAR,OBRA,16,RAM RAJ YADAV,Independent,2820,0,2820,1.38
2566,S04220,BIHAR,OBRA,17,SHIV NATH SAV,Independent,1398,0,1398,0.68
2567,S04220,BIHAR,OBRA,18,HARISANT KUMAR,Independent,1574,3,1577,0.77
2568,S04220,BIHAR,OBRA,19,NOTA,None of the Above,912,7,919,0.45
2569,S04221,BIHAR,NABINAGAR,1,AMOD KUMAR SINGH,Rashtriya Janata Dal,79977,291,80268,42.23
2570,S04221,BIHAR,NABINAGAR,2,CHETAN ANAND,Janata Dal (United),80115,265,80380,42.29
2571,S04221,BIHAR,NABINAGAR,3,VINOD KUMAR,Bahujan Samaj Party,6578,17,6595,3.47
2572,S04221,BIHAR,NABINAGAR,4,AJAY BHUIYAN,Swaraj Party (Loktantrik),707,2,709,0.37
2573,S04221,BIHAR,NABINAGAR,5,ANIL RAM,Socialist Unity Centre Of India (COMMUNIST),904,2,906,0.48
2574,S04221,BIHAR,NABINAGAR,6,ARCHANA CHANDRA,Jan Suraaj Party,4033,52,4085,2.15
2575,S04221,BIHAR,NABINAGAR,7,DHARMENDRA RAJWAR,Suheldev Bharatiya Samaj Party,2333,3,2336,1.23
2576,S04221,BIHAR,NABINAGAR,8,MRITUNJAY KUMAR,Independent,3652,18,3670,1.93
2577,S04221,BIHAR,NABINAGAR,9,LAV KUMAR SINGH,Independent,7050,25,7075,3.72
2578,S04221,BIHAR,NABINAGAR,10,NOTA,None of the Above,4037,5,4042,2.13
2579,S04222,BIHAR,KUTUMBA,1,PRAKASH KUMAR,Bahujan Samaj Party,2538,11,2549,1.47
2580,S04222,BIHAR,KUTUMBA,2,RAJESH KUMAR,Indian National Congress,62922,280,63202,36.4
2581,S04222,BIHAR,KUTUMBA,3,ANGAD KUMAR,Gana Suraksha Party,1411,1,1412,0.81
2582,S04222,BIHAR,KUTUMBA,4,RAM JANAM RAM,Aazad Samaj Party (Kanshi Ram),6014,8,6022,3.47
2583,S04222,BIHAR,KUTUMBA,5,RIMA KUMARI,Rashtrawadi Janlok Party (Satya),1019,0,1019,0.59
2584,S04222,BIHAR,KUTUMBA,6,LALAN RAM,Hindustani Awam Morcha (Secular),84465,262,84727,48.79
2585,S04222,BIHAR,KUTUMBA,7,SHYAMBALI RAM,Jan Suraaj Party,6029,36,6065,3.49
2586,S04222,BIHAR,KUTUMBA,8,NARENDRA KUMAR RAM,Independent,860,4,864,0.5
2587,S04222,BIHAR,KUTUMBA,9,PUSHP LATA DEVI,Independent,1424,3,1427,0.82
2588,S04222,BIHAR,KUTUMBA,10,RAKESH RAM,Independent,1165,0,1165,0.67
2589,S04222,BIHAR,KUTUMBA,11,VIRAMANU KUMAR BHUSHAN,Independent,2575,3,2578,1.48
2590,S04222,BIHAR,KUTUMBA,12,NOTA,None of the Above,2610,4,2614,1.51
2591,S04223,BIHAR,AURANGABAD,1,ANAND SHANKAR SINGH,Indian National Congress,79761,645,80406,40
2592,S04223,BIHAR,AURANGABAD,2,TRIVIKRAM NARAYAN SINGH,Bharatiya Janata Party,86837,363,87200,43.38
2593,S04223,BIHAR,AURANGABAD,3,SHAKTI KUMAR MISHRA,Bahujan Samaj Party,19682,94,19776,9.84
2594,S04223,BIHAR,AURANGABAD,4,NAND KISHOR YADAV,Jan Suraaj Party,2723,32,2755,1.37
2595,S04223,BIHAR,AURANGABAD,5,PRAYAG PASWAN,Socialist Unity Centre Of India (COMMUNIST),293,4,297,0.15
2596,S04223,BIHAR,AURANGABAD,6,VINAY KUMAR SINGH,Akhil Hind Forward Bloc (Krantikari),302,0,302,0.15
2597,S04223,BIHAR,AURANGABAD,7,AJIT KUMAR,Independent,198,0,198,0.1
2598,S04223,BIHAR,AURANGABAD,8,ASHISH KUMAR SONI,Independent,258,0,258,0.13
2599,S04223,BIHAR,AURANGABAD,9,DHIRENDRA KUMAR SINGH,Independent,273,0,273,0.14
2600,S04223,BIHAR,AURANGABAD,10,NEHA KUMARI,Independent,370,2,372,0.19
2601,S04223,BIHAR,AURANGABAD,11,BINOD PRASAD CHAUDHARI,Independent,339,1,340,0.17
2602,S04223,BIHAR,AURANGABAD,12,RAM SWARUP PASWAN,Independent,654,4,658,0.33
2603,S04223,BIHAR,AURANGABAD,13,RAMBAHADUR SINGH,Independent,618,0,618,0.31
2604,S04223,BIHAR,AURANGABAD,14,LOKNATH SINGH,Independent,1335,0,1335,0.66
2605,S04223,BIHAR,AURANGABAD,15,SURENDRA PRASAD,Independent,2854,0,2854,1.42
2606,S04223,BIHAR,AURANGABAD,16,NOTA,None of the Above,3346,6,3352,1.67
2607,S04224,BIHAR,RAFIGANJ,1,GHULAM SHAHID,Rashtriya Janata Dal,95198,361,95559,42.61
2608,S04224,BIHAR,RAFIGANJ,2,PRAMOD KUMAR SINGH,Janata Dal (United),107120,395,107515,47.95
2609,S04224,BIHAR,RAFIGANJ,3,SUMAN KUMARI,Bahujan Samaj Party,4410,22,4432,1.98
2610,S04224,BIHAR,RAFIGANJ,4,MAHESHWAR PASWAN,Akhil Hind Forward Bloc (Krantikari),430,4,434,0.19
2611,S04224,BIHAR,RAFIGANJ,5,RAJESH KUMAR,Sampoorna Bharat Kranti Party,247,0,247,0.11
2612,S04224,BIHAR,RAFIGANJ,6,RAHUL KUMAR,Jagrook Janta Party,437,1,438,0.2
2613,S04224,BIHAR,RAFIGANJ,7,VIKASH KUMAR SINGH,Jan Suraaj Party,3008,21,3029,1.35
2614,S04224,BIHAR,RAFIGANJ,8,UPENDRA KUMAR,Independent,555,0,555,0.25
2615,S04224,BIHAR,RAFIGANJ,9,NANDLAL SUMAN,Independent,1051,0,1051,0.47
2616,S04224,BIHAR,RAFIGANJ,10,RITESH KUMAR,Independent,773,1,774,0.35
2617,S04224,BIHAR,RAFIGANJ,11,SAT NARAIN,Independent,1031,1,1032,0.46
2618,S04224,BIHAR,RAFIGANJ,12,SURYADEEP SINGH,Independent,4214,1,4215,1.88
2619,S04224,BIHAR,RAFIGANJ,13,NOTA,None of the Above,4954,4,4958,2.21
2620,S04225,BIHAR,GURUA,1,UPENDRA PRASAD,Bharatiya Janata Party,99423,335,99758,49.02
2621,S04225,BIHAR,GURUA,2,NITISH KUMAR,Rashtriya Lok Janshakti Party,1143,5,1148,0.56
2622,S04225,BIHAR,GURUA,3,RAGHVENDRA NARAYAN YADAV,Bahujan Samaj Party,8211,31,8242,4.05
2623,S04225,BIHAR,GURUA,4,VINAY KUMAR,Rashtriya Janata Dal,75235,329,75564,37.13
2624,S04225,BIHAR,GURUA,5,ANIL SINGH,Yuva Samriddhi Dal,1170,1,1171,0.58
2625,S04225,BIHAR,GURUA,6,GAUTAM KUMAR,Swaraj Party (Loktantrik),520,3,523,0.26
2626,S04225,BIHAR,GURUA,7,DHARMENDRA NARAYAN,Rashtriya Jantantrik Morcha,600,0,600,0.29
2627,S04225,BIHAR,GURUA,8,SANJEEVA SHYAM SINGH,Jan Suraaj Party,4348,52,4400,2.16
2628,S04225,BIHAR,GURUA,9,SAMTA KUMAR,Akhil Hind Forward Bloc (Krantikari),575,0,575,0.28
2629,S04225,BIHAR,GURUA,10,SYED IMRAN NABI,Aazad Samaj Party (Kanshi Ram),3509,5,3514,1.73
2630,S04225,BIHAR,GURUA,11,NAGDEV PASWAN,Independent,1890,2,1892,0.93
2631,S04225,BIHAR,GURUA,12,MAHENDRA KUMAR,Independent,1034,1,1035,0.51
2632,S04225,BIHAR,GURUA,13,RAJENDRA KUMAR,Independent,1140,0,1140,0.56
2633,S04225,BIHAR,GURUA,14,NOTA,None of the Above,3942,4,3946,1.94
2634,S04226,BIHAR,SHERGHATI,1,UDAY KUMAR SINGH,Lok Janshakti Party (Ram Vilas),77118,152,77270,38.13
2635,S04226,BIHAR,SHERGHATI,2,PRAMOD KUMAR VERMA,Rashtriya Janata Dal,63468,278,63746,31.46
2636,S04226,BIHAR,SHERGHATI,3,SHAILESH KUMAR MISHRA,Bahujan Samaj Party,2725,20,2745,1.35
2637,S04226,BIHAR,SHERGHATI,4,KARAN RAJ,Moulik Adhikar Party,1534,1,1535,0.76
2638,S04226,BIHAR,SHERGHATI,5,PANKAJ KUMAR MISHRA,Samajwadi Lok Parishad,695,0,695,0.34
2639,S04226,BIHAR,SHERGHATI,6,PAWAN KISHORE,Jan Suraaj Party,18859,123,18982,9.37
2640,S04226,BIHAR,SHERGHATI,7,SHANE ALI KHAN,All India Majlis-E-Ittehadul Muslimeen,14722,32,14754,7.28
2641,S04226,BIHAR,SHERGHATI,8,SANTOSH THAKUR,Swaraj Party (Loktantrik),771,3,774,0.38
2642,S04226,BIHAR,SHERGHATI,9,CHANDRADEV KUMAR YADAV,Independent,671,1,672,0.33
2643,S04226,BIHAR,SHERGHATI,10,MUKESH KUMAR YADAV,Independent,2695,12,2707,1.34
2644,S04226,BIHAR,SHERGHATI,11,RAJIV KUMAR,Independent,938,2,940,0.46
2645,S04226,BIHAR,SHERGHATI,12,SHAVINA PRAVIN,Independent,1309,0,1309,0.65
2646,S04226,BIHAR,SHERGHATI,13,SARJU DAS JEE MAHARAJ,Independent,1258,1,1259,0.62
2647,S04226,BIHAR,SHERGHATI,14,SURENDRA KUMAR SUMAN,Independent,8253,31,8284,4.09
2648,S04226,BIHAR,SHERGHATI,15,NOTA,None of the Above,6967,1,6968,3.44
2649,S04227,BIHAR,IMAMGANJ,1,RITU PRIYA CHAUDHARY,Rashtriya Janata Dal,78758,247,79005,38.3
2650,S04227,BIHAR,IMAMGANJ,2,DR. AJEET KUMAR,Jan Suraaj Party,11834,78,11912,5.77
2651,S04227,BIHAR,IMAMGANJ,3,DEEPA KUMARI,Hindustani Awam Morcha (Secular),104650,211,104861,50.83
2652,S04227,BIHAR,IMAMGANJ,4,BANARSI DAS,Peoples Party of India (Democratic),2048,1,2049,0.99
2653,S04227,BIHAR,IMAMGANJ,5,VIGAN PASWAN,New India United Party,1123,2,1125,0.55
2654,S04227,BIHAR,IMAMGANJ,6,TENGAR PASWAN,Independent,2312,1,2313,1.12
2655,S04227,BIHAR,IMAMGANJ,7,RAMBALI RISHIASHAN,Independent,1419,1,1420,0.69
2656,S04227,BIHAR,IMAMGANJ,8,NOTA,None of the Above,3596,0,3596,1.74
2657,S04228,BIHAR,BARACHATTI,1,TANUSHREE KUMARI,Rashtriya Janata Dal,99047,331,99378,43.54
2658,S04228,BIHAR,BARACHATTI,2,G S RAMCHANDRA DAS,Bahujan Samaj Party,3138,12,3150,1.38
2659,S04228,BIHAR,BARACHATTI,3,SHIVNATH KUMAR NIRALA,Rashtriya Lok Janshakti Party,1184,8,1192,0.52
2660,S04228,BIHAR,BARACHATTI,4,ARJUN BHUIYAN,Vikas Vanchit Insan Party,865,1,866,0.38
2661,S04228,BIHAR,BARACHATTI,5,INDRADEV PASWAN,Rashtriya Jansambhavna Party,1495,1,1496,0.66
2662,S04228,BIHAR,BARACHATTI,6,JYOTI DEVI,Hindustani Awam Morcha (Secular),108059,212,108271,47.44
2663,S04228,BIHAR,BARACHATTI,7,MANOJ PASWAN,Peoples Party of India (Democratic),2658,3,2661,1.17
2664,S04228,BIHAR,BARACHATTI,8,SANJAY MANDAL,Socialist Party (India),718,2,720,0.32
2665,S04228,BIHAR,BARACHATTI,9,HEMANT KUMAR,Jan Suraaj Party,3944,23,3967,1.74
2666,S04228,BIHAR,BARACHATTI,10,RAHUL KUMAR,Independent,859,0,859,0.38
2667,S04228,BIHAR,BARACHATTI,11,VINAY PASWAN,Independent,1346,0,1346,0.59
2668,S04228,BIHAR,BARACHATTI,12,NOTA,None of the Above,4322,7,4329,1.9
2669,S04229,BIHAR,BODH GAYA,1,KUMAR SARVJEET,Rashtriya Janata Dal,99717,519,100236,43.38
2670,S04229,BIHAR,BODH GAYA,2,SHYAMDEO PASWAN,Lok Janshakti Party (Ram Vilas),99089,266,99355,43
2671,S04229,BIHAR,BODH GAYA,3,ASHOK KUMAR PASWAN,Vikas Vanchit Insan Party,3674,1,3675,1.59
2672,S04229,BIHAR,BODH GAYA,4,UDAY DAS,Peoples Party of India (Democratic),1536,7,1543,0.67
2673,S04229,BIHAR,BODH GAYA,5,LAKSHMAN MANJHI,Jan Suraaj Party,3983,41,4024,1.74
2674,S04229,BIHAR,BODH GAYA,6,VIRENDRA RAJVANSHI ALIAS BIGENDRA KUMAR,Suheldev Bharatiya Samaj Party,1002,3,1005,0.43
2675,S04229,BIHAR,BODH GAYA,7,SUGIYA DEVI,Moolniwasi Samaj Party,653,0,653,0.28
2676,S04229,BIHAR,BODH GAYA,8,KUMAR PARDEEP,Independent,1110,4,1114,0.48
2677,S04229,BIHAR,BODH GAYA,9,NANDLAL KUMAR,Independent,10147,34,10181,4.41
2678,S04229,BIHAR,BODH GAYA,10,RAMSWRUP RISHIYASAN,Independent,3327,0,3327,1.44
2679,S04229,BIHAR,BODH GAYA,11,NOTA,None of the Above,5956,4,5960,2.58
2680,S04230,BIHAR,GAYA TOWN,1,AKHAURY ONKAR NATH,Indian National Congress,64143,312,64455,38.61
2681,S04230,BIHAR,GAYA TOWN,2,ANIL KUMAR,Aam Aadmi Party,568,2,570,0.34
2682,S04230,BIHAR,GAYA TOWN,3,PREM KUMAR,Bharatiya Janata Party,90529,349,90878,54.43
2683,S04230,BIHAR,GAYA TOWN,4,RAFATALI KHAN,Bahujan Samaj Party,722,2,724,0.43
2684,S04230,BIHAR,GAYA TOWN,5,AMRENDRA KUMAR,Rashtriya Sanatan Party,187,0,187,0.11
2685,S04230,BIHAR,GAYA TOWN,6,DHIRENDRA AGARWAL,Jan Suraaj Party,4413,66,4479,2.68
2686,S04230,BIHAR,GAYA TOWN,7,PURUSHOTTAM KUMAR SINHA,Samaj Satta Dal,101,1,102,0.06
2687,S04230,BIHAR,GAYA TOWN,8,MD. MANSUR ANSARI,Peace Party,135,1,136,0.08
2688,S04230,BIHAR,GAYA TOWN,9,MUNNA KUMAR,Samajwadi Lok Parishad,98,0,98,0.06
2689,S04230,BIHAR,GAYA TOWN,10,MOHAN KUMAR,Gantantrik Samaj Party,335,1,336,0.2
2690,S04230,BIHAR,GAYA TOWN,11,RAJ KISHOR SINGH,Peoples Party of India (Democratic),272,2,274,0.16
2691,S04230,BIHAR,GAYA TOWN,12,KASHI PRASAD,Independent,240,2,242,0.14
2692,S04230,BIHAR,GAYA TOWN,13,NARESH PARSAD,Independent,242,1,243,0.15
2693,S04230,BIHAR,GAYA TOWN,14,PREM KUMAR S/O-AYODHYA SAW,Independent,738,1,739,0.44
2694,S04230,BIHAR,GAYA TOWN,15,PREM KUMAR S/O-VISHNAHARI UPADHYAY,Independent,284,1,285,0.17
2695,S04230,BIHAR,GAYA TOWN,16,MUKESH KUMAR SINHA,Independent,1115,0,1115,0.67
2696,S04230,BIHAR,GAYA TOWN,17,RAVI RANJAN,Independent,631,5,636,0.38
2697,S04230,BIHAR,GAYA TOWN,18,SHIWAM KUMAR SINHA,Independent,90,0,90,0.05
2698,S04230,BIHAR,GAYA TOWN,19,SHISH MANI KUMAR,Independent,347,0,347,0.21
2699,S04230,BIHAR,GAYA TOWN,20,SANJEET KUMAR,Independent,97,2,99,0.06
2700,S04230,BIHAR,GAYA TOWN,21,MD SAMIM,Independent,187,0,187,0.11
2701,S04230,BIHAR,GAYA TOWN,22,HASAB AKHTAR,Independent,100,0,100,0.06
2702,S04230,BIHAR,GAYA TOWN,23,NOTA,None of the Above,626,10,636,0.38
2703,S04231,BIHAR,TIKARI,1,AJAY KUMAR,Rashtriya Janata Dal,97017,533,97550,45.79
2704,S04231,BIHAR,TIKARI,2,UDAY PASWAN,Bahujan Samaj Party,2783,24,2807,1.32
2705,S04231,BIHAR,TIKARI,3,ANIL KUMAR,Hindustani Awam Morcha (Secular),94957,535,95492,44.83
2706,S04231,BIHAR,TIKARI,4,DHARMENDRA PASWAN,Samata Party,1136,6,1142,0.54
2707,S04231,BIHAR,TIKARI,5,RAMJEET SINGH,Rashtriya Jansambhavna Party,666,3,669,0.31
2708,S04231,BIHAR,TIKARI,6,SHAKTIMAN STUTYA,Vocal India Party,281,0,281,0.13
2709,S04231,BIHAR,TIKARI,7,SHASHI KUMAR,Jan Suraaj Party,2490,62,2552,1.2
2710,S04231,BIHAR,TIKARI,8,ASHOK KUMAR,Independent,466,2,468,0.22
2711,S04231,BIHAR,TIKARI,9,KUNDAN KUMAR,Independent,467,4,471,0.22
2712,S04231,BIHAR,TIKARI,10,MANOJ KUMAR BHARTI,Independent,1420,5,1425,0.67
2713,S04231,BIHAR,TIKARI,11,MUNNA KUMAR,Independent,2166,4,2170,1.02
2714,S04231,BIHAR,TIKARI,12,SUBODH KUMAR SINGH,Independent,3704,26,3730,1.75
2715,S04231,BIHAR,TIKARI,13,NOTA,None of the Above,4264,4,4268,2
2716,S04232,BIHAR,BELAGANJ,1,MADHUMALA KUMARI,Aam Aadmi Party,2202,2,2204,1.08
2717,S04232,BIHAR,BELAGANJ,2,MANORMA DEVI,Janata Dal (United),95218,467,95685,46.67
2718,S04232,BIHAR,BELAGANJ,3,VISHVANATH KUMAR SINGH,Rashtriya Janata Dal,92345,458,92803,45.27
2719,S04232,BIHAR,BELAGANJ,4,MD. ABDULLAH,Bharatiya Sampuran Krantikari Party,962,5,967,0.47
2720,S04232,BIHAR,BELAGANJ,5,RICHA JHA,Samajwadi Lok Parishad,621,3,624,0.3
2721,S04232,BIHAR,BELAGANJ,6,KRISHNA PRASAD SINGH,Peoples Party of India (Democratic),344,3,347,0.17
2722,S04232,BIHAR,BELAGANJ,7,TARAVEJ ALAM,The National Road Map Party of India,258,0,258,0.13
2723,S04232,BIHAR,BELAGANJ,8,MD. SHAHABUDDIN,Jan Suraaj Party,1598,23,1621,0.79
2724,S04232,BIHAR,BELAGANJ,9,MD. ISTIYAQUE AHMAD,Independent,835,2,837,0.41
2725,S04232,BIHAR,BELAGANJ,10,RAHUL RANJAN,Independent,1267,1,1268,0.62
2726,S04232,BIHAR,BELAGANJ,11,LALU YADAV,Independent,2767,2,2769,1.35
2727,S04232,BIHAR,BELAGANJ,12,VIBHUTI NARAYAN SINGH,Independent,2562,0,2562,1.25
2728,S04232,BIHAR,BELAGANJ,13,NOTA,None of the Above,3065,9,3074,1.5
2729,S04233,BIHAR,ATRI,1,BAIJAYANTI DEVI,Rashtriya Janata Dal,75973,352,76325,38.62
2730,S04233,BIHAR,ATRI,2,MD. VAKIL VARISH,Bahujan Samaj Party,2802,15,2817,1.43
2731,S04233,BIHAR,ATRI,3,AVINASH KUMAR SONU,Janshakti Janta Dal,1013,13,1026,0.52
2732,S04233,BIHAR,ATRI,4,AKASH KUMAR,Jagrook Janta Party,1134,3,1137,0.58
2733,S04233,BIHAR,ATRI,5,ROMIT KUMAR,Hindustani Awam Morcha (Secular),101838,264,102102,51.66
2734,S04233,BIHAR,ATRI,6,SHAILENDRA KUMAR,Jan Suraaj Party,3136,41,3177,1.61
2735,S04233,BIHAR,ATRI,7,SAHIL KUMAR,Peoples Party of India (Democratic),1118,2,1120,0.57
2736,S04233,BIHAR,ATRI,8,ANJU DEVI,Independent,810,4,814,0.41
2737,S04233,BIHAR,ATRI,9,CHANDAN,Independent,2110,2,2112,1.07
2738,S04233,BIHAR,ATRI,10,VIDYABHUSHAN KUMAR,Independent,1337,6,1343,0.68
2739,S04233,BIHAR,ATRI,11,SUDHIR KUMAR,Independent,932,1,933,0.47
2740,S04233,BIHAR,ATRI,12,SUBHASH KUMAR SINHA,Independent,1223,0,1223,0.62
2741,S04233,BIHAR,ATRI,13,NOTA,None of the Above,3511,5,3516,1.78
2742,S04234,BIHAR,WAZIRGANJ,1,AWADHESH KUMAR SINGH,Indian National Congress,81359,482,81841,38.93
2743,S04234,BIHAR,WAZIRGANJ,2,CHITRANJAN KUMAR,Bahujan Samaj Party,14233,70,14303,6.8
2744,S04234,BIHAR,WAZIRGANJ,3,MOHAMMAD JULKAR NAIN,Rashtriya Lok Janshakti Party,990,4,994,0.47
2745,S04234,BIHAR,WAZIRGANJ,4,BIRENDRA SINGH,Bharatiya Janata Party,94184,390,94574,44.99
2746,S04234,BIHAR,WAZIRGANJ,5,PREM KUMAR,Janshakti Janta Dal,1315,1,1316,0.63
2747,S04234,BIHAR,WAZIRGANJ,6,SHAMBHU SHARAN SHEROMANI,Jagrook Janta Party,664,2,666,0.32
2748,S04234,BIHAR,WAZIRGANJ,7,SANTOSH KUMAR,Jan Suraaj Party,4950,67,5017,2.39
2749,S04234,BIHAR,WAZIRGANJ,8,SUNIL KUMAR,Peoples Party of India (Democratic),904,4,908,0.43
2750,S04234,BIHAR,WAZIRGANJ,9,SURESH RAJVANSHI,Moolniwasi Samaj Party,1979,1,1980,0.94
2751,S04234,BIHAR,WAZIRGANJ,10,CHANDAN KUMAR,Independent,2251,0,2251,1.07
2752,S04234,BIHAR,WAZIRGANJ,11,PIKAN MANJHI,Independent,758,2,760,0.36
2753,S04234,BIHAR,WAZIRGANJ,12,SANJAY KUMAR,Independent,1142,0,1142,0.54
2754,S04234,BIHAR,WAZIRGANJ,13,NOTA,None of the Above,4452,8,4460,2.12
2755,S04235,BIHAR,RAJAULI,1,AKHLESH KUMAR,Bahujan Samaj Party,3824,8,3832,1.91
2756,S04235,BIHAR,RAJAULI,2,PINKI BHARTI,Rashtriya Janata Dal,85906,413,86319,43.01
2757,S04235,BIHAR,RAJAULI,3,PRATIMA KUMARI,Rashtriya Lok Janshakti Party,2255,7,2262,1.13
2758,S04235,BIHAR,RAJAULI,4,RANJIT KUMAR,Aam Aadmi Party,1201,5,1206,0.6
2759,S04235,BIHAR,RAJAULI,5,VIMAL RAJBANSHI,Lok Janshakti Party (Ram Vilas),90097,175,90272,44.98
2760,S04235,BIHAR,RAJAULI,6,CHANDAN KUMAR,Suheldev Bharatiya Samaj Party,2159,1,2160,1.08
2761,S04235,BIHAR,RAJAULI,7,NARESH CHAUDHARI,Jan Suraaj Party,3296,25,3321,1.65
2762,S04235,BIHAR,RAJAULI,8,PRAKASH VIR,Janshakti Janta Dal,2842,14,2856,1.42
2763,S04235,BIHAR,RAJAULI,9,GORELAL CHAUDHARY,Independent,1011,2,1013,0.5
2764,S04235,BIHAR,RAJAULI,10,RAMANAND CHAUDHARY,Independent,1053,1,1054,0.53
2765,S04235,BIHAR,RAJAULI,11,VIJAY KAMESHWAR PASWAN,Independent,2119,1,2120,1.06
2766,S04235,BIHAR,RAJAULI,12,NOTA,None of the Above,4284,2,4286,2.14
2767,S04236,BIHAR,HISUA,1,ANIL SINGH,Bharatiya Janata Party,95490,395,95885,44.4
2768,S04236,BIHAR,HISUA,2,DINANATH THAKUR,Rashtriya Lok Janshakti Party,1530,2,1532,0.71
2769,S04236,BIHAR,HISUA,3,NITU KUMARI,Indian National Congress,67689,347,68036,31.51
2770,S04236,BIHAR,HISUA,4,SUNIL KUMAR,Bahujan Samaj Party,1499,4,1503,0.7
2771,S04236,BIHAR,HISUA,5,ANIL KUMAR,Indian National Socialistic Action Forces,1298,1,1299,0.6
2772,S04236,BIHAR,HISUA,6,DAYA NAND PRASAD,Vikas Vanchit Insan Party,604,1,605,0.28
2773,S04236,BIHAR,HISUA,7,PAWAN KUMAR,Peoples Party of India (Democratic),569,3,572,0.26
2774,S04236,BIHAR,HISUA,8,RAMANANDAN RAJAVANSHI,Suheldev Bharatiya Samaj Party,595,1,596,0.28
2775,S04236,BIHAR,HISUA,9,RAMBALAK SHARMA,Jagrook Janta Party,839,3,842,0.39
2776,S04236,BIHAR,HISUA,10,SURY DEV PRASAD,Jan Suraaj Party,5012,51,5063,2.34
2777,S04236,BIHAR,HISUA,11,AJAD GEETA PRASAD SHARMA,Independent,1381,0,1381,0.64
2778,S04236,BIHAR,HISUA,12,DHARMENDRA KUMAR,Independent,27821,50,27871,12.91
2779,S04236,BIHAR,HISUA,13,SUNIL KUMAR NIRALA,Independent,3869,1,3870,1.79
2780,S04236,BIHAR,HISUA,14,SONALI KUMARI,Independent,1945,4,1949,0.9
2781,S04236,BIHAR,HISUA,15,NOTA,None of the Above,4938,3,4941,2.29
2782,S04237,BIHAR,NAWADA,1,ASHOK KUMAR,Bahujan Samaj Party,2282,3,2285,1.13
2783,S04237,BIHAR,NAWADA,2,KAUSHAL YADAV,Rashtriya Janata Dal,59482,347,59829,29.69
2784,S04237,BIHAR,NAWADA,3,VIBHA DEVI,Janata Dal (United),86985,438,87423,43.39
2785,S04237,BIHAR,NAWADA,4,ANITA KUMARI,Bhartiya Lok Chetna Party,3087,24,3111,1.54
2786,S04237,BIHAR,NAWADA,5,ANUJ SINGH,Jan Suraaj Party,19185,164,19349,9.6
2787,S04237,BIHAR,NAWADA,6,NASIMA KHATOON,All India Majlis-E-Ittehadul Muslimeen,12778,57,12835,6.37
2788,S04237,BIHAR,NAWADA,7,SUBHASH SINGH,Indian National Socialistic Action Forces,658,1,659,0.33
2789,S04237,BIHAR,NAWADA,8,JITENDRA PRASAD,Independent,1983,12,1995,0.99
2790,S04237,BIHAR,NAWADA,9,PREM KUMAR,Independent,1702,2,1704,0.85
2791,S04237,BIHAR,NAWADA,10,MANOJ KUMAR,Independent,1862,0,1862,0.92
2792,S04237,BIHAR,NAWADA,11,RAVISH KUMAR,Independent,4316,1,4317,2.14
2793,S04237,BIHAR,NAWADA,12,BIBHA KUMARI,Independent,2855,2,2857,1.42
2794,S04237,BIHAR,NAWADA,13,NOTA,None of the Above,3264,4,3268,1.62
2795,S04238,BIHAR,GOBINDPUR,1,PURNIMA YADAV,Rashtriya Janata Dal,49461,214,49675,27.46
2796,S04238,BIHAR,GOBINDPUR,2,BINITA MEHTA,Lok Janshakti Party (Ram Vilas),72360,221,72581,40.12
2797,S04238,BIHAR,GOBINDPUR,3,POONAM KUMARI,Jan Suraaj Party,3901,16,3917,2.17
2798,S04238,BIHAR,GOBINDPUR,4,MUKESH RAM,Suheldev Bharatiya Samaj Party,2961,4,2965,1.64
2799,S04238,BIHAR,GOBINDPUR,5,SANJAY YADAV,Indian National Socialistic Action Forces,698,0,698,0.39
2800,S04238,BIHAR,GOBINDPUR,6,SUBHASH KUMAR,Jagrook Janta Party,1574,5,1579,0.87
2801,S04238,BIHAR,GOBINDPUR,7,MOHAMMED KAMRAN,Independent,39621,192,39813,22.01
2802,S04238,BIHAR,GOBINDPUR,8,RAHUL KUMAR,Independent,1656,1,1657,0.92
2803,S04238,BIHAR,GOBINDPUR,9,SURJEET KUMAR,Independent,3611,0,3611,2
2804,S04238,BIHAR,GOBINDPUR,10,NOTA,None of the Above,4402,2,4404,2.43
2805,S04239,BIHAR,WARSALIGANJ,1,ANITA,Rashtriya Janata Dal,97493,340,97833,48.72
2806,S04239,BIHAR,WARSALIGANJ,2,ARUNA  DEVI,Bharatiya Janata Party,89877,413,90290,44.96
2807,S04239,BIHAR,WARSALIGANJ,3,AKHLAQUR RAHMAN MALLICK,Rashtriya Secular Majlis Party,1455,7,1462,0.73
2808,S04239,BIHAR,WARSALIGANJ,4,UMESH PRASAD,Jan Suraaj Party,1609,17,1626,0.81
2809,S04239,BIHAR,WARSALIGANJ,5,NANDLAL SHARMA,Jagrook Janta Party,461,1,462,0.23
2810,S04239,BIHAR,WARSALIGANJ,6,SURENDRA PASWAN,Indian National Socialistic Action Forces,345,3,348,0.17
2811,S04239,BIHAR,WARSALIGANJ,7,UMAKANT,Independent,387,0,387,0.19
2812,S04239,BIHAR,WARSALIGANJ,8,NAYAN KUMAR,Independent,1436,7,1443,0.72
2813,S04239,BIHAR,WARSALIGANJ,9,RAKESH KUMAR,Independent,2861,0,2861,1.42
2814,S04239,BIHAR,WARSALIGANJ,10,NOTA,None of the Above,4101,1,4102,2.04
2815,S04240,BIHAR,SIKANDRA,1,UDAY NARAIN CHOUDHARY,Rashtriya Janata Dal,67577,119,67696,34.85
2816,S04240,BIHAR,SIKANDRA,2,RAMADHIN PASWAN,Rashtriya Lok Janshakti Party,1537,14,1551,0.8
2817,S04240,BIHAR,SIKANDRA,3,VINOD KUMAR CHAUDHARY,Indian National Congress,1792,11,1803,0.93
2818,S04240,BIHAR,SIKANDRA,4,SANTOSH KUMAR DAS,Bahujan Samaj Party,1156,4,1160,0.6
2819,S04240,BIHAR,SIKANDRA,5,PRAPHULL KUMAR MANJHI,Hindustani Awam Morcha (Secular),91480,123,91603,47.16
2820,S04240,BIHAR,SIKANDRA,6,MANOJ KUMAR DAS,All India Majlis-E-Ittehadul Muslimeen,10694,7,10701,5.51
2821,S04240,BIHAR,SIKANDRA,7,SUBHASH CHANDRA BOSH,Jan Suraaj Party,12233,65,12298,6.33
2822,S04240,BIHAR,SIKANDRA,8,UDAY RAVIDAS,Independent,1348,1,1349,0.69
2823,S04240,BIHAR,SIKANDRA,9,PRIYANKA KUMARI,Independent,982,4,986,0.51
2824,S04240,BIHAR,SIKANDRA,10,SANGEETA PASWAN,Independent,1251,0,1251,0.64
2825,S04240,BIHAR,SIKANDRA,11,NOTA,None of the Above,3824,1,3825,1.97
2826,S04241,BIHAR,JAMUI,1,MAHAVIR YADAV,Bahujan Samaj Party,1389,3,1392,0.64
2827,S04241,BIHAR,JAMUI,2,MOHAMMAD SHAMSAD ALAM,Rashtriya Janata Dal,69196,174,69370,31.93
2828,S04241,BIHAR,JAMUI,3,RAMASHISH YADAV,Aam Aadmi Party,1393,3,1396,0.64
2829,S04241,BIHAR,JAMUI,4,SHREYASI SINGH,Bharatiya Janata Party,123654,214,123868,57.02
2830,S04241,BIHAR,JAMUI,5,ANIL PRASAD SAH,Jan Suraaj Party,5868,37,5905,2.72
2831,S04241,BIHAR,JAMUI,6,PRAMOD MISHRA,Samaj Satta Dal,422,0,422,0.19
2832,S04241,BIHAR,JAMUI,7,AMRENDRA ALIAS KHOKHAN SINGH,Independent,4969,13,4982,2.29
2833,S04241,BIHAR,JAMUI,8,OM PRAKASH YADAV,Independent,422,0,422,0.19
2834,S04241,BIHAR,JAMUI,9,RUPESH SINGH,Independent,1250,1,1251,0.58
2835,S04241,BIHAR,JAMUI,10,SANTOSH KUMAR YADAV,Independent,2528,0,2528,1.16
2836,S04241,BIHAR,JAMUI,11,MD. SAMIR,Independent,1151,0,1151,0.53
2837,S04241,BIHAR,JAMUI,12,SUSHANT KUMAR SINGH,Independent,1873,0,1873,0.86
2838,S04241,BIHAR,JAMUI,13,NOTA,None of the Above,2683,4,2687,1.24
2839,S04242,BIHAR,JHAJHA,1,AMARJEET KUMAR SINGH,National Peoples Party,3276,2,3278,1.34
2840,S04242,BIHAR,JHAJHA,2,JAY PRAKASH NARAYAN YADAV,Rashtriya Janata Dal,103934,121,104055,42.67
2841,S04242,BIHAR,JHAJHA,3,DAMODAR RAWAT,Janata Dal (United),108158,159,108317,44.42
2842,S04242,BIHAR,JHAJHA,4,SHIVARAJ YADAV,Bahujan Samaj Party,2005,2,2007,0.82
2843,S04242,BIHAR,JHAJHA,5,KEDAR KUMAR MANDAL,Apni Janta Party,964,0,964,0.4
2844,S04242,BIHAR,JHAJHA,6,NILENDU DUTTA MISHARA,Jan Suraaj Party,6125,23,6148,2.52
2845,S04242,BIHAR,JHAJHA,7,NEMO DEVI,Independent,1758,1,1759,0.72
2846,S04242,BIHAR,JHAJHA,8,MOHAMMAD IRFAN,Independent,9577,1,9578,3.93
2847,S04242,BIHAR,JHAJHA,9,RAVINDRA YADAV,Independent,3139,2,3141,1.29
2848,S04242,BIHAR,JHAJHA,10,NOTA,None of the Above,4614,5,4619,1.89
2849,S04243,BIHAR,CHAKAI,1,ALLAUDIN ANSARI,Rashtriya Lok Janshakti Party,3665,2,3667,1.57
2850,S04243,BIHAR,CHAKAI,2,SAVITRI DEVI,Rashtriya Janata Dal,80275,82,80357,34.51
2851,S04243,BIHAR,CHAKAI,3,SUMIT KUMAR SINGH,Janata Dal (United),67310,75,67385,28.94
2852,S04243,BIHAR,CHAKAI,4,NARESH KUMAR SHARMA,Jagrook Janta Party,1265,0,1265,0.54
2853,S04243,BIHAR,CHAKAI,5,RAHUL KUMAR,Jan Suraaj Party,1894,4,1898,0.82
2854,S04243,BIHAR,CHAKAI,6,ALIJAVETH SOREN,Independent,6815,13,6828,2.93
2855,S04243,BIHAR,CHAKAI,7,CHANDAN KUMAR SINGH,Independent,12484,18,12502,5.37
2856,S04243,BIHAR,CHAKAI,8,RANJIT KUMAR VERMA,Independent,2394,0,2394,1.03
2857,S04243,BIHAR,CHAKAI,9,SANJAY PRASAD,Independent,48026,39,48065,20.64
2858,S04243,BIHAR,CHAKAI,10,SOSANA MURMU,Independent,3980,0,3980,1.71
2859,S04243,BIHAR,CHAKAI,11,NOTA,None of the Above,4519,3,4522,1.94
