constituency_code,candidate,party,constituency,state,votes
S2227,ECR P SARAVANAN,Tamilaga Vettri Kazhagam,SHOZHINGANALLUR,TAMIL NADU,220382
S229,M.L.VIJAYPRABHU,Tamilaga Vettri Kazhagam,MADAVARAM,TAMIL NADU,190462
S226,R.RAMESH KUMAR,Tamilaga Vettri Kazhagam,AVADI,TAMIL NADU,180384
S225,PRAKASAM.R,Tamilaga Vettri Kazhagam,POONAMALLEE,TAMIL NADU,161309
S2286,EDAPPADI PALANISWAMI. K,All India Anna Dravida Munnetra Kazhagam,EDAPPADI,TAMIL NADU,148933
S2229,THENNARASU.K,Tamilaga Vettri Kazhagam,SRIPERUMBUDUR,TAMIL NADU,147611
S22117,KANIMOZHI SANTHOSH,Tamilaga Vettri Kazhagam,KAVUNDAMPALAYAM,TAMIL NADU,146466
S227,RHEVANTH CHARAN,Tamilaga Vettri Kazhagam,MADURAVOYAL,TAMIL NADU,141725
S2232,S. THIYAGARAJAN,Tamilaga Vettri Kazhagam,CHENGALPATTU,TAMIL NADU,137136
S2230,J.KAMATCHI,Tamilaga Vettri Kazhagam,PALLAVARAM,TAMIL NADU,133611
S228,BALAMURUGAN.G,Tamilaga Vettri Kazhagam,AMBATTUR,TAMIL NADU,133339
S22113,V.SATHYABAMA,Tamilaga Vettri Kazhagam,TIRUPPUR,TAMIL NADU,131401
S2227,S. ARAVIND RAMESH,Dravida Munnetra Kazhagam,SHOZHINGANALLUR,TAMIL NADU,123602
S22115,K.RAMKUMAR,Tamilaga Vettri Kazhagam,PALLADAM,TAMIL NADU,121297
S2288,LAKSHMANAN.S,Tamilaga Vettri Kazhagam,SALEM,TAMIL NADU,120407
S2212,C. JOSEPH VIJAY,Tamilaga Vettri Kazhagam,PERAMBUR,TAMIL NADU,120365
S2231,D.SARATHKUMAR,Tamilaga Vettri Kazhagam,TAMBARAM,TAMIL NADU,118967
S22189,KARTHIKEYAN S,Tamilaga Vettri Kazhagam,MADURAI EAST,TAMIL NADU,118777
S22195,NIRMALKUMAR. R.,Tamilaga Vettri Kazhagam,THIRUPARANKUNDRAM,TAMIL NADU,114316
S2284,MANI. R,All India Anna Dravida Munnetra Kazhagam,OMALUR,TAMIL NADU,112246
S2228,M.HARISH,Tamilaga Vettri Kazhagam,ALANDUR,TAMIL NADU,112205
S222,DR.RAVI.M.S,Tamilaga Vettri Kazhagam,PONNERI,TAMIL NADU,110439
S2233,B.VIJAYARAJ,Tamilaga Vettri Kazhagam,THIRUPORUR,TAMIL NADU,110095
S2210,SENTHIL KUMAR. N,Tamilaga Vettri Kazhagam,THIRUVOTTIYUR,TAMIL NADU,110067
S2255,BALAKRISHNAREDDY. P,All India Anna Dravida Munnetra Kazhagam,HOSUR,TAMIL NADU,109867
S22129,I. PERIASAMY,Dravida Munnetra Kazhagam,ATHOOR,TAMIL NADU,106240
S22179,VIJAYABASKAR. C,All India Anna Dravida Munnetra Kazhagam,VIRALIMALAI,TAMIL NADU,105773
S2242,S.M.SUKUMAR,All India Anna Dravida Munnetra Kazhagam,ARCOT,TAMIL NADU,105608
S2250,DR.THIRUPATHI. N,Tamilaga Vettri Kazhagam,TIRUPPATTUR,TAMIL NADU,105098
S22117,ARUNKUMAR PRG,All India Anna Dravida Munnetra Kazhagam,KAVUNDAMPALAYAM,TAMIL NADU,104326
S226,S.M.NASAR,Dravida Munnetra Kazhagam,AVADI,TAMIL NADU,104073
S22169,KAMARAJ. R,All India Anna Dravida Munnetra Kazhagam,NANNILAM,TAMIL NADU,103462
S22139,RAMESH,Tamilaga Vettri Kazhagam,SRIRANGAM,TAMIL NADU,103235
S2257,ANBALAGAN. K.P.,All India Anna Dravida Munnetra Kazhagam,PALACODU,TAMIL NADU,102807
S22189,MOORTHY P,Dravida Munnetra Kazhagam,MADURAI EAST,TAMIL NADU,102230
S2260,MARAGATHAM VETRIVEL,All India Anna Dravida Munnetra Kazhagam,PAPPIREDDIPATTI,TAMIL NADU,101829
S2232,KARTHIKDHANDAPANI,Dravida Munnetra Kazhagam,CHENGALPATTU,TAMIL NADU,101495
S22184,DR.PRABHU. TK,Tamilaga Vettri Kazhagam,KARAIKUDI,TAMIL NADU,101358
S22214,SRINATH,Tamilaga Vettri Kazhagam,THOOTHUKKUDI,TAMIL NADU,100536
S22122,VIGNESH K,Tamilaga Vettri Kazhagam,KINATHUKADAVU,TAMIL NADU,99950
S2277,VASANTHAVEL G R,Dravida Munnetra Kazhagam,ULUNDURPETTAI,TAMIL NADU,98471
S2211,N. MARIE WILSON,Tamilaga Vettri Kazhagam,DR.RADHAKRISHNAN NAGAR,TAMIL NADU,97800
S2284,ADHIYAMAAN. R.V,Tamilaga Vettri Kazhagam,OMALUR,TAMIL NADU,97707
S2299,ANANTH MOGHAN K.K.,Tamilaga Vettri Kazhagam,ERODE,TAMIL NADU,96836
S2277,KUMARAGURU R,All India Anna Dravida Munnetra Kazhagam,ULUNDURPETTAI,TAMIL NADU,96194
S229,S.SUDHARSANAM,Dravida Munnetra Kazhagam,MADAVARAM,TAMIL NADU,95477
S22149,RAJENDRAN S,All India Anna Dravida Munnetra Kazhagam,ARIYALUR,TAMIL NADU,95219
S221,S.VIJAYAKUMAR,Tamilaga Vettri Kazhagam,GUMMIDIPOONDI,TAMIL NADU,94320
S2259,SOWMIYA ANBUMANI,Pattali Makkal Katchi,DHARMAPURI,TAMIL NADU,93713
S22168,KALAIVANAN POONDI  K,Dravida Munnetra Kazhagam,THIRUVARUR,TAMIL NADU,93408
S2229,K. SELVAPERUNTHAGAI,Indian National Congress,SRIPERUMBUDUR,TAMIL NADU,93365
S22119,S.P.VELUMANI,All India Anna Dravida Munnetra Kazhagam,THONDAMUTHUR,TAMIL NADU,93316
S22128,SAKKARAPANI. R,Dravida Munnetra Kazhagam,ODDANCHATRAM,TAMIL NADU,93099
S22118,V. SAMPATHKUMAR,Tamilaga Vettri Kazhagam,COIMBATORE,TAMIL NADU,92500
S224,DR. T. ARUNKUMAR,Tamilaga Vettri Kazhagam,THIRUVALLUR,TAMIL NADU,92190
S22141,C. JOSEPH VIJAY,Tamilaga Vettri Kazhagam,TIRUCHIRAPPALLI,TAMIL NADU,91381
S2290,VIJAY TAMILAN PARTHIBAN. A,Tamilaga Vettri Kazhagam,SALEM,TAMIL NADU,91371
S2237,R.V. RANJITHKUMAR,Tamilaga Vettri Kazhagam,KANCHEEPURAM,TAMIL NADU,91350
S2241,THAHIRA,Tamilaga Vettri Kazhagam,RANIPET,TAMIL NADU,91149
S22147,SIVAKUMAR. K,Tamilaga Vettri Kazhagam,PERAMBALUR,TAMIL NADU,90882
S22117,SURYA PRAKASH K.P,Indian National Congress,KAVUNDAMPALAYAM,TAMIL NADU,90726
S22116,NM.SUKUMAR,Tamilaga Vettri Kazhagam,SULUR,TAMIL NADU,90531
S2264,RAMACHANDRAN.S,All India Anna Dravida Munnetra Kazhagam,KILPENNATHUR,TAMIL NADU,90503
S22142,VIJAYAKUMAR (A) NAVALPATTU S. VIJI,Tamilaga Vettri Kazhagam,THIRUVERUMBUR,TAMIL NADU,89837
S2278,KARTHIKEYAN K,Dravida Munnetra Kazhagam,RISHIVANDIYAM,TAMIL NADU,89711
S2265,AGRI KRISHNAMURTHY. S S,All India Anna Dravida Munnetra Kazhagam,KALASAPAKKAM,TAMIL NADU,89629
S2253,MUKUNDHAN.P,Tamilaga Vettri Kazhagam,KRISHNAGIRI,TAMIL NADU,89374
S223,G.HARI,All India Anna Dravida Munnetra Kazhagam,TIRUTTANI,TAMIL NADU,89169
S22211,KATHARBATCHA MUTHURAMALINGAM,Dravida Munnetra Kazhagam,RAMANATHAPURAM,TAMIL NADU,89137
S22150,VAITHILINGAM G.,Pattali Makkal Katchi,JAYANKONDAM,TAMIL NADU,88992
S225,KRISHNASWAMY.A,Dravida Munnetra Kazhagam,POONAMALLEE,TAMIL NADU,88569
S22196,MANIMARAN.M,Dravida Munnetra Kazhagam,THIRUMANGALAM,TAMIL NADU,88291
S2263,VELU. E.V,Dravida Munnetra Kazhagam,TIRUVANNAMALAI,TAMIL NADU,88273
S22194,THANGAPANDI SR,Tamilaga Vettri Kazhagam,MADURAI WEST,TAMIL NADU,88250
S22122,SABARI KARTHIKEYAN K.V.K.S,Dravida Munnetra Kazhagam,KINATHUKADAVU,TAMIL NADU,88240
S22140,K.N.NEHRU,Dravida Munnetra Kazhagam,TIRUCHIRAPPALLI,TAMIL NADU,88235
S2262,S.VELU,All India Anna Dravida Munnetra Kazhagam,CHENGAM,TAMIL NADU,87802
S2283,USHARANI. P,All India Anna Dravida Munnetra Kazhagam,YERCAUD,TAMIL NADU,87772
S22174,R. VIJAYSARAVANAN,Tamilaga Vettri Kazhagam,THANJAVUR,TAMIL NADU,87705
S2287,VETRIVEL. S,All India Anna Dravida Munnetra Kazhagam,SANKARI,TAMIL NADU,87342
S22148,SIVASANKAR. S.S,Dravida Munnetra Kazhagam,KUNNAM,TAMIL NADU,87237
S22175,R. VAITHILINGAM,Dravida Munnetra Kazhagam,ORATHANADU,TAMIL NADU,86759
S2268,MUKKUR N. SUBRAMANIAN,All India Anna Dravida Munnetra Kazhagam,CHEYYAR,TAMIL NADU,86680
S2285,VENKATACHALAM. G,All India Anna Dravida Munnetra Kazhagam,METTUR,TAMIL NADU,86498
S2263,ARUL ARUMUGAM,Tamilaga Vettri Kazhagam,TIRUVANNAMALAI,TAMIL NADU,85818
S22116,V.P.KANDASAMY,All India Anna Dravida Munnetra Kazhagam,SULUR,TAMIL NADU,85741
S2289,SIVAKUMAR. K,Tamilaga Vettri Kazhagam,SALEM,TAMIL NADU,85710
S22131,NATHAM VISWANATHAN R,All India Anna Dravida Munnetra Kazhagam,NATHAM,TAMIL NADU,85708
S22199,SABARI IYNGARAN G.,Tamilaga Vettri Kazhagam,PERIYAKULAM,TAMIL NADU,85656
S2283,LAKSHMI JANARTHANAN. J,Tamilaga Vettri Kazhagam,YERCAUD,TAMIL NADU,85583
S22201,JEGANATHMISHRA PLA,Tamilaga Vettri Kazhagam,CUMBUM,TAMIL NADU,85394
S2241,R. GANDHI,Dravida Munnetra Kazhagam,RANIPET,TAMIL NADU,85362
S22200,PANNEERSELVAM.O,Dravida Munnetra Kazhagam,BODINAYAKANUR,TAMIL NADU,85206
S22159,L.E. JOTHIMANI,Viduthalai Chiruthaigal Katchi,KATTUMANNARKOIL,TAMIL NADU,85179
S22133,SAMINATHAN. T,Dravida Munnetra Kazhagam,VEDASANDUR,TAMIL NADU,84948
S2236,MUNIRATHINAM.J,Tamilaga Vettri Kazhagam,UTHIRAMERUR,TAMIL NADU,84917
S2278,ASHOK KUMAR G,Tamilaga Vettri Kazhagam,RISHIVANDIYAM,TAMIL NADU,84849
S22201,ERAMAKRISHNAN N,Dravida Munnetra Kazhagam,CUMBUM,TAMIL NADU,84643
S2239,G.KAPIL,Tamilaga Vettri Kazhagam,SHOLINGUR,TAMIL NADU,84506
S22112,KAMALI.S,Tamilaga Vettri Kazhagam,AVANASHI,TAMIL NADU,84209
S22121,K.S.SRI GIRI PRASATH,Tamilaga Vettri Kazhagam,SINGANALLUR,TAMIL NADU,84163
S22129,N. KALAISELVI,Tamilaga Vettri Kazhagam,ATHOOR,TAMIL NADU,83872
S22116,THALAPATHY MURUGESAN,Dravida Munnetra Kazhagam,SULUR,TAMIL NADU,83654
S22140,G.RAMAMOORTHI,Tamilaga Vettri Kazhagam,TIRUCHIRAPPALLI,TAMIL NADU,83449
S22115,K.P.PARAMASIVAM,All India Anna Dravida Munnetra Kazhagam,PALLADAM,TAMIL NADU,83400
S223,M.SATHYA KUMAR,Tamilaga Vettri Kazhagam,TIRUTTANI,TAMIL NADU,83376
S22185,SEENIVASA SETHUPATHY. R,Tamilaga Vettri Kazhagam,TIRUPPATTUR,TAMIL NADU,83375
S22185,PERIAKARUPPAN. KR,Dravida Munnetra Kazhagam,TIRUPPATTUR,TAMIL NADU,83374
S2231,R.S.KIRUTHIKA DEVI,Dravida Munnetra Kazhagam,TAMBARAM,TAMIL NADU,83346
S22138,R. KATHIRAVAN,Tamilaga Vettri Kazhagam,MANAPPARAI,TAMIL NADU,83041
S2213,V. S. BABU,Tamilaga Vettri Kazhagam,KOLATHUR,TAMIL NADU,82997
S2246,K.SINDU,Tamilaga Vettri Kazhagam,GUDIYATTAM,TAMIL NADU,82858
S22106,SENGOTTAIYAN.K.A,Tamilaga Vettri Kazhagam,GOBICHETTIPALAYAM,TAMIL NADU,82612
S2228,T.M.ANBARASAN,Dravida Munnetra Kazhagam,ALANDUR,TAMIL NADU,82596
S2271,SHANMUGAM C VE,All India Anna Dravida Munnetra Kazhagam,MAILAM,TAMIL NADU,82353
S2255,VENDARKARASAN.S,Tamilaga Vettri Kazhagam,HOSUR,TAMIL NADU,82064
S22217,P .MATHANRAJA,Tamilaga Vettri Kazhagam,OTTAPIDARAM,TAMIL NADU,81625
S22138,DR. PL. VIJAYAKUMAR,All India Anna Dravida Munnetra Kazhagam,MANAPPARAI,TAMIL NADU,81615
S22144,KATHIRAVAN. S,Dravida Munnetra Kazhagam,MANACHANALLUR,TAMIL NADU,81447
S2258,GAJENDRAN. S.,Tamilaga Vettri Kazhagam,PENNAGARAM,TAMIL NADU,81240
S2223,ARUL PRAKASAM. M,Tamilaga Vettri Kazhagam,SAIDAPET,TAMIL NADU,81205
S2297,C.VIJAYALAKSHMI,Tamilaga Vettri Kazhagam,KUMARAPALAYAM,TAMIL NADU,81179
S22142,ANBIL MAHESH POYYAMOZHI,Dravida Munnetra Kazhagam,THIRUVERUMBUR,TAMIL NADU,81132
S2280,ARUL VIGNESH C,Tamilaga Vettri Kazhagam,KALLAKURICHI,TAMIL NADU,81132
S22101,SATHYABAMA.P,All India Anna Dravida Munnetra Kazhagam,DHARAPURAM,TAMIL NADU,81100
S22162,NIVEDHA M MURUGAN,Dravida Munnetra Kazhagam,POOMPUHAR,TAMIL NADU,81096
S2282,JAYASANKARAN. A.P.,All India Anna Dravida Munnetra Kazhagam,ATTUR,TAMIL NADU,80843
S2226,KUMAR. R,Tamilaga Vettri Kazhagam,VELACHERY,TAMIL NADU,80430
S22173,DURAI. CHANDRASEKARAN,Dravida Munnetra Kazhagam,THIRUVAIYARU,TAMIL NADU,80425
S2280,RAJEEVGANDHI S,All India Anna Dravida Munnetra Kazhagam,KALLAKURICHI,TAMIL NADU,80334
S2279,RAKESH R,All India Anna Dravida Munnetra Kazhagam,SANKARAPURAM,TAMIL NADU,80250
S227,GANAPATHY. K,Dravida Munnetra Kazhagam,MADURAVOYAL,TAMIL NADU,80216
S22170,GOVI.CHEZHIAAN,Dravida Munnetra Kazhagam,THIRUVIDAIMARUDUR,TAMIL NADU,79951
S2291,PALANIVEL. M.S,Tamilaga Vettri Kazhagam,VEERAPANDI,TAMIL NADU,79907
S22221,RAJENDRAN. T. M,Dravida Munnetra Kazhagam,KADAYANALLUR,TAMIL NADU,79832
S2294,DILIP C S,Tamilaga Vettri Kazhagam,NAMAKKAL,TAMIL NADU,79744
S22226,M.ABDUL WAHAB,Dravida Munnetra Kazhagam,PALAYAMKOTTAI,TAMIL NADU,79744
S22222,DR.KALAI KATHIRAVAN,Dravida Munnetra Kazhagam,TENKASI,TAMIL NADU,79699
S2296,ARUNRAJ K G,Tamilaga Vettri Kazhagam,TIRUCHENGODU,TAMIL NADU,79500
S2230,D.MURUGESAN,Desiya Murpokku Dravida Kazhagam,PALLAVARAM,TAMIL NADU,78918
S2239,K.SARAVANAN,Pattali Makkal Katchi,SHOLINGUR,TAMIL NADU,78820
S22171,VINOTH,Tamilaga Vettri Kazhagam,KUMBAKONAM,TAMIL NADU,78650
S2249,VEERAMANI K.C.,All India Anna Dravida Munnetra Kazhagam,JOLARPET,TAMIL NADU,78633
S22115,K.SELVARAJ,Dravida Munnetra Kazhagam,PALLADAM,TAMIL NADU,78625
S22119,SATHISH RAJU (ALIAS) K.P.R. SATHISH,Tamilaga Vettri Kazhagam,THONDAMUTHUR,TAMIL NADU,78591
S22200,PRAKASH.S,Tamilaga Vettri Kazhagam,BODINAYAKANUR,TAMIL NADU,78401
S22154,MOHAN. K,All India Anna Dravida Munnetra Kazhagam,PANRUTI,TAMIL NADU,78398
S2256,RAMACHANDRAN. T,Communist Party of India,THALLI,TAMIL NADU,78283
S2270,GANESHKUMAR A,Pattali Makkal Katchi,GINGEE,TAMIL NADU,78201
S2258,SELVAM. V.,Pattali Makkal Katchi,PENNAGARAM,TAMIL NADU,78075
S22171,ANBALAGAN G,Dravida Munnetra Kazhagam,KUMBAKONAM,TAMIL NADU,77971
S2287,SENTHILKUMAR. K,Tamilaga Vettri Kazhagam,SANKARI,TAMIL NADU,77825
S2280,MALATHI K,Viduthalai Chiruthaigal Katchi,KALLAKURICHI,TAMIL NADU,77666
S2279,UDHAYASURIYAN T,Dravida Munnetra Kazhagam,SANKARAPURAM,TAMIL NADU,76810
S2267,JAYASUDHA. L,All India Anna Dravida Munnetra Kazhagam,ARANI,TAMIL NADU,76735
S22156,M.R.K.PANNEERSELVAM,Dravida Munnetra Kazhagam,KURINJIPADI,TAMIL NADU,76695
S22211,SHAHUL HAMEED,Tamilaga Vettri Kazhagam,RAMANATHAPURAM,TAMIL NADU,76678
S22147,DR. JAYALAKSHMI. S.T,Dravida Munnetra Kazhagam,PERAMBALUR,TAMIL NADU,76489
S22194,BALAJI R,Dravida Munnetra Kazhagam,MADURAI WEST,TAMIL NADU,76319
S2244,D.VELAZHAGAN,All India Anna Dravida Munnetra Kazhagam,ANAIKATTU,TAMIL NADU,76302
S2222,SABARINATHAN.R,Tamilaga Vettri Kazhagam,VIRUGAMPAKKAM,TAMIL NADU,76092
S22119,N.R.KARTHIKEYAN,Dravida Munnetra Kazhagam,THONDAMUTHUR,TAMIL NADU,75917
S2237,V. SOMASUNDARAM,All India Anna Dravida Munnetra Kazhagam,KANCHEEPURAM,TAMIL NADU,75862
S22224,MURUGHAN.R.S.,Tamilaga Vettri Kazhagam,TIRUNELVELI,TAMIL NADU,75840
S2291,SRI BALAJI SUGUMAR. S,All India Anna Dravida Munnetra Kazhagam,VEERAPANDI,TAMIL NADU,75836
S22157,ARUNMOZHITHEVAN . A,All India Anna Dravida Munnetra Kazhagam,BHUVANAGIRI,TAMIL NADU,75707
S22111,SUNILANAND,Tamilaga Vettri Kazhagam,METTUPPALAYAM,TAMIL NADU,75664
S22104,KARUPPANAN. K.C,All India Anna Dravida Munnetra Kazhagam,BHAVANI,TAMIL NADU,75577
S2261,SAMPATHKUMAR. V,All India Anna Dravida Munnetra Kazhagam,HARUR,TAMIL NADU,75523
S22168,VEERAMANI V,Tamilaga Vettri Kazhagam,THIRUVARUR,TAMIL NADU,75260
S22208,THANGAM THENARASU,Dravida Munnetra Kazhagam,TIRUCHULI,TAMIL NADU,75085
S22229,THALAVAI SUNDARAM. N,All India Anna Dravida Munnetra Kazhagam,KANNIYAKUMARI,TAMIL NADU,75045
S22227,REDDIARPATTI V. NARAYANAN,Tamilaga Vettri Kazhagam,NANGUNERI,TAMIL NADU,74952
S22133,PARAMASIVAM. V.P.B.,All India Anna Dravida Munnetra Kazhagam,VEDASANDUR,TAMIL NADU,74885
S22229,MAHESH.R,Dravida Munnetra Kazhagam,KANNIYAKUMARI,TAMIL NADU,74831
S2292,LOGESH TAMILSELVAN D,Tamilaga Vettri Kazhagam,RASIPURAM,TAMIL NADU,74808
S2254,SRINIVASAN.P.S,Dravida Munnetra Kazhagam,VEPPANAHALLI,TAMIL NADU,74691
S2299,S. MUTHUSAMY,Dravida Munnetra Kazhagam,ERODE,TAMIL NADU,74586
S228,DR A.P. POORNIMA,Dravida Munnetra Kazhagam,AMBATTUR,TAMIL NADU,74558
S2254,MUNUSAMY.K.P,All India Anna Dravida Munnetra Kazhagam,VEPPANAHALLI,TAMIL NADU,74553
S2262,K BHARATHIDHASAN,Tamilaga Vettri Kazhagam,CHENGAM,TAMIL NADU,74524
S22132,SENTHILKUMAR. I.P,Dravida Munnetra Kazhagam,DINDIGUL,TAMIL NADU,74489
S22198,MAHARAJAN.A,Dravida Munnetra Kazhagam,ANDIPATTI,TAMIL NADU,74324
S2245,THENRAL KUMAR. E,Tamilaga Vettri Kazhagam,KILVAITHINANKUPPAM,TAMIL NADU,74305
S2213,M. K. STALIN,Dravida Munnetra Kazhagam,KOLATHUR,TAMIL NADU,74202
S2227,K.P.KANDAN,All India Anna Dravida Munnetra Kazhagam,SHOZHINGANALLUR,TAMIL NADU,74112
S2248,VILWANATHAN. A.C.,Dravida Munnetra Kazhagam,AMBUR,TAMIL NADU,74102
S22166,MARIMUTHU.K,Communist Party of India,THIRUTHURAIPOONDI,TAMIL NADU,74062
S22131,SELVAKUMAR K,Dravida Munnetra Kazhagam,NATHAM,TAMIL NADU,73839
S22114,BALAMURUGAN. S,Tamilaga Vettri Kazhagam,TIRUPPUR,TAMIL NADU,73793
S2238,V. GANDHIRAJ,Tamilaga Vettri Kazhagam,ARAKKONAM,TAMIL NADU,73776
S2255,SATHYA.S.A.,Dravida Munnetra Kazhagam,HOSUR,TAMIL NADU,73773
S22186,KULANTHAI RANI A,Tamilaga Vettri Kazhagam,SIVAGANGA,TAMIL NADU,73737
S22221,C. KRISHNAMURALI,All India Anna Dravida Munnetra Kazhagam,KADAYANALLUR,TAMIL NADU,73579
S2297,P.THANGAMANI,All India Anna Dravida Munnetra Kazhagam,KUMARAPALAYAM,TAMIL NADU,73483
S22132,NAZEER RAJA. G,Tamilaga Vettri Kazhagam,DINDIGUL,TAMIL NADU,73358
S22183,MOHAMED FARVAS. J,Tamilaga Vettri Kazhagam,ARANTHANGI,TAMIL NADU,73244
S22157,SARAVANAN. DURAI . K,Dravida Munnetra Kazhagam,BHUVANAGIRI,TAMIL NADU,73220
S2229,K. PALANI,All India Anna Dravida Munnetra Kazhagam,SRIPERUMBUDUR,TAMIL NADU,73182
S2247,SYED FAROOQ BASHA SSB,Indian Union Muslim League,VANIYAMBADI,TAMIL NADU,73181
S2281,NALLATHAMBI. A,All India Anna Dravida Munnetra Kazhagam,GANGAVALLI,TAMIL NADU,73167
S2256,DR.NAGESH KUMAR. C,Bharatiya Janata Party,THALLI,TAMIL NADU,73043
S2276,PALANISAMY S,All India Anna Dravida Munnetra Kazhagam,TIRUKKOYILUR,TAMIL NADU,73033
S2243,M.M.VINOTH KANNAN,Tamilaga Vettri Kazhagam,VELLORE,TAMIL NADU,73032
S2274,LAKSHMANAN R,Dravida Munnetra Kazhagam,VILUPPURAM,TAMIL NADU,72982
S22229,MADHAVAN.S.R,Tamilaga Vettri Kazhagam,KANNIYAKUMARI,TAMIL NADU,72977
S22191,A.KALLANAI,Tamilaga Vettri Kazhagam,MADURAI NORTH,TAMIL NADU,72853
S22162,PAVUNRAJ. S,All India Anna Dravida Munnetra Kazhagam,POOMPUHAR,TAMIL NADU,72836
S2259,SIVAN. M.,Tamilaga Vettri Kazhagam,DHARMAPURI,TAMIL NADU,72817
S22195,KIRUTHIGA THANGAPANDI,Dravida Munnetra Kazhagam,THIRUPARANKUNDRAM,TAMIL NADU,72763
S2246,K.B.PRADAP,Desiya Murpokku Dravida Kazhagam,GUDIYATTAM,TAMIL NADU,72761
S2276,VIJAY R BARANIBALAAJI,Tamilaga Vettri Kazhagam,TIRUKKOYILUR,TAMIL NADU,72748
S22215,ANITHA R. RADHAKRISHNAN,Dravida Munnetra Kazhagam,TIRUCHENDUR,TAMIL NADU,72723
S22147,THAMIZHSELVAN. R,All India Anna Dravida Munnetra Kazhagam,PERAMBALUR,TAMIL NADU,72716
S22107,V.P.TAMILSELVI,Tamilaga Vettri Kazhagam,BHAVANISAGAR,TAMIL NADU,72391
S2261,SHANMUGAM. A,Dravida Munnetra Kazhagam,HARUR,TAMIL NADU,72194
S22173,MATHI. MANIKANDAN,Tamilaga Vettri Kazhagam,THIRUVAIYARU,TAMIL NADU,71870
S22148,SARANYA. A,All India Anna Dravida Munnetra Kazhagam,KUNNAM,TAMIL NADU,71680
S2289,RAJENDRAN. R,Dravida Munnetra Kazhagam,SALEM,TAMIL NADU,71676
S22135,M.R. VIJAYABHASKAR,All India Anna Dravida Munnetra Kazhagam,KARUR,TAMIL NADU,71542
S22160,SENTHILSELVAN.R,Dravida Munnetra Kazhagam,SIRKAZHI,TAMIL NADU,71449
S2221,V.K.RAMKUMAR,Tamilaga Vettri Kazhagam,ANNA NAGAR,TAMIL NADU,71375
S22145,M.VIGNESH,Tamilaga Vettri Kazhagam,MUSIRI,TAMIL NADU,71281
S2252,E.C. GOVINDARASAN,All India Anna Dravida Munnetra Kazhagam,BARGUR,TAMIL NADU,71240
S22102,NSN NATARAJ,All India Anna Dravida Munnetra Kazhagam,KANGAYAM,TAMIL NADU,71122
S2267,MAHALAKSHMI GOVARTHANAN,Dravida Munnetra Kazhagam,ARANI,TAMIL NADU,71104
S2267,VENKATESH KUMAR. D,Tamilaga Vettri Kazhagam,ARANI,TAMIL NADU,70857
S22155,B.RAJKUMAR,Tamilaga Vettri Kazhagam,CUDDALORE,TAMIL NADU,70856
S22134,ELANGO. R,Dravida Munnetra Kazhagam,ARAVAKURICHI,TAMIL NADU,70827
S22233,PRAVEEN T.T,Indian National Congress,VILAVANCODE,TAMIL NADU,70755
S22174,SHAN. RAMANATHAN,Dravida Munnetra Kazhagam,THANJAVUR,TAMIL NADU,70750
S2233,R. PANNEERDOSS,Viduthalai Chiruthaigal Katchi,THIRUPORUR,TAMIL NADU,70744
S22149,LATHA BALU,Dravida Munnetra Kazhagam,ARIYALUR,TAMIL NADU,70721
S2236,SUNDAR.K,Dravida Munnetra Kazhagam,UTHIRAMERUR,TAMIL NADU,70694
S2253,ASHOKKUMAR.K,All India Anna Dravida Munnetra Kazhagam,KRISHNAGIRI,TAMIL NADU,70530
S22118,DURAI. SENTHAMIL SELVAN B.E,Dravida Munnetra Kazhagam,COIMBATORE,TAMIL NADU,70508
S22150,KANNAN KA.SO.KA.,Dravida Munnetra Kazhagam,JAYANKONDAM,TAMIL NADU,70502
S22126,R JAYARAMAKRISHNAN,Dravida Munnetra Kazhagam,MADATHUKULAM,TAMIL NADU,70458
S2262,M.P.GIRI,Dravida Munnetra Kazhagam,CHENGAM,TAMIL NADU,70346
S22103,JAYAKUMAR. S,All India Anna Dravida Munnetra Kazhagam,PERUNDURAI,TAMIL NADU,70302
S2251,N ELAIYARAJA,Tamilaga Vettri Kazhagam,UTHANGARAI,TAMIL NADU,70201
S2247,SYED BHURHANUDEEN,Tamilaga Vettri Kazhagam,VANIYAMBADI,TAMIL NADU,70199
S2225,VENKATARAMANAN. P,Tamilaga Vettri Kazhagam,MYLAPORE,TAMIL NADU,70070
S22187,ELANGOVAN.D,Tamilaga Vettri Kazhagam,MANAMADURAI,TAMIL NADU,69971
S22228,DR.SATHISH CHRISTOPHER,Tamilaga Vettri Kazhagam,RADHAPURAM,TAMIL NADU,69947
S22230,AUSTIN,Dravida Munnetra Kazhagam,NAGERCOIL,TAMIL NADU,69880
S2240,DR M SUDHAKAR,Tamilaga Vettri Kazhagam,KATPADI,TAMIL NADU,69868
S2232,M.GAJENDRAN,All India Anna Dravida Munnetra Kazhagam,CHENGALPATTU,TAMIL NADU,69763
S2298,M.VIJAY BALAJI,Tamilaga Vettri Kazhagam,ERODE,TAMIL NADU,69747
S22158,THAMIMUN ANSARI. M,Dravida Munnetra Kazhagam,CHIDAMBARAM,TAMIL NADU,69739
S2275,SIVAKUMAR C,Pattali Makkal Katchi,VIKRAVANDI,TAMIL NADU,69727
S22135,MATHIYALAGAN  V.P,Tamilaga Vettri Kazhagam,KARUR,TAMIL NADU,69721
S22139,S. DURAIRAJ,Dravida Munnetra Kazhagam,SRIRANGAM,TAMIL NADU,69645
S22210,RAJEEV,Tamilaga Vettri Kazhagam,TIRUVADANAI,TAMIL NADU,69551
S22222,S.SELVA MOHANDAS PANDIAN,All India Anna Dravida Munnetra Kazhagam,TENKASI,TAMIL NADU,69400
S22152,PREMALLATHA VIJAYAKANT,Desiya Murpokku Dravida Kazhagam,VRIDDHACHALAM,TAMIL NADU,69351
S2237,NITHYA SUGUMAR,Dravida Munnetra Kazhagam,KANCHEEPURAM,TAMIL NADU,69344
S2291,THARUN. A.K,Dravida Munnetra Kazhagam,VEERAPANDI,TAMIL NADU,69296
S2235,MARAGATHAM KUMARAVEL.K,All India Anna Dravida Munnetra Kazhagam,MADURANTAKAM,TAMIL NADU,69284
S22172,A.M. SHAHJAHAN,Indian Union Muslim League,PAPANASAM,TAMIL NADU,69284
S2244,A.P.NANDAKUMAR,Dravida Munnetra Kazhagam,ANAIKATTU,TAMIL NADU,69221
S22223,PAUL MANOJ PANDIAN,Dravida Munnetra Kazhagam,ALANGULAM,TAMIL NADU,69170
S2215,M. R. PALLAVI,Tamilaga Vettri Kazhagam,THIRU-VI-KA-NAGAR,TAMIL NADU,69125
S22156,A  BHUVANENTHIRAN,All India Anna Dravida Munnetra Kazhagam,KURINJIPADI,TAMIL NADU,69106
S22144,V.SARAVANAN,Tamilaga Vettri Kazhagam,MANACHANALLUR,TAMIL NADU,69083
S22232,CHELLASWAMY. R,Communist Party of India (Marxist),PADMANABHAPURAM,TAMIL NADU,68938
S2273,GOWTHAM D,Dravida Munnetra Kazhagam,VANUR,TAMIL NADU,68873
S2274,MOHANRAJ N,Tamilaga Vettri Kazhagam,VILUPPURAM,TAMIL NADU,68863
S22112,DR. L. MURUGAN,Bharatiya Janata Party,AVANASHI,TAMIL NADU,68836
S2275,VIJAI VADIVEL A,Tamilaga Vettri Kazhagam,VIKRAVANDI,TAMIL NADU,68817
S2293,P CHANDRASEKAR,Tamilaga Vettri Kazhagam,SENTHAMANGALAM,TAMIL NADU,68815
S22187,TAMILARASI.A,Dravida Munnetra Kazhagam,MANAMADURAI,TAMIL NADU,68763
S2294,SRIDEVI MOHAN P S,All India Anna Dravida Munnetra Kazhagam,NAMAKKAL,TAMIL NADU,68736
S2260,PALANIAPPAN. P,Dravida Munnetra Kazhagam,PAPPIREDDIPATTI,TAMIL NADU,68715
S22205,KEERTHANA S,Tamilaga Vettri Kazhagam,SIVAKASI,TAMIL NADU,68709
S22130,AYYANAR.R,Tamilaga Vettri Kazhagam,NILAKKOTTAI,TAMIL NADU,68580
S22125,JAYAKUMAR M.,Dravida Munnetra Kazhagam,UDUMALAIPETTAI,TAMIL NADU,68549
S22167,KAMARAJ. S,Amma Makkal Munnettra Kazagam,MANNARGUDI,TAMIL NADU,68416
S22172,AZARUDEEN UDUMAN ALI,Tamilaga Vettri Kazhagam,PAPANASAM,TAMIL NADU,68219
S22104,BALAKRISHNAN,Tamilaga Vettri Kazhagam,BHAVANI,TAMIL NADU,68181
S22137,SURIYANUR. A. CHANDRAN,Dravida Munnetra Kazhagam,KULITHALAI,TAMIL NADU,68138
S2283,REVATHI. T.M,Dravida Munnetra Kazhagam,YERCAUD,TAMIL NADU,68045
S22161,JAMAL MOHAMED YOUNOOS. Y.N,Indian National Congress,MAYILADUTHURAI,TAMIL NADU,68011
S22212,R.S.RAJAKANNAPPAN,Dravida Munnetra Kazhagam,MUDHUKULATHUR,TAMIL NADU,68003
S2266,ABISHEK. R,Tamilaga Vettri Kazhagam,POLUR,TAMIL NADU,67961
S22111,SMT.KAVITHA KALYANASUNDARAM,Dravida Munnetra Kazhagam,METTUPPALAYAM,TAMIL NADU,67896
S22107,A.BANNARI,All India Anna Dravida Munnetra Kazhagam,BHAVANISAGAR,TAMIL NADU,67822
S22122,DAMODARAN S,All India Anna Dravida Munnetra Kazhagam,KINATHUKADAVU,TAMIL NADU,67789
S22154,ABDUR RAHMAN. A.R,Viduthalai Chiruthaigal Katchi,PANRUTI,TAMIL NADU,67735
S2266,SARAVANAN. P,Desiya Murpokku Dravida Kazhagam,POLUR,TAMIL NADU,67734
S2279,JAGADESAN A,Tamilaga Vettri Kazhagam,SANKARAPURAM,TAMIL NADU,67624
S22137,G.BALASUBRAMANI,Tamilaga Vettri Kazhagam,KULITHALAI,TAMIL NADU,67559
S224,V.G. RAAJENDRAN,Dravida Munnetra Kazhagam,THIRUVALLUR,TAMIL NADU,67430
S2285,MIDHUN CHAKRAVARTHY. M,Dravida Munnetra Kazhagam,METTUR,TAMIL NADU,67393
S2233,K. BALU,Pattali Makkal Katchi,THIRUPORUR,TAMIL NADU,67392
S22135,AASEE.M. THIAGARAJAN,Dravida Munnetra Kazhagam,KARUR,TAMIL NADU,67256
S22210,RM. KARUMANICKAM,Indian National Congress,TIRUVADANAI,TAMIL NADU,67038
S2252,E. MURALIDHARAN,Tamilaga Vettri Kazhagam,BARGUR,TAMIL NADU,66999
S22127,RAVIMANOHARAN. K,All India Anna Dravida Munnetra Kazhagam,PALANI,TAMIL NADU,66986
S2248,IMTHIYAZ PANDARATTUDU ABDU,Tamilaga Vettri Kazhagam,AMBUR,TAMIL NADU,66971
S22152,VIJAY.S,Tamilaga Vettri Kazhagam,VRIDDHACHALAM,TAMIL NADU,66964
S22215,J. MURUGAN,Tamilaga Vettri Kazhagam,TIRUCHENDUR,TAMIL NADU,66851
S22167,RAJAA.T.R.B,Dravida Munnetra Kazhagam,MANNARGUDI,TAMIL NADU,66850
S22180,V. MUTHURAJA,Dravida Munnetra Kazhagam,PUDUKKOTTAI,TAMIL NADU,66825
S2212,R.D. SHEKAR,Dravida Munnetra Kazhagam,PERAMBUR,TAMIL NADU,66650
S2214,AADHAV ARJUNA,Tamilaga Vettri Kazhagam,VILLIVAKKAM,TAMIL NADU,66445
S22234,RAJESH KUMAR. S,Indian National Congress,KILLIYOOR,TAMIL NADU,66434
S221,SUDHAKAR.V,All India Anna Dravida Munnetra Kazhagam,GUMMIDIPOONDI,TAMIL NADU,66375
S22199,SAKTHIVEL P.,Viduthalai Chiruthaigal Katchi,PERIYAKULAM,TAMIL NADU,66335
S22127,DR. PRAVEEN KUMAR. M,Tamilaga Vettri Kazhagam,PALANI,TAMIL NADU,66293
S22146,RAVISANKAR.M,Tamilaga Vettri Kazhagam,THURAIYUR,TAMIL NADU,66263
S2243,P.KARTHIKEYAN,Dravida Munnetra Kazhagam,VELLORE,TAMIL NADU,66255
S2277,SUDHAKAR M,Tamilaga Vettri Kazhagam,ULUNDURPETTAI,TAMIL NADU,66208
S22231,THARAHAI CUTHBERT,Indian National Congress,COLACHAL,TAMIL NADU,66207
S2293,C CHANDRASEKARAN,All India Anna Dravida Munnetra Kazhagam,SENTHAMANGALAM,TAMIL NADU,66160
S22106,NALLASIVAM.N,Dravida Munnetra Kazhagam,GOBICHETTIPALAYAM,TAMIL NADU,65992
S22176,ANNADURAI K,Dravida Munnetra Kazhagam,PATTUKKOTTAI,TAMIL NADU,65963
S22226,MARIA JOHN,Tamilaga Vettri Kazhagam,PALAYAMKOTTAI,TAMIL NADU,65939
S22170,S.PRABAKARAN,Tamilaga Vettri Kazhagam,THIRUVIDAIMARUDUR,TAMIL NADU,65835
S22139,R.MANOHARAN,All India Anna Dravida Munnetra Kazhagam,SRIRANGAM,TAMIL NADU,65819
S22197,VIJAY. M,Tamilaga Vettri Kazhagam,USILAMPATTI,TAMIL NADU,65743
S2287,MANIKANDAN. M,Dravida Munnetra Kazhagam,SANKARI,TAMIL NADU,65716
S22125,RADHAKRISHNAN K.,All India Anna Dravida Munnetra Kazhagam,UDUMALAIPETTAI,TAMIL NADU,65667
S22130,NAGAJOTHI.S,Dravida Munnetra Kazhagam,NILAKKOTTAI,TAMIL NADU,65655
S22203,KARTHIK.A,Tamilaga Vettri Kazhagam,SRIVILLIPUTHUR,TAMIL NADU,65653
S2268,DUSI K MOHAN,Tamilaga Vettri Kazhagam,CHEYYAR,TAMIL NADU,65599
S22109,DHRAVIDAMANI.M,Dravida Munnetra Kazhagam,GUDALUR,TAMIL NADU,65590
S22225,DR.ESAKKI SUBAYA,All India Anna Dravida Munnetra Kazhagam,AMBASAMUDRAM,TAMIL NADU,65589
S2270,GINGEE MASTHAN K S,Dravida Munnetra Kazhagam,GINGEE,TAMIL NADU,65556
S22202,JEGADESHWARI. K,Tamilaga Vettri Kazhagam,RAJAPALAYAM,TAMIL NADU,65548
S22127,PANDI. N,Communist Party of India (Marxist),PALANI,TAMIL NADU,65534
S22112,DR. GOKILAMANI.V,Dravida Munnetra Kazhagam,AVANASHI,TAMIL NADU,65530
S2282,SELVABHARATHI. R.,Tamilaga Vettri Kazhagam,ATTUR,TAMIL NADU,65525
S2285,SELVAM. K,Tamilaga Vettri Kazhagam,METTUR,TAMIL NADU,65260
S2252,D. MATHIAZHAGAN,Dravida Munnetra Kazhagam,BARGUR,TAMIL NADU,65228
S22234,SABIN. S,Tamilaga Vettri Kazhagam,KILLIYOOR,TAMIL NADU,65123
S22207,RAMACHANDRAN. K.K.S.S.R,Dravida Munnetra Kazhagam,ARUPPUKKOTTAI,TAMIL NADU,65104
S22121,V.SRINIDHI,Indian National Congress,SINGANALLUR,TAMIL NADU,65024
S2251,T M  TAMILSELVAM,All India Anna Dravida Munnetra Kazhagam,UTHANGARAI,TAMIL NADU,65003
S22131,RAMESH L N,Tamilaga Vettri Kazhagam,NATHAM,TAMIL NADU,64997
S22180,K.M. SHARIFF,Tamilaga Vettri Kazhagam,PUDUKKOTTAI,TAMIL NADU,64958
S2293,P POOMALAR,Dravida Munnetra Kazhagam,SENTHAMANGALAM,TAMIL NADU,64951
S22182,SIVA.V.MEYYANATHAN,Dravida Munnetra Kazhagam,ALANGUDI,TAMIL NADU,64929
S22219,DR. DHILIPAN JAISHANKAR,All India Anna Dravida Munnetra Kazhagam,SANKARANKOVIL,TAMIL NADU,64865
S22198,PANDI.V,Tamilaga Vettri Kazhagam,ANDIPATTI,TAMIL NADU,64770
S22196,UDHAYAKUMAR.R.B,All India Anna Dravida Munnetra Kazhagam,THIRUMANGALAM,TAMIL NADU,64484
S22224,SUBRAMANIAN.S,Dravida Munnetra Kazhagam,TIRUNELVELI,TAMIL NADU,64426
S22101,INDIRANI.T,Dravida Munnetra Kazhagam,DHARAPURAM,TAMIL NADU,64373
S2246,PARITHA PURUSHOTHAMAN.G,All India Anna Dravida Munnetra Kazhagam,GUDIYATTAM,TAMIL NADU,64122
S2240,V. RAMU,All India Anna Dravida Munnetra Kazhagam,KATPADI,TAMIL NADU,63998
S22158,PANDIAN. K.A,All India Anna Dravida Munnetra Kazhagam,CHIDAMBARAM,TAMIL NADU,63992
S22141,S. INIGO IRUDAYARAJ,Dravida Munnetra Kazhagam,TIRUCHIRAPPALLI,TAMIL NADU,63965
S22197,MAHENDRAN. I,All India Anna Dravida Munnetra Kazhagam,USILAMPATTI,TAMIL NADU,63938
S22190,KARUPPAIAH.M.V,Tamilaga Vettri Kazhagam,SHOLAVANDAN,TAMIL NADU,63907
S2254,SAMPANGI.S.R,Tamilaga Vettri Kazhagam,VEPPANAHALLI,TAMIL NADU,63907
S22210,M.KEERTHIKA,All India Anna Dravida Munnetra Kazhagam,TIRUVADANAI,TAMIL NADU,63879
S2272,VANNI ARASU,Viduthalai Chiruthaigal Katchi,TINDIVANAM,TAMIL NADU,63833
S2234,RAJASEKAR. E,All India Anna Dravida Munnetra Kazhagam,CHEYYUR,TAMIL NADU,63809
S2274,VIJAYASURESHBABU,All India Anna Dravida Munnetra Kazhagam,VILUPPURAM,TAMIL NADU,63808
S2269,AMBETHKUMAR. S,Dravida Munnetra Kazhagam,VANDAVASI,TAMIL NADU,63805
S2257,GOPI. R.,Tamilaga Vettri Kazhagam,PALACODU,TAMIL NADU,63765
S22153,RAJENDRAN.R,All India Anna Dravida Munnetra Kazhagam,NEYVELI,TAMIL NADU,63731
S22206,SELVAM P,Tamilaga Vettri Kazhagam,VIRUDHUNAGAR,TAMIL NADU,63653
S22193,MADHAR BADHURUDEEN,Tamilaga Vettri Kazhagam,MADURAI CENTRAL,TAMIL NADU,63414
S22231,PREM ALEX LAWRENCE,Tamilaga Vettri Kazhagam,COLACHAL,TAMIL NADU,63374
S22198,LOGIRAJAN.A,All India Anna Dravida Munnetra Kazhagam,ANDIPATTI,TAMIL NADU,63343
S2244,R.VELMURUGAN,Tamilaga Vettri Kazhagam,ANAIKATTU,TAMIL NADU,63287
S22183,RAMACHANDRAN . T,Indian National Congress,ARANTHANGI,TAMIL NADU,63182
S22107,P.L.SUNDARAM,Communist Party of India,BHAVANISAGAR,TAMIL NADU,63107
S22151,GANESAN C.V,Dravida Munnetra Kazhagam,TITTAKUDI,TAMIL NADU,63106
S2272,ARJUNAN. P,All India Anna Dravida Munnetra Kazhagam,TINDIVANAM,TAMIL NADU,63099
S22220,E. RAJA,Dravida Munnetra Kazhagam,VASUDEVANALLUR,TAMIL NADU,63045
S2219,UDHAYANIDHI STALIN,Dravida Munnetra Kazhagam,CHEPAUK-THIRUVALLIKENI,TAMIL NADU,62992
S22102,MANI GOUNDER,Tamilaga Vettri Kazhagam,KANGAYAM,TAMIL NADU,62989
S2265,SARAVANAN. P.S.T,Dravida Munnetra Kazhagam,KALASAPAKKAM,TAMIL NADU,62889
S2242,G.VIJAY MOHAN,Tamilaga Vettri Kazhagam,ARCOT,TAMIL NADU,62888
S2236,MAGESHKUMAR.P,Pattali Makkal Katchi,UTHIRAMERUR,TAMIL NADU,62809
S22214,P. GEETHA JEEVAN,Dravida Munnetra Kazhagam,THOOTHUKKUDI,TAMIL NADU,62805
S2261,RAKESH. K,Tamilaga Vettri Kazhagam,HARUR,TAMIL NADU,62756
S2249,MUNISAMY C,Tamilaga Vettri Kazhagam,JOLARPET,TAMIL NADU,62550
S221,T.J.GOVINDARAJAN,Dravida Munnetra Kazhagam,GUMMIDIPOONDI,TAMIL NADU,62492
S2276,DR PON GAUTHAMSIGAMANI,Dravida Munnetra Kazhagam,TIRUKKOYILUR,TAMIL NADU,62452
S22192,M.M.GOPISON,Tamilaga Vettri Kazhagam,MADURAI SOUTH,TAMIL NADU,62415
S22136,SATHYA. M,Tamilaga Vettri Kazhagam,KRISHNARAYAPURAM,TAMIL NADU,62378
S22230,BERVIN KINGS G,Tamilaga Vettri Kazhagam,NAGERCOIL,TAMIL NADU,62310
S2240,DURAIMURUGAN,Dravida Munnetra Kazhagam,KATPADI,TAMIL NADU,62225
S2235,EZHIL KATHARINE EZHILMALAI,Tamilaga Vettri Kazhagam,MADURANTAKAM,TAMIL NADU,62090
S22204,KADARKARAIRAJ. A,Dravida Munnetra Kazhagam,SATTUR,TAMIL NADU,62060
S22123,K. NITHYANANDHAN,Dravida Munnetra Kazhagam,POLLACHI,TAMIL NADU,62013
S2231,C.RAJENDRAN,All India Anna Dravida Munnetra Kazhagam,TAMBARAM,TAMIL NADU,61991
S2249,KAVITHADHANDAPANI,Dravida Munnetra Kazhagam,JOLARPET,TAMIL NADU,61977
S2273,SURESH P,Tamilaga Vettri Kazhagam,VANUR,TAMIL NADU,61839
S22169,MOHAMED MUBARAK,Dravida Munnetra Kazhagam,NANNILAM,TAMIL NADU,61738
S22111,O.K.CHINNARAJ,All India Anna Dravida Munnetra Kazhagam,METTUPPALAYAM,TAMIL NADU,61736
S22218,KARUNANITHI.K,Dravida Munnetra Kazhagam,KOVILPATTI,TAMIL NADU,61643
S2270,CHANDRASEKARAN B,Tamilaga Vettri Kazhagam,GINGEE,TAMIL NADU,61609
S22208,SAMAYAN.S,Tamilaga Vettri Kazhagam,TIRUCHULI,TAMIL NADU,61600
S2266,BASKARAN. C. R,Pattali Makkal Katchi,POLUR,TAMIL NADU,61444
S22113,M.S.M.ANANDAN,All India Anna Dravida Munnetra Kazhagam,TIRUPPUR,TAMIL NADU,61409
S22223,K R P PRABAKARAN,All India Anna Dravida Munnetra Kazhagam,ALANGULAM,TAMIL NADU,61372
S22138,P. ABDUL SAMED,Dravida Munnetra Kazhagam,MANAPPARAI,TAMIL NADU,61355
S2295,SEKAR S,All India Anna Dravida Munnetra Kazhagam,PARAMATHI-VELUR,TAMIL NADU,61349
S22190,VENKATESAN.A,Dravida Munnetra Kazhagam,SHOLAVANDAN,TAMIL NADU,61229
S2272,SAKTHIVEL. S,Tamilaga Vettri Kazhagam,TINDIVANAM,TAMIL NADU,61159
S22166,PANDIYAN.S,Tamilaga Vettri Kazhagam,THIRUTHURAIPOONDI,TAMIL NADU,61140
S2247,SENDHIL KUMAR.G,All India Anna Dravida Munnetra Kazhagam,VANIYAMBADI,TAMIL NADU,61055
S2295,MOORTHIY K S,Dravida Munnetra Kazhagam,PARAMATHI-VELUR,TAMIL NADU,61041
S2251,R KUPPUSAMY,Indian National Congress,UTHANGARAI,TAMIL NADU,60993
S2275,ANNIYUR SIVA @ SIVASHANMUGAM A,Dravida Munnetra Kazhagam,VIKRAVANDI,TAMIL NADU,60941
S22177,ASHOKKUMAR. N,Dravida Munnetra Kazhagam,PERAVURANI,TAMIL NADU,60919
S22114,DINESHKUMAR. N,Dravida Munnetra Kazhagam,TIRUPPUR,TAMIL NADU,60892
S22196,SATHISHKUMAR.N,Tamilaga Vettri Kazhagam,THIRUMANGALAM,TAMIL NADU,60826
S22218,BALASUBRAMANIAN.S,Tamilaga Vettri Kazhagam,KOVILPATTI,TAMIL NADU,60800
S22143,LEEMAROSE MARTIN,All India Anna Dravida Munnetra Kazhagam,LALGUDI,TAMIL NADU,60795
S22100,D.SHANMUGAN,Tamilaga Vettri Kazhagam,MODAKKURICHI,TAMIL NADU,60715
S22223,VIBIN CHAKKARAVARTHY,Tamilaga Vettri Kazhagam,ALANGULAM,TAMIL NADU,60684
S22103,THOPPU VENKATACHALAM (ALIAS) N.D. VENKATACHALAM,Dravida Munnetra Kazhagam,PERUNDURAI,TAMIL NADU,60609
S22151,RAJASEKAR A,Tamilaga Vettri Kazhagam,TITTAKUDI,TAMIL NADU,60477
S2269,RANI. P,All India Anna Dravida Munnetra Kazhagam,VANDAVASI,TAMIL NADU,60472
S22137,S.KARUNAKARAN,All India Anna Dravida Munnetra Kazhagam,KULITHALAI,TAMIL NADU,60317
S2292,PREMKUMAR S D,Bharatiya Janata Party,RASIPURAM,TAMIL NADU,60297
S22207,KARTHIK KUMAR. K,Tamilaga Vettri Kazhagam,ARUPPUKKOTTAI,TAMIL NADU,60161
S22188,P.VISWANATHAN,Indian National Congress,MELUR,TAMIL NADU,60080
S22105,HARIBASKAR.P,All India Anna Dravida Munnetra Kazhagam,ANTHIYUR,TAMIL NADU,60042
S2264,PITCHANDI.K,Dravida Munnetra Kazhagam,KILPENNATHUR,TAMIL NADU,60038
S22160,SAKTHI.M,All India Anna Dravida Munnetra Kazhagam,SIRKAZHI,TAMIL NADU,60032
S2268,JOTHI. O,Dravida Munnetra Kazhagam,CHEYYAR,TAMIL NADU,59894
S2235,S.AMULU PONMALAR,Dravida Munnetra Kazhagam,MADURANTAKAM,TAMIL NADU,59838
S22125,SANKAR K.,Tamilaga Vettri Kazhagam,UDUMALAIPETTAI,TAMIL NADU,59831
S22152,DR.TAMIZHARASI.P,Pattali Makkal Katchi,VRIDDHACHALAM,TAMIL NADU,59791
S22120,V SENTHILBALAJI,Dravida Munnetra Kazhagam,COIMBATORE,TAMIL NADU,59724
S2253,CHELLAKUMAR.A,Indian National Congress,KRISHNAGIRI,TAMIL NADU,59597
S22103,ARUNACHALAM. V. P,Tamilaga Vettri Kazhagam,PERUNDURAI,TAMIL NADU,59483
S22197,SARAVANAKUMAR. T,Indian National Congress,USILAMPATTI,TAMIL NADU,59465
S229,MADHAVARAM V.MOORTHY,All India Anna Dravida Munnetra Kazhagam,MADAVARAM,TAMIL NADU,59290
S22102,M.P.SAMINATHAN,Dravida Munnetra Kazhagam,KANGAYAM,TAMIL NADU,59230
S22165,MANIAN. O.S,All India Anna Dravida Munnetra Kazhagam,VEDARANYAM,TAMIL NADU,59172
S22148,REVATHI MUTHAMILSELVAN,Tamilaga Vettri Kazhagam,KUNNAM,TAMIL NADU,59170
S22209,ADVOCATE. KATHIRAVAN. K.K,Dravida Munnetra Kazhagam,PARAMAKUDI,TAMIL NADU,59161
S22160,GOPINATH.S,Tamilaga Vettri Kazhagam,SIRKAZHI,TAMIL NADU,59149
S2264,RAJA.D,Tamilaga Vettri Kazhagam,KILPENNATHUR,TAMIL NADU,59130
S2217,K.V. VIJAY DAMU,Tamilaga Vettri Kazhagam,ROYAPURAM,TAMIL NADU,59091
S2220,PRABHAKAR.J.C.D,Tamilaga Vettri Kazhagam,THOUSAND LIGHTS,TAMIL NADU,58965
S22136,DR. DHIVYA. S,All India Anna Dravida Munnetra Kazhagam,KRISHNARAYAPURAM,TAMIL NADU,58875
S22216,SARAVANAN. G,Tamilaga Vettri Kazhagam,SRIVAIKUNTAM,TAMIL NADU,58814
S22178,N. SUBRAMANIAN,Tamilaga Vettri Kazhagam,GANDHARVAKOTTAI,TAMIL NADU,58795
S22105,SIVABALAN.M,Dravida Munnetra Kazhagam,ANTHIYUR,TAMIL NADU,58782
S2281,CHINNADURAI. K,Dravida Munnetra Kazhagam,GANGAVALLI,TAMIL NADU,58763
S22186,SENTHILNATHAN PR,All India Anna Dravida Munnetra Kazhagam,SIVAGANGA,TAMIL NADU,58656
S22227,RUBY.R.MANOHARAN,Indian National Congress,NANGUNERI,TAMIL NADU,58533
S22213,MARKANDAYAN G V,Dravida Munnetra Kazhagam,VILATHIKULAM,TAMIL NADU,58395
S22219,C. RAMARAJAN,Tamilaga Vettri Kazhagam,SANKARANKOVIL,TAMIL NADU,58376
S22100,S.KIRTHIKA,Bharatiya Janata Party,MODAKKURICHI,TAMIL NADU,58285
S22100,S.SENTHILNATHAN,Dravida Munnetra Kazhagam,MODAKKURICHI,TAMIL NADU,58236
S22181,REGUPATHY.S,Dravida Munnetra Kazhagam,THIRUMAYAM,TAMIL NADU,58201
S2269,UDHAYAKUMAR. M,Tamilaga Vettri Kazhagam,VANDAVASI,TAMIL NADU,58174
S2234,MOHAN RAJA.M.G.K,Tamilaga Vettri Kazhagam,CHEYYUR,TAMIL NADU,58141
S22143,KU PA KRISHNAN,Tamilaga Vettri Kazhagam,LALGUDI,TAMIL NADU,58056
S2290,LOGANATHAN. M,Dravida Munnetra Kazhagam,SALEM,TAMIL NADU,58002
S2239,A.M.MUNIRATHINAM,Indian National Congress,SHOLINGUR,TAMIL NADU,57997
S2234,SINTHANAI SELVAN,Viduthalai Chiruthaigal Katchi,CHEYYUR,TAMIL NADU,57909
S2292,MATHIVENTHAN M DR,Dravida Munnetra Kazhagam,RASIPURAM,TAMIL NADU,57854
S22121,K.R.JAYARAM,All India Anna Dravida Munnetra Kazhagam,SINGANALLUR,TAMIL NADU,57783
S22177,GOVI.ELANGO,All India Anna Dravida Munnetra Kazhagam,PERAVURANI,TAMIL NADU,57757
S22211,GBS K.NAGENDRAN,Bharatiya Janata Party,RAMANATHAPURAM,TAMIL NADU,57730
S22228,APPAVU.M,Dravida Munnetra Kazhagam,RADHAPURAM,TAMIL NADU,57634
S22216,SHANMUGANATHAN. S. P,All India Anna Dravida Munnetra Kazhagam,SRIVAIKUNTAM,TAMIL NADU,57628
S2260,THILAGAVATHI. S,Tamilaga Vettri Kazhagam,PAPPIREDDIPATTI,TAMIL NADU,57619
S22120,V. SENTHILKUMAR,Tamilaga Vettri Kazhagam,COIMBATORE,TAMIL NADU,57453
S22123,POLLACHI V. JAYARAMAN,All India Anna Dravida Munnetra Kazhagam,POLLACHI,TAMIL NADU,57386
S22149,SIVAKUMAR M,Tamilaga Vettri Kazhagam,ARIYALUR,TAMIL NADU,57359
S22188,A.MADURAIVEERAN,Tamilaga Vettri Kazhagam,MELUR,TAMIL NADU,57356
S22186,KARUNAAS S,Dravida Munnetra Kazhagam,SIVAGANGA,TAMIL NADU,57300
S22136,RAJA. C.K,Dravida Munnetra Kazhagam,KRISHNARAYAPURAM,TAMIL NADU,57292
S22161,PALANISAMY. A   M.COM.,Pattali Makkal Katchi,MAYILADUTHURAI,TAMIL NADU,57166
S22172,DORAI. SHANMUGA PRABU,All India Anna Dravida Munnetra Kazhagam,PAPANASAM,TAMIL NADU,57072
S22203,MAHALINGAM.P,Communist Party of India,SRIVILLIPUTHUR,TAMIL NADU,57072
S22205,ASHOKAN G,Indian National Congress,SIVAKASI,TAMIL NADU,57039
S2259,DR. ELANGOVAN. V.,Desiya Murpokku Dravida Kazhagam,DHARMAPURI,TAMIL NADU,56905
S2250,NALLATHAMBI. A,Dravida Munnetra Kazhagam,TIRUPPATTUR,TAMIL NADU,56835
S22133,DR.NAKAJOTHI. N,Tamilaga Vettri Kazhagam,VEDASANDUR,TAMIL NADU,56804
S22188,P.PERIYAPULLAN (A) SELVAM,All India Anna Dravida Munnetra Kazhagam,MELUR,TAMIL NADU,56744
S22181,CHINTHAMANI.C,Tamilaga Vettri Kazhagam,THIRUMAYAM,TAMIL NADU,56709
S22146,E.SAROJA,All India Anna Dravida Munnetra Kazhagam,THURAIYUR,TAMIL NADU,56649
S224,BE  VEE RAMANAH,All India Anna Dravida Munnetra Kazhagam,THIRUVALLUR,TAMIL NADU,56562
S2210,SUNDARARAJ. L,Communist Party of India (Marxist),THIRUVOTTIYUR,TAMIL NADU,56503
S2278,CHEZHIYAN P,Pattali Makkal Katchi,RISHIVANDIYAM,TAMIL NADU,56488
S22220,ANANTHAN AYYASAMY,Bharatiya Janata Party,VASUDEVANALLUR,TAMIL NADU,56462
S22105,VIJAY VENKATESH.M,Tamilaga Vettri Kazhagam,ANTHIYUR,TAMIL NADU,56372
S22163,M.H.JAWAHIRULLAH,Dravida Munnetra Kazhagam,NAGAPATTINAM,TAMIL NADU,56305
S22106,PRABHU.V.B,All India Anna Dravida Munnetra Kazhagam,GOBICHETTIPALAYAM,TAMIL NADU,56232
S22164,LATHA. T,Communist Party of India (Marxist),KILVELUR,TAMIL NADU,56108
S22204,NAINAR NAGENTHRAN,Bharatiya Janata Party,SATTUR,TAMIL NADU,56071
S2295,NANDAKUMAR A,Tamilaga Vettri Kazhagam,PARAMATHI-VELUR,TAMIL NADU,56067
S22154,MANIKANDAN. M,Tamilaga Vettri Kazhagam,PANRUTI,TAMIL NADU,56022
S22162,VIJAYALAIYAN. J,Tamilaga Vettri Kazhagam,POOMPUHAR,TAMIL NADU,55902
S2219,SELVAM. D,Tamilaga Vettri Kazhagam,CHEPAUK-THIRUVALLIKENI,TAMIL NADU,55852
S22209,GOPIRAJAN. G,Tamilaga Vettri Kazhagam,PARAMAKUDI,TAMIL NADU,55613
S22143,T. PARIVALLAL,Dravida Munnetra Kazhagam,LALGUDI,TAMIL NADU,55565
S22222,A. RAJAPRAKASH,Tamilaga Vettri Kazhagam,TENKASI,TAMIL NADU,55543
S22150,KAVITHA RAJENDRAN G.,Tamilaga Vettri Kazhagam,JAYANKONDAM,TAMIL NADU,55538
S22181,VAIRAMUTHU.PK,All India Anna Dravida Munnetra Kazhagam,THIRUMAYAM,TAMIL NADU,55464
S22225,V.P.DURAI,Indian National Congress,AMBASAMUDRAM,TAMIL NADU,55344
S22155,A.S.CHANDARASEKARAN,Indian National Congress,CUDDALORE,TAMIL NADU,55337
S2281,SUJATHA. V,Tamilaga Vettri Kazhagam,GANGAVALLI,TAMIL NADU,55291
S22184,MANGUDI. S,Indian National Congress,KARAIKUDI,TAMIL NADU,55284
S22155,M.C.SAMPATH,All India Anna Dravida Munnetra Kazhagam,CUDDALORE,TAMIL NADU,55258
S22173,VELU. KARTHIKEYAN,Amma Makkal Munnettra Kazagam,THIRUVAIYARU,TAMIL NADU,55121
S22202,THANGAPANDIAN. S,Dravida Munnetra Kazhagam,RAJAPALAYAM,TAMIL NADU,54943
S223,D.KRISHNAMURTHY,Desiya Murpokku Dravida Kazhagam,TIRUTTANI,TAMIL NADU,54863
S22191,G.THALAPATHI,Dravida Munnetra Kazhagam,MADURAI NORTH,TAMIL NADU,54815
S227,P. BENJAMIN,All India Anna Dravida Munnetra Kazhagam,MADURAVOYAL,TAMIL NADU,54705
S22124,KUTTY (ALIAS) SUDHAKAR. A,Dravida Munnetra Kazhagam,VALPARAI,TAMIL NADU,54671
S222,DURAI CHANDRASEKAR,Indian National Congress,PONNERI,TAMIL NADU,54671
S22158,NEDUNCHEZHIYAN,Tamilaga Vettri Kazhagam,CHIDAMBARAM,TAMIL NADU,54584
S22169,PRABHAKARAN. S,Tamilaga Vettri Kazhagam,NANNILAM,TAMIL NADU,54530
S22126,C SHANMUGAVELU,Amma Makkal Munnettra Kazagam,MADATHUKULAM,TAMIL NADU,54490
S22231,SIVAKUMAR. T,Bharatiya Janata Party,COLACHAL,TAMIL NADU,54384
S22206,VIJAYAPRABHAKAR,Desiya Murpokku Dravida Kazhagam,VIRUDHUNAGAR,TAMIL NADU,54262
S2273,MURUGAN P,All India Anna Dravida Munnetra Kazhagam,VANUR,TAMIL NADU,54193
S22209,DR. MUTHIAH. S,All India Anna Dravida Munnetra Kazhagam,PARAMAKUDI,TAMIL NADU,54099
S22104,CHANDRASEKAR. K.A,Dravida Munnetra Kazhagam,BHAVANI,TAMIL NADU,54087
S2245,JEGAN MOORTHY. M,All India Anna Dravida Munnetra Kazhagam,KILVAITHINANKUPPAM,TAMIL NADU,54050
S22132,SREENIVASAN. C,All India Anna Dravida Munnetra Kazhagam,DINDIGUL,TAMIL NADU,53986
S22113,M.RAVI ALIAS M.SUBRAMANIAN,Communist Party of India,TIRUPPUR,TAMIL NADU,53964
S2258,G. K. M. TAMILKUMARAN,Indian National Congress,PENNAGARAM,TAMIL NADU,53901
S2216,RAJMOHAN,Tamilaga Vettri Kazhagam,EGMORE,TAMIL NADU,53901
S2245,DR. RAJESWARI. R,Dravida Munnetra Kazhagam,KILVAITHINANKUPPAM,TAMIL NADU,53898
S22145,N.S.KARUNAIRAAJA,Dravida Munnetra Kazhagam,MUSIRI,TAMIL NADU,53839
S22164,SENTHIL PANDIAN. P,Tamilaga Vettri Kazhagam,KILVELUR,TAMIL NADU,53830
S22123,G. RAMANATHAN,Tamilaga Vettri Kazhagam,POLLACHI,TAMIL NADU,53819
S22225,S.RAJAGOPAL,Tamilaga Vettri Kazhagam,AMBASAMUDRAM,TAMIL NADU,53611
S22204,AJITH. M,Tamilaga Vettri Kazhagam,SATTUR,TAMIL NADU,53498
S22232,KRISHNA KUMAR. S,Tamilaga Vettri Kazhagam,PADMANABHAPURAM,TAMIL NADU,53369
S22156,RAJKUMAR D,Tamilaga Vettri Kazhagam,KURINJIPADI,TAMIL NADU,53110
S22218,KADAMBUR RAJU.C,All India Anna Dravida Munnetra Kazhagam,KOVILPATTI,TAMIL NADU,53014
S22170,ELAMATHI SUBRAMANIAN,All India Anna Dravida Munnetra Kazhagam,THIRUVIDAIMARUDUR,TAMIL NADU,52922
S2294,RANI P,Dravida Munnetra Kazhagam,NAMAKKAL,TAMIL NADU,52808
S22153,SABA.RAJENDRAN,Dravida Munnetra Kazhagam,NEYVELI,TAMIL NADU,52769
S2223,SUBRAMANIAN. MA,Dravida Munnetra Kazhagam,SAIDAPET,TAMIL NADU,52691
S22126,R THIRUMALAI,Tamilaga Vettri Kazhagam,MADATHUKULAM,TAMIL NADU,52684
S22228,BALAKRISHNAN.S.P,Bharatiya Janata Party,RADHAPURAM,TAMIL NADU,52637
S22217,P.M.RAMAJEYAM,Dravida Munnetra Kazhagam,OTTAPIDARAM,TAMIL NADU,52542
S22161,HAROON RASHEED. S.S,Tamilaga Vettri Kazhagam,MAYILADUTHURAI,TAMIL NADU,52538
S22230,GANDHI M R,Bharatiya Janata Party,NAGERCOIL,TAMIL NADU,52355
S2271,VIJAY NIRANJAN A,Tamilaga Vettri Kazhagam,MAILAM,TAMIL NADU,52312
S2228,S.SARAVANAN,All India Anna Dravida Munnetra Kazhagam,ALANDUR,TAMIL NADU,52243
S22176,MATHAN C,Tamilaga Vettri Kazhagam,PATTUKKOTTAI,TAMIL NADU,52209
S22159,A. SOZHAN,Pattali Makkal Katchi,KATTUMANNARKOIL,TAMIL NADU,52116
S22145,N.YOGANATHAN,All India Anna Dravida Munnetra Kazhagam,MUSIRI,TAMIL NADU,52061
S22182,KANDASAMY,Tamilaga Vettri Kazhagam,ALANGUDI,TAMIL NADU,51952
S2282,ARTHANARI. S.K.,Indian National Congress,ATTUR,TAMIL NADU,51896
S22165,PUGAZHENDI. M,Dravida Munnetra Kazhagam,VEDARANYAM,TAMIL NADU,51841
S22175,DR. K. ARVIND,Tamilaga Vettri Kazhagam,ORATHANADU,TAMIL NADU,51731
S2265,ELUMALAI. P,Tamilaga Vettri Kazhagam,KALASAPAKKAM,TAMIL NADU,51666
S2224,ANAND N,Tamilaga Vettri Kazhagam,THIYAGARAYANAGAR,TAMIL NADU,51632
S222,BALARAMAN.P,All India Anna Dravida Munnetra Kazhagam,PONNERI,TAMIL NADU,51468
S22134,KARTHIKEYAN. P,Tamilaga Vettri Kazhagam,ARAVAKURICHI,TAMIL NADU,51445
S22212,MALARVIZHI. B,Tamilaga Vettri Kazhagam,MUDHUKULATHUR,TAMIL NADU,51405
S2296,SRMT SEKAR (A) CHANDRASEKAR R,All India Anna Dravida Munnetra Kazhagam,TIRUCHENGODU,TAMIL NADU,51328
S22205,RAJENTHRABHALAJI K T,All India Anna Dravida Munnetra Kazhagam,SIVAKASI,TAMIL NADU,51078
S2286,PREMKUMAR. K,Independent,EDAPPADI,TAMIL NADU,50823
S2238,EZHIL CAROLINE,Viduthalai Chiruthaigal Katchi,ARAKKONAM,TAMIL NADU,50655
S22110,M. RAJU,Dravida Munnetra Kazhagam,COONOOR,TAMIL NADU,50470
S2290,VINOTH. J,All India Anna Dravida Munnetra Kazhagam,SALEM,TAMIL NADU,50216
S22213,P. KASIRAM,Tamilaga Vettri Kazhagam,VILATHIKULAM,TAMIL NADU,50167
S22182,DHANA VIMAL,All India Anna Dravida Munnetra Kazhagam,ALANGUDI,TAMIL NADU,50063
S2238,S. RAVI,All India Anna Dravida Munnetra Kazhagam,ARAKKONAM,TAMIL NADU,50052
S2257,DR. DNV SENTHILKUMAR. S.,Dravida Munnetra Kazhagam,PALACODU,TAMIL NADU,50043
S2221,N.CHITRARASU,Dravida Munnetra Kazhagam,ANNA NAGAR,TAMIL NADU,50012
S22130,THENMOZHI.S,All India Anna Dravida Munnetra Kazhagam,NILAKKOTTAI,TAMIL NADU,49924
S22157,MAHALINGAM . T,Tamilaga Vettri Kazhagam,BHUVANAGIRI,TAMIL NADU,49904
S22195,RAJANCHELLAPPA. V.V.,All India Anna Dravida Munnetra Kazhagam,THIRUPARANKUNDRAM,TAMIL NADU,49865
S22128,VIDIYAL S. SEKAR,Bharatiya Janata Party,ODDANCHATRAM,TAMIL NADU,49850
S22233,MICHAEL KUMAR K,Tamilaga Vettri Kazhagam,VILAVANCODE,TAMIL NADU,49785
S22118,VANATHI SRINIVASAN,Bharatiya Janata Party,COIMBATORE,TAMIL NADU,49722
S22176,SEKAR C V,All India Anna Dravida Munnetra Kazhagam,PATTUKKOTTAI,TAMIL NADU,49575
S22190,MANICKAM.K,All India Anna Dravida Munnetra Kazhagam,SHOLAVANDAN,TAMIL NADU,49494
S2296,ESWARAN E R,Dravida Munnetra Kazhagam,TIRUCHENGODU,TAMIL NADU,49465
S22134,SELVAKUMAR. K,All India Anna Dravida Munnetra Kazhagam,ARAVAKURICHI,TAMIL NADU,49289
S22221,ABDUL JALEEL. R. K,Tamilaga Vettri Kazhagam,KADAYANALLUR,TAMIL NADU,49254
S22146,M.LENIN PRASATH,Indian National Congress,THURAIYUR,TAMIL NADU,49222
S22128,MOHAN. S,Tamilaga Vettri Kazhagam,ODDANCHATRAM,TAMIL NADU,49155
S2214,KARTHIK MOHAN,Dravida Munnetra Kazhagam,VILLIVAKKAM,TAMIL NADU,49143
S2222,PRABHAKARA RAJA.A.M.V,Dravida Munnetra Kazhagam,VIRUGAMPAKKAM,TAMIL NADU,49006
S2230,V.VENKATESAN,All India Anna Dravida Munnetra Kazhagam,PALLAVARAM,TAMIL NADU,48921
S22213,R. SATHYA,All India Anna Dravida Munnetra Kazhagam,VILATHIKULAM,TAMIL NADU,48879
S2242,J.L.ESWARAPPAN,Dravida Munnetra Kazhagam,ARCOT,TAMIL NADU,48840
S22108,BHOJARAJAN.M,Bharatiya Janata Party,UDHAGAMANDALAM,TAMIL NADU,48488
S2211,J. JOHN EBENEZER,Dravida Munnetra Kazhagam,DR.RADHAKRISHNAN NAGAR,TAMIL NADU,48132
S22178,C. UTHAYAKUMAR,Bharatiya Janata Party,GANDHARVAKOTTAI,TAMIL NADU,47756
S22108,IBRAHIM.R,Tamilaga Vettri Kazhagam,UDHAGAMANDALAM,TAMIL NADU,47512
S22224,THACHAI GANESARAJA,All India Anna Dravida Munnetra Kazhagam,TIRUNELVELI,TAMIL NADU,47504
S22212,S.PANDI,All India Anna Dravida Munnetra Kazhagam,MUDHUKULATHUR,TAMIL NADU,47501
S2226,ASHOK. M.K,All India Anna Dravida Munnetra Kazhagam,VELACHERY,TAMIL NADU,47125
S2248,VENKATESAN. R,All India Anna Dravida Munnetra Kazhagam,AMBUR,TAMIL NADU,47100
S2284,ELANGOVAN. A.R,Desiya Murpokku Dravida Kazhagam,OMALUR,TAMIL NADU,46917
S2215,K. S. RAVICHANDRAN,Dravida Munnetra Kazhagam,THIRU-VI-KA-NAGAR,TAMIL NADU,46792
S22178,M. CHINNADURAI,Communist Party of India (Marxist),GANDHARVAKOTTAI,TAMIL NADU,46734
S22163,M.SUGUMAR,Tamilaga Vettri Kazhagam,NAGAPATTINAM,TAMIL NADU,46524
S22101,GOWRI CHITRA,Tamilaga Vettri Kazhagam,DHARAPURAM,TAMIL NADU,46438
S2271,VENKATESAN L,Desiya Murpokku Dravida Kazhagam,MAILAM,TAMIL NADU,46267
S22144,R.V. BHARATHAN,All India Anna Dravida Munnetra Kazhagam,MANACHANALLUR,TAMIL NADU,46066
S2226,AASSAN MAULAANA J.M.H,Indian National Congress,VELACHERY,TAMIL NADU,45928
S22220,R. AMUTHARANI,Tamilaga Vettri Kazhagam,VASUDEVANALLUR,TAMIL NADU,45862
S2298,GOPINATH PALANIYAPPAN,Indian National Congress,ERODE,TAMIL NADU,45781
S22108,RAMACHANDRAN.B,Indian National Congress,UDHAGAMANDALAM,TAMIL NADU,45658
S22233,VIJAYADHARANI S,Bharatiya Janata Party,VILAVANCODE,TAMIL NADU,45604
S22177,D.CHANDRAKANDEEBAN,Tamilaga Vettri Kazhagam,PERAVURANI,TAMIL NADU,45576
S2288,KARTHE.M,Pattali Makkal Katchi,SALEM,TAMIL NADU,45540
S2243,S R K APPU,All India Anna Dravida Munnetra Kazhagam,VELLORE,TAMIL NADU,45458
S22124,DR. SRIDHARAN. A,Tamilaga Vettri Kazhagam,VALPARAI,TAMIL NADU,45300
S2218,P K SEKARBABU,Dravida Munnetra Kazhagam,HARBOUR,TAMIL NADU,45254
S2256,SURESH. G,Tamilaga Vettri Kazhagam,THALLI,TAMIL NADU,45245
S2217,DR. A. SUBAIR KHAN,Dravida Munnetra Kazhagam,ROYAPURAM,TAMIL NADU,44842
S22199,DR KATHIRKAMU K.,Amma Makkal Munnettra Kazagam,PERIYAKULAM,TAMIL NADU,44521
S22232,RAMESH. P,Bharatiya Janata Party,PADMANABHAPURAM,TAMIL NADU,44293
S22193,PALANIVEL THIAGA RAJAN,Dravida Munnetra Kazhagam,MADURAI CENTRAL,TAMIL NADU,44286
S22167,RAJARAJAN.U,Tamilaga Vettri Kazhagam,MANNARGUDI,TAMIL NADU,44266
S22175,M. SEKAR,All India Anna Dravida Munnetra Kazhagam,ORATHANADU,TAMIL NADU,44260
S2289,SADHASIVAM. S,Pattali Makkal Katchi,SALEM,TAMIL NADU,44238
S2286,KASI. C,Dravida Munnetra Kazhagam,EDAPPADI,TAMIL NADU,44011
S2220,EZHILAN NAGANATHAN,Dravida Munnetra Kazhagam,THOUSAND LIGHTS,TAMIL NADU,43824
S22124,LEKSHMANA SINGH. D,All India Anna Dravida Munnetra Kazhagam,VALPARAI,TAMIL NADU,43728
S22179,MURUGESAN. P,Tamilaga Vettri Kazhagam,VIRALIMALAI,TAMIL NADU,43700
S225,ELUMALAI.T.A,Amma Makkal Munnettra Kazagam,POONAMALLEE,TAMIL NADU,43280
S22159,S. SEENUVASAN,Tamilaga Vettri Kazhagam,KATTUMANNARKOIL,TAMIL NADU,43156
S2216,TAMILAN PRASANNA,Dravida Munnetra Kazhagam,EGMORE,TAMIL NADU,43097
S22166,BALATHANDAYUTHAM.U,All India Anna Dravida Munnetra Kazhagam,THIRUTHURAIPOONDI,TAMIL NADU,43073
S22203,CHANDRAPRABHA.M,All India Anna Dravida Munnetra Kazhagam,SRIVILLIPUTHUR,TAMIL NADU,42839
S22109,PON.JAYASEELAN,All India Anna Dravida Munnetra Kazhagam,GUDALUR,TAMIL NADU,42757
S22187,BALAGANAPATHY.V,Bharatiya Janata Party,MANAMADURAI,TAMIL NADU,42610
S22219,SANGAI. GANESAN,Indian National Congress,SANKARANKOVIL,TAMIL NADU,42567
S22151,MURUGUMARAN N,All India Anna Dravida Munnetra Kazhagam,TITTAKUDI,TAMIL NADU,42502
S22110,A. RAMU,All India Anna Dravida Munnetra Kazhagam,COONOOR,TAMIL NADU,42371
S22110,C. THANGARAJU,Tamilaga Vettri Kazhagam,COONOOR,TAMIL NADU,42225
S22163,THANKA.KATHIRAVAN,All India Anna Dravida Munnetra Kazhagam,NAGAPATTINAM,TAMIL NADU,41586
S2288,ALAGAAPURAM. R. MOHANRAJ,Desiya Murpokku Dravida Kazhagam,SALEM,TAMIL NADU,41522
S22200,NARAYANASAMY V.T.,All India Anna Dravida Munnetra Kazhagam,BODINAYAKANUR,TAMIL NADU,41286
S22216,OORVASI AMIRTHARAJ. S,Indian National Congress,SRIVAIKUNTAM,TAMIL NADU,41277
S2225,VELU. DHA,Dravida Munnetra Kazhagam,MYLAPORE,TAMIL NADU,41098
S22180,N. RAMACHANDRAN,Bharatiya Janata Party,PUDUKKOTTAI,TAMIL NADU,41089
S22192,M.BOOMINATHAN,Dravida Munnetra Kazhagam,MADURAI SOUTH,TAMIL NADU,40886
S22212,DR.R.RAMKUMAR,All India Puratchi Thalaivar Makkal Munnettra Kazhagam,MUDHUKULATHUR,TAMIL NADU,40422
S22179,CHELLAPANDIYAN. K.K,Dravida Munnetra Kazhagam,VIRALIMALAI,TAMIL NADU,40397
S22171,ASHOKKUMAR R,Bharatiya Janata Party,KUMBAKONAM,TAMIL NADU,40103
S2297,S.BALU,Dravida Munnetra Kazhagam,KUMARAPALAYAM,TAMIL NADU,39993
S226,RAJASIMHA MAHENDRA,Bharatiya Janata Party,AVADI,TAMIL NADU,39605
S22194,SELLUR K RAJU,All India Anna Dravida Munnetra Kazhagam,MADURAI WEST,TAMIL NADU,38961
S2222,VIRUGAI V.N.RAVI,All India Anna Dravida Munnetra Kazhagam,VIRUGAMPAKKAM,TAMIL NADU,38767
S2224,SATHIYANARAYANAN B,All India Anna Dravida Munnetra Kazhagam,THIYAGARAYANAGAR,TAMIL NADU,38605
S22165,KINGSLY GERALD. A,Tamilaga Vettri Kazhagam,VEDARANYAM,TAMIL NADU,38347
S22227,R. ESAKKIMUTHU,Amma Makkal Munnettra Kazagam,NANGUNERI,TAMIL NADU,38316
S2299,M. YUVARAJA,Bharatiya Janata Party,ERODE,TAMIL NADU,38185
S2298,R.MANOHARAN,All India Anna Dravida Munnetra Kazhagam,ERODE,TAMIL NADU,38183
S22207,SETHUPATHY. S,All India Anna Dravida Munnetra Kazhagam,ARUPPUKKOTTAI,TAMIL NADU,37190
S2224,RAJA ANBAZHAGAN,Dravida Munnetra Kazhagam,THIYAGARAYANAGAR,TAMIL NADU,37017
S22168,CHANDRASEKARAN  GOVI,Bharatiya Janata Party,THIRUVARUR,TAMIL NADU,36387
S22202,PRISCILLA PANDIAN. J,Bharatiya Janata Party,RAJAPALAYAM,TAMIL NADU,36318
S228,K.N. SEKAR,Pattali Makkal Katchi,AMBATTUR,TAMIL NADU,35997
S22109,DEEPAK SAI KISHORE.A,Tamilaga Vettri Kazhagam,GUDALUR,TAMIL NADU,34962
S22114,THANGARAJ. S,Bharatiya Janata Party,TIRUPPUR,TAMIL NADU,34617
S2221,S.GOKULA INDIRA,All India Anna Dravida Munnetra Kazhagam,ANNA NAGAR,TAMIL NADU,34382
S22153,ANAND.K,Tamilaga Vettri Kazhagam,NEYVELI,TAMIL NADU,34291
S2263,ELUMALAI. C,Bharatiya Janata Party,TIRUVANNAMALAI,TAMIL NADU,34280
S22206,GANESAN V.G.,All India Anna Dravida Munnetra Kazhagam,VIRUDHUNAGAR,TAMIL NADU,34212
S22215,K R M RADHAKRISHNAN,Bharatiya Janata Party,TIRUCHENDUR,TAMIL NADU,34159
S22193,SUNDAR  C,All India Anna Dravida Munnetra Kazhagam,MADURAI CENTRAL,TAMIL NADU,33538
S2218,SINORA P S ASHOK,Tamilaga Vettri Kazhagam,HARBOUR,TAMIL NADU,33504
S22184,DHERPOKI V.PANDI,Amma Makkal Munnettra Kazagam,KARAIKUDI,TAMIL NADU,33352
S22129,A. VISWANATHAN,All India Anna Dravida Munnetra Kazhagam,ATHOOR,TAMIL NADU,32477
S2225,DR. TAMILISAI SOUNDARARAJAN,Bharatiya Janata Party,MYLAPORE,TAMIL NADU,32328
S2241,V.M. KARTHIKEYAN,Bharatiya Janata Party,RANIPET,TAMIL NADU,32060
S22120,AMMAN K.ARJUNAN,All India Anna Dravida Munnetra Kazhagam,COIMBATORE,TAMIL NADU,31689
S22164,VADIVEL RAVANAN. S,Pattali Makkal Katchi,KILVELUR,TAMIL NADU,31675
S22183,KAVITHA SRIKANTH,Bharatiya Janata Party,ARANTHANGI,TAMIL NADU,31456
S22192,RAAMA SREENIVASAN,Bharatiya Janata Party,MADURAI SOUTH,TAMIL NADU,31100
S22234,NIVIN SIMON. J,Bharatiya Janata Party,KILLIYOOR,TAMIL NADU,31070
S22189,MAHENDRAN K,All India Anna Dravida Munnetra Kazhagam,MADURAI EAST,TAMIL NADU,31016
S22184,SEEMAN,Naam Tamilar Katchi,KARAIKUDI,TAMIL NADU,30793
S2250,GNANASEKAR. A,Amma Makkal Munnettra Kazagam,TIRUPPATTUR,TAMIL NADU,30003
S22142,KUMAR. P,All India Anna Dravida Munnetra Kazhagam,THIRUVERUMBUR,TAMIL NADU,29473
S22185,THIRUMARAN. K.C,Bharatiya Janata Party,TIRUPPATTUR,TAMIL NADU,29054
S2210,KUPPAN. K,All India Anna Dravida Munnetra Kazhagam,THIRUVOTTIYUR,TAMIL NADU,28320
S22201,JAKKAIYAN S.T.K.,All India Anna Dravida Munnetra Kazhagam,CUMBUM,TAMIL NADU,27307
S2211,R.S.RAAJESH,All India Anna Dravida Munnetra Kazhagam,DR.RADHAKRISHNAN NAGAR,TAMIL NADU,26892
S22174,KARUPPU MURUGANANTHAM,Bharatiya Janata Party,THANJAVUR,TAMIL NADU,26790
S22111,T.R.SHANMUGASUNDARAM,Independent,METTUPPALAYAM,TAMIL NADU,26756
S22214,CHELLAPANDIAN S.T.,All India Anna Dravida Munnetra Kazhagam,THOOTHUKKUDI,TAMIL NADU,26213
S22217,R SUNDARARAJ,Amma Makkal Munnettra Kazagam,OTTAPIDARAM,TAMIL NADU,25871
S22208,RAJAVARMAN.M.S.R,All India Anna Dravida Munnetra Kazhagam,TIRUCHULI,TAMIL NADU,25581
S22191,P.SARAVANAN,All India Anna Dravida Munnetra Kazhagam,MADURAI NORTH,TAMIL NADU,24982
S22223,R PAULRAJ,Naam Tamilar Katchi,ALANGULAM,TAMIL NADU,23380
S2220,VALARMATHI.B,All India Anna Dravida Munnetra Kazhagam,THOUSAND LIGHTS,TAMIL NADU,23320
S2215,PORKODI ARMSTRONG,All India Anna Dravida Munnetra Kazhagam,THIRU-VI-KA-NAGAR,TAMIL NADU,23304
S2227,R JAYALAKSHMI,Naam Tamilar Katchi,SHOZHINGANALLUR,TAMIL NADU,21919
S22226,SYED SULTHAN SAMSUDEEN,All India Anna Dravida Munnetra Kazhagam,PALAYAMKOTTAI,TAMIL NADU,19732
S22141,G. RAJASEKARAN,All India Anna Dravida Munnetra Kazhagam,TIRUCHIRAPPALLI,TAMIL NADU,19715
S22187,SHANMUGAPRIYA.M,Naam Tamilar Katchi,MANAMADURAI,TAMIL NADU,19676
S2214,VIJAYAKUMAR  S.R,All India Anna Dravida Munnetra Kazhagam,VILLIVAKKAM,TAMIL NADU,19338
S22186,INDHUJA R,Naam Tamilar Katchi,SIVAGANGA,TAMIL NADU,19021
S2213,P. SANTHANA KRISHNAN,All India Anna Dravida Munnetra Kazhagam,KOLATHUR,TAMIL NADU,18430
S2217,D. JAYAKUMAR,All India Anna Dravida Munnetra Kazhagam,ROYAPURAM,TAMIL NADU,18420
S2216,ABISHEK. R,All India Anna Dravida Munnetra Kazhagam,EGMORE,TAMIL NADU,18191
S2223,SENTHAMIZHAN. G,Amma Makkal Munnettra Kazagam,SAIDAPET,TAMIL NADU,17839
S22227,S. SELVAM,Naam Tamilar Katchi,NANGUNERI,TAMIL NADU,17618
S22217,M. ANUSIYA,Naam Tamilar Katchi,OTTAPIDARAM,TAMIL NADU,17279
S2218,R MANOHAR,All India Anna Dravida Munnetra Kazhagam,HARBOUR,TAMIL NADU,17256
S22202,DR. KARTHIKEYAN. T.E.,Naam Tamilar Katchi,RAJAPALAYAM,TAMIL NADU,16972
S22117,KALAMANI JAGANATHAN,Naam Tamilar Katchi,KAVUNDAMPALAYAM,TAMIL NADU,16834
S22197,AYYAPPAN. P,All India Puratchi Thalaivar Makkal Munnettra Kazhagam,USILAMPATTI,TAMIL NADU,16620
S2219,AADIRAJARAM,All India Anna Dravida Munnetra Kazhagam,CHEPAUK-THIRUVALLIKENI,TAMIL NADU,16507
S22222,P. PUSHPALATHA,Naam Tamilar Katchi,TENKASI,TAMIL NADU,16394
S226,PUNITHA SHANMUGAM,Naam Tamilar Katchi,AVADI,TAMIL NADU,16335
S22228,GIRIJA THAMARAIPANDIAN.D,Naam Tamilar Katchi,RADHAPURAM,TAMIL NADU,15370
S22209,EZHIL ELAVARASI. R,Naam Tamilar Katchi,PARAMAKUDI,TAMIL NADU,15363
S22185,RAMYA MOHAN,Naam Tamilar Katchi,TIRUPPATTUR,TAMIL NADU,15291
S22197,ABIRAMI. D,Naam Tamilar Katchi,USILAMPATTI,TAMIL NADU,15185
S22212,CHANDRA PRABHA JEYAPAL,Naam Tamilar Katchi,MUDHUKULATHUR,TAMIL NADU,15112
S22224,SATHYA. B.,Naam Tamilar Katchi,TIRUNELVELI,TAMIL NADU,15108
S22217,DR.K. KRISHNASAMY,Puthiya Tamilagam,OTTAPIDARAM,TAMIL NADU,15050
S22225,DR.V.SIVASANKARAN,Naam Tamilar Katchi,AMBASAMUDRAM,TAMIL NADU,14906
S22195,SATHYADEVI. T.,Naam Tamilar Katchi,THIRUPARANKUNDRAM,TAMIL NADU,14350
S22140,M.RAJASEKARAN,Amma Makkal Munnettra Kazagam,TIRUCHIRAPPALLI,TAMIL NADU,14136
S2230,DR.R.KARTHIKEYAN,Naam Tamilar Katchi,PALLAVARAM,TAMIL NADU,14065
S22229,MARIA JENNIFER,Naam Tamilar Katchi,KANNIYAKUMARI,TAMIL NADU,13689
S22189,SELVAM K,Naam Tamilar Katchi,MADURAI EAST,TAMIL NADU,13629
S22210,N PREMNATH,Naam Tamilar Katchi,TIRUVADANAI,TAMIL NADU,13389
S22203,KARIKALAPANDIYAN.A,Naam Tamilar Katchi,SRIVILLIPUTHUR,TAMIL NADU,13274
S22113,R.ABINAYA,Naam Tamilar Katchi,TIRUPPUR,TAMIL NADU,13157
S22216,SHUNMUGASUNDARAM. S,Naam Tamilar Katchi,SRIVAIKUNTAM,TAMIL NADU,13153
S2229,M. SINDHU EZHILARASAN,Naam Tamilar Katchi,SRIPERUMBUDUR,TAMIL NADU,13150
S22176,KANNAN S,Naam Tamilar Katchi,PATTUKKOTTAI,TAMIL NADU,13145
S22115,K.V.THAMILINIYAN,Naam Tamilar Katchi,PALLADAM,TAMIL NADU,13141
S227,REVATHI L,Naam Tamilar Katchi,MADURAVOYAL,TAMIL NADU,13024
S22220,ESAI MATHIVANAN,Naam Tamilar Katchi,VASUDEVANALLUR,TAMIL NADU,12856
S22219,M. KAVITHA,Naam Tamilar Katchi,SANKARANKOVIL,TAMIL NADU,12767
S22234,HIMLAR,Naam Tamilar Katchi,KILLIYOOR,TAMIL NADU,12764
S22208,AVARANGADU KARTHIK RAJA,Naam Tamilar Katchi,TIRUCHULI,TAMIL NADU,12763
S229,E.KRITHIKA,Naam Tamilar Katchi,MADAVARAM,TAMIL NADU,12637
S2288,ARUL RAMADAS,Aanaithinthiya Jananayaka Pathukappu Kazhagam,SALEM,TAMIL NADU,12532
S22231,ANCY SHOBA RANI. L,Naam Tamilar Katchi,COLACHAL,TAMIL NADU,12458
S2232,AMUTHA.N,Naam Tamilar Katchi,CHENGALPATTU,TAMIL NADU,12032
S22218,PANDI.P,Naam Tamilar Katchi,KOVILPATTI,TAMIL NADU,11919
S22213,BALAJI RAMACHANDRAN,Naam Tamilar Katchi,VILATHIKULAM,TAMIL NADU,11780
S22214,JACOB DEVADOSS ABISHEAK R.,Naam Tamilar Katchi,THOOTHUKKUDI,TAMIL NADU,11752
S225,MEKALA.J,Naam Tamilar Katchi,POONAMALLEE,TAMIL NADU,11697
S22180,EZHILARASI VIJAYENDRAN,Naam Tamilar Katchi,PUDUKKOTTAI,TAMIL NADU,11673
S2231,S.TAMILCHELVI,Naam Tamilar Katchi,TAMBARAM,TAMIL NADU,11627
S22204,ESAKKIRAJA. K,All India Puratchi Thalaivar Makkal Munnettra Kazhagam,SATTUR,TAMIL NADU,11602
S22200,KALAIARASU.S,Naam Tamilar Katchi,BODINAYAKANUR,TAMIL NADU,11455
S22153,THIRUMALVALAVAN.T,Tamizhaga Vaazhvurimai Katchi,NEYVELI,TAMIL NADU,11381
S22232,SEELAN,Naam Tamilar Katchi,PADMANABHAPURAM,TAMIL NADU,11288
S22227,TAMILSELVI,Puthiya Tamilagam,NANGUNERI,TAMIL NADU,11141
S22196,MUNISH.N,Naam Tamilar Katchi,THIRUMANGALAM,TAMIL NADU,11139
S228,SILAMBARASAN,Naam Tamilar Katchi,AMBATTUR,TAMIL NADU,11088
S22139,DHARMARAJ. M,Naam Tamilar Katchi,SRIRANGAM,TAMIL NADU,11026
S22221,ABUBACKER SIDDHEEQ,Naam Tamilar Katchi,KADAYANALLUR,TAMIL NADU,10965
S22211,S.M. MUTHU KESAVAN,Naam Tamilar Katchi,RAMANATHAPURAM,TAMIL NADU,10766
S22173,DURAI. SENTHILNATHAN,Naam Tamilar Katchi,THIRUVAIYARU,TAMIL NADU,10681
S22182,R.RAJARAM,Naam Tamilar Katchi,ALANGUDI,TAMIL NADU,10652
S22224,DR.SHYAM KRISHNASAMY,Puthiya Tamilagam,TIRUNELVELI,TAMIL NADU,10634
S22194,VIGNESHKUMAR S,Naam Tamilar Katchi,MADURAI WEST,TAMIL NADU,10574
S22226,SANKARA NARAYANAN ALIAS SARAN,Naam Tamilar Katchi,PALAYAMKOTTAI,TAMIL NADU,10465
S22190,NAGALAKSHMI THIRUMARAN.T,Naam Tamilar Katchi,SHOLAVANDAN,TAMIL NADU,10430
S2228,Y.G.MAHALAKSHMI,Naam Tamilar Katchi,ALANDUR,TAMIL NADU,10405
S22165,KARTHICK. T,Naam Tamilar Katchi,VEDARANYAM,TAMIL NADU,10396
S22198,GOMATHI .M,Naam Tamilar Katchi,ANDIPATTI,TAMIL NADU,10346
S22205,ESTHER MARY DIANA A,Naam Tamilar Katchi,SIVAKASI,TAMIL NADU,10191
S22178,NATHIYA,Naam Tamilar Katchi,GANDHARVAKOTTAI,TAMIL NADU,10189
S22166,VINOTHINI.R,Naam Tamilar Katchi,THIRUTHURAIPOONDI,TAMIL NADU,10176
S22116,DR.S.RAJASEKARAN,Naam Tamilar Katchi,SULUR,TAMIL NADU,10147
S22175,S.THIRUMURUGAN,Naam Tamilar Katchi,ORATHANADU,TAMIL NADU,10135
S22206,LAKSHMANAN,Naam Tamilar Katchi,VIRUDHUNAGAR,TAMIL NADU,10120
S22138,M. ARUNAGIRI,Naam Tamilar Katchi,MANAPPARAI,TAMIL NADU,10070
S22168,ASWINI B,Naam Tamilar Katchi,THIRUVARUR,TAMIL NADU,10031
S22183,MUTHULAKSHMI. S,Naam Tamilar Katchi,ARANTHANGI,TAMIL NADU,9975
S22129,DR. A. SIMON JUSTIN,Naam Tamilar Katchi,ATHOOR,TAMIL NADU,9946
S22215,OPHILIYA,Naam Tamilar Katchi,TIRUCHENDUR,TAMIL NADU,9794
S22131,ALAGAMMAL A,Naam Tamilar Katchi,NATHAM,TAMIL NADU,9677
S22122,BANUPRIYA M,Naam Tamilar Katchi,KINATHUKADAVU,TAMIL NADU,9667
S2233,AMBETH RAJAN,Naam Tamilar Katchi,THIRUPORUR,TAMIL NADU,9616
S22199,VIMALA R.,Naam Tamilar Katchi,PERIYAKULAM,TAMIL NADU,9610
S22172,ANIS FATHIMA,Naam Tamilar Katchi,PAPANASAM,TAMIL NADU,9604
S22201,ANBUSELVI A,Naam Tamilar Katchi,CUMBUM,TAMIL NADU,9599
S22188,KOTTAIKUMAR,Naam Tamilar Katchi,MELUR,TAMIL NADU,9570
S22203,DR. SHYAM KRISHNASAMY,Puthiya Tamilagam,SRIVILLIPUTHUR,TAMIL NADU,9522
S22147,SUGANYA. J,Naam Tamilar Katchi,PERAMBALUR,TAMIL NADU,9474
S22179,SATHYALAKSHMI. K,Naam Tamilar Katchi,VIRALIMALAI,TAMIL NADU,9467
S22174,N. KRISHNAKUMAR,Naam Tamilar Katchi,THANJAVUR,TAMIL NADU,9383
S22142,RAJESSH. T,Naam Tamilar Katchi,THIRUVERUMBUR,TAMIL NADU,9311
S22144,THENMOZHI. R,Naam Tamilar Katchi,MANACHANALLUR,TAMIL NADU,9289
S22204,ANANDHARAJA. D.,Naam Tamilar Katchi,SATTUR,TAMIL NADU,9235
S22121,NEHRUJI GUNASEKARAN,Naam Tamilar Katchi,SINGANALLUR,TAMIL NADU,9203
S22177,BHUVANA MANIYARASAN,Naam Tamilar Katchi,PERAVURANI,TAMIL NADU,9122
S22181,LAKSHMI SRINIVASAN,Naam Tamilar Katchi,THIRUMAYAM,TAMIL NADU,9102
S22118,NARMADHA. G.,Naam Tamilar Katchi,COIMBATORE,TAMIL NADU,9036
S22130,DR.KAILAI RAJAN.D,Naam Tamilar Katchi,NILAKKOTTAI,TAMIL NADU,8615
S22230,MUTHUKUMAR M,Naam Tamilar Katchi,NAGERCOIL,TAMIL NADU,8573
S2212,M. THILAGABAMA,Pattali Makkal Katchi,PERAMBUR,TAMIL NADU,8561
S22149,PUGAZHENDHI D,Naam Tamilar Katchi,ARIYALUR,TAMIL NADU,8527
S22207,MANIMARAN. G,Naam Tamilar Katchi,ARUPPUKKOTTAI,TAMIL NADU,8499
S2286,PRIYADHARSHINI. A,Naam Tamilar Katchi,EDAPPADI,TAMIL NADU,8450
S22169,THENMOZHI DILIPKUMAR,Naam Tamilar Katchi,NANNILAM,TAMIL NADU,8446
S22146,S  KOWSALYA,Naam Tamilar Katchi,THURAIYUR,TAMIL NADU,8436
S2210,SATHYA. B,Naam Tamilar Katchi,THIRUVOTTIYUR,TAMIL NADU,8413
S2284,SIVASAKTHI. M,Naam Tamilar Katchi,OMALUR,TAMIL NADU,8370
S22145,G. BAKIYALAKSHMI,Naam Tamilar Katchi,MUSIRI,TAMIL NADU,8357
S22167,BHARATHISELVAN.R,Naam Tamilar Katchi,MANNARGUDI,TAMIL NADU,8240
S22106,SEETHALAKSHMI.M.K,Naam Tamilar Katchi,GOBICHETTIPALAYAM,TAMIL NADU,8137
S2299,N. VIJAY,Naam Tamilar Katchi,ERODE,TAMIL NADU,8124
S22164,KARTHIKA. M,Naam Tamilar Katchi,KILVELUR,TAMIL NADU,8069
S22219,VASANTHI MURUGESAN,All India Puratchi Thalaivar Makkal Munnettra Kazhagam,SANKARANKOVIL,TAMIL NADU,8006
S22137,SELVA.NANMAARAN,Naam Tamilar Katchi,KULITHALAI,TAMIL NADU,7978
S22222,M.POOSA DURAI,All India Puratchi Thalaivar Makkal Munnettra Kazhagam,TENKASI,TAMIL NADU,7715
S22171,ANANDH M,Naam Tamilar Katchi,KUMBAKONAM,TAMIL NADU,7710
S22112,MENAKA. V,Naam Tamilar Katchi,AVANASHI,TAMIL NADU,7704
S2226,KEERTHANA. M,Naam Tamilar Katchi,VELACHERY,TAMIL NADU,7697
S2297,UVARANI SURESH,Naam Tamilar Katchi,KUMARAPALAYAM,TAMIL NADU,7663
S2255,STALIN.R,Naam Tamilar Katchi,HOSUR,TAMIL NADU,7632
S2283,PALANISAMY. M,Naam Tamilar Katchi,YERCAUD,TAMIL NADU,7601
S2287,NITHYA. A,Naam Tamilar Katchi,SANKARI,TAMIL NADU,7534
S2280,NAGAMMAL RAJKODI,Naam Tamilar Katchi,KALLAKURICHI,TAMIL NADU,7494
S22148,KEERTHIVASAN. R,Naam Tamilar Katchi,KUNNAM,TAMIL NADU,7482
S22140,K.BHUVANESWARI,Naam Tamilar Katchi,TIRUCHIRAPPALLI,TAMIL NADU,7470
S22191,V THIRUNAVUKKARASU,Naam Tamilar Katchi,MADURAI NORTH,TAMIL NADU,7415
S22160,SUBASH.R,Naam Tamilar Katchi,SIRKAZHI,TAMIL NADU,7397
S2258,PALANIYAMMAL. T.,Naam Tamilar Katchi,PENNAGARAM,TAMIL NADU,7358
S22132,MUTHARASI. S,Naam Tamilar Katchi,DINDIGUL,TAMIL NADU,7299
S2278,RADHIKA P,Naam Tamilar Katchi,RISHIVANDIYAM,TAMIL NADU,7247
S2241,THAARIKHA SALMAN,Naam Tamilar Katchi,RANIPET,TAMIL NADU,7236
S22156,T  KANNAN,Tamizhaga Vaazhvurimai Katchi,KURINJIPADI,TAMIL NADU,7113
S2285,VIDHYA VEERAPPAN,Naam Tamilar Katchi,METTUR,TAMIL NADU,7109
S22133,KHAJA HUSSAIN AHAMED. A,Naam Tamilar Katchi,VEDASANDUR,TAMIL NADU,7095
S22102,KARMEGAN.M,Naam Tamilar Katchi,KANGAYAM,TAMIL NADU,7068
S2268,TAMILSELVAN. M,Naam Tamilar Katchi,CHEYYAR,TAMIL NADU,7043
S22143,N. MADHAN,Naam Tamilar Katchi,LALGUDI,TAMIL NADU,6992
S22119,RAJABU NISHA.Z,Naam Tamilar Katchi,THONDAMUTHUR,TAMIL NADU,6976
S22114,DINESH. P.N,Naam Tamilar Katchi,TIRUPPUR,TAMIL NADU,6956
S2237,VETRISELVI,Naam Tamilar Katchi,KANCHEEPURAM,TAMIL NADU,6950
S2267,DHAVAMANI. R,Naam Tamilar Katchi,ARANI,TAMIL NADU,6888
S22161,KASIRAMAN. K,Naam Tamilar Katchi,MAYILADUTHURAI,TAMIL NADU,6886
S2288,SURESH KUMAR.R,Naam Tamilar Katchi,SALEM,TAMIL NADU,6820
S2291,RAJESHKUMAR. S,Naam Tamilar Katchi,VEERAPANDI,TAMIL NADU,6820
S2259,SHANTHALAKSHMI. K.,Naam Tamilar Katchi,DHARMAPURI,TAMIL NADU,6758
S22100,M.ARUNKUMAR,Naam Tamilar Katchi,MODAKKURICHI,TAMIL NADU,6723
S223,CHANDRAN .S.S,Naam Tamilar Katchi,TIRUTTANI,TAMIL NADU,6704
S22125,RAM KUMAR M.,Naam Tamilar Katchi,UDUMALAIPETTAI,TAMIL NADU,6702
S222,RAJATHI.M,Naam Tamilar Katchi,PONNERI,TAMIL NADU,6676
S2251,MEKALA,Naam Tamilar Katchi,UTHANGARAI,TAMIL NADU,6629
S22126,M RADHAMANI,Naam Tamilar Katchi,MADATHUKULAM,TAMIL NADU,6578
S2282,MONISHA CHINNADURAI.,Naam Tamilar Katchi,ATTUR,TAMIL NADU,6532
S2277,LOGESHWARI S,Naam Tamilar Katchi,ULUNDURPETTAI,TAMIL NADU,6525
S22111,S.GOPALAKRISHNAN,Naam Tamilar Katchi,METTUPPALAYAM,TAMIL NADU,6508
S2293,PONNUMANI C,Naam Tamilar Katchi,SENTHAMANGALAM,TAMIL NADU,6478
S2239,A.ASHOK KUMAR,Naam Tamilar Katchi,SHOLINGUR,TAMIL NADU,6468
S22103,INGUR. C. LOGANATHAN,Naam Tamilar Katchi,PERUNDURAI,TAMIL NADU,6468
S2289,GUNASEELA. M,Naam Tamilar Katchi,SALEM,TAMIL NADU,6450
S2266,UMADEVI. A,Naam Tamilar Katchi,POLUR,TAMIL NADU,6425
S2292,SASIKALA S,Naam Tamilar Katchi,RASIPURAM,TAMIL NADU,6415
S2253,SUGANTHI,Naam Tamilar Katchi,KRISHNAGIRI,TAMIL NADU,6398
S2270,ADVOCATE KRISHNAN E,Naam Tamilar Katchi,GINGEE,TAMIL NADU,6371
S22170,M.DIVYA BHARATHI,Naam Tamilar Katchi,THIRUVIDAIMARUDUR,TAMIL NADU,6363
S22162,ILAYANAGULAN. K,Naam Tamilar Katchi,POOMPUHAR,TAMIL NADU,6353
S2262,J.SHOBA,Naam Tamilar Katchi,CHENGAM,TAMIL NADU,6335
S22127,MURUGESWARI. B,Naam Tamilar Katchi,PALANI,TAMIL NADU,6300
S2294,PRAVEENKUMAR K,Naam Tamilar Katchi,NAMAKKAL,TAMIL NADU,6286
S2281,ABIRAMI. A,Naam Tamilar Katchi,GANGAVALLI,TAMIL NADU,6242
S22109,KARTHIK.R,Naam Tamilar Katchi,GUDALUR,TAMIL NADU,6199
S22233,MARIA STELLA,Naam Tamilar Katchi,VILAVANCODE,TAMIL NADU,6199
S22104,MOHANADEVI. R,Naam Tamilar Katchi,BHAVANI,TAMIL NADU,6195
S22150,REVATHI K.,Naam Tamilar Katchi,JAYANKONDAM,TAMIL NADU,6192
S2264,LOGANATHAN.V,Naam Tamilar Katchi,KILPENNATHUR,TAMIL NADU,6184
S22158,THAMIZH,Naam Tamilar Katchi,CHIDAMBARAM,TAMIL NADU,6169
S22136,SATHIYA. V,Naam Tamilar Katchi,KRISHNARAYAPURAM,TAMIL NADU,6102
S2296,REVATHI K,Naam Tamilar Katchi,TIRUCHENGODU,TAMIL NADU,6085
S2222,SANTHOSH,Naam Tamilar Katchi,VIRUGAMPAKKAM,TAMIL NADU,6056
S22152,ANANTHI DHANDAPANI,Naam Tamilar Katchi,VRIDDHACHALAM,TAMIL NADU,6047
S22101,DHIVYA,Naam Tamilar Katchi,DHARAPURAM,TAMIL NADU,6026
S2263,VIGNESH. S,Naam Tamilar Katchi,TIRUVANNAMALAI,TAMIL NADU,6011
S2249,SASIREKHA K,Naam Tamilar Katchi,JOLARPET,TAMIL NADU,5974
S2223,SRIVIDYA. G,Naam Tamilar Katchi,SAIDAPET,TAMIL NADU,5918
S22192,B.M.SUMATHY,Naam Tamilar Katchi,MADURAI SOUTH,TAMIL NADU,5863
S22107,S.SOUNDARYA,Naam Tamilar Katchi,BHAVANISAGAR,TAMIL NADU,5832
S2290,SOFIA. S,Naam Tamilar Katchi,SALEM,TAMIL NADU,5819
S2246,J.EMALAN,Naam Tamilar Katchi,GUDIYATTAM,TAMIL NADU,5802
S2276,HEMARAJAN K,Naam Tamilar Katchi,TIRUKKOYILUR,TAMIL NADU,5791
S2274,ABINAYA PONNIVALAVAN,Naam Tamilar Katchi,VILUPPURAM,TAMIL NADU,5786
S2236,MARAM MASILAMANI.B.S,Naam Tamilar Katchi,UTHIRAMERUR,TAMIL NADU,5783
S22155,S.SARASU,Naam Tamilar Katchi,CUDDALORE,TAMIL NADU,5766
S2295,ARAVIND M,Naam Tamilar Katchi,PARAMATHI-VELUR,TAMIL NADU,5727
S22151,MAHALAKSHMI V,Naam Tamilar Katchi,TITTAKUDI,TAMIL NADU,5709
S2257,BOOPATHI. R.,Naam Tamilar Katchi,PALACODU,TAMIL NADU,5598
S2279,RAMESH K,Naam Tamilar Katchi,SANKARAPURAM,TAMIL NADU,5567
S22193,ABDUL HAKEEM  K,Naam Tamilar Katchi,MADURAI CENTRAL,TAMIL NADU,5549
S2242,ARCHANA NARASIMMAN,Naam Tamilar Katchi,ARCOT,TAMIL NADU,5518
S224,K. SENTHILKUMAR,Naam Tamilar Katchi,THIRUVALLUR,TAMIL NADU,5513
S2269,GANESH. R,Naam Tamilar Katchi,VANDAVASI,TAMIL NADU,5495
S2250,ARUMUGAM. V,Naam Tamilar Katchi,TIRUPPATTUR,TAMIL NADU,5482
S22135,KARUPPAIYA. R,Naam Tamilar Katchi,KARUR,TAMIL NADU,5465
S2252,KAVINKUMAR. S,Naam Tamilar Katchi,BARGUR,TAMIL NADU,5462
S22128,RAGUPATHI. P,Naam Tamilar Katchi,ODDANCHATRAM,TAMIL NADU,5454
S2211,VENNILA.T,Naam Tamilar Katchi,DR.RADHAKRISHNAN NAGAR,TAMIL NADU,5364
S22163,FATHIMA FARHANA.S,Naam Tamilar Katchi,NAGAPATTINAM,TAMIL NADU,5348
S2265,SEETHA SIVANANDAM. P,Naam Tamilar Katchi,KALASAPAKKAM,TAMIL NADU,5312
S22105,AALANGATTUR ANANDHI,Naam Tamilar Katchi,ANTHIYUR,TAMIL NADU,5287
S22124,UMADEVI. P,Naam Tamilar Katchi,VALPARAI,TAMIL NADU,5256
S2261,ANITHA. A,Naam Tamilar Katchi,HARUR,TAMIL NADU,5245
S2272,PACHIMUTHU. P,Naam Tamilar Katchi,TINDIVANAM,TAMIL NADU,5242
S2260,ARCHANA TAMILARUVI,Naam Tamilar Katchi,PAPPIREDDIPATTI,TAMIL NADU,5216
S2238,K. RAJKUMAR,Naam Tamilar Katchi,ARAKKONAM,TAMIL NADU,5191
S2245,KALAIYENTHIRI. R,Naam Tamilar Katchi,KILVAITHINANKUPPAM,TAMIL NADU,5183
S22134,NAREN. S,Naam Tamilar Katchi,ARAVAKURICHI,TAMIL NADU,5154
S2212,S. VETRI THAMIZHAN,Naam Tamilar Katchi,PERAMBUR,TAMIL NADU,5114
S22157,SUMATHI . S,Naam Tamilar Katchi,BHUVANAGIRI,TAMIL NADU,5105
S22120,PERARIVALAN. V,Naam Tamilar Katchi,COIMBATORE,TAMIL NADU,5062
S2213,SOUNDARA PANDIAN LUDER SETH,Naam Tamilar Katchi,KOLATHUR,TAMIL NADU,5046
S2298,S.THANDAVAMOORTHY,Naam Tamilar Katchi,ERODE,TAMIL NADU,4987
S2275,SUBHA CHANDRASEKARAN A,Naam Tamilar Katchi,VIKRAVANDI,TAMIL NADU,4979
S2235,G.JANAKIRAMAN,Naam Tamilar Katchi,MADURANTAKAM,TAMIL NADU,4950
S22154,BANUPRIYA. M,Naam Tamilar Katchi,PANRUTI,TAMIL NADU,4884
S22123,N. SENTHIL KUMAR,Naam Tamilar Katchi,POLLACHI,TAMIL NADU,4866
S2234,SWATHILAKSHMI SEKAR,Naam Tamilar Katchi,CHEYYUR,TAMIL NADU,4853
S2247,MURUGESAN.G,Naam Tamilar Katchi,VANIYAMBADI,TAMIL NADU,4849
S2221,S.SHANKAR,Naam Tamilar Katchi,ANNA NAGAR,TAMIL NADU,4839
S22156,KAVITHA RENGANATHAN,Naam Tamilar Katchi,KURINJIPADI,TAMIL NADU,4813
S22141,DR.KRISHNASAMY .V,Naam Tamilar Katchi,TIRUCHIRAPPALLI,TAMIL NADU,4790
S221,R.SRIDAR. B.L.,Naam Tamilar Katchi,GUMMIDIPOONDI,TAMIL NADU,4756
S2244,M.RAVIKUMAR,Naam Tamilar Katchi,ANAIKATTU,TAMIL NADU,4746
S2273,KARIKALAN B,Naam Tamilar Katchi,VANUR,TAMIL NADU,4697
S22110,K. DEENU,Naam Tamilar Katchi,COONOOR,TAMIL NADU,4695
S22108,RAGUPATHY.B,Naam Tamilar Katchi,UDHAGAMANDALAM,TAMIL NADU,4641
S2240,S. THIRUKKUMARAN,Naam Tamilar Katchi,KATPADI,TAMIL NADU,4625
S22219,PRABAKARAN,Puthiya Tamilagam,SANKARANKOVIL,TAMIL NADU,4612
S22159,SIVAJOTHI .M,Naam Tamilar Katchi,KATTUMANNARKOIL,TAMIL NADU,4563
S2224,ANUSHA V,Naam Tamilar Katchi,THIYAGARAYANAGAR,TAMIL NADU,4554
S2254,NAGARAJ.R,Naam Tamilar Katchi,VEPPANAHALLI,TAMIL NADU,4519
S2225,ARUN. R.L,Naam Tamilar Katchi,MYLAPORE,TAMIL NADU,4499
S22153,VEERAMANI.B,Naam Tamilar Katchi,NEYVELI,TAMIL NADU,4444
S2271,VIDJAIVIKRAM S,Naam Tamilar Katchi,MAILAM,TAMIL NADU,4383
S2214,ROSHINI S,Naam Tamilar Katchi,VILLIVAKKAM,TAMIL NADU,4310
S2248,AFSHIA NASRIN. S,Naam Tamilar Katchi,AMBUR,TAMIL NADU,4185
S22220,K. PAULRAJ,Puthiya Tamilagam,VASUDEVANALLUR,TAMIL NADU,4119
S2256,NARASIMMA REDDY ALIAS NARASIMMAN. R,Naam Tamilar Katchi,THALLI,TAMIL NADU,4107
S2243,A.SONIYA,Naam Tamilar Katchi,VELLORE,TAMIL NADU,3793
S2220,KALANCHIYAM.MU,Naam Tamilar Katchi,THOUSAND LIGHTS,TAMIL NADU,3717
S22218,ATHIKUMAR KUDUMBAR.B,Independent,KOVILPATTI,TAMIL NADU,2992
S2219,AYSHA,Naam Tamilar Katchi,CHEPAUK-THIRUVALLIKENI,TAMIL NADU,2971
S2217,A. BABU MAILAN,Naam Tamilar Katchi,ROYAPURAM,TAMIL NADU,2947
S22221,KAVITHA. R,Puthiya Tamilagam,KADAYANALLUR,TAMIL NADU,2882
S22196,JEEVITHA NACHIYAR.B,All India Puratchi Thalaivar Makkal Munnettra Kazhagam,THIRUMANGALAM,TAMIL NADU,2851
S2215,JAGADESH CHANDER .M,Naam Tamilar Katchi,THIRU-VI-KA-NAGAR,TAMIL NADU,2658
S22188,SONIAGANDHI,All India Puratchi Thalaivar Makkal Munnettra Kazhagam,MELUR,TAMIL NADU,2628
S22202,RAMADEVI. T,Puthiya Tamilagam,RAJAPALAYAM,TAMIL NADU,2544
S2216,SARANYA IMRAN,Naam Tamilar Katchi,EGMORE,TAMIL NADU,2522
S22205,KANIPANDI M,Puthiya Tamilagam,SIVAKASI,TAMIL NADU,2513
S22216,MUTHURAMALINGAM. S,All India Forward Bloc,SRIVAIKUNTAM,TAMIL NADU,2347
S22204,VELMURUGAN. S,Puthiya Tamilagam,SATTUR,TAMIL NADU,2343
S22220,A. PONNUTHAI,All India Puratchi Thalaivar Makkal Munnettra Kazhagam,VASUDEVANALLUR,TAMIL NADU,2249
S22100,R.KARTHIKEYAN,Tamizhaga Vaazhvurimai Katchi,MODAKKURICHI,TAMIL NADU,2239
S22209,AMIRTHA. M,All India Puratchi Thalaivar Makkal Munnettra Kazhagam,PARAMAKUDI,TAMIL NADU,2239
S22206,BALASUBRAMANIAM M,Puthiya Tamilagam,VIRUDHUNAGAR,TAMIL NADU,2217
S22207,RAGUPATHI. K,Puthiya Tamilagam,ARUPPUKKOTTAI,TAMIL NADU,2179
S22188,M.MURUGAN,Independent,MELUR,TAMIL NADU,2170
S22223,MADASAMY,All India Puratchi Thalaivar Makkal Munnettra Kazhagam,ALANGULAM,TAMIL NADU,2158
S22117,NOTA,None of the Above,KAVUNDAMPALAYAM,TAMIL NADU,2116
S22190,BALAMURUGAN.K,All India Puratchi Thalaivar Makkal Munnettra Kazhagam,SHOLAVANDAN,TAMIL NADU,2091
S2227,NOTA,None of the Above,SHOZHINGANALLUR,TAMIL NADU,2079
S22213,P.MADASAMY,Puthiya Tamilagam,VILATHIKULAM,TAMIL NADU,2057
S22212,SATHIYAM C.SARAVANAN,Independent,MUDHUKULATHUR,TAMIL NADU,2042
S22167,RASUPILLAI.S,All India Puratchi Thalaivar Makkal Munnettra Kazhagam,MANNARGUDI,TAMIL NADU,1949
S22152,ARIVAZHAGAN.E.N,Tamizhaga Vaazhvurimai Katchi,VRIDDHACHALAM,TAMIL NADU,1896
S22107,NOTA,None of the Above,BHAVANISAGAR,TAMIL NADU,1804
S22106,THIRUVENGATESH.M,Tamizhaga Vaazhvurimai Katchi,GOBICHETTIPALAYAM,TAMIL NADU,1746
S22205,GANESAN M,All India Puratchi Thalaivar Makkal Munnettra Kazhagam,SIVAKASI,TAMIL NADU,1729
S22203,CHANDRA.M,All India Puratchi Thalaivar Makkal Munnettra Kazhagam,SRIVILLIPUTHUR,TAMIL NADU,1726
S22122,NOTA,None of the Above,KINATHUKADAVU,TAMIL NADU,1717
S22187,ARUMUGAM.V,Republican Party of India,MANAMADURAI,TAMIL NADU,1692
S22187,THILAGARAJ.K,All India Puratchi Thalaivar Makkal Munnettra Kazhagam,MANAMADURAI,TAMIL NADU,1686
S2266,PURUSOTHAMAN. M,Independent,POLUR,TAMIL NADU,1674
S2286,GOVINDARAJ.V,Tamizhaga Vaazhvurimai Katchi,EDAPPADI,TAMIL NADU,1662
S22223,A UDHAYAKUMAR,Puthiya Tamilagam,ALANGULAM,TAMIL NADU,1620
S2255,NOTA,None of the Above,HOSUR,TAMIL NADU,1614
S2218,R FOUZAN SHARIFF,Naam Tamilar Katchi,HARBOUR,TAMIL NADU,1607
S2230,NOTA,None of the Above,PALLAVARAM,TAMIL NADU,1602
S22189,PRINCE S,Republican Party of India (Athawale),MADURAI EAST,TAMIL NADU,1591
S225,NOTA,None of the Above,POONAMALLEE,TAMIL NADU,1571
S2254,NOTA,None of the Above,VEPPANAHALLI,TAMIL NADU,1570
S22112,NOTA,None of the Above,AVANASHI,TAMIL NADU,1563
S2256,NOTA,None of the Above,THALLI,TAMIL NADU,1550
S22202,HARISH. A,All India Puratchi Thalaivar Makkal Munnettra Kazhagam,RAJAPALAYAM,TAMIL NADU,1547
S2284,GOBINATHAN. R,Independent,OMALUR,TAMIL NADU,1544
S226,NOTA,None of the Above,AVADI,TAMIL NADU,1533
S22108,NOTA,None of the Above,UDHAGAMANDALAM,TAMIL NADU,1525
S2231,NOTA,None of the Above,TAMBARAM,TAMIL NADU,1512
S22199,NOTA,None of the Above,PERIYAKULAM,TAMIL NADU,1506
S22128,NOTA,None of the Above,ODDANCHATRAM,TAMIL NADU,1491
S228,NOTA,None of the Above,AMBATTUR,TAMIL NADU,1490
S22210,S SURESH KASINI VENTHAN,All India Forward Bloc,TIRUVADANAI,TAMIL NADU,1482
S227,NOTA,None of the Above,MADURAVOYAL,TAMIL NADU,1462
S22154,SURENDAR. R,Tamizhaga Vaazhvurimai Katchi,PANRUTI,TAMIL NADU,1449
S2284,NOTA,None of the Above,OMALUR,TAMIL NADU,1433
S22115,NOTA,None of the Above,PALLADAM,TAMIL NADU,1417
S22104,NOTA,None of the Above,BHAVANI,TAMIL NADU,1409
S22171,STALIN MA KA,Independent,KUMBAKONAM,TAMIL NADU,1405
S2232,NOTA,None of the Above,CHENGALPATTU,TAMIL NADU,1395
S229,NOTA,None of the Above,MADAVARAM,TAMIL NADU,1394
S22213,C. PONPANDI,All India Puratchi Thalaivar Makkal Munnettra Kazhagam,VILATHIKULAM,TAMIL NADU,1380
S22222,S.THIRUMALAI KUMAR,Puthiya Tamilagam,TENKASI,TAMIL NADU,1365
S22116,NOTA,None of the Above,SULUR,TAMIL NADU,1353
S22121,NOTA,None of the Above,SINGANALLUR,TAMIL NADU,1346
S2286,NOTA,None of the Above,EDAPPADI,TAMIL NADU,1341
S2226,NOTA,None of the Above,VELACHERY,TAMIL NADU,1336
S2266,DHAVAMANI. P,Anti Corruption Dynamic Party,POLUR,TAMIL NADU,1328
S2257,NOTA,None of the Above,PALACODU,TAMIL NADU,1292
S2292,MURUGESAN A,Independent,RASIPURAM,TAMIL NADU,1292
S2230,RAJESH T R,Independent,PALLAVARAM,TAMIL NADU,1277
S22174,NOTA,None of the Above,THANJAVUR,TAMIL NADU,1274
S2228,NOTA,None of the Above,ALANDUR,TAMIL NADU,1263
S2299,NOTA,None of the Above,ERODE,TAMIL NADU,1257
S2283,NOTA,None of the Above,YERCAUD,TAMIL NADU,1250
S22212,M. IRULANDI,Naadaalum Makkal Katchi,MUDHUKULATHUR,TAMIL NADU,1250
S2233,NOTA,None of the Above,THIRUPORUR,TAMIL NADU,1248
S22208,GUNASEKARAN.G,Puthiya Tamilagam,TIRUCHULI,TAMIL NADU,1248
S22202,NASRIN BANU. T,Republican Party of India (Athawale),RAJAPALAYAM,TAMIL NADU,1240
S2293,NOTA,None of the Above,SENTHAMANGALAM,TAMIL NADU,1211
S223,NOTA,None of the Above,TIRUTTANI,TAMIL NADU,1210
S2241,NOTA,None of the Above,RANIPET,TAMIL NADU,1209
S2289,NOTA,None of the Above,SALEM,TAMIL NADU,1205
S22150,RAVISANKAR N.,Aanaithinthiya Jananayaka Pathukappu Kazhagam,JAYANKONDAM,TAMIL NADU,1203
S2296,SARAVANASUNDARAM S,Independent,TIRUCHENGODU,TAMIL NADU,1190
S22186,MURUGANANTHAM GURU,All India Puratchi Thalaivar Makkal Munnettra Kazhagam,SIVAGANGA,TAMIL NADU,1186
S22189,NOTA,None of the Above,MADURAI EAST,TAMIL NADU,1177
S2255,SURYA. Y,Republican Party of India (Athawale),HOSUR,TAMIL NADU,1175
S22199,MARISAMY V.,Puthiya Tamilagam,PERIYAKULAM,TAMIL NADU,1161
S2229,NOTA,None of the Above,SRIPERUMBUDUR,TAMIL NADU,1161
S22147,NOTA,None of the Above,PERAMBALUR,TAMIL NADU,1160
S22125,NOTA,None of the Above,UDUMALAIPETTAI,TAMIL NADU,1149
S22212,K.SENTHIL MALLAR,Tamizhaga Vaazhvurimai Katchi,MUDHUKULATHUR,TAMIL NADU,1149
S22195,NOTA,None of the Above,THIRUPARANKUNDRAM,TAMIL NADU,1148
S22207,DHARMARAJ. P,All India Puratchi Thalaivar Makkal Munnettra Kazhagam,ARUPPUKKOTTAI,TAMIL NADU,1147
S2253,NOTA,None of the Above,KRISHNAGIRI,TAMIL NADU,1136
S224,NOTA,None of the Above,THIRUVALLUR,TAMIL NADU,1132
S22173,VIJAYA BABU,Tamizhaga Vaazhvurimai Katchi,THIRUVAIYARU,TAMIL NADU,1130
S22178,NOTA,None of the Above,GANDHARVAKOTTAI,TAMIL NADU,1127
S2262,NOTA,None of the Above,CHENGAM,TAMIL NADU,1114
S2236,NOTA,None of the Above,UTHIRAMERUR,TAMIL NADU,1114
S22208,MURUGESAPANDIAN.T,All India Puratchi Thalaivar Makkal Munnettra Kazhagam,TIRUCHULI,TAMIL NADU,1107
S2244,NOTA,None of the Above,ANAIKATTU,TAMIL NADU,1103
S22140,NOTA,None of the Above,TIRUCHIRAPPALLI,TAMIL NADU,1098
S22227,M. KUMAR,Independent,NANGUNERI,TAMIL NADU,1098
S22145,NOTA,None of the Above,MUSIRI,TAMIL NADU,1093
S22195,THANAPANDIAN. T.,All India Puratchi Thalaivar Makkal Munnettra Kazhagam,THIRUPARANKUNDRAM,TAMIL NADU,1088
S2237,NOTA,None of the Above,KANCHEEPURAM,TAMIL NADU,1078
S2259,SARAVANAN. A.,Aanaithinthiya Jananayaka Pathukappu Kazhagam,DHARMAPURI,TAMIL NADU,1078
S22113,NOTA,None of the Above,TIRUPPUR,TAMIL NADU,1078
S2278,SENTHIKUMAR V N,Independent,RISHIVANDIYAM,TAMIL NADU,1071
S22225,NOTA,None of the Above,AMBASAMUDRAM,TAMIL NADU,1060
S22101,NOTA,None of the Above,DHARAPURAM,TAMIL NADU,1058
S22186,NOTA,None of the Above,SIVAGANGA,TAMIL NADU,1053
S2288,NOTA,None of the Above,SALEM,TAMIL NADU,1052
S2277,NOTA,None of the Above,ULUNDURPETTAI,TAMIL NADU,1051
S22227,DR.S.VELLAI DURAI,All India Puratchi Thalaivar Makkal Munnettra Kazhagam,NANGUNERI,TAMIL NADU,1048
S22170,T.M.PURATCHI MANI,Bahujan Samaj Party,THIRUVIDAIMARUDUR,TAMIL NADU,1043
S2282,NOTA,None of the Above,ATTUR,TAMIL NADU,1031
S2222,NOTA,None of the Above,VIRUGAMPAKKAM,TAMIL NADU,1030
S22107,B.PALANISWAMY,Bahujan Samaj Party,BHAVANISAGAR,TAMIL NADU,1029
S22198,NOTA,None of the Above,ANDIPATTI,TAMIL NADU,1028
S22118,NOTA,None of the Above,COIMBATORE,TAMIL NADU,1020
S22220,A. PALANIKUMAR,Independent,VASUDEVANALLUR,TAMIL NADU,1020
S2256,AJITH. G,Tamizhaga Vaazhvurimai Katchi,THALLI,TAMIL NADU,1017
S22216,RAJASUTHAN. N,Puthiya Tamilagam,SRIVAIKUNTAM,TAMIL NADU,1015
S2287,DR. GURUNATHAN. S,Indhu Dravida Makkal Katchi,SANKARI,TAMIL NADU,1009
S22209,RATHINA PRAKASH. K,Puthiya Tamilagam,PARAMAKUDI,TAMIL NADU,1004
S22119,NOTA,None of the Above,THONDAMUTHUR,TAMIL NADU,1000
S22212,C.MALAISELVAM,Puthiya Tamilagam,MUDHUKULATHUR,TAMIL NADU,993
S22105,VEERAN.K,Independent,ANTHIYUR,TAMIL NADU,990
S2269,NOTA,None of the Above,VANDAVASI,TAMIL NADU,988
S22150,CHANTHIRASEKAR S.,Independent,JAYANKONDAM,TAMIL NADU,984
S2259,SARAVANAN. G.,Independent,DHARMAPURI,TAMIL NADU,983
S22223,NOTA,None of the Above,ALANGULAM,TAMIL NADU,982
S2245,NOTA,None of the Above,KILVAITHINANKUPPAM,TAMIL NADU,972
S2266,SHANMUGAVELU. A,Veerath Thiyagi Viswanathadoss Thozhilalarkal Katchi,POLUR,TAMIL NADU,970
S2221,NOTA,None of the Above,ANNA NAGAR,TAMIL NADU,963
S22171,NOTA,None of the Above,KUMBAKONAM,TAMIL NADU,960
S22206,NOTA,None of the Above,VIRUDHUNAGAR,TAMIL NADU,954
S22211,NOTA,None of the Above,RAMANATHAPURAM,TAMIL NADU,953
S2268,NOTA,None of the Above,CHEYYAR,TAMIL NADU,950
S22138,NOTA,None of the Above,MANAPPARAI,TAMIL NADU,949
S22173,NOTA,None of the Above,THIRUVAIYARU,TAMIL NADU,948
S22205,NOTA,None of the Above,SIVAKASI,TAMIL NADU,948
S223,KRISHNAMOORTHY.M,Independent,TIRUTTANI,TAMIL NADU,946
S22181,NOTA,None of the Above,THIRUMAYAM,TAMIL NADU,945
S2259,NOTA,None of the Above,DHARMAPURI,TAMIL NADU,941
S221,NOTA,None of the Above,GUMMIDIPOONDI,TAMIL NADU,937
S22169,NOTA,None of the Above,NANNILAM,TAMIL NADU,936
S22196,NOTA,None of the Above,THIRUMANGALAM,TAMIL NADU,933
S22200,NOTA,None of the Above,BODINAYAKANUR,TAMIL NADU,931
S22139,NOTA,None of the Above,SRIRANGAM,TAMIL NADU,929
S22156,ARUMUGAM  R,Independent,KURINJIPADI,TAMIL NADU,928
S22100,NOTA,None of the Above,MODAKKURICHI,TAMIL NADU,925
S2223,NOTA,None of the Above,SAIDAPET,TAMIL NADU,924
S22196,BHARATH.M,Independent,THIRUMANGALAM,TAMIL NADU,924
S22100,R.VELUSAMY,Independent,MODAKKURICHI,TAMIL NADU,918
S22157,MUTHAMIZHAN . SEVA,Tamizhaga Vaazhvurimai Katchi,BHUVANAGIRI,TAMIL NADU,912
S22126,NOTA,None of the Above,MADATHUKULAM,TAMIL NADU,911
S2283,PALANISAMY. K,Bahujan Samaj Party,YERCAUD,TAMIL NADU,910
S2266,BASKARAN. C,Independent,POLUR,TAMIL NADU,908
S22106,NOTA,None of the Above,GOBICHETTIPALAYAM,TAMIL NADU,907
S22154,NOTA,None of the Above,PANRUTI,TAMIL NADU,907
S22152,ARIVUDAINAMBI.S,Anti Corruption Dynamic Party,VRIDDHACHALAM,TAMIL NADU,904
S2238,NOTA,None of the Above,ARAKKONAM,TAMIL NADU,899
S2262,C SELVAN,Republican Party of India (Athawale),CHENGAM,TAMIL NADU,895
S22155,NOTA,None of the Above,CUDDALORE,TAMIL NADU,894
S22194,NOTA,None of the Above,MADURAI WEST,TAMIL NADU,893
S2213,NOTA,None of the Above,KOLATHUR,TAMIL NADU,892
S2280,NOTA,None of the Above,KALLAKURICHI,TAMIL NADU,883
S2251,NOTA,None of the Above,UTHANGARAI,TAMIL NADU,881
S2298,NOTA,None of the Above,ERODE,TAMIL NADU,879
S22217,NOTA,None of the Above,OTTAPIDARAM,TAMIL NADU,879
S2224,NOTA,None of the Above,THIYAGARAYANAGAR,TAMIL NADU,878
S22103,VENKATACHALAM. C,Independent,PERUNDURAI,TAMIL NADU,878
S22203,NOTA,None of the Above,SRIVILLIPUTHUR,TAMIL NADU,873
S2254,IYAPPAN.L,Tamizhaga Vaazhvurimai Katchi,VEPPANAHALLI,TAMIL NADU,871
S22109,NOTA,None of the Above,GUDALUR,TAMIL NADU,871
S2266,BANUPRIYA. D,Republican Party of India (Athawale),POLUR,TAMIL NADU,869
S224,S. RAJENDRAN,Independent,THIRUVALLUR,TAMIL NADU,868
S222,NOTA,None of the Above,PONNERI,TAMIL NADU,865
S2292,NOTA,None of the Above,RASIPURAM,TAMIL NADU,863
S22169,RAJA. S,All India Puratchi Thalaivar Makkal Munnettra Kazhagam,NANNILAM,TAMIL NADU,861
S225,RAJASEKARAN.K,Bahujan Samaj Party,POONAMALLEE,TAMIL NADU,860
S2298,J.MUTHU BAVA,Independent,ERODE,TAMIL NADU,858
S22214,NOTA,None of the Above,THOOTHUKKUDI,TAMIL NADU,853
S2228,M.HARISH,Independent,ALANDUR,TAMIL NADU,853
S22226,NOTA,None of the Above,PALAYAMKOTTAI,TAMIL NADU,851
S22123,NOTA,None of the Above,POLLACHI,TAMIL NADU,849
S22187,NOTA,None of the Above,MANAMADURAI,TAMIL NADU,846
S22174,R. MURALIDHARAN,Independent,THANJAVUR,TAMIL NADU,844
S22111,NOTA,None of the Above,METTUPPALAYAM,TAMIL NADU,839
S2210,MICHAELRAJ. M. A,Independent,THIRUVOTTIYUR,TAMIL NADU,838
S22179,KARTHIKA PRAKASH,All India Puratchi Thalaivar Makkal Munnettra Kazhagam,VIRALIMALAI,TAMIL NADU,834
S22132,NOTA,None of the Above,DINDIGUL,TAMIL NADU,833
S22233,NOTA,None of the Above,VILAVANCODE,TAMIL NADU,828
S22229,NOTA,None of the Above,KANNIYAKUMARI,TAMIL NADU,825
S22168,NOTA,None of the Above,THIRUVARUR,TAMIL NADU,825
S2259,PRASANTH. DBJ.,Tamizhaga Vaazhvurimai Katchi,DHARMAPURI,TAMIL NADU,821
S22228,DANIEL.A,Independent,RADHAPURAM,TAMIL NADU,819
S22158,NOTA,None of the Above,CHIDAMBARAM,TAMIL NADU,816
S2220,NOTA,None of the Above,THOUSAND LIGHTS,TAMIL NADU,815
S22103,NOTA,None of the Above,PERUNDURAI,TAMIL NADU,812
S22129,NOTA,None of the Above,ATHOOR,TAMIL NADU,812
S2210,NOTA,None of the Above,THIRUVOTTIYUR,TAMIL NADU,805
S2278,SELVARAJ P,Independent,RISHIVANDIYAM,TAMIL NADU,800
S22174,S. KARIKALA CHOLAN,Independent,THANJAVUR,TAMIL NADU,800
S2246,NOTA,None of the Above,GUDIYATTAM,TAMIL NADU,799
S22183,SHAHUL HAMEED . N,Independent,ARANTHANGI,TAMIL NADU,798
S2266,NOTA,None of the Above,POLUR,TAMIL NADU,798
S22166,NOTA,None of the Above,THIRUTHURAIPOONDI,TAMIL NADU,797
S2235,NOTA,None of the Above,MADURANTAKAM,TAMIL NADU,797
S22184,NEWTON BABU. C,Puthiya Tamilagam,KARAIKUDI,TAMIL NADU,796
S2285,NOTA,None of the Above,METTUR,TAMIL NADU,794
S22150,VINOTHSAVARIREMIJEAS C.,Independent,JAYANKONDAM,TAMIL NADU,792
S2263,NOTA,None of the Above,TIRUVANNAMALAI,TAMIL NADU,785
S2233,D. PANNEERSELVAM,Independent,THIRUPORUR,TAMIL NADU,784
S2234,NOTA,None of the Above,CHEYYUR,TAMIL NADU,783
S22105,DHANABAL.C,Independent,ANTHIYUR,TAMIL NADU,782
S2261,NOTA,None of the Above,HARUR,TAMIL NADU,782
S22183,NAZIM KHAN. M,Tamizhaga Vaazhvurimai Katchi,ARANTHANGI,TAMIL NADU,774
S2260,GANESAN. S,Vishwa Tamil Kazhagam,PAPPIREDDIPATTI,TAMIL NADU,770
S2225,NOTA,None of the Above,MYLAPORE,TAMIL NADU,770
S22153,NOTA,None of the Above,NEYVELI,TAMIL NADU,768
S22219,K.SURESH,Independent,SANKARANKOVIL,TAMIL NADU,766
S22130,SELVAM.P B.A. B.L.,Republican Party of India (A),NILAKKOTTAI,TAMIL NADU,763
S2259,THIRUPATHI. M.,Independent,DHARMAPURI,TAMIL NADU,763
S22183,KALIMUTHU. P,Independent,ARANTHANGI,TAMIL NADU,762
S226,S. CHARLES,Bahujan Samaj Party,AVADI,TAMIL NADU,761
S22217,C. ARUNA DEVI,Nam Naadu Nam Makkal Nam Ethirkaalam Katchi,OTTAPIDARAM,TAMIL NADU,761
S22106,RAVIKUMAR.R,Bahujan Samaj Party,GOBICHETTIPALAYAM,TAMIL NADU,760
S2294,NOTA,None of the Above,NAMAKKAL,TAMIL NADU,760
S22120,NOTA,None of the Above,COIMBATORE,TAMIL NADU,759
S2243,NOTA,None of the Above,VELLORE,TAMIL NADU,757
S22152,NOTA,None of the Above,VRIDDHACHALAM,TAMIL NADU,755
S2241,A. NARESHKUMAR,Independent,RANIPET,TAMIL NADU,754
S22105,NOTA,None of the Above,ANTHIYUR,TAMIL NADU,754
S22202,NOTA,None of the Above,RAJAPALAYAM,TAMIL NADU,753
S22185,RAJA. K.P.M,Independent,TIRUPPATTUR,TAMIL NADU,753
S22191,NOTA,None of the Above,MADURAI NORTH,TAMIL NADU,753
S22127,NOTA,None of the Above,PALANI,TAMIL NADU,750
S22189,KARTHIKEYAN G,Independent,MADURAI EAST,TAMIL NADU,750
S22185,NOTA,None of the Above,TIRUPPATTUR,TAMIL NADU,747
S22170,NOTA,None of the Above,THIRUVIDAIMARUDUR,TAMIL NADU,747
S2290,NOTA,None of the Above,SALEM,TAMIL NADU,745
S22142,NOTA,None of the Above,THIRUVERUMBUR,TAMIL NADU,745
S2240,NOTA,None of the Above,KATPADI,TAMIL NADU,745
S2286,RAJA. K. B.SC. B.TECH. EX.INAS,Independent,EDAPPADI,TAMIL NADU,739
S22176,NOTA,None of the Above,PATTUKKOTTAI,TAMIL NADU,738
S22152,DURAI.K,Independent,VRIDDHACHALAM,TAMIL NADU,738
S22220,SENTHILKUMAR,Independent,VASUDEVANALLUR,TAMIL NADU,731
S2281,NOTA,None of the Above,GANGAVALLI,TAMIL NADU,731
S22162,MAYA VENKATESAN. M,Independent,POOMPUHAR,TAMIL NADU,730
S22133,MURUGAN. V,Independent,VEDASANDUR,TAMIL NADU,727
S22197,VELLAIPANDI. V,Bahujan Samaj Party,USILAMPATTI,TAMIL NADU,724
S22215,NOTA,None of the Above,TIRUCHENDUR,TAMIL NADU,722
S22138,AROCKIARAJ .A,Samaniya Makkal Nala Katchi,MANAPPARAI,TAMIL NADU,721
S22227,NOTA,None of the Above,NANGUNERI,TAMIL NADU,721
S22129,D. SANKAR,Naadaalum Makkal Katchi,ATHOOR,TAMIL NADU,720
S22110,NOTA,None of the Above,COONOOR,TAMIL NADU,720
S22226,PAULRAJ.V,Independent,PALAYAMKOTTAI,TAMIL NADU,717
S22224,NOTA,None of the Above,TIRUNELVELI,TAMIL NADU,717
S22172,NOTA,None of the Above,PAPANASAM,TAMIL NADU,716
S22131,ALEX S,Tamizhaga Vaazhvurimai Katchi,NATHAM,TAMIL NADU,715
S2272,NOTA,None of the Above,TINDIVANAM,TAMIL NADU,714
S22150,RAVANAN M.,Naadaalum Makkal Katchi,JAYANKONDAM,TAMIL NADU,711
S2287,NOTA,None of the Above,SANKARI,TAMIL NADU,711
S22209,NOTA,None of the Above,PARAMAKUDI,TAMIL NADU,710
S2259,MANIKANDAN. S.,Vishwa Tamil Kazhagam,DHARMAPURI,TAMIL NADU,710
S2252,D. SIVASANKARAN,Bahujan Samaj Party,BARGUR,TAMIL NADU,708
S2267,NOTA,None of the Above,ARANI,TAMIL NADU,707
S22187,RAJAMANIKKAM.A,Puthiya Tamilagam,MANAMADURAI,TAMIL NADU,706
S22102,NOTA,None of the Above,KANGAYAM,TAMIL NADU,706
S2285,RAMKUMAR. D.M,Independent,METTUR,TAMIL NADU,706
S2256,ASANRAJA. K,Independent,THALLI,TAMIL NADU,701
S2252,A. SUDHAKAR,Republican Party of India (Athawale),BARGUR,TAMIL NADU,698
S2265,SANTHAKUMARAN. A,Independent,KALASAPAKKAM,TAMIL NADU,697
S221,M.JAGADEESAN,Bahujan Samaj Party,GUMMIDIPOONDI,TAMIL NADU,697
S2246,T.POOVARASAN,Bahujan Samaj Party,GUDIYATTAM,TAMIL NADU,697
S22146,NOTA,None of the Above,THURAIYUR,TAMIL NADU,697
S2261,NEHRU. G,Bahujan Samaj Party,HARUR,TAMIL NADU,696
S2216,NOTA,None of the Above,EGMORE,TAMIL NADU,695
S22177,NOTA,None of the Above,PERAVURANI,TAMIL NADU,695
S2214,NOTA,None of the Above,VILLIVAKKAM,TAMIL NADU,695
S2249,NOTA,None of the Above,JOLARPET,TAMIL NADU,695
S2254,VENKATESAN.C,Independent,VEPPANAHALLI,TAMIL NADU,692
S22207,NOTA,None of the Above,ARUPPUKKOTTAI,TAMIL NADU,692
S22197,NOTA,None of the Above,USILAMPATTI,TAMIL NADU,692
S22149,JOTHIBASU K,Independent,ARIYALUR,TAMIL NADU,691
S22184,VELU. K,Independent,KARAIKUDI,TAMIL NADU,689
S22214,YESADURAI S.,All India Puratchi Thalaivar Makkal Munnettra Kazhagam,THOOTHUKKUDI,TAMIL NADU,689
S22225,R.ESAIKANNAN,Bahujan Samaj Party,AMBASAMUDRAM,TAMIL NADU,685
S22157,NOTA,None of the Above,BHUVANAGIRI,TAMIL NADU,681
S22147,ARIVAZHAGAN. D,Bahujan Samaj Party,PERAMBALUR,TAMIL NADU,678
S22145,M.CHINNAIYAN,Puthiya Tamilagam,MUSIRI,TAMIL NADU,677
S2279,RAMACHANDIRAN M,Tamizhaga Vaazhvurimai Katchi,SANKARAPURAM,TAMIL NADU,677
S2260,NOTA,None of the Above,PAPPIREDDIPATTI,TAMIL NADU,677
S22148,THANASEKAR. R,Independent,KUNNAM,TAMIL NADU,677
S229,I.RAFFIK,Naadaalum Makkal Katchi,MADAVARAM,TAMIL NADU,676
S22124,NOTA,None of the Above,VALPARAI,TAMIL NADU,675
S22210,ALAGARSAMY PANDIAN,Independent,TIRUVADANAI,TAMIL NADU,675
S2258,NOTA,None of the Above,PENNAGARAM,TAMIL NADU,674
S224,B. RAJESH KUMAR,Bahujan Samaj Party,THIRUVALLUR,TAMIL NADU,674
S2269,RANI. A,Independent,VANDAVASI,TAMIL NADU,674
S22182,NOTA,None of the Above,ALANGUDI,TAMIL NADU,673
S22222,NOTA,None of the Above,TENKASI,TAMIL NADU,673
S22180,K. KAILASAKUMAR,Independent,PUDUKKOTTAI,TAMIL NADU,669
S22201,NOTA,None of the Above,CUMBUM,TAMIL NADU,667
S2297,NOTA,None of the Above,KUMARAPALAYAM,TAMIL NADU,665
S22126,K VADIVAZHAGAN BALAJI,Independent,MADATHUKULAM,TAMIL NADU,664
S22167,KAMARAJ.A,Independent,MANNARGUDI,TAMIL NADU,664
S22219,ANAND,Independent,SANKARANKOVIL,TAMIL NADU,661
S22227,R. JANARTHANAN,Bahujan Samaj Party,NANGUNERI,TAMIL NADU,659
S22167,NAMASIVAYAM.N,Independent,MANNARGUDI,TAMIL NADU,659
S2285,DURAIRAJ. V,Independent,METTUR,TAMIL NADU,659
S22200,PADMANABHAN.N,All India Puratchi Thalaivar Makkal Munnettra Kazhagam,BODINAYAKANUR,TAMIL NADU,659
S2283,GOPI. C,Communist Party of India (Marxist-Leninist) (Liberation),YERCAUD,TAMIL NADU,658
S2242,NOTA,None of the Above,ARCOT,TAMIL NADU,656
S22193,NOTA,None of the Above,MADURAI CENTRAL,TAMIL NADU,656
S2265,DEIVEEGAN. P,Independent,KALASAPAKKAM,TAMIL NADU,654
S22178,ARUNKUMAR . S,Independent,GANDHARVAKOTTAI,TAMIL NADU,653
S2280,VIGNESH G,Independent,KALLAKURICHI,TAMIL NADU,653
S224,E. MANI,Republican Party of India (Athawale),THIRUVALLUR,TAMIL NADU,653
S2261,MARIKANNU. C,Republican Party of India (Athawale),HARUR,TAMIL NADU,652
S22112,GOKILAMANI. M,Independent,AVANASHI,TAMIL NADU,652
S22100,K.MUNIYAPPAN,Bahujan Samaj Party,MODAKKURICHI,TAMIL NADU,651
S22128,PRABAHARAN. M,Independent,ODDANCHATRAM,TAMIL NADU,646
S22114,NOTA,None of the Above,TIRUPPUR,TAMIL NADU,644
S2219,NOTA,None of the Above,CHEPAUK-THIRUVALLIKENI,TAMIL NADU,643
S22130,NOTA,None of the Above,NILAKKOTTAI,TAMIL NADU,642
S2291,BRAMAMOORTHI. M,Tamizhaga Vaazhvurimai Katchi,VEERAPANDI,TAMIL NADU,642
S2277,MANIKANDAN P,Independent,ULUNDURPETTAI,TAMIL NADU,642
S22178,SENTHILKUMAR N,Independent,GANDHARVAKOTTAI,TAMIL NADU,642
S22213,NOTA,None of the Above,VILATHIKULAM,TAMIL NADU,642
S22207,ARUMUGAM. V,Independent,ARUPPUKKOTTAI,TAMIL NADU,641
S22149,NOTA,None of the Above,ARIYALUR,TAMIL NADU,641
S22160,GAJENDRAN.KANAGA,Bahujan Samaj Party,SIRKAZHI,TAMIL NADU,640
S22220,NOTA,None of the Above,VASUDEVANALLUR,TAMIL NADU,637
S22227,S.MARIYAPPAN,Independent,NANGUNERI,TAMIL NADU,637
S22134,NOTA,None of the Above,ARAVAKURICHI,TAMIL NADU,637
S22149,THANGA. SHANMUGA SUNDARAM,Naadaalum Makkal Katchi,ARIYALUR,TAMIL NADU,637
S2288,RAJ KUMAR .G,Tamizhaga Vaazhvurimai Katchi,SALEM,TAMIL NADU,636
S22199,PALANICHAMY T.,Independent,PERIYAKULAM,TAMIL NADU,636
S22167,GOVINDARAJ.G,Tamizhaga Vaazhvurimai Katchi,MANNARGUDI,TAMIL NADU,635
S22167,PRABHU. S,Independent,MANNARGUDI,TAMIL NADU,633
S2233,S. MESHAK,Independent,THIRUPORUR,TAMIL NADU,632
S2252,NOTA,None of the Above,BARGUR,TAMIL NADU,631
S22208,MALAI ALAGU.M,Independent,TIRUCHULI,TAMIL NADU,631
S22175,NOTA,None of the Above,ORATHANADU,TAMIL NADU,631
S2284,MAYAKKANNAN. R,Independent,OMALUR,TAMIL NADU,629
S22156,NOTA,None of the Above,KURINJIPADI,TAMIL NADU,629
S2258,THAVAMANI. C.,Tamizhaga Vaazhvurimai Katchi,PENNAGARAM,TAMIL NADU,628
S223,JAMBU.B,Independent,TIRUTTANI,TAMIL NADU,628
S226,R. BAKTHAVATCHALAM,All India Puratchi Thalaivar Makkal Munnettra Kazhagam,AVADI,TAMIL NADU,627
S2263,BENNY RAJAN. C.J,Republican Party of India (Athawale),TIRUVANNAMALAI,TAMIL NADU,627
S22114,KALIMUTHU. K,All India Forward Bloc,TIRUPPUR,TAMIL NADU,626
S2247,NOTA,None of the Above,VANIYAMBADI,TAMIL NADU,624
S22155,K.LENIN,Tamizhaga Vaazhvurimai Katchi,CUDDALORE,TAMIL NADU,623
S2256,JAGAN. M,Independent,THALLI,TAMIL NADU,622
S22126,AK SENTHILKUMAR,Puthiya Tamilagam,MADATHUKULAM,TAMIL NADU,621
S2241,J.JENIFERJANET,Bahujan Samaj Party,RANIPET,TAMIL NADU,620
S22226,KARTHICK NARAYANAN S.,Independent,PALAYAMKOTTAI,TAMIL NADU,619
S2259,NAGARAJAN. D.,Independent,DHARMAPURI,TAMIL NADU,619
S22210,S.BALUSAMY,Puthiya Tamilagam,TIRUVADANAI,TAMIL NADU,619
S22182,D.PUSHPARAJ,All India Puratchi Thalaivar Makkal Munnettra Kazhagam,ALANGUDI,TAMIL NADU,618
S222,SANTHOSHKUMAR.J,Bahujan Samaj Party,PONNERI,TAMIL NADU,615
S22232,NOTA,None of the Above,PADMANABHAPURAM,TAMIL NADU,615
S2288,ER.PRABAKARAN.S,Independent,SALEM,TAMIL NADU,613
S22137,NOTA,None of the Above,KULITHALAI,TAMIL NADU,612
S22111,V.SENTHIL KUMAR,Independent,METTUPPALAYAM,TAMIL NADU,612
S22187,BHARATHIDASAN.S,Independent,MANAMADURAI,TAMIL NADU,612
S22192,NOTA,None of the Above,MADURAI SOUTH,TAMIL NADU,612
S22185,UMADEVI. S,All India Puratchi Thalaivar Makkal Munnettra Kazhagam,TIRUPPATTUR,TAMIL NADU,611
S22105,RAMASAMY.S,Samaniya Makkal Nala Katchi,ANTHIYUR,TAMIL NADU,611
S22152,GNANASUNDARI.M,Aanaithinthiya Jananayaka Pathukappu Kazhagam,VRIDDHACHALAM,TAMIL NADU,611
S2247,SUBRAMANI.P,Bahujan Samaj Party,VANIYAMBADI,TAMIL NADU,609
S22150,SANKAR M.,Rashtriya Samaj Dal (R),JAYANKONDAM,TAMIL NADU,608
S2253,SIVAKUMAR.S,Bahujan Samaj Party,KRISHNAGIRI,TAMIL NADU,608
S22137,S.SENTHILKUMAR,Independent,KULITHALAI,TAMIL NADU,607
S2252,S. ALBERT FRANCIS XAVIER,Tamizhaga Vaazhvurimai Katchi,BARGUR,TAMIL NADU,607
S2293,K RAMESH,Independent,SENTHAMANGALAM,TAMIL NADU,605
S2264,PICHANDI.R,Independent,KILPENNATHUR,TAMIL NADU,604
S22184,KALIMUTHU. A,All India Puratchi Thalaivar Makkal Munnettra Kazhagam,KARAIKUDI,TAMIL NADU,602
S2212,NOTA,None of the Above,PERAMBUR,TAMIL NADU,601
S2218,NOTA,None of the Above,HARBOUR,TAMIL NADU,600
S221,SDK SANKAR,Aanaithinthiya Jananayaka Pathukappu Kazhagam,GUMMIDIPOONDI,TAMIL NADU,599
S22144,NOTA,None of the Above,MANACHANALLUR,TAMIL NADU,599
S22111,V.ANANDKUMAR,Independent,METTUPPALAYAM,TAMIL NADU,596
S22123,M. JAYARAM,Independent,POLLACHI,TAMIL NADU,596
S22131,NOTA,None of the Above,NATHAM,TAMIL NADU,596
S22147,SUBRAMANIAN. R,Independent,PERAMBALUR,TAMIL NADU,595
S22138,P. VIJAYAKUMAR,Independent,MANAPPARAI,TAMIL NADU,595
S2291,NOTA,None of the Above,VEERAPANDI,TAMIL NADU,594
S22189,BHARATHIRAJA A,Puthiya Tamilagam,MADURAI EAST,TAMIL NADU,594
S22168,SAHUL HAMEED M,Independent,THIRUVARUR,TAMIL NADU,593
S22218,NOTA,None of the Above,KOVILPATTI,TAMIL NADU,593
S2275,SETTU C,Tamizhaga Vaazhvurimai Katchi,VIKRAVANDI,TAMIL NADU,592
S2277,UDHAYAKUMAR R,All India Puratchi Thalaivar Makkal Munnettra Kazhagam,ULUNDURPETTAI,TAMIL NADU,590
S22184,KARUPPIAH. K,Republican Party of India (Athawale),KARAIKUDI,TAMIL NADU,590
S2276,RAMAKRISHNAN M,Independent,TIRUKKOYILUR,TAMIL NADU,589
S228,A.KALYANASUNDARAM,Nationalist Janshakti Party,AMBATTUR,TAMIL NADU,588
S22146,P.SRINIVASAN,Bahujan Samaj Party,THURAIYUR,TAMIL NADU,588
S22170,P.MANIKANDAN,Independent,THIRUVIDAIMARUDUR,TAMIL NADU,588
S22198,CHELLAPANDIYAN.S,All India Puratchi Thalaivar Makkal Munnettra Kazhagam,ANDIPATTI,TAMIL NADU,586
S22162,NOTA,None of the Above,POOMPUHAR,TAMIL NADU,586
S22111,R.CHINNARAJ,Independent,METTUPPALAYAM,TAMIL NADU,586
S22100,L.BHARATHI,Independent,MODAKKURICHI,TAMIL NADU,585
S22127,NACHIMUTHU. S,Bahujan Samaj Party,PALANI,TAMIL NADU,585
S22112,GOVINDAN.P,Bahujan Samaj Party,AVANASHI,TAMIL NADU,585
S22131,VADIVEL K,Independent,NATHAM,TAMIL NADU,584
S22178,M. LAKSHMANAN,Independent,GANDHARVAKOTTAI,TAMIL NADU,584
S22151,NOTA,None of the Above,TITTAKUDI,TAMIL NADU,584
S22150,ANANDHAKUMAR R.,Independent,JAYANKONDAM,TAMIL NADU,583
S22231,NOTA,None of the Above,COLACHAL,TAMIL NADU,581
S22183,NOTA,None of the Above,ARANTHANGI,TAMIL NADU,580
S2279,MANIKANDAN P,Independent,SANKARAPURAM,TAMIL NADU,579
S22216,NOTA,None of the Above,SRIVAIKUNTAM,TAMIL NADU,579
S22115,K.RATHINASAMY,Bahujan Samaj Party,PALLADAM,TAMIL NADU,578
S2278,BALAKRISHNAN A,Bahujan Samaj Party,RISHIVANDIYAM,TAMIL NADU,578
S2265,KRISHNAMURTHY. R,Independent,KALASAPAKKAM,TAMIL NADU,576
S22129,M.K. NAGENDRAN,Aanaithinthiya Jananayaka Pathukappu Kazhagam,ATHOOR,TAMIL NADU,576
S22221,ESAKKI PANDI. K,Independent,KADAYANALLUR,TAMIL NADU,576
S22207,SURESHKUMAR. K,Independent,ARUPPUKKOTTAI,TAMIL NADU,573
S2274,NOTA,None of the Above,VILUPPURAM,TAMIL NADU,573
S22110,C. DINESH KUMAR,Independent,COONOOR,TAMIL NADU,573
S2239,NOTA,None of the Above,SHOLINGUR,TAMIL NADU,572
S2273,VETRIVEL G,Independent,VANUR,TAMIL NADU,572
S2223,KUMARAN. G.P,Bahujan Samaj Party,SAIDAPET,TAMIL NADU,571
S2276,VIJAYAMOORTHI E,Independent,TIRUKKOYILUR,TAMIL NADU,571
S22190,NOTA,None of the Above,SHOLAVANDAN,TAMIL NADU,571
S22220,PRABAKARAN .R,Independent,VASUDEVANALLUR,TAMIL NADU,570
S22117,KANIMOZHI.K,Independent,KAVUNDAMPALAYAM,TAMIL NADU,567
S22103,ESWARAN. P,Bahujan Samaj Party,PERUNDURAI,TAMIL NADU,565
S22165,NOTA,None of the Above,VEDARANYAM,TAMIL NADU,563
S22159,ALAVANTHAR .M,Tamizhaga Vaazhvurimai Katchi,KATTUMANNARKOIL,TAMIL NADU,563
S22164,SURENTHAR. K,Puthiya Tamilagam,KILVELUR,TAMIL NADU,563
S2230,N.BHARATHI,Bahujan Samaj Party,PALLAVARAM,TAMIL NADU,562
S2211,NOTA,None of the Above,DR.RADHAKRISHNAN NAGAR,TAMIL NADU,561
S22189,MUGESHKUMAR M,Independent,MADURAI EAST,TAMIL NADU,561
S22226,ABDUL KOYA,Independent,PALAYAMKOTTAI,TAMIL NADU,560
S22177,R.RAVI,All India Puratchi Thalaivar Makkal Munnettra Kazhagam,PERAVURANI,TAMIL NADU,560
S22219,NOTA,None of the Above,SANKARANKOVIL,TAMIL NADU,560
S2258,AJITH KUMAR. S.,Bahujan Samaj Party,PENNAGARAM,TAMIL NADU,557
S22224,ARUMUGARAJ. S.,Tamizhaga Vaazhvurimai Katchi,TIRUNELVELI,TAMIL NADU,556
S22107,DR.HANUMAIAH.C,Independent,BHAVANISAGAR,TAMIL NADU,556
S2230,A.THANGARAJ,Puthiya Tamilagam,PALLAVARAM,TAMIL NADU,555
S22160,NOTA,None of the Above,SIRKAZHI,TAMIL NADU,555
S22179,MAHENDIRAN. K,Independent,VIRALIMALAI,TAMIL NADU,555
S22138,RAJESH .M,Independent,MANAPPARAI,TAMIL NADU,554
S22149,VETRIVEL G,Independent,ARIYALUR,TAMIL NADU,554
S22122,MARIYAPPAN R,Ganasangam Party of India,KINATHUKADAVU,TAMIL NADU,554
S22188,NOTA,None of the Above,MELUR,TAMIL NADU,554
S2271,SIVA S,Independent,MAILAM,TAMIL NADU,552
S2236,DEVARAJAN.C,Independent,UTHIRAMERUR,TAMIL NADU,551
S22151,VELMURUGAN G,Independent,TITTAKUDI,TAMIL NADU,549
S22175,M. SELVARAJ,Party for the Rights of Other backward Classes,ORATHANADU,TAMIL NADU,548
S22222,G. POORANA SELVAN,Independent,TENKASI,TAMIL NADU,548
S2239,M.VIJAYAN,Independent,SHOLINGUR,TAMIL NADU,548
S2258,KANNAN. K.,Tamilar Makkal Katchi,PENNAGARAM,TAMIL NADU,546
S22112,DHANABAL.R,Independent,AVANASHI,TAMIL NADU,546
S22148,ELANGOVAN. K,Naadaalum Makkal Katchi,KUNNAM,TAMIL NADU,546
S22164,NOTA,None of the Above,KILVELUR,TAMIL NADU,545
S2247,SUNDARAMMAL,Makkal Arasial Katchi,VANIYAMBADI,TAMIL NADU,544
S2279,SUDHA M,Bahujan Samaj Party,SANKARAPURAM,TAMIL NADU,544
S22107,RAMAKRISHNAN,Independent,BHAVANISAGAR,TAMIL NADU,543
S22148,SHAJAHAN,Independent,KUNNAM,TAMIL NADU,541
S22106,PALANISAMYRAAJ.M,Independent,GOBICHETTIPALAYAM,TAMIL NADU,539
S22135,NOTA,None of the Above,KARUR,TAMIL NADU,539
S22129,K. VISVANATHAN,Independent,ATHOOR,TAMIL NADU,538
S2284,KRISHNAMOORTHY. D,Tamizhaga Vaazhvurimai Katchi,OMALUR,TAMIL NADU,537
S22221,MURUGAN. P,Independent,KADAYANALLUR,TAMIL NADU,537
S229,N.JANAKIRAMAN,Bahujan Samaj Party,MADAVARAM,TAMIL NADU,537
S2271,GOPU V S,Independent,MAILAM,TAMIL NADU,537
S2253,SINGARAVELAN VISWANATHAN,Vishwa Tamil Kazhagam,KRISHNAGIRI,TAMIL NADU,535
S2233,Dr.D.VINOTH KUMAR,Bahujan Samaj Party,THIRUPORUR,TAMIL NADU,535
S2278,NOTA,None of the Above,RISHIVANDIYAM,TAMIL NADU,534
S2281,BALAKRISHNAN. P,Bahujan Samaj Party,GANGAVALLI,TAMIL NADU,533
S2258,POOMANI. P.,Independent,PENNAGARAM,TAMIL NADU,533
S2241,K. SAKTHIVEL NATHAN,Independent,RANIPET,TAMIL NADU,533
S2264,PICHANDI.D,Independent,KILPENNATHUR,TAMIL NADU,533
S2239,K.MUNISAMY,Independent,SHOLINGUR,TAMIL NADU,532
S22206,AJAY I,Independent,VIRUDHUNAGAR,TAMIL NADU,532
S22184,DINESH. K,Independent,KARAIKUDI,TAMIL NADU,531
S22129,S. KARTHIGAISELVAN,Bahujan Samaj Party,ATHOOR,TAMIL NADU,531
S22182,R.SURESH,Party for the Rights of Other backward Classes,ALANGUDI,TAMIL NADU,530
S22227,A.RANI NADAR ALIAS PUSHPARANI,Independent,NANGUNERI,TAMIL NADU,529
S22200,SELVAMURUGAN.P,Independent,BODINAYAKANUR,TAMIL NADU,529
S22150,JAYABALAN G.,Vada Tamil Nadu Munnetra Katchi,JAYANKONDAM,TAMIL NADU,528
S22221,NOTA,None of the Above,KADAYANALLUR,TAMIL NADU,527
S2215,NOTA,None of the Above,THIRU-VI-KA-NAGAR,TAMIL NADU,527
S2227,N.PRASHANTHA RAO,Independent,SHOZHINGANALLUR,TAMIL NADU,527
S22168,THIYAGARAJAN .M,Puthiya Tamilagam,THIRUVARUR,TAMIL NADU,526
S22104,MANIKKAM. P,Independent,BHAVANI,TAMIL NADU,526
S22200,NAGANANTHINI.V,Independent,BODINAYAKANUR,TAMIL NADU,526
S22136,NOTA,None of the Above,KRISHNARAYAPURAM,TAMIL NADU,525
S22208,ADVOCATE THANGAPANDIAN,Independent,TIRUCHULI,TAMIL NADU,525
S22166,VIMALA.A,Bahujan Samaj Party,THIRUTHURAIPOONDI,TAMIL NADU,525
S2233,A.SELVARAJ,Mannin Maithargal Kazhagam,THIRUPORUR,TAMIL NADU,524
S22172,C. CHANDRASEKARAN,Thamizh Desiya Munnetra Kazhagam,PAPANASAM,TAMIL NADU,524
S22117,K.VELMURUGAN,Bahujan Samaj Party,KAVUNDAMPALAYAM,TAMIL NADU,524
S2252,MANI. K,All India Youth Development Party,BARGUR,TAMIL NADU,524
S2227,S.PUSHNA KUMAR,Bahujan Samaj Party,SHOZHINGANALLUR,TAMIL NADU,524
S22176,GURUMOORTHY M,Puthiya Tamilagam,PATTUKKOTTAI,TAMIL NADU,521
S22127,JAYAKUMAR. T,Independent,PALANI,TAMIL NADU,520
S2296,NOTA,None of the Above,TIRUCHENGODU,TAMIL NADU,520
S22184,NOTA,None of the Above,KARAIKUDI,TAMIL NADU,519
S2246,SUBAKARAN.A,Independent,GUDIYATTAM,TAMIL NADU,519
S2273,NOTA,None of the Above,VANUR,TAMIL NADU,519
S22222,ISAKI PANDIAN,Bahujan Samaj Party,TENKASI,TAMIL NADU,518
S2241,J. HASSAIN,Independent,RANIPET,TAMIL NADU,517
S2299,V . PALANI,Bahujan Samaj Party,ERODE,TAMIL NADU,516
S22198,ELAYARAJA.M,Puthiya Tamilagam,ANDIPATTI,TAMIL NADU,516
S22128,MURUGARAJ. P,Bahujan Samaj Party,ODDANCHATRAM,TAMIL NADU,516
S22217,C .SELVAKUMAR,Tamizhaga Vaazhvurimai Katchi,OTTAPIDARAM,TAMIL NADU,515
S22130,MANIKANDAN.P,Independent,NILAKKOTTAI,TAMIL NADU,515
S22141,NOTA,None of the Above,TIRUCHIRAPPALLI,TAMIL NADU,514
S22174,S. MUTHUVEL,Bahujan Dravida Party,THANJAVUR,TAMIL NADU,513
S22146,GNANAVETTIYAN SIVAPERUMAL .K,Tamizhaga Vaazhvurimai Katchi,THURAIYUR,TAMIL NADU,513
S2283,VENKATESAN. S,Independent,YERCAUD,TAMIL NADU,513
S2279,MAYILAMPARAI MARI A,Independent,SANKARAPURAM,TAMIL NADU,512
S2229,M.TAMILARASAN,Communist Party of India (Marxist-Leninist) (Liberation),SRIPERUMBUDUR,TAMIL NADU,511
S2282,RAJESHKANNAN. K.,Independent,ATTUR,TAMIL NADU,511
S22180,E. RAMALINGAM,Party for the Rights of Other backward Classes,PUDUKKOTTAI,TAMIL NADU,510
S22221,T. MAHESHKUMAR,Bahujan Samaj Party,KADAYANALLUR,TAMIL NADU,510
S22159,SANKARKUMAR .S,Independent,KATTUMANNARKOIL,TAMIL NADU,509
S22206,MUTHUVEL S,Independent,VIRUDHUNAGAR,TAMIL NADU,509
S22203,DEVIALAKSHMI SARANYA.K,Independent,SRIVILLIPUTHUR,TAMIL NADU,509
S2270,NOTA,None of the Above,GINGEE,TAMIL NADU,508
S22148,NALLATHAMBI. P,Independent,KUNNAM,TAMIL NADU,507
S2256,DEVAPPA. Y,Independent,THALLI,TAMIL NADU,506
S22198,IRUMBORAI.G,Communist Party of India (Marxist-Leninist) Red Star,ANDIPATTI,TAMIL NADU,505
S22130,RAJALAKSHMI.M,Bahujan Samaj Party,NILAKKOTTAI,TAMIL NADU,505
S2259,MADHU. P.,Naadaalum Makkal Katchi,DHARMAPURI,TAMIL NADU,505
S22219,V. PAULPANDIAN,Independent,SANKARANKOVIL,TAMIL NADU,504
S22168,KANTHAN A,Tamizhaga Vaazhvurimai Katchi,THIRUVARUR,TAMIL NADU,503
S22172,A. ANIS FATHIMA ABDUL RAHIM,Independent,PAPANASAM,TAMIL NADU,503
S221,G.RANJITH B.SC.L.L.B,Independent,GUMMIDIPOONDI,TAMIL NADU,503
S22234,NOTA,None of the Above,KILLIYOOR,TAMIL NADU,502
S22184,PRABU. G,Independent,KARAIKUDI,TAMIL NADU,502
S22112,ARUMUGAM.R,Ganasangam Party of India,AVANASHI,TAMIL NADU,501
S2258,ARUNKUMAR. G.,Independent,PENNAGARAM,TAMIL NADU,501
S2276,NOTA,None of the Above,TIRUKKOYILUR,TAMIL NADU,500
S22219,S. MARIAPPAN,Bahujan Samaj Party,SANKARANKOVIL,TAMIL NADU,500
S22106,BHUVANESHWARI.A,Independent,GOBICHETTIPALAYAM,TAMIL NADU,499
S22102,P.THIRUGNANASAMBANTHAM,Party for the Rights of Other backward Classes,KANGAYAM,TAMIL NADU,499
S22144,RAMESH KUMAR. G,Independent,MANACHANALLUR,TAMIL NADU,498
S2296,DEEPAKRAJAN V,Independent,TIRUCHENGODU,TAMIL NADU,497
S22185,VISHWANATHAN. S,Independent,TIRUPPATTUR,TAMIL NADU,496
S228,R.BALAMURUGAN,Independent,AMBATTUR,TAMIL NADU,493
S22226,T.A.UMAR,Tamizhaga Vaazhvurimai Katchi,PALAYAMKOTTAI,TAMIL NADU,493
S22227,CHITHIRAI SELVAN,Tamizhaga Vaazhvurimai Katchi,NANGUNERI,TAMIL NADU,491
S22210,A DINESH KUMAR,Independent,TIRUVADANAI,TAMIL NADU,491
S2239,SUDHAKAR.K,Tamizhaga Vaazhvurimai Katchi,SHOLINGUR,TAMIL NADU,490
S2248,VISWANATHAN. J,Independent,AMBUR,TAMIL NADU,490
S2229,D.PURUSHOTHAMAN,All India Puratchi Thalaivar Makkal Munnettra Kazhagam,SRIPERUMBUDUR,TAMIL NADU,489
S22137,V.CHINNASAMY,Independent,KULITHALAI,TAMIL NADU,488
S2254,RAMASAMY.G.C,Independent,VEPPANAHALLI,TAMIL NADU,487
S2261,KARUTHAMMAL. S,Naadaalum Makkal Katchi,HARUR,TAMIL NADU,487
S22145,P.LOGANATHAN M.SC.M.PHIL.,Independent,MUSIRI,TAMIL NADU,487
S22219,C. RAVI,Tamilaga Makkal Nala Katchi,SANKARANKOVIL,TAMIL NADU,487
S22212,R.MOOVENDRAN,Independent,MUDHUKULATHUR,TAMIL NADU,486
S2250,RAJESH. S,Tamizhaga Vaazhvurimai Katchi,TIRUPPATTUR,TAMIL NADU,486
S2227,M. CHRISTHU DASS,Dravida Jananayaga Makkal Katchi,SHOZHINGANALLUR,TAMIL NADU,486
S22220,P. KARPAGAVALLI,Independent,VASUDEVANALLUR,TAMIL NADU,486
S22187,ARUNPANDIAN.A,Tamizhaga Vaazhvurimai Katchi,MANAMADURAI,TAMIL NADU,484
S22148,NOTA,None of the Above,KUNNAM,TAMIL NADU,484
S2213,S.Y. SYED YUSUF,Republican Party of India (Athawale),KOLATHUR,TAMIL NADU,484
S2270,RAMESH R,Independent,GINGEE,TAMIL NADU,483
S2245,ANANDALAI THANGARAJ. M,All India Puratchi Thalaivar Makkal Munnettra Kazhagam,KILVAITHINANKUPPAM,TAMIL NADU,482
S22228,PON SANTHANA KUMARAN.R,Independent,RADHAPURAM,TAMIL NADU,482
S22107,C.PALANICHAMY,Independent,BHAVANISAGAR,TAMIL NADU,481
S22210,A SEGU ALI UDUMAN,Independent,TIRUVADANAI,TAMIL NADU,481
S2258,ANNAMALAI. M.,Independent,PENNAGARAM,TAMIL NADU,480
S2258,SAKTHIVEL. M.,Independent,PENNAGARAM,TAMIL NADU,480
S22124,PERUMAL. K,Independent,VALPARAI,TAMIL NADU,479
S22163,NOTA,None of the Above,NAGAPATTINAM,TAMIL NADU,479
S2229,A. GURUANANDHAN,Anaithinthiya Anna Dravida Makkal Seyal katchi,SRIPERUMBUDUR,TAMIL NADU,479
S226,R.Edmund Jayendren,Tamizhaga Vaazhvurimai Katchi,AVADI,TAMIL NADU,478
S2252,MATHESH. R,Independent,BARGUR,TAMIL NADU,477
S22204,NOTA,None of the Above,SATTUR,TAMIL NADU,476
S22224,THALABATHI MURUGAN. M.,Independent,TIRUNELVELI,TAMIL NADU,476
S22150,CHINNADURAI S.,Bahujan Samaj Party,JAYANKONDAM,TAMIL NADU,475
S22149,STALIN V,Bahujan Samaj Party,ARIYALUR,TAMIL NADU,475
S22161,NOTA,None of the Above,MAYILADUTHURAI,TAMIL NADU,474
S22133,NOTA,None of the Above,VEDASANDUR,TAMIL NADU,474
S2263,SALAM .M,Independent,TIRUVANNAMALAI,TAMIL NADU,474
S2287,PARAMASIVAM. R,Independent,SANKARI,TAMIL NADU,473
S2292,RAJESHKANNAN R,Independent,RASIPURAM,TAMIL NADU,472
S2285,VENKATASALAM. G,Independent,METTUR,TAMIL NADU,471
S22184,MANIMARAN. R,Independent,KARAIKUDI,TAMIL NADU,471
S223,MUTHURAJ.G,Bahujan Samaj Party,TIRUTTANI,TAMIL NADU,470
S22125,PADMENDRAPRAKASH A.,Independent,UDUMALAIPETTAI,TAMIL NADU,470
S22106,VENKATACHALAM,Independent,GOBICHETTIPALAYAM,TAMIL NADU,470
S22228,NOTA,None of the Above,RADHAPURAM,TAMIL NADU,469
S22184,KALIDASS. R,Independent,KARAIKUDI,TAMIL NADU,469
S2242,M.VASANTHAKUMAR,Bahujan Samaj Party,ARCOT,TAMIL NADU,468
S2248,NOTA,None of the Above,AMBUR,TAMIL NADU,468
S22180,NOTA,None of the Above,PUDUKKOTTAI,TAMIL NADU,467
S223,KRISHNAMOORTHY.D,Independent,TIRUTTANI,TAMIL NADU,467
S22221,BARISHA BANU. M,Independent,KADAYANALLUR,TAMIL NADU,467
S22180,SENTHILNATHAN .B,Independent,PUDUKKOTTAI,TAMIL NADU,466
S22159,NOTA,None of the Above,KATTUMANNARKOIL,TAMIL NADU,465
S22131,VIJAYAKUMAR S,Independent,NATHAM,TAMIL NADU,465
S22126,SP MAHENDRAN,Independent,MADATHUKULAM,TAMIL NADU,464
S2250,NOTA,None of the Above,TIRUPPATTUR,TAMIL NADU,464
S2258,GNANASELVAM. S.,Independent,PENNAGARAM,TAMIL NADU,463
S2292,ARULKUMAR P,Ganasangam Party of India,RASIPURAM,TAMIL NADU,462
S22108,MANIAN.R,Independent,UDHAGAMANDALAM,TAMIL NADU,462
S2222,JAGADISH.S,Republican Party of India (Athawale),VIRUGAMPAKKAM,TAMIL NADU,462
S22204,MAYAKKANNAN. V,Independent,SATTUR,TAMIL NADU,462
S2217,NOTA,None of the Above,ROYAPURAM,TAMIL NADU,459
S22153,KARTHIKEYAN.C.M,Independent,NEYVELI,TAMIL NADU,459
S22111,S.ABDUL RAHIMAN,Veerath Thiyagi Viswanathadoss Thozhilalarkal Katchi,METTUPPALAYAM,TAMIL NADU,458
S22156,MANIMALA  R,Independent,KURINJIPADI,TAMIL NADU,458
S22184,RANJITHKUMAR BALUSAMY,Bahujan Samaj Party,KARAIKUDI,TAMIL NADU,458
S2210,MAHENDRA KUMAR. D,Bahujan Samaj Party,THIRUVOTTIYUR,TAMIL NADU,458
S2278,ANBUMURUGAN S,Independent,RISHIVANDIYAM,TAMIL NADU,458
S22210,R THILAGESWARAN,Independent,TIRUVADANAI,TAMIL NADU,457
S2248,ASADULLAH. B,Indian National League,AMBUR,TAMIL NADU,457
S22104,SEKAR. K,Bahujan Samaj Party,BHAVANI,TAMIL NADU,456
S22204,MANIVASAGAM.S,Independent,SATTUR,TAMIL NADU,456
S22144,NAGARAJAN. V,Independent,MANACHANALLUR,TAMIL NADU,456
S2275,SIVAKUMAR S,Independent,VIKRAVANDI,TAMIL NADU,455
S22229,RAJAN. S,Independent,KANNIYAKUMARI,TAMIL NADU,454
S2249,PRIYA K,Independent,JOLARPET,TAMIL NADU,454
S22140,CHINNAIYAN POOSARI,Bahujan Samaj Party,TIRUCHIRAPPALLI,TAMIL NADU,453
S22232,VASANTHI. R,Independent,PADMANABHAPURAM,TAMIL NADU,453
S22137,P.SELVAKUMAR,Independent,KULITHALAI,TAMIL NADU,452
S2238,P. SUDHAKAR,Bahujan Samaj Party,ARAKKONAM,TAMIL NADU,451
S22166,ARUMUGAM.N,Tamizhaga Vaazhvurimai Katchi,THIRUTHURAIPOONDI,TAMIL NADU,450
S2295,NOTA,None of the Above,PARAMATHI-VELUR,TAMIL NADU,449
S2291,PALANISAMY. P,Independent,VEERAPANDI,TAMIL NADU,449
S22230,NOTA,None of the Above,NAGERCOIL,TAMIL NADU,447
S22186,MARIMUTHU K,Bahujan Samaj Party,SIVAGANGA,TAMIL NADU,447
S2250,THIRUPATHI. N,Independent,TIRUPPATTUR,TAMIL NADU,447
S22218,KANNAN.S,All India Puratchi Thalaivar Makkal Munnettra Kazhagam,KOVILPATTI,TAMIL NADU,446
S2261,PARTHIPAN. P,Independent,HARUR,TAMIL NADU,445
S22212,RAVI GOVINTHAN,Independent,MUDHUKULATHUR,TAMIL NADU,445
S2295,SHAILAJA,Tamizhaga Vaazhvurimai Katchi,PARAMATHI-VELUR,TAMIL NADU,444
S2281,DHANAPAL. S,Independent,GANGAVALLI,TAMIL NADU,444
S22203,MUTHURAJ.U,Independent,SRIVILLIPUTHUR,TAMIL NADU,443
S22109,THILAGARAJ.N,Independent,GUDALUR,TAMIL NADU,443
S2230,B.RAJESWARI,Naadaalum Makkal Katchi,PALLAVARAM,TAMIL NADU,443
S228,DR. J.SAILAS,Bahujan Samaj Party,AMBATTUR,TAMIL NADU,443
S22151,PALANIVEL R,All India Puratchi Thalaivar Makkal Munnettra Kazhagam,TITTAKUDI,TAMIL NADU,443
S22215,GOPALAKRISHNAN,All India Puratchi Thalaivar Makkal Munnettra Kazhagam,TIRUCHENDUR,TAMIL NADU,442
S2275,INBARASAN G,Bahujan Samaj Party,VIKRAVANDI,TAMIL NADU,442
S22227,THANITHANGAM,Independent,NANGUNERI,TAMIL NADU,441
S22142,MURUGANANTHAM. G,Independent,THIRUVERUMBUR,TAMIL NADU,441
S22130,SANKAR.P,Puthiya Tamilagam,NILAKKOTTAI,TAMIL NADU,441
S2261,THANGAVEL. K,Independent,HARUR,TAMIL NADU,441
S22213,P. RAJASEKARAN,Independent,VILATHIKULAM,TAMIL NADU,441
S22212,V.PANDI,Independent,MUDHUKULATHUR,TAMIL NADU,440
S2264,NOTA,None of the Above,KILPENNATHUR,TAMIL NADU,440
S2274,KUMARAN R,Tamizhaga Vaazhvurimai Katchi,VILUPPURAM,TAMIL NADU,440
S2299,K. KALAIYARASAN,Party for the Rights of Other backward Classes,ERODE,TAMIL NADU,439
S22139,VIJAY .A,All India Puratchi Thalaivar Makkal Munnettra Kazhagam,SRIRANGAM,TAMIL NADU,438
S2297,SELVARAJ,Independent,KUMARAPALAYAM,TAMIL NADU,437
S2291,ANBAZHAGAN. P,Communist Party of India (Marxist-Leninist) (Liberation),VEERAPANDI,TAMIL NADU,437
S22164,VEDHA MUKUNDHAN,Aanaithinthiya Jananayaka Pathukappu Kazhagam,KILVELUR,TAMIL NADU,437
S22116,MURUGESH.R.,Independent,SULUR,TAMIL NADU,437
S2286,THULASIMANI. P,Independent,EDAPPADI,TAMIL NADU,435
S2272,VINOTH. S,Independent,TINDIVANAM,TAMIL NADU,435
S2270,MUNUSAMY A,Independent,GINGEE,TAMIL NADU,435
S2265,BALAJI. P,Independent,KALASAPAKKAM,TAMIL NADU,433
S2275,SANMUGAM B,Independent,VIKRAVANDI,TAMIL NADU,432
S2270,SAKTHIVEL A,Thakkam Katchi,GINGEE,TAMIL NADU,432
S22105,GOBAL.S.C.R,Aanaithinthiya Jananayaka Pathukappu Kazhagam,ANTHIYUR,TAMIL NADU,432
S22223,JEYANTHI,Independent,ALANGULAM,TAMIL NADU,432
S22222,S. THANGAPALAM,Independent,TENKASI,TAMIL NADU,432
S2270,PRABAKARAN M,Independent,GINGEE,TAMIL NADU,431
S22154,MOHAMMED SAFI. A,Independent,PANRUTI,TAMIL NADU,431
S22201,MUTHU BAGAVATHI M.,Tamizhaga Vaazhvurimai Katchi,CUMBUM,TAMIL NADU,431
S2258,THIRUMURUGAN. P.,Naadaalum Makkal Katchi,PENNAGARAM,TAMIL NADU,429
S22212,NOTA,None of the Above,MUDHUKULATHUR,TAMIL NADU,429
S2293,E MANIKANDAN,Independent,SENTHAMANGALAM,TAMIL NADU,429
S2230,N.RAMKUMAR,Independent,PALLAVARAM,TAMIL NADU,429
S2286,SURESH. L,All India Puratchi Thalaivar Makkal Munnettra Kazhagam,EDAPPADI,TAMIL NADU,429
S22121,SIVAJI PERUMAL,Bahujan Samaj Party,SINGANALLUR,TAMIL NADU,428
S22224,MURUGAN.S.,Independent,TIRUNELVELI,TAMIL NADU,428
S2292,NEPPOLIYAN K,Independent,RASIPURAM,TAMIL NADU,428
S22187,VEERAPANDI.V,Independent,MANAMADURAI,TAMIL NADU,428
S22196,VENGATESWARAN.B,Independent,THIRUMANGALAM,TAMIL NADU,427
S22162,SHANGAMITHTHIRAN. A,Independent,POOMPUHAR,TAMIL NADU,426
S2266,SUBHA. A,Independent,POLUR,TAMIL NADU,425
S22208,NOTA,None of the Above,TIRUCHULI,TAMIL NADU,425
S22222,DURAIRAJ,Independent,TENKASI,TAMIL NADU,424
S2267,BASKARAN. S,Independent,ARANI,TAMIL NADU,424
S22117,THOZHAR.N.ARUNKUMAR,Tamizhaga Vaazhvurimai Katchi,KAVUNDAMPALAYAM,TAMIL NADU,424
S22207,SUNDARAMOORTHI. S,Independent,ARUPPUKKOTTAI,TAMIL NADU,424
S22179,THIRUVENDRAN. V,Independent,VIRALIMALAI,TAMIL NADU,424
S2256,JAYARAM. N,Anna Makkal Katchi,THALLI,TAMIL NADU,424
S22188,M.PANNEERSELVAM,Puthiya Tamilagam,MELUR,TAMIL NADU,423
S2265,NOTA,None of the Above,KALASAPAKKAM,TAMIL NADU,423
S2272,VENKATACHALAPATHY. A,Bahujan Samaj Party,TINDIVANAM,TAMIL NADU,422
S22201,RAJAMOHAMMED T,Independent,CUMBUM,TAMIL NADU,422
S22148,VINOTHKUMAR. M,Independent,KUNNAM,TAMIL NADU,421
S22147,SHIYAMALA. M,Independent,PERAMBALUR,TAMIL NADU,421
S22198,ESAKKIAMMAL.M,Bahujan Samaj Party,ANDIPATTI,TAMIL NADU,420
S2270,RASANAYAGAM N,Tamizhaga Vaazhvurimai Katchi,GINGEE,TAMIL NADU,420
S22109,RAJ.S.K,Veerath Thiyagi Viswanathadoss Thozhilalarkal Katchi,GUDALUR,TAMIL NADU,419
S22108,SAVEETHA.R,Tamizhaga Vaazhvurimai Katchi,UDHAGAMANDALAM,TAMIL NADU,418
S2280,VASANTHAKUMAR S,Independent,KALLAKURICHI,TAMIL NADU,417
S22177,PASUMAIBHOOMI NATARAJAN,Independent,PERAVURANI,TAMIL NADU,417
S22200,DR.PANDIKUMAR.S,Communist Party of India (Marxist-Leninist) (Liberation),BODINAYAKANUR,TAMIL NADU,417
S22150,NOTA,None of the Above,JAYANKONDAM,TAMIL NADU,416
S22177,NEIVELI SASIKUMAR,Tamizhaga Vaazhvurimai Katchi,PERAVURANI,TAMIL NADU,415
S22130,VIJAYAPANDIYAN.M,Independent,NILAKKOTTAI,TAMIL NADU,415
S2227,G SURESH KUMAR,Independent,SHOZHINGANALLUR,TAMIL NADU,414
S22202,MANMATHAN. M,Independent,RAJAPALAYAM,TAMIL NADU,414
S22221,GANESAN. M,Independent,KADAYANALLUR,TAMIL NADU,413
S22154,SRIKANTHU. S,Bahujan Samaj Party,PANRUTI,TAMIL NADU,412
S2282,SELLAMMAL. V.M.,Bahujan Samaj Party,ATTUR,TAMIL NADU,412
S2270,POYYATHAPPAN K,Independent,GINGEE,TAMIL NADU,411
S22164,JAIVISHNUDEVI. M,Independent,KILVELUR,TAMIL NADU,410
S22234,PRABHU. S,Thamizhaka Padaippalar Makkal Katchi,KILLIYOOR,TAMIL NADU,410
S22148,NALLUSAMY. K.M,Bahujan Samaj Party,KUNNAM,TAMIL NADU,409
S2279,VIJAY J,Independent,SANKARAPURAM,TAMIL NADU,409
S2234,MURUGAVEL. A,All India Puratchi Thalaivar Makkal Munnettra Kazhagam,CHEYYUR,TAMIL NADU,408
S22183,DHETCHNA MOORTHY. DOCTOR. S,Independent,ARANTHANGI,TAMIL NADU,408
S2250,VENKATESAN. K,Independent,TIRUPPATTUR,TAMIL NADU,408
S22115,V.MOHANRAJ,Independent,PALLADAM,TAMIL NADU,407
S2290,BAS MADHESWARAN,Tamizhaga Vaazhvurimai Katchi,SALEM,TAMIL NADU,407
S2240,J. RAMESH,Bahujan Samaj Party,KATPADI,TAMIL NADU,407
S22178,DHANARASU,Namadhu Makkal Katchi,GANDHARVAKOTTAI,TAMIL NADU,405
S2265,SARAVANAN. K,Independent,KALASAPAKKAM,TAMIL NADU,405
S22139,MURALI .N,Tamizhaga Vaazhvurimai Katchi,SRIRANGAM,TAMIL NADU,405
S22167,NOTA,None of the Above,MANNARGUDI,TAMIL NADU,405
S22178,T. MURUGESAN,Independent,GANDHARVAKOTTAI,TAMIL NADU,404
S22204,KAMALA VEL SELVAN. P,Bahujan Samaj Party,SATTUR,TAMIL NADU,404
S2288,PRABU .K,Vishwa Tamil Kazhagam,SALEM,TAMIL NADU,404
S22139,RAMESH.R,Independent,SRIRANGAM,TAMIL NADU,404
S2285,PERIYAPONNU. O,Tamizhaga Vaazhvurimai Katchi,METTUR,TAMIL NADU,403
S22143,R. DINESHKUMAR,Independent,LALGUDI,TAMIL NADU,403
S22233,JOHN CHRISTOPHER T,Rashtriya Janata Dal,VILAVANCODE,TAMIL NADU,402
S2268,KUTTIMANI. S,Veerath Thiyagi Viswanathadoss Thozhilalarkal Katchi,CHEYYAR,TAMIL NADU,401
S22151,MURUGAN A,Independent,TITTAKUDI,TAMIL NADU,401
S2275,NOTA,None of the Above,VIKRAVANDI,TAMIL NADU,401
S2246,BHARATH  MATHIRUBAN,Independent,GUDIYATTAM,TAMIL NADU,400
S2258,TAMILARASAN. M.,Independent,PENNAGARAM,TAMIL NADU,400
S2262,A.BHARATHI,Independent,CHENGAM,TAMIL NADU,400
S22151,RAVICHANDRAN K.P,Bahujan Samaj Party,TITTAKUDI,TAMIL NADU,399
S2286,STUDENTS FRIEND MURUGAN. M,Independent,EDAPPADI,TAMIL NADU,399
S22143,K. IMMACULATE MARY,Samaniya Makkal Nala Katchi,LALGUDI,TAMIL NADU,399
S22130,ANBALAGAN.G,All India Puratchi Thalaivar Makkal Munnettra Kazhagam,NILAKKOTTAI,TAMIL NADU,399
S22219,K. RAVIKUMAR,Independent,SANKARANKOVIL,TAMIL NADU,398
S22134,RAVI. AG,Tamizhaga Vaazhvurimai Katchi,ARAVAKURICHI,TAMIL NADU,398
S22218,POUNDURAI.K,Independent,KOVILPATTI,TAMIL NADU,398
S2287,SETTUMUTHU. V,Bahujan Samaj Party,SANKARI,TAMIL NADU,398
S2242,K.MANIKANDAN,Independent,ARCOT,TAMIL NADU,397
S22126,M SHANUGAVEL,Independent,MADATHUKULAM,TAMIL NADU,397
S2291,SAKTHIVEL. M,Naadaalum Makkal Katchi,VEERAPANDI,TAMIL NADU,397
S2288,GUNASEKARAN .R,Bahujan Samaj Party,SALEM,TAMIL NADU,395
S2287,MANIKANDAN. D,Independent,SANKARI,TAMIL NADU,395
S2288,BHARATH.S,Independent,SALEM,TAMIL NADU,395
S2268,MOHAN. R,Independent,CHEYYAR,TAMIL NADU,394
S2262,K.VELU,Independent,CHENGAM,TAMIL NADU,394
S2288,CHANDRASEKARAN.G,Independent,SALEM,TAMIL NADU,393
S22208,MARIMUTHU.M,Independent,TIRUCHULI,TAMIL NADU,392
S22146,M. RAVICHANDRAN,Independent,THURAIYUR,TAMIL NADU,391
S2281,RAMESH. S,Independent,GANGAVALLI,TAMIL NADU,390
S22141,P. CHARLES SAGAYARAJ,Independent,TIRUCHIRAPPALLI,TAMIL NADU,390
S22105,EASWARAMURTHI.K,Tamizhaga Vaazhvurimai Katchi,ANTHIYUR,TAMIL NADU,390
S2236,DEVENTHIRAMOORTHY.S,Independent,UTHIRAMERUR,TAMIL NADU,390
S2274,MURUGAN S,Bahujan Samaj Party,VILUPPURAM,TAMIL NADU,390
S2285,DR.PADMARAJAN. K,Independent,METTUR,TAMIL NADU,390
S22143,NOTA,None of the Above,LALGUDI,TAMIL NADU,390
S22199,ABITHA M.,Independent,PERIYAKULAM,TAMIL NADU,390
S22154,PRAKASH. R,Thamizhaka Padaippalar Makkal Katchi,PANRUTI,TAMIL NADU,388
S2267,DHAMOTHARAN. M,Independent,ARANI,TAMIL NADU,387
S22111,SIVARAJR.,Anna Puratchi Thalaivar Amma Dravida Munnetra Kazhagam,METTUPPALAYAM,TAMIL NADU,387
S22217,VEDAPRAKASH. A,Independent,OTTAPIDARAM,TAMIL NADU,387
S22167,KAMARAJ.S,Bahujan Samaj Party,MANNARGUDI,TAMIL NADU,387
S2250,SEKAR. N,All India Youth Development Party,TIRUPPATTUR,TAMIL NADU,387
S22144,BALAKRISHNAN (A) AMOOR BALU,Bahujan Samaj Party,MANACHANALLUR,TAMIL NADU,384
S2248,WAZEER AHMED. J,Bahujan Samaj Party,AMBUR,TAMIL NADU,384
S22171,SRINIVASAN V,Independent,KUMBAKONAM,TAMIL NADU,384
S22185,SHANMUGAM. M,Independent,TIRUPPATTUR,TAMIL NADU,383
S2246,K.ASHA,Puthiya Tamilagam,GUDIYATTAM,TAMIL NADU,383
S22118,P. KRISHNASAMY,Bahujan Samaj Party,COIMBATORE,TAMIL NADU,383
S2279,NOTA,None of the Above,SANKARAPURAM,TAMIL NADU,383
S22104,ARUMUGAM. P.V,Independent,BHAVANI,TAMIL NADU,382
S22165,LINGESWARAN. M,All India Puratchi Thalaivar Makkal Munnettra Kazhagam,VEDARANYAM,TAMIL NADU,382
S2259,SIVAGAMI. G.,Tamilar Makkal Katchi,DHARMAPURI,TAMIL NADU,382
S22176,ANNADURAI C N,Independent,PATTUKKOTTAI,TAMIL NADU,382
S2270,RANGARAJAN E,Bahujan Samaj Party,GINGEE,TAMIL NADU,381
S22137,D.SARAVANAN,Independent,KULITHALAI,TAMIL NADU,381
S2232,S.SELVAM (A) CHELLA,Tamizhaga Vaazhvurimai Katchi,CHENGALPATTU,TAMIL NADU,381
S22105,KAVIBHARATHI.K,Bahujan Samaj Party,ANTHIYUR,TAMIL NADU,380
S22113,L.JAMES REYNOLD,Bahujan Samaj Party,TIRUPPUR,TAMIL NADU,380
S22221,SEENIVASAN. S,Independent,KADAYANALLUR,TAMIL NADU,380
S2256,KUMAR. D.J,Independent,THALLI,TAMIL NADU,380
S22185,DR.VINAYAGA MEYYARASU. T,Independent,TIRUPPATTUR,TAMIL NADU,380
S22209,KATHIRAVAN. R,Independent,PARAMAKUDI,TAMIL NADU,379
S22218,PREMKUMAR.K,Independent,KOVILPATTI,TAMIL NADU,378
S2284,MOHANRAJ. P.M,Independent,OMALUR,TAMIL NADU,378
S2239,M.GIRIDHARAN,Bahujan Samaj Party,SHOLINGUR,TAMIL NADU,378
S2230,M.L.RAVI,Desiya Makkal Sakthi Katchi,PALLAVARAM,TAMIL NADU,377
S22227,KRISH.MARIAPPAN,Thamizhaka Padaippalar Makkal Katchi,NANGUNERI,TAMIL NADU,377
S22136,PARAMESWARAN. M,Independent,KRISHNARAYAPURAM,TAMIL NADU,376
S22155,S. RAMASAMY,All India Puratchi Thalaivar Makkal Munnettra Kazhagam,CUDDALORE,TAMIL NADU,375
S2234,GANGADURAI. K,Tamizhaga Vaazhvurimai Katchi,CHEYYUR,TAMIL NADU,375
S22179,NOTA,None of the Above,VIRALIMALAI,TAMIL NADU,375
S22152,SIVAPRAKASAM.V,Bahujan Samaj Party,VRIDDHACHALAM,TAMIL NADU,374
S2235,NEELAM E.RAMKUMAR,Bahujan Samaj Party,MADURANTAKAM,TAMIL NADU,374
S2232,S. SARAVANAN,Bahujan Samaj Party,CHENGALPATTU,TAMIL NADU,374
S2276,GOVINDHAKANNAN M,Bahujan Samaj Party,TIRUKKOYILUR,TAMIL NADU,374
S22232,DURAI RAJ. S,Independent,PADMANABHAPURAM,TAMIL NADU,373
S22180,S. NIYAZ AHAMED,Tamizhaga Vaazhvurimai Katchi,PUDUKKOTTAI,TAMIL NADU,372
S2259,SIVAN. A.,Independent,DHARMAPURI,TAMIL NADU,372
S222,MALATHI.S,Tamizhaga Murpokku Makkal Katchi,PONNERI,TAMIL NADU,371
S22139,ALLIMUTHU.M,Bahujan Samaj Party,SRIRANGAM,TAMIL NADU,371
S2249,KALASTHIRI S,All India Uzhavargal Uzhaippalargal Katchi,JOLARPET,TAMIL NADU,370
S2241,N.VISWANATHAN,Tamizhaga Vaazhvurimai Katchi,RANIPET,TAMIL NADU,370
S22192,S.IRUTHYARAJ,Tamizhaga Vaazhvurimai Katchi,MADURAI SOUTH,TAMIL NADU,370
S22186,KARTHIK M,Independent,SIVAGANGA,TAMIL NADU,369
S2242,A.VIJAY,Independent,ARCOT,TAMIL NADU,369
S2288,VELMANIKANDAN. S,Independent,SALEM,TAMIL NADU,369
S22195,SETHURAMAN. A.,Puthiya Tamilagam,THIRUPARANKUNDRAM,TAMIL NADU,368
S2258,ELAVARSAN. A.,Independent,PENNAGARAM,TAMIL NADU,367
S22218,PANDIMUNEESWARI.K,Independent,KOVILPATTI,TAMIL NADU,367
S22227,THULASI SUDALAI,Puthiya Makkal Tamil Desam Katchi,NANGUNERI,TAMIL NADU,366
S222,ASHOK PRIYADARSHAN,Desiya Makkal Sakthi Katchi,PONNERI,TAMIL NADU,366
S2253,MUTHULAKSHMI VEERAPPAN,Tamizhaga Vaazhvurimai Katchi,KRISHNAGIRI,TAMIL NADU,366
S22166,JAYASANGAR.A,Independent,THIRUTHURAIPOONDI,TAMIL NADU,365
S22160,MALATHI.A,All India Puratchi Thalaivar Makkal Munnettra Kazhagam,SIRKAZHI,TAMIL NADU,365
S2271,RANJITH KUMAR  M,Bahujan Samaj Party,MAILAM,TAMIL NADU,365
S22203,ALAGURAJA T,Independent,SRIVILLIPUTHUR,TAMIL NADU,365
S2258,MANOHARAN. K. A.,Independent,PENNAGARAM,TAMIL NADU,364
S2237,G. BABU,Independent,KANCHEEPURAM,TAMIL NADU,364
S22115,A. RAMESH,Independent,PALLADAM,TAMIL NADU,364
S22165,VEERAKUMAR. V,Independent,VEDARANYAM,TAMIL NADU,363
S22157,KUMARAVELU . M,Bahujan Samaj Party,BHUVANAGIRI,TAMIL NADU,363
S2249,SENTHAMILSELVAN M,Naadaalum Makkal Katchi,JOLARPET,TAMIL NADU,363
S2284,SURESHKUMAR. S,Aanaithinthiya Jananayaka Pathukappu Kazhagam,OMALUR,TAMIL NADU,363
S22220,I. SARAVANAN,Independent,VASUDEVANALLUR,TAMIL NADU,363
S22151,SATHYA M,Aanaithinthiya Jananayaka Pathukappu Kazhagam,TITTAKUDI,TAMIL NADU,362
S22184,PANDI. S,Independent,KARAIKUDI,TAMIL NADU,361
S22161,ARAVAAZHI. K,All India Jananayaka Makkal Kazhagam,MAYILADUTHURAI,TAMIL NADU,361
S2250,RAJIV GANDHI. S,Bahujan Samaj Party,TIRUPPATTUR,TAMIL NADU,361
S22147,DHAMODHARAN. S,Tamizhaga Vaazhvurimai Katchi,PERAMBALUR,TAMIL NADU,360
S22227,T. SANKAR,Independent,NANGUNERI,TAMIL NADU,360
S22181,SUBBIAH.A,Puthiya Tamilagam,THIRUMAYAM,TAMIL NADU,359
S22211,DR.J. ABUBAKKAR SITHICK,Anna Puratchi Thalaivar Amma Dravida Munnetra Kazhagam,RAMANATHAPURAM,TAMIL NADU,359
S2267,MAHALAKSHMI. G,Independent,ARANI,TAMIL NADU,359
S2288,SRISABARINATHAN,Independent,SALEM,TAMIL NADU,359
S22134,SUGANYA. S,Bahujan Samaj Party,ARAVAKURICHI,TAMIL NADU,359
S2257,RAMAN. M.,Independent,PALACODU,TAMIL NADU,358
S2267,GANAPATHY. S,Thamizhaka Padaippalar Makkal Katchi,ARANI,TAMIL NADU,358
S2249,THANGARAJ P,Independent,JOLARPET,TAMIL NADU,358
S2235,RANJITHAM.M,Independent,MADURANTAKAM,TAMIL NADU,357
S22101,ROHINI.S,Independent,DHARAPURAM,TAMIL NADU,357
S22230,MOHIDEEN FAIGEE ALIAS SOORANKUDY FAIGEE,Independent,NAGERCOIL,TAMIL NADU,357
S22217,M. ANANTH,Independent,OTTAPIDARAM,TAMIL NADU,357
S2271,RANJITHA V,Independent,MAILAM,TAMIL NADU,357
S22173,RAJASEKARAN. S,Independent,THIRUVAIYARU,TAMIL NADU,357
S22218,SARAVANAN.S,Thamizh Perarasu Katchi,KOVILPATTI,TAMIL NADU,356
S2263,ELUMALAI. A S/O ARUMUGAM,Independent,TIRUVANNAMALAI,TAMIL NADU,356
S2258,VILKRISHNAN. R.,Independent,PENNAGARAM,TAMIL NADU,356
S2241,V. DHARMENDIRAN,Independent,RANIPET,TAMIL NADU,356
S22211,K. MALESWARAN,Independent,RAMANATHAPURAM,TAMIL NADU,356
S22221,SHAHIN FATHIMA. A,Tamizhaga Vaazhvurimai Katchi,KADAYANALLUR,TAMIL NADU,356
S22117,S.THAMARAI KANNAN,Party for the Rights of Other backward Classes,KAVUNDAMPALAYAM,TAMIL NADU,356
S22146,K.SELVAM,Independent,THURAIYUR,TAMIL NADU,356
S22111,R.SANGEETHA,Naadaalum Makkal Katchi,METTUPPALAYAM,TAMIL NADU,356
S22133,MARIMUTHU. S,Independent,VEDASANDUR,TAMIL NADU,355
S2250,THIRUPATHI. C,Independent,TIRUPPATTUR,TAMIL NADU,355
S225,RAVIKUMAR.M,Independent,POONAMALLEE,TAMIL NADU,355
S22172,K. MASILAMANI,Communist Party of India (Marxist-Leninist) (Liberation),PAPANASAM,TAMIL NADU,355
S22175,M. KANAGARAJ,Independent,ORATHANADU,TAMIL NADU,354
S2296,SHARAVANAN A K,Tamizhaga Vaazhvurimai Katchi,TIRUCHENGODU,TAMIL NADU,354
S224,N. VENKATESAN,Aanaithinthiya Jananayaka Pathukappu Kazhagam,THIRUVALLUR,TAMIL NADU,354
S22210,NOTA,None of the Above,TIRUVADANAI,TAMIL NADU,354
S22104,PALANISAMY. P.K,Tamizhaga Vaazhvurimai Katchi,BHAVANI,TAMIL NADU,354
S22195,RAJ. P.,Independent,THIRUPARANKUNDRAM,TAMIL NADU,353
S2259,KUMAR. V.,Independent,DHARMAPURI,TAMIL NADU,353
S22129,P. MANIVEL,Independent,ATHOOR,TAMIL NADU,353
S22173,V. VENU,Puthiya Tamilagam,THIRUVAIYARU,TAMIL NADU,352
S22175,C. GUNASEKARAN,Thamizh Desiya Munnetra Kazhagam,ORATHANADU,TAMIL NADU,352
S2244,R.SARAVANAN,Namadhu Makkal Katchi,ANAIKATTU,TAMIL NADU,351
S22113,T.KRISHNASWAMY,Anna Puratchi Thalaivar Amma Dravida Munnetra Kazhagam,TIRUPPUR,TAMIL NADU,351
S2246,K.THABITHAL,All India Puratchi Thalaivar Makkal Munnettra Kazhagam,GUDIYATTAM,TAMIL NADU,351
S2279,PACHAIYAPPAN K,Independent,SANKARAPURAM,TAMIL NADU,351
S22180,S. SELVARAJ,Independent,PUDUKKOTTAI,TAMIL NADU,351
S22202,MUTHULAKSHMI. R,Independent,RAJAPALAYAM,TAMIL NADU,351
S22118,A.K. SENTHAMIZH SELVAN,Independent,COIMBATORE,TAMIL NADU,351
S2215,S JAYAKALPANA,Republican Party of India (Athawale),THIRU-VI-KA-NAGAR,TAMIL NADU,350
S22211,A. CHINNA RAJA,Independent,RAMANATHAPURAM,TAMIL NADU,350
S22185,MARIMUTHU. S,Independent,TIRUPPATTUR,TAMIL NADU,350
S2291,PRABHU. V,Independent,VEERAPANDI,TAMIL NADU,349
S2266,SARAVANAN. P,Independent,POLUR,TAMIL NADU,349
S2230,T.AMIRTHA KANTHAN,Naam Indiar Party,PALLAVARAM,TAMIL NADU,349
S22106,DHANAPAL.K,Independent,GOBICHETTIPALAYAM,TAMIL NADU,349
S22231,SELVARAJ. M,Independent,COLACHAL,TAMIL NADU,349
S2239,M.DINESH,Independent,SHOLINGUR,TAMIL NADU,349
S22130,MANOHARAN.M,Independent,NILAKKOTTAI,TAMIL NADU,349
S2292,RAMADASS D,Samaniya Makkal Nala Katchi,RASIPURAM,TAMIL NADU,348
S22143,PRATHEEBA,Bahujan Samaj Party,LALGUDI,TAMIL NADU,348
S22211,KAN ILANGO,Independent,RAMANATHAPURAM,TAMIL NADU,347
S22153,MANIMARAN.P,Independent,NEYVELI,TAMIL NADU,347
S2258,VEERAPPAN. M.,Independent,PENNAGARAM,TAMIL NADU,347
S22134,TAMILARASAN. M,Independent,ARAVAKURICHI,TAMIL NADU,346
S22232,RAKESH KUMAR. M,Thamizhaka Padaippalar Makkal Katchi,PADMANABHAPURAM,TAMIL NADU,346
S22226,SRINIVASH,Independent,PALAYAMKOTTAI,TAMIL NADU,346
S22224,MUGESH SUBRAMANIAN,Independent,TIRUNELVELI,TAMIL NADU,346
S22115,A.ANNADURAI,Independent,PALLADAM,TAMIL NADU,346
S22224,CHENDUR MAHARAJAN,Puthiya Makkal Tamil Desam Katchi,TIRUNELVELI,TAMIL NADU,346
S2234,RAJA. K,Independent,CHEYYUR,TAMIL NADU,345
S22162,PRABAKARAN. V,Bahujan Samaj Party,POOMPUHAR,TAMIL NADU,345
S2252,E.C. GOVINDARAJE,Independent,BARGUR,TAMIL NADU,345
S2239,V.MUNIRATHINAM,Independent,SHOLINGUR,TAMIL NADU,345
S2254,MANOHARAN.K.A,Independent,VEPPANAHALLI,TAMIL NADU,345
S22103,GEORGE STEPHEN. A,Independent,PERUNDURAI,TAMIL NADU,345
S2250,VIJAYAKUMAR. G,Aanaithinthiya Jananayaka Pathukappu Kazhagam,TIRUPPATTUR,TAMIL NADU,345
S22167,BHARATHI.B,Puthiya Tamilagam,MANNARGUDI,TAMIL NADU,343
S22199,DR. MOHANRAJ A.C. (P.T),Independent,PERIYAKULAM,TAMIL NADU,343
S22206,SUBBURAJ K,Independent,VIRUDHUNAGAR,TAMIL NADU,343
S22197,PRAVEENA. S,Independent,USILAMPATTI,TAMIL NADU,343
S22214,SAMUEL J.,Independent,THOOTHUKKUDI,TAMIL NADU,342
S2275,RAMACHANDRAN P,Anti Corruption Dynamic Party,VIKRAVANDI,TAMIL NADU,342
S2236,SIVAKUMAR.A,Desiya Makkal Sakthi Katchi,UTHIRAMERUR,TAMIL NADU,342
S22168,MUTHARASAN S,Independent,THIRUVARUR,TAMIL NADU,342
S22159,S. MURALI,Aanaithinthiya Jananayaka Pathukappu Kazhagam,KATTUMANNARKOIL,TAMIL NADU,342
S22203,MURUGESAN.S,Independent,SRIVILLIPUTHUR,TAMIL NADU,341
S22144,RADHAKRISHNAN. S,Independent,MANACHANALLUR,TAMIL NADU,341
S22143,R. PONSILAMBU,Independent,LALGUDI,TAMIL NADU,340
S2287,MAYILKUMAR. M,Independent,SANKARI,TAMIL NADU,340
S22203,PANDIYAMMAL.M,Independent,SRIVILLIPUTHUR,TAMIL NADU,340
S22204,RAMESH KUMAR. B,Independent,SATTUR,TAMIL NADU,340
S22110,D. VIDHYASAGAR,Independent,COONOOR,TAMIL NADU,340
S22117,A.BALAMURUGAN,Independent,KAVUNDAMPALAYAM,TAMIL NADU,340
S22147,CHANDRAKUMAR. P,Independent,PERAMBALUR,TAMIL NADU,339
S22157,BALAMURUGAN . G. C,Independent,BHUVANAGIRI,TAMIL NADU,339
S22212,G. SELVARAJ,Puthiya Makkal Tamil Desam Katchi,MUDHUKULATHUR,TAMIL NADU,339
S2250,THIRUPATHI. S,Independent,TIRUPPATTUR,TAMIL NADU,339
S22158,DHANASEKARAN. M,All India Puratchi Thalaivar Makkal Munnettra Kazhagam,CHIDAMBARAM,TAMIL NADU,339
S22151,JAYA K,Tamizhaga Vaazhvurimai Katchi,TITTAKUDI,TAMIL NADU,338
S2295,MANOJKUMAR M,Independent,PARAMATHI-VELUR,TAMIL NADU,338
S2289,MOHANRAJ. S,Tamizhaga Vaazhvurimai Katchi,SALEM,TAMIL NADU,338
S22117,M.RAJALINGAM,Independent,KAVUNDAMPALAYAM,TAMIL NADU,338
S2211,B.NAVIN,Tamizhaga Vaazhvurimai Katchi,DR.RADHAKRISHNAN NAGAR,TAMIL NADU,338
S22197,THIAGARAJAN. O. V,Independent,USILAMPATTI,TAMIL NADU,337
S22224,VEERABAGHU. M.,Independent,TIRUNELVELI,TAMIL NADU,337
S22230,SIVAKUMAR A,Independent,NAGERCOIL,TAMIL NADU,337
S221,K. CHANDRA SEKAR,Veerath Thiyagi Viswanathadoss Thozhilalarkal Katchi,GUMMIDIPOONDI,TAMIL NADU,336
S2253,MANGAMMAL,Tamilar Makkal Katchi,KRISHNAGIRI,TAMIL NADU,336
S22212,M.BOOMINATHAN (A) M.K.VAIYAVAN,Independent,MUDHUKULATHUR,TAMIL NADU,335
S2268,DURUGAN. M,Vanchit Bahujan Aaghadi,CHEYYAR,TAMIL NADU,334
S2295,SELVARASU S,Anna Puratchi Thalaivar Amma Dravida Munnetra Kazhagam,PARAMATHI-VELUR,TAMIL NADU,334
S22220,R. RAMESHKUMAR,Bahujan Samaj Party,VASUDEVANALLUR,TAMIL NADU,333
S22138,SARPHUDIN,Independent,MANAPPARAI,TAMIL NADU,333
S22107,S.PALANISWAMY,Independent,BHAVANISAGAR,TAMIL NADU,333
S22106,SUMATHI.G,Independent,GOBICHETTIPALAYAM,TAMIL NADU,332
S2299,C. RAJENDRAN,Independent,ERODE,TAMIL NADU,332
S2271,VINOTH R,Thakkam Katchi,MAILAM,TAMIL NADU,332
S22130,ALAPPAN.A,Independent,NILAKKOTTAI,TAMIL NADU,331
S22104,KANNAN. M,Independent,BHAVANI,TAMIL NADU,331
S22228,ESSAKKIAMMAL.E,Bahujan Samaj Party,RADHAPURAM,TAMIL NADU,331
S2269,JAISANKAR. M,Independent,VANDAVASI,TAMIL NADU,331
S22137,P.MURUGAN,Ganasangam Party of India,KULITHALAI,TAMIL NADU,330
S22210,B SIKKANDAR,Independent,TIRUVADANAI,TAMIL NADU,330
S22105,SANKARKUMAR.K.A,Independent,ANTHIYUR,TAMIL NADU,330
S22161,VEERASAMY. T,Independent,MAYILADUTHURAI,TAMIL NADU,329
S22123,C.M. ARUCHAMY,Bahujan Samaj Party,POLLACHI,TAMIL NADU,329
S22178,SASIKUMAR P,Independent,GANDHARVAKOTTAI,TAMIL NADU,329
S2279,NADARAJAN K,All India Puratchi Thalaivar Makkal Munnettra Kazhagam,SANKARAPURAM,TAMIL NADU,328
S22152,SRINIVASAN.R,Independent,VRIDDHACHALAM,TAMIL NADU,328
S22187,RAJU.J.M,Independent,MANAMADURAI,TAMIL NADU,328
S22107,RAKKI,All India Puratchi Thalaivar Makkal Munnettra Kazhagam,BHAVANISAGAR,TAMIL NADU,327
S22230,DINO T,Naadaalum Makkal Katchi,NAGERCOIL,TAMIL NADU,327
S2260,MURUGAN. S,Independent,PAPPIREDDIPATTI,TAMIL NADU,327
S22155,P.NAGASUNDARAM,Independent,CUDDALORE,TAMIL NADU,327
S22115,S.DHARMARAJ,Tamilaga Makkal Nala Katchi,PALLADAM,TAMIL NADU,327
S22118,K. UDHAYAKUMAR,Thamizhaka Padaippalar Makkal Katchi,COIMBATORE,TAMIL NADU,327
S22134,NATARAJAN. P,Independent,ARAVAKURICHI,TAMIL NADU,326
S2233,V M CHANDIRAN,Independent,THIRUPORUR,TAMIL NADU,326
S2297,K. PALANIVEL,Independent,KUMARAPALAYAM,TAMIL NADU,326
S22146,G. DHINESHKUMAR,Independent,THURAIYUR,TAMIL NADU,326
S2263,ARUL. K,Independent,TIRUVANNAMALAI,TAMIL NADU,325
S22157,BALAMURUGAN . M. R,Independent,BHUVANAGIRI,TAMIL NADU,324
S22209,RAJU. A,Independent,PARAMAKUDI,TAMIL NADU,324
S22159,M.A.T. ARCHUNAN,Independent,KATTUMANNARKOIL,TAMIL NADU,324
S22180,G. DURAISARAVANAN,Independent,PUDUKKOTTAI,TAMIL NADU,324
S22165,THIVASKAR. B,Independent,VEDARANYAM,TAMIL NADU,324
S2296,PALANISAMY K,Independent,TIRUCHENGODU,TAMIL NADU,324
S22156,R  SRINIVASAN,Tamil Telugu National Party,KURINJIPADI,TAMIL NADU,323
S2240,D. RAMU,Independent,KATPADI,TAMIL NADU,323
S22123,S. JEYARAM,Independent,POLLACHI,TAMIL NADU,323
S22140,JEEVANANTHAM.M,Independent,TIRUCHIRAPPALLI,TAMIL NADU,323
S2230,M.SIVAKUMAR,Independent,PALLAVARAM,TAMIL NADU,322
S2294,CHANDRA P,Independent,NAMAKKAL,TAMIL NADU,322
S22124,LAKSHMI. N,Independent,VALPARAI,TAMIL NADU,322
S22183,ABDUL JAFFAR. S,Independent,ARANTHANGI,TAMIL NADU,322
S2278,SEVVANTHA G K,Anna Makkal Katchi,RISHIVANDIYAM,TAMIL NADU,322
S22125,MAHENDRAN A.,Independent,UDUMALAIPETTAI,TAMIL NADU,322
S227,R. SIVA,Independent,MADURAVOYAL,TAMIL NADU,322
S2227,M.G.RAMU,Jebamani Janata,SHOZHINGANALLUR,TAMIL NADU,321
S22184,JEEVITHA. A,Independent,KARAIKUDI,TAMIL NADU,321
S221,D.SUDHAKAR,Independent,GUMMIDIPOONDI,TAMIL NADU,321
S2298,H.MOHAMED GAIPEER,Independent,ERODE,TAMIL NADU,321
S22215,MAHARAJAN. M,Puthiya Makkal Tamil Desam Katchi,TIRUCHENDUR,TAMIL NADU,321
S22170,KANNAIYAN. T,Communist Party of India (Marxist-Leninist) (Liberation),THIRUVIDAIMARUDUR,TAMIL NADU,321
S2294,THIYAGARAJAN R,Samaniya Makkal Nala Katchi,NAMAKKAL,TAMIL NADU,320
S2268,ARJUNAN. M,Independent,CHEYYAR,TAMIL NADU,320
S2234,AMBETHKAR. S,Independent,CHEYYUR,TAMIL NADU,319
S22201,KATHIRAVAN S,New Generation Peoples Party,CUMBUM,TAMIL NADU,319
S2240,INDU .W,Tamil Manila Murpokku Dravida Kazhagam,KATPADI,TAMIL NADU,319
S22186,RAJAMANICKAM M,Desiya Makkal Sakthi Katchi,SIVAGANGA,TAMIL NADU,319
S2244,K.MANOHARAN,Independent,ANAIKATTU,TAMIL NADU,319
S2270,DEVENDIRAN M,Independent,GINGEE,TAMIL NADU,319
S2266,MANIKANDAN. R,Aanaithinthiya Jananayaka Pathukappu Kazhagam,POLUR,TAMIL NADU,319
S2288,AMIRTHALINGAM.N,Independent,SALEM,TAMIL NADU,318
S22121,N.R.APPATHURAI,All India Puratchi Thalaivar Makkal Munnettra Kazhagam,SINGANALLUR,TAMIL NADU,318
S22119,RAFEEQ.A.M.,Independent,THONDAMUTHUR,TAMIL NADU,317
S22187,SATHISH.T,Independent,MANAMADURAI,TAMIL NADU,317
S2228,N.HARI KRISHNAN,All India Puratchi Thalaivar Makkal Munnettra Kazhagam,ALANDUR,TAMIL NADU,317
S22188,C.RAMESH,Independent,MELUR,TAMIL NADU,317
S2239,T.RAJENDRAN,Independent,SHOLINGUR,TAMIL NADU,316
S2210,VIJAY. A,Independent,THIRUVOTTIYUR,TAMIL NADU,316
S2249,SIVAKUMAR V C,Bahujan Samaj Party,JOLARPET,TAMIL NADU,316
S22184,AZIZ ABDUL RAHMAN. J,Samaniya Makkal Nala Katchi,KARAIKUDI,TAMIL NADU,315
S2260,PALANIAPPAN. R,Independent,PAPPIREDDIPATTI,TAMIL NADU,315
S22125,UMAR ALI D.,Independent,UDUMALAIPETTAI,TAMIL NADU,315
S22151,PERINBAM D,Independent,TITTAKUDI,TAMIL NADU,315
S22231,RAJASINGH. C,Bahujan Samaj Party,COLACHAL,TAMIL NADU,314
S22117,MALLIGA.M,All India Puratchi Thalaivar Makkal Munnettra Kazhagam,KAVUNDAMPALAYAM,TAMIL NADU,314
S22232,SYEDALI. A,Our Mahathma National Party,PADMANABHAPURAM,TAMIL NADU,314
S22193,SAKKARAVARTHY P,All India Puratchi Thalaivar Makkal Munnettra Kazhagam,MADURAI CENTRAL,TAMIL NADU,313
S22112,MOORTHI.R,Independent,AVANASHI,TAMIL NADU,313
S22161,SARAVANAN. K,Tamizhaga Vaazhvurimai Katchi,MAYILADUTHURAI,TAMIL NADU,312
S2276,TAMILSELVAM R,Tamizhaga Vaazhvurimai Katchi,TIRUKKOYILUR,TAMIL NADU,312
S22102,P.PARTHIBAN,Independent,KANGAYAM,TAMIL NADU,312
S22162,MUJIBUR RAHMAN. E.M.M,Independent,POOMPUHAR,TAMIL NADU,312
S22222,M. PONNUDURAI,Independent,TENKASI,TAMIL NADU,311
S2239,N.GOPALAKRISHNAN,Independent,SHOLINGUR,TAMIL NADU,310
S22140,R.PRABU,Tamizhaga Vaazhvurimai Katchi,TIRUCHIRAPPALLI,TAMIL NADU,310
S22118,R. SAMPATH KUMAR,Independent,COIMBATORE,TAMIL NADU,310
S2295,SEKAR C,Independent,PARAMATHI-VELUR,TAMIL NADU,309
S2233,V. DESAPPAN,Samata Party,THIRUPORUR,TAMIL NADU,308
S2250,RAGUJOSEPH. J,Independent,TIRUPPATTUR,TAMIL NADU,308
S22145,SENTHILKUMAR,Independent,MUSIRI,TAMIL NADU,308
S228,DR. S.PRAVEEN,Independent,AMBATTUR,TAMIL NADU,308
S22157,ARUNMOZHI . V,Independent,BHUVANAGIRI,TAMIL NADU,308
S2280,RAJIVGANDHI P,Independent,KALLAKURICHI,TAMIL NADU,308
S226,R. KUMAR,Independent,AVADI,TAMIL NADU,308
S22161,GANGADHARAN. R,Independent,MAYILADUTHURAI,TAMIL NADU,307
S22172,B. DHAMODHARAN,Tamizhaga Vaazhvurimai Katchi,PAPANASAM,TAMIL NADU,307
S2210,BALARUBAN,Independent,THIRUVOTTIYUR,TAMIL NADU,307
S22131,GOPAL R,Independent,NATHAM,TAMIL NADU,307
S22173,R. RAJKUMAR,Independent,THIRUVAIYARU,TAMIL NADU,306
S22136,GOMATHI. M,Bahujan Samaj Party,KRISHNARAYAPURAM,TAMIL NADU,306
S22136,SASIKUMAR. M,Independent,KRISHNARAYAPURAM,TAMIL NADU,306
S22117,M.JOHN BOSCO,Independent,KAVUNDAMPALAYAM,TAMIL NADU,306
S22183,MURUGARETHINAM. T,Independent,ARANTHANGI,TAMIL NADU,305
S22147,JAYACHANDRAN. B,Independent,PERAMBALUR,TAMIL NADU,305
S225,DR.JAYANTHI.R,Independent,POONAMALLEE,TAMIL NADU,304
S22231,ANTHONY MUTHU. S.M,Communist Party of India (Marxist-Leninist) (Liberation),COLACHAL,TAMIL NADU,304
S22202,THANGAPANDI. B,Independent,RAJAPALAYAM,TAMIL NADU,304
S22119,BALAMANI.V,Independent,THONDAMUTHUR,TAMIL NADU,304
S22100,A.DURAISAMY,Independent,MODAKKURICHI,TAMIL NADU,303
S2283,PAZHANIVEL. K,Independent,YERCAUD,TAMIL NADU,303
S22137,K.SHEIKANWARDEEN,Independent,KULITHALAI,TAMIL NADU,302
S2264,PICHANDI.V,Independent,KILPENNATHUR,TAMIL NADU,302
S2260,MOORTHI. P,Independent,PAPPIREDDIPATTI,TAMIL NADU,302
S2278,RANGANATHAN N,All India Puratchi Thalaivar Makkal Munnettra Kazhagam,RISHIVANDIYAM,TAMIL NADU,302
S22135,JAYAGOPAL. P,Bahujan Samaj Party,KARUR,TAMIL NADU,302
S22128,ALAGIYANNAN. A,Independent,ODDANCHATRAM,TAMIL NADU,301
S2288,ARUL.P,Independent,SALEM,TAMIL NADU,301
S22126,S SHANMUGAVEL,Independent,MADATHUKULAM,TAMIL NADU,301
S22229,REAGON ANTO.J,Tamizhaga Vaazhvurimai Katchi,KANNIYAKUMARI,TAMIL NADU,301
S227,MURALI. S,Naam Indiar Party,MADURAVOYAL,TAMIL NADU,300
S22197,MUTHU. N,Independent,USILAMPATTI,TAMIL NADU,300
S2232,M.ANANDAN,Independent,CHENGALPATTU,TAMIL NADU,299
S222,RAJA.S,Vanchit Bahujan Aaghadi,PONNERI,TAMIL NADU,299
S2271,NOTA,None of the Above,MAILAM,TAMIL NADU,299
S22202,SELVI. K,Independent,RAJAPALAYAM,TAMIL NADU,298
S22161,MANIMARAN,Veerath Thiyagi Viswanathadoss Thozhilalarkal Katchi,MAYILADUTHURAI,TAMIL NADU,298
S2230,R.MUTHUKUMAR,Independent,PALLAVARAM,TAMIL NADU,298
S22139,SHASHI KIRAN .K .N,Independent,SRIRANGAM,TAMIL NADU,298
S22139,S. DURAIRAJ,Independent,SRIRANGAM,TAMIL NADU,298
S2296,RAMESH S,Independent,TIRUCHENGODU,TAMIL NADU,298
S22139,KRISHNAKUMAR.A,Independent,SRIRANGAM,TAMIL NADU,298
S225,SIVAKUMAR.S,Independent,POONAMALLEE,TAMIL NADU,297
S22172,S. NATARAJAN,Independent,PAPANASAM,TAMIL NADU,297
S2296,CHINNATHAMBI K,Republican Party of India (Athawale),TIRUCHENGODU,TAMIL NADU,296
S22216,SUDALAIMANI. A,Nam Naadu Nam Makkal Nam Ethirkaalam Katchi,SRIVAIKUNTAM,TAMIL NADU,296
S2286,IYYAPPAN PERUMAL. P,Independent,EDAPPADI,TAMIL NADU,296
S22111,DHAMOTHARANV.,All India Puratchi Thalaivar Makkal Munnettra Kazhagam,METTUPPALAYAM,TAMIL NADU,296
S2294,RAMASAMY P,Bahujan Samaj Party,NAMAKKAL,TAMIL NADU,296
S22222,SHAHUL HAMEED,Independent,TENKASI,TAMIL NADU,295
S2264,RAJASEKAR.P,Tamizhaga Vaazhvurimai Katchi,KILPENNATHUR,TAMIL NADU,295
S2279,DURAI EZHILAN P,Independent,SANKARAPURAM,TAMIL NADU,295
S2283,THANGADURAI. N,Independent,YERCAUD,TAMIL NADU,294
S2230,S.RAHAMATHULLA,Tamizhaga Vaazhvurimai Katchi,PALLAVARAM,TAMIL NADU,294
S22133,MANIKANDAPRABHU. N C,Independent,VEDASANDUR,TAMIL NADU,294
S22177,T.ARULMURUGAN,Independent,PERAVURANI,TAMIL NADU,294
S22233,BAIJU T,Viro Ke Vir Indian Party,VILAVANCODE,TAMIL NADU,294
S22183,SUNDAR . A,Independent,ARANTHANGI,TAMIL NADU,293
S22227,SHANMUGAM,Independent,NANGUNERI,TAMIL NADU,293
S2258,SENDRAYAN. G.,Independent,PENNAGARAM,TAMIL NADU,293
S22173,S. VIJAYAKUMAR,Anna Puratchi Thalaivar Amma Dravida Munnetra Kazhagam,THIRUVAIYARU,TAMIL NADU,293
S22139,KAMARAJ.K,Samaniya Makkal Nala Katchi,SRIRANGAM,TAMIL NADU,292
S22106,SELVAKUMAR.R,Independent,GOBICHETTIPALAYAM,TAMIL NADU,292
S2267,KALAIMANI. V,Aanaithinthiya Jananayaka Pathukappu Kazhagam,ARANI,TAMIL NADU,292
S2255,MASOOD.S,Independent,HOSUR,TAMIL NADU,292
S22202,JEGATHISHWARI. N,Independent,RAJAPALAYAM,TAMIL NADU,292
S2218,SIVALINGAM ASHOK,Independent,HARBOUR,TAMIL NADU,291
S2251,K THAVARAJ,Tamizhaga Vaazhvurimai Katchi,UTHANGARAI,TAMIL NADU,291
S2278,ARUMUGAM G,Parivartan Rajniti Party,RISHIVANDIYAM,TAMIL NADU,291
S22142,POULOSH. D,Independent,THIRUVERUMBUR,TAMIL NADU,291
S2232,C.VIMALRAJ,Independent,CHENGALPATTU,TAMIL NADU,290
S22221,NAGARAJAN. L,Independent,KADAYANALLUR,TAMIL NADU,290
S22134,ASIYA BEGUM,All India Puratchi Thalaivar Makkal Munnettra Kazhagam,ARAVAKURICHI,TAMIL NADU,290
S22224,KANNAN. G.,Aanaithinthiya Jananayaka Pathukappu Kazhagam,TIRUNELVELI,TAMIL NADU,290
S2231,M.RAJA,Bahujan Samaj Party,TAMBARAM,TAMIL NADU,290
S22176,ZIAUDEEN A J,Independent,PATTUKKOTTAI,TAMIL NADU,289
S22139,MUTHUKUMAR.P,Independent,SRIRANGAM,TAMIL NADU,289
S22103,JAYAPRAKASH. K,Independent,PERUNDURAI,TAMIL NADU,289
S22181,DURAIRAJAN.M,Independent,THIRUMAYAM,TAMIL NADU,289
S22169,SIVARAMAN. T,Tamizhaga Vaazhvurimai Katchi,NANNILAM,TAMIL NADU,289
S22131,MURUGESAN C,Independent,NATHAM,TAMIL NADU,289
S222,RAJASEKAR.J,Independent,PONNERI,TAMIL NADU,289
S2287,VIGNESH. A,Independent,SANKARI,TAMIL NADU,289
S2221,S VINESH KUMAR,Independent,ANNA NAGAR,TAMIL NADU,289
S2275,TAMILSELVAN D,Independent,VIKRAVANDI,TAMIL NADU,288
S2287,SENTHILKUMAR. R.S.,Tamizhaga Vaazhvurimai Katchi,SANKARI,TAMIL NADU,287
S22181,RAMNATH.T,Independent,THIRUMAYAM,TAMIL NADU,287
S2237,M. MEGANATHAN,Independent,KANCHEEPURAM,TAMIL NADU,286
S2270,PERUMAL N,Aanaithinthiya Jananayaka Pathukappu Kazhagam,GINGEE,TAMIL NADU,285
S22115,ANNADURAI.R,Independent,PALLADAM,TAMIL NADU,285
S22167,ARULPRAKASH. P,Independent,MANNARGUDI,TAMIL NADU,285
S2253,SIVAN.C,Independent,KRISHNAGIRI,TAMIL NADU,285
S2273,SAKTHIVEL S,Tamizhaga Vaazhvurimai Katchi,VANUR,TAMIL NADU,285
S22228,SELVAN.T,Independent,RADHAPURAM,TAMIL NADU,285
S22100,K.DHANABAL,Independent,MODAKKURICHI,TAMIL NADU,284
S2263,KOTHANDAPANI. B,Independent,TIRUVANNAMALAI,TAMIL NADU,284
S22134,BOOPATHY. S,Independent,ARAVAKURICHI,TAMIL NADU,284
S2239,N.MANI,Independent,SHOLINGUR,TAMIL NADU,284
S22134,SOWMIYA. R,Independent,ARAVAKURICHI,TAMIL NADU,284
S2257,MADHAPPAN. P.,Independent,PALACODU,TAMIL NADU,283
S22196,KALAISELVI.R,Ahila India Dhayaga Makkal Munnetra Katchi,THIRUMANGALAM,TAMIL NADU,283
S2230,G.RAMESHBABU,Indhu Dravida Makkal Katchi,PALLAVARAM,TAMIL NADU,283
S22116,KANTHASAMY.K.,Anna Puratchi Thalaivar Amma Dravida Munnetra Kazhagam,SULUR,TAMIL NADU,283
S22127,PRAVEENKUMAR. R,Independent,PALANI,TAMIL NADU,283
S22186,PAULSAMY,Independent,SIVAGANGA,TAMIL NADU,282
S2274,MOHAMED ALI JINNA M,Independent,VILUPPURAM,TAMIL NADU,282
S22186,PRABAKARAN S.T,Independent,SIVAGANGA,TAMIL NADU,282
S2277,KRISHNAMOORTHY V,Independent,ULUNDURPETTAI,TAMIL NADU,282
S22102,R. IMMANUVEL,Independent,KANGAYAM,TAMIL NADU,282
S22145,MALARMANNAN.M,Samaniya Makkal Nala Katchi,MUSIRI,TAMIL NADU,281
S22208,KANNAN.G,Ezhuchi Tamilargal Munnetra Kazhagam,TIRUCHULI,TAMIL NADU,281
S2263,RAJ. S,Bahujan Samaj Party,TIRUVANNAMALAI,TAMIL NADU,281
S2294,AADITHIYAN A,Anna Puratchi Thalaivar Amma Dravida Munnetra Kazhagam,NAMAKKAL,TAMIL NADU,279
S22200,BALASUBRAMANI.R,Independent,BODINAYAKANUR,TAMIL NADU,279
S22181,SUBRAMANIAN.P,Independent,THIRUMAYAM,TAMIL NADU,279
S22121,THAHIR HUSSAIN,Independent,SINGANALLUR,TAMIL NADU,278
S22166,SIVAPRAKASAM.V,Independent,THIRUTHURAIPOONDI,TAMIL NADU,278
S22177,G.CHITHIRAVELU,Puthiya Tamilagam,PERAVURANI,TAMIL NADU,278
S2263,VIJAYAKUMAR. S,Naadaalum Makkal Katchi,TIRUVANNAMALAI,TAMIL NADU,277
S2274,RAGHUL R,Independent,VILUPPURAM,TAMIL NADU,277
S2239,SANTHANAM.R,Independent,SHOLINGUR,TAMIL NADU,277
S22175,T. VIJAYAKUMAR,Independent,ORATHANADU,TAMIL NADU,277
S22161,THIMOTHY. T,Independent,MAYILADUTHURAI,TAMIL NADU,277
S22161,SAMPATH. L,Independent,MAYILADUTHURAI,TAMIL NADU,277
S22118,BALU. P.M.,Independent,COIMBATORE,TAMIL NADU,276
S22188,K.MEYYAR,Communist Party of India (Marxist-Leninist) (Liberation),MELUR,TAMIL NADU,276
S22138,P. MEENA,Puthiya Tamilagam,MANAPPARAI,TAMIL NADU,275
S22218,PARAMASIVAN.S,Independent,KOVILPATTI,TAMIL NADU,275
S22151,SILAMBARASAN J,Independent,TITTAKUDI,TAMIL NADU,275
S22102,P.MANI,Independent,KANGAYAM,TAMIL NADU,274
S22115,S.ARUMUGAM,Independent,PALLADAM,TAMIL NADU,274
S2252,M. NEDUNCHEZLIAN,Periyar Ambedkar Munnetra Kazhagam (PAMK),BARGUR,TAMIL NADU,274
S22138,M. KARUPPAN,Independent,MANAPPARAI,TAMIL NADU,274
S22170,A.VISWANATHAN,Tamizhaga Vaazhvurimai Katchi,THIRUVIDAIMARUDUR,TAMIL NADU,273
S22156,M  KANAGARAJ,Bahujan Samaj Party,KURINJIPADI,TAMIL NADU,273
S22131,MURUGAN K,Independent,NATHAM,TAMIL NADU,273
S22127,RAMAMOORTHI. G,Rashtriya Samaj Dal (R),PALANI,TAMIL NADU,273
S223,BALAJI.A,Thakkam Katchi,TIRUTTANI,TAMIL NADU,272
S22138,A. SENTHIL KUMAR,Independent,MANAPPARAI,TAMIL NADU,272
S2229,A.GNANASEKARAN,Tamizhaga Vaazhvurimai Katchi,SRIPERUMBUDUR,TAMIL NADU,271
S22103,SHANTHOSH KRISHNAN. S,Tamizhaga Vaazhvurimai Katchi,PERUNDURAI,TAMIL NADU,271
S22116,KANDASAMY.R.,Independent,SULUR,TAMIL NADU,271
S2255,RAJENDRAN.P,Independent,HOSUR,TAMIL NADU,271
S2210,SASIREKHA. M,Veerath Thiyagi Viswanathadoss Thozhilalarkal Katchi,THIRUVOTTIYUR,TAMIL NADU,271
S22197,THIRUMOORTHY. A,Independent,USILAMPATTI,TAMIL NADU,270
S2249,SASI REKA Y,Makkal Arasial Katchi,JOLARPET,TAMIL NADU,270
S22123,M. JAYARAMAN,Independent,POLLACHI,TAMIL NADU,269
S22150,PAGUTHARIVALAN A.,Tamizhaga Vaazhvurimai Katchi,JAYANKONDAM,TAMIL NADU,269
S22188,C.MOHANRAM,Independent,MELUR,TAMIL NADU,269
S22148,MUTHAMILSELVAN. D,Independent,KUNNAM,TAMIL NADU,268
S2287,POOVARASAN. S,Independent,SANKARI,TAMIL NADU,268
S22193,RAMAR PANDI  T,Bahujan Samaj Party,MADURAI CENTRAL,TAMIL NADU,268
S22202,ALAGUMURUGAN. S,Independent,RAJAPALAYAM,TAMIL NADU,268
S22209,RAJA. M,Independent,PARAMAKUDI,TAMIL NADU,268
S22136,MANICKAVEL. R,Independent,KRISHNARAYAPURAM,TAMIL NADU,267
S2225,BALAJI. V,Bahujan Samaj Party,MYLAPORE,TAMIL NADU,267
S22185,BAKIYALAKSHMI. M,Independent,TIRUPPATTUR,TAMIL NADU,266
S227,AGNI SELVARAJU. J,Naadaalum Makkal Katchi,MADURAVOYAL,TAMIL NADU,266
S22174,H. MOHAMED ABDUL KHADIR,Tamizhaga Vaazhvurimai Katchi,THANJAVUR,TAMIL NADU,266
S22170,DHANASEKAR,Independent,THIRUVIDAIMARUDUR,TAMIL NADU,266
S22145,C.PALANISAMY,Tamizhaga Vaazhvurimai Katchi,MUSIRI,TAMIL NADU,265
S22102,B.RAJENDRAN,Independent,KANGAYAM,TAMIL NADU,265
S2254,YUVARAJ.K.P.U,Independent,VEPPANAHALLI,TAMIL NADU,265
S22207,SENTHILKUMAR. S,Independent,ARUPPUKKOTTAI,TAMIL NADU,265
S22199,VAIRAMUTHU D.,Independent,PERIYAKULAM,TAMIL NADU,265
S2273,VINAYAGAMOORTHY M,Bahujan Samaj Party,VANUR,TAMIL NADU,265
S22190,RAGHU.K,Puthiya Tamilagam,SHOLAVANDAN,TAMIL NADU,265
S22156,DHANAKESAVAMOORTHY A.C.T,Independent,KURINJIPADI,TAMIL NADU,265
S22227,DEV.P.JEGADEESAN,Independent,NANGUNERI,TAMIL NADU,265
S22227,N.KALABERUMAL,Independent,NANGUNERI,TAMIL NADU,265
S2225,MOHANRAJ. J,Jebamani Janata,MYLAPORE,TAMIL NADU,265
S22112,SUBRAMANI.C.K,Independent,AVANASHI,TAMIL NADU,264
S22186,NAGAPRABU,Independent,SIVAGANGA,TAMIL NADU,264
S22217,S .MUTHUSELVAM,Independent,OTTAPIDARAM,TAMIL NADU,264
S2271,AYYANAR N,Anti Corruption Dynamic Party,MAILAM,TAMIL NADU,264
S22162,PURATCHIDASAN. T,Anaithinthiya Anna Dravida Makkal Seyal katchi,POOMPUHAR,TAMIL NADU,264
S225,VELU.S,Independent,POONAMALLEE,TAMIL NADU,264
S2258,TAMILSELVI. S.,Independent,PENNAGARAM,TAMIL NADU,263
S22186,RAJESH X,Tamizhaga Vaazhvurimai Katchi,SIVAGANGA,TAMIL NADU,263
S22184,SHANTHI. B,Independent,KARAIKUDI,TAMIL NADU,263
S2227,RAMANATHAN M,Independent,SHOZHINGANALLUR,TAMIL NADU,263
S22111,S.KAVITHA,Independent,METTUPPALAYAM,TAMIL NADU,263
S22187,SHANKARGANESAN.S,Independent,MANAMADURAI,TAMIL NADU,263
S2288,KUMAR.A.P,Independent,SALEM,TAMIL NADU,263
S22126,P THANGARAJ,Independent,MADATHUKULAM,TAMIL NADU,263
S22197,KIRANYA. S,Independent,USILAMPATTI,TAMIL NADU,262
S2269,PONNAMBALAM. P,Independent,VANDAVASI,TAMIL NADU,262
S22214,DHINAKARAN S.T.R.M.,Independent,THOOTHUKKUDI,TAMIL NADU,262
S22214,PONKUMARAN P.P.M.T,Nam Naadu Nam Makkal Nam Ethirkaalam Katchi,THOOTHUKKUDI,TAMIL NADU,261
S22139,ANBARASAN.M,Independent,SRIRANGAM,TAMIL NADU,261
S22179,PALANISAMY. K,Veerath Thiyagi Viswanathadoss Thozhilalarkal Katchi,VIRALIMALAI,TAMIL NADU,261
S22187,KARUPPUSAMI.V,Independent,MANAMADURAI,TAMIL NADU,261
S2264,DHILIPKUMAR.D,Independent,KILPENNATHUR,TAMIL NADU,260
S22224,SUBRAMANIAN. E.,Independent,TIRUNELVELI,TAMIL NADU,260
S2293,M SWAMINATHAN,Independent,SENTHAMANGALAM,TAMIL NADU,260
S221,M.KUMARAN,Independent,GUMMIDIPOONDI,TAMIL NADU,260
S2287,DURAIRAJ. C,Independent,SANKARI,TAMIL NADU,260
S22230,NAGARAJAN L,Thamizhaka Padaippalar Makkal Katchi,NAGERCOIL,TAMIL NADU,260
S22165,RAJASIMMAN. D,Independent,VEDARANYAM,TAMIL NADU,259
S22219,S.ARULRAJ,Independent,SANKARANKOVIL,TAMIL NADU,259
S2268,SRINIVASAN. K,Aanaithinthiya Jananayaka Pathukappu Kazhagam,CHEYYAR,TAMIL NADU,259
S22103,SANTHOSH. S,Independent,PERUNDURAI,TAMIL NADU,259
S2295,RAMAN V,Bahujan Samaj Party,PARAMATHI-VELUR,TAMIL NADU,259
S22220,K. NAGARAJAN,Independent,VASUDEVANALLUR,TAMIL NADU,259
S22149,SEMMALAI T,Independent,ARIYALUR,TAMIL NADU,259
S2293,A BALAMUGAN,Independent,SENTHAMANGALAM,TAMIL NADU,259
S22112,CHINNASAMY.V,Tamizhaga Vaazhvurimai Katchi,AVANASHI,TAMIL NADU,259
S2223,RAJA. R,Independent,SAIDAPET,TAMIL NADU,258
S2229,P. VEDHAGIRI,Independent,SRIPERUMBUDUR,TAMIL NADU,258
S22119,NIRMALKUMAR.R,Independent,THONDAMUTHUR,TAMIL NADU,258
S22184,LAKSHMANAN. R,Independent,KARAIKUDI,TAMIL NADU,258
S22210,A MUTHUSAMY,Bahujan Samaj Party,TIRUVADANAI,TAMIL NADU,258
S22192,K.JEYA,Independent,MADURAI SOUTH,TAMIL NADU,257
S22175,A. AJESHKANNAN,Independent,ORATHANADU,TAMIL NADU,257
S2227,E. VIJAY,Independent,SHOZHINGANALLUR,TAMIL NADU,257
S2267,SUDHA. S,Independent,ARANI,TAMIL NADU,257
S22194,RAJKUMAR S,Independent,MADURAI WEST,TAMIL NADU,257
S2251,MUNIRAJ,Independent,UTHANGARAI,TAMIL NADU,257
S22136,NAVEENTH. M,Independent,KRISHNARAYAPURAM,TAMIL NADU,257
S2212,A. RAJARAM,Republican Party of India (Athawale),PERAMBUR,TAMIL NADU,256
S2282,MANICKAM. K.,Independent,ATTUR,TAMIL NADU,256
S2263,KANNAN. P,Veerath Thiyagi Viswanathadoss Thozhilalarkal Katchi,TIRUVANNAMALAI,TAMIL NADU,256
S2298,B.CHITRA,Bahujan Samaj Party,ERODE,TAMIL NADU,256
S22199,SELVARAJ R.,Independent,PERIYAKULAM,TAMIL NADU,255
S2252,S. SASIKUMAR,Independent,BARGUR,TAMIL NADU,255
S226,P. CHELLAPANDIAN,Independent,AVADI,TAMIL NADU,255
S225,PURUSHOTHAMAN.B,Independent,POONAMALLEE,TAMIL NADU,255
S22231,SARAVANAN. M,Independent,COLACHAL,TAMIL NADU,255
S22121,AKBAR ALI,Independent,SINGANALLUR,TAMIL NADU,255
S22127,ASHOKKUMAR. G,Independent,PALANI,TAMIL NADU,254
S2227,D. SRINIVASAN,Independent,SHOZHINGANALLUR,TAMIL NADU,254
S22201,PRAKASH P.,Independent,CUMBUM,TAMIL NADU,254
S22104,VIMALRAJ. R,Makkal Munnetra Katchi,BHAVANI,TAMIL NADU,253
S22196,MURUGAN.S,Independent,THIRUMANGALAM,TAMIL NADU,253
S22142,RANJITH. S,Tamizhaga Vaazhvurimai Katchi,THIRUVERUMBUR,TAMIL NADU,253
S22145,K.DHIVYA,Rashtriya Samaj Dal (R),MUSIRI,TAMIL NADU,253
S22132,SELVADHAYANITHI. M,Independent,DINDIGUL,TAMIL NADU,252
S22159,SATHEESHKUMAR .M,Bahujan Samaj Party,KATTUMANNARKOIL,TAMIL NADU,252
S22152,BALU.P,Independent,VRIDDHACHALAM,TAMIL NADU,252
S22111,N.SARAVANA KUMAR,Independent,METTUPPALAYAM,TAMIL NADU,252
S2242,S.P.SHANMUGAM,Aanaithinthiya Jananayaka Pathukappu Kazhagam,ARCOT,TAMIL NADU,252
S2271,TAMIZHARASAN M,Independent,MAILAM,TAMIL NADU,252
S22156,MUTHAZHAGAN  N,Independent,KURINJIPADI,TAMIL NADU,252
S22135,GUNASEKARAN. K,Tamizhaga Vaazhvurimai Katchi,KARUR,TAMIL NADU,252
S2269,THAMARAI SELVI. S,Tamizhaga Vaazhvurimai Katchi,VANDAVASI,TAMIL NADU,252
S2296,SATHEESKUMAR P,Independent,TIRUCHENGODU,TAMIL NADU,251
S2227,K. VISHWANATHAN,All India Puratchi Thalaivar Makkal Munnettra Kazhagam,SHOZHINGANALLUR,TAMIL NADU,251
S2266,SYED MUKRAM. R. N,Tamizhaga Vaazhvurimai Katchi,POLUR,TAMIL NADU,251
S2277,RAMAKRISHNAN R,Independent,ULUNDURPETTAI,TAMIL NADU,251
S2285,PRABAKARAN. S,Independent,METTUR,TAMIL NADU,251
S2278,VENKATRAMAN J,Naadaalum Makkal Katchi,RISHIVANDIYAM,TAMIL NADU,251
S22179,SELVARAJ. A,Puthiya Tamilagam,VIRALIMALAI,TAMIL NADU,251
S22227,M. ARUNA,Independent,NANGUNERI,TAMIL NADU,251
S22169,RAVICHANDRAN. R,Independent,NANNILAM,TAMIL NADU,251
S2238,VETRIVEL. M,Aanaithinthiya Jananayaka Pathukappu Kazhagam,ARAKKONAM,TAMIL NADU,251
S22105,SHEIK DAVOOD.A.M,Independent,ANTHIYUR,TAMIL NADU,250
S22176,MOHAMED SHARIF M,Independent,PATTUKKOTTAI,TAMIL NADU,250
S2239,KAVIYARASAN.SUBIRAMANI,Independent,SHOLINGUR,TAMIL NADU,249
S22132,SHEIK BAREETH.B,Tamizhaga Vaazhvurimai Katchi,DINDIGUL,TAMIL NADU,249
S2295,SEKAR V,Independent,PARAMATHI-VELUR,TAMIL NADU,249
S22195,MOOKKAYEE. C.,Ezhuchi Tamilargal Munnetra Kazhagam,THIRUPARANKUNDRAM,TAMIL NADU,249
S22160,PANDIYAN.C.R,Indhu Dravida Makkal Katchi,SIRKAZHI,TAMIL NADU,249
S22172,V. THIYAGARAJAN,Independent,PAPANASAM,TAMIL NADU,248
S22216,BISHOP DR GODFREY NOBLE,Independent,SRIVAIKUNTAM,TAMIL NADU,248
S2296,DHINESH KARIKALAN,Independent,TIRUCHENGODU,TAMIL NADU,247
S22113,G.BALAKRISHNAN,Independent,TIRUPPUR,TAMIL NADU,247
S22131,RAJASEKARAN P,Aanaithinthiya Jananayaka Pathukappu Kazhagam,NATHAM,TAMIL NADU,247
S22159,G. KALYANA SUNDARAM,All India Jananayaka Makkal Kazhagam,KATTUMANNARKOIL,TAMIL NADU,247
S2251,KUMARAVEL,Independent,UTHANGARAI,TAMIL NADU,247
S22208,SETHURAMALINGAM.S,Independent,TIRUCHULI,TAMIL NADU,245
S22161,NAVANITHAM. S,Independent,MAYILADUTHURAI,TAMIL NADU,245
S2220,VALARMATHI.E,Independent,THOUSAND LIGHTS,TAMIL NADU,245
S22100,A.KATHIRVEL,Independent,MODAKKURICHI,TAMIL NADU,245
S2265,SATHYA. V,Naadaalum Makkal Katchi,KALASAPAKKAM,TAMIL NADU,245
S22131,MARIA AROCKIAM S,Independent,NATHAM,TAMIL NADU,245
S22222,S.MANOGARAN,Kamarajar Deseeya Congress,TENKASI,TAMIL NADU,244
S2219,MOHAMMED YASSER,Bahujan Samaj Party,CHEPAUK-THIRUVALLIKENI,TAMIL NADU,244
S22221,RAJAN. B. S,Aanaithinthiya Jananayaka Pathukappu Kazhagam,KADAYANALLUR,TAMIL NADU,244
S22231,GANESH. N,Thamizhaka Padaippalar Makkal Katchi,COLACHAL,TAMIL NADU,244
S2287,VIJAYAKUMAR. M,Independent,SANKARI,TAMIL NADU,244
S2275,SHANMUGAM P,Independent,VIKRAVANDI,TAMIL NADU,244
S2278,KARTHIKEYAN A,Independent,RISHIVANDIYAM,TAMIL NADU,244
S2288,KARTHICK.M,Independent,SALEM,TAMIL NADU,243
S2260,CHENNAKRISHNAN. V,All India Puratchi Thalaivar Makkal Munnettra Kazhagam,PAPPIREDDIPATTI,TAMIL NADU,243
S2219,AGNI AALVAR,Independent,CHEPAUK-THIRUVALLIKENI,TAMIL NADU,243
S2292,MUNIYAPPAN M,Puthiya Tamilagam,RASIPURAM,TAMIL NADU,243
S2274,LAKSHMANAN R,Independent,VILUPPURAM,TAMIL NADU,243
S22214,SRIKANTH M.V.,Naam Indiar Party,THOOTHUKKUDI,TAMIL NADU,243
S22177,U.UTHAYAKUMAR,Independent,PERAVURANI,TAMIL NADU,241
S2251,TAMILMANI,Independent,UTHANGARAI,TAMIL NADU,241
S22171,ARIVAZHAGAN K,Independent,KUMBAKONAM,TAMIL NADU,241
S22234,AJAI (ALIAS) NAGARAJAN,Independent,KILLIYOOR,TAMIL NADU,241
S2278,MANIKANDAN C,Independent,RISHIVANDIYAM,TAMIL NADU,241
S22119,KARTHIKEYAN.R-POOLUVAPATTI,Independent,THONDAMUTHUR,TAMIL NADU,241
S22176,MUTHUKUMAR D,Independent,PATTUKKOTTAI,TAMIL NADU,240
S22199,RANJEETH KUMAR J.,Socialist Unity Centre Of India (COMMUNIST),PERIYAKULAM,TAMIL NADU,240
S22128,NAGUL PRAKASH. A,Independent,ODDANCHATRAM,TAMIL NADU,240
S22189,PITCHAI V,Independent,MADURAI EAST,TAMIL NADU,240
S2255,PONNUMANI.R,Tamilar Makkal Katchi,HOSUR,TAMIL NADU,240
S2288,ARUL.D,Independent,SALEM,TAMIL NADU,239
S22180,C. GOVINDASAMY,Independent,PUDUKKOTTAI,TAMIL NADU,239
S2226,MOHANRAJ. K,Bahujan Samaj Party,VELACHERY,TAMIL NADU,239
S22145,S.VENKATESHWARAN,Anti Corruption Dynamic Party,MUSIRI,TAMIL NADU,239
S22222,P.NOBLE KRISHNA,Independent,TENKASI,TAMIL NADU,239
S22204,THANGA MARIAPPAN. J,Independent,SATTUR,TAMIL NADU,239
S22157,RAJA SEKAR . G,Independent,BHUVANAGIRI,TAMIL NADU,239
S22181,ESWAR.S,Independent,THIRUMAYAM,TAMIL NADU,238
S2238,N. PRAVEENKUMAR,Independent,ARAKKONAM,TAMIL NADU,238
S2255,MARIYA FRANCIS.S,Independent,HOSUR,TAMIL NADU,238
S22176,SURESH M R,Independent,PATTUKKOTTAI,TAMIL NADU,238
S22138,PERIYAKKA,Independent,MANAPPARAI,TAMIL NADU,238
S22111,A.SATHIYALEELA,Independent,METTUPPALAYAM,TAMIL NADU,238
S22130,PERUMAL.N,Independent,NILAKKOTTAI,TAMIL NADU,238
S2212,G. RUTHRA KUMAR,Independent,PERAMBUR,TAMIL NADU,238
S22142,PITCHAIMUTHU. A,Puthiya Tamilagam,THIRUVERUMBUR,TAMIL NADU,237
S22215,RASIK MUSSAMMIL. K,Tamizhaga Vaazhvurimai Katchi,TIRUCHENDUR,TAMIL NADU,237
S2285,KRISHNAMOORTHY. P,Independent,METTUR,TAMIL NADU,237
S2235,R.SUGAN,All India Puratchi Thalaivar Makkal Munnettra Kazhagam,MADURANTAKAM,TAMIL NADU,237
S22184,VEERAMANIKANDAN. V,Independent,KARAIKUDI,TAMIL NADU,236
S2211,E. RAAMADASAN,Makkal Nalvaazhvuk Katchi,DR.RADHAKRISHNAN NAGAR,TAMIL NADU,236
S2213,SUBASHINI,Bahujan Samaj Party,KOLATHUR,TAMIL NADU,236
S22129,M. PERIYASAMY,Independent,ATHOOR,TAMIL NADU,236
S22146,T. RAJAMANICKAM,Puthiya Tamilagam,THURAIYUR,TAMIL NADU,236
S22112,ANANDHI.S,Independent,AVANASHI,TAMIL NADU,235
S22117,SURIYAKUMAR.K,Independent,KAVUNDAMPALAYAM,TAMIL NADU,235
S22147,ANANDAJOTHI PARAMASIVAM,Independent,PERAMBALUR,TAMIL NADU,235
S22203,SURYAPRAKASH.R,Independent,SRIVILLIPUTHUR,TAMIL NADU,235
S2299,SHANMUGAM M.,Independent,ERODE,TAMIL NADU,235
S2283,VENGATESHSAN. T,Tamizhaga Vaazhvurimai Katchi,YERCAUD,TAMIL NADU,235
S22141,VIJAIA MOHANAAJI .MA,Vidial Valarchi Perani,TIRUCHIRAPPALLI,TAMIL NADU,235
S2230,S.SATHIYARAJ,Independent,PALLAVARAM,TAMIL NADU,235
S2282,POOMALAI. C.,Independent,ATTUR,TAMIL NADU,235
S2236,JAKIRUSAN.D,Tamizhaga Vaazhvurimai Katchi,UTHIRAMERUR,TAMIL NADU,235
S22114,DINESHKUMAR,Independent,TIRUPPUR,TAMIL NADU,235
S22141,R. ELANGOVAN,Bahujan Samaj Party,TIRUCHIRAPPALLI,TAMIL NADU,234
S22230,NAGOOR MEERAN PEER MOHAMED U,Independent,NAGERCOIL,TAMIL NADU,234
S22222,GOMATHI SANKAR,Tamizhaga Vaazhvurimai Katchi,TENKASI,TAMIL NADU,234
S2281,KAVIARASAN. T.T,Tamizhaga Vaazhvurimai Katchi,GANGAVALLI,TAMIL NADU,234
S22221,RAJAMARAVAN. S,Independent,KADAYANALLUR,TAMIL NADU,234
S22114,RANGASAMY. S,Bahujan Samaj Party,TIRUPPUR,TAMIL NADU,234
S2239,V.SADHASIVAM,Independent,SHOLINGUR,TAMIL NADU,234
S22171,SUNDAR G,Thamizh Desiya Munnetra Kazhagam,KUMBAKONAM,TAMIL NADU,233
S2226,KALA PETHACHI,Independent,VELACHERY,TAMIL NADU,233
S2230,R.JAWAHAR,Independent,PALLAVARAM,TAMIL NADU,233
S2297,PANNERSELVAM,Anaithinthiya Anna Dravida Makkal Seyal katchi,KUMARAPALAYAM,TAMIL NADU,233
S22131,RAMA JANARTHANAN S,Independent,NATHAM,TAMIL NADU,233
S2228,J.AGNI SELVARASU,Naadaalum Makkal Katchi,ALANDUR,TAMIL NADU,233
S227,J. VENKATESAN,All India Puratchi Thalaivar Makkal Munnettra Kazhagam,MADURAVOYAL,TAMIL NADU,233
S22180,C. KARUPPAIAH,Independent,PUDUKKOTTAI,TAMIL NADU,233
S2228,SENKODI VIJAYALAKSHMI,Independent,ALANDUR,TAMIL NADU,233
S222,NAGAIYAN.G,Independent,PONNERI,TAMIL NADU,232
S2218,M SURESH,Bahujan Samaj Party,HARBOUR,TAMIL NADU,232
S22180,A. SUBARESH RAJA,Independent,PUDUKKOTTAI,TAMIL NADU,232
S229,R.KARTHIKEYAN,Tamizhaga Vaazhvurimai Katchi,MADAVARAM,TAMIL NADU,232
S22198,GOPAL.S,Independent,ANDIPATTI,TAMIL NADU,232
S22228,KARTHICK.V,Independent,RADHAPURAM,TAMIL NADU,232
S2295,RAJA R,Independent,PARAMATHI-VELUR,TAMIL NADU,232
S22204,MAHENDRAN. M,Independent,SATTUR,TAMIL NADU,231
S2253,SRINIVASAN.K,Independent,KRISHNAGIRI,TAMIL NADU,231
S2248,SRINATH,Independent,AMBUR,TAMIL NADU,231
S2247,ANBARASU.P,Aanaithinthiya Jananayaka Pathukappu Kazhagam,VANIYAMBADI,TAMIL NADU,231
S2295,GOPALAN G,Independent,PARAMATHI-VELUR,TAMIL NADU,231
S2274,NAGARAJAN P,Veerath Thiyagi Viswanathadoss Thozhilalarkal Katchi,VILUPPURAM,TAMIL NADU,231
S22195,CHELLADURAI. R,Naam Indiar Party,THIRUPARANKUNDRAM,TAMIL NADU,231
S2230,R.RAJKUMAR,All India Puratchi Thalaivar Makkal Munnettra Kazhagam,PALLAVARAM,TAMIL NADU,231
S22136,BALSAMY. B,Naadaalum Makkal Katchi,KRISHNARAYAPURAM,TAMIL NADU,230
S22129,K. JAYAPRAKASH,Puthiya Tamilagam,ATHOOR,TAMIL NADU,230
S22217,SUBBULAKSHMI. S,Naam Indiar Party,OTTAPIDARAM,TAMIL NADU,230
S22224,ATHISAYA PNDIYAN. V.,Independent,TIRUNELVELI,TAMIL NADU,230
S2212,AGNI AALVAR,Independent,PERAMBUR,TAMIL NADU,230
S22144,RAMPRASAD. N,Independent,MANACHANALLUR,TAMIL NADU,230
S22209,KARTHIK VANI. B,Independent,PARAMAKUDI,TAMIL NADU,230
S2238,N. LAKSHMIPATHY,Tamizhaga Vaazhvurimai Katchi,ARAKKONAM,TAMIL NADU,229
S22211,C. PARIRAJAN,Veerath Thiyagi Viswanathadoss Thozhilalarkal Katchi,RAMANATHAPURAM,TAMIL NADU,229
S2241,S.MUNISAMY,Anti Corruption Dynamic Party,RANIPET,TAMIL NADU,229
S2267,SARAVANAN. S,Independent,ARANI,TAMIL NADU,229
S22232,DR. KRISHNA PRASAD. B,Independent,PADMANABHAPURAM,TAMIL NADU,229
S22205,SURESH K,Bahujan Samaj Party,SIVAKASI,TAMIL NADU,229
S22136,PRASANTH. D,Independent,KRISHNARAYAPURAM,TAMIL NADU,228
S22181,MUTHUKARUPPAN.CN,Party for the Rights of Other backward Classes,THIRUMAYAM,TAMIL NADU,228
S22121,MURUGAN.O,Ganasangam Party of India,SINGANALLUR,TAMIL NADU,228
S2264,JANAKIRAMAN.R,Aanaithinthiya Jananayaka Pathukappu Kazhagam,KILPENNATHUR,TAMIL NADU,228
S2241,S.JAYAPRAKASH,Independent,RANIPET,TAMIL NADU,228
S22123,M. JAYAPRATHAP,Independent,POLLACHI,TAMIL NADU,227
S22125,RAMASAMY S.,Independent,UDUMALAIPETTAI,TAMIL NADU,227
S2225,VIJAYALAKSHMI. P,Independent,MYLAPORE,TAMIL NADU,227
S22100,R.NATARAJAN,Independent,MODAKKURICHI,TAMIL NADU,227
S2299,A. RAMU,Independent,ERODE,TAMIL NADU,227
S2298,M.KAMAL KUMAR,Vishwa Tamil Kazhagam,ERODE,TAMIL NADU,227
S2246,A.RAJESH,Independent,GUDIYATTAM,TAMIL NADU,227
S2245,JAYASHANKAR. J,Independent,KILVAITHINANKUPPAM,TAMIL NADU,227
S224,G. RAJENDIRAN,Independent,THIRUVALLUR,TAMIL NADU,227
S22136,SAKTHIVEL. A,Independent,KRISHNARAYAPURAM,TAMIL NADU,226
S22209,MUTHTHIAH. M,Independent,PARAMAKUDI,TAMIL NADU,225
S22152,SIDHARTHAN.S,Desiya Makkal Sakthi Katchi,VRIDDHACHALAM,TAMIL NADU,225
S22215,VENKATESH PERUMAL. S,Independent,TIRUCHENDUR,TAMIL NADU,225
S2294,NATARAJAN M,Independent,NAMAKKAL,TAMIL NADU,225
S228,V. RAMKUMAR,India Suyarajya Party,AMBATTUR,TAMIL NADU,224
S2268,VENKATESAN. V,Anaithindia Samudaya Munnetra Kazhagam,CHEYYAR,TAMIL NADU,224
S226,C.S. Karnan,Anti Corruption Dynamic Party,AVADI,TAMIL NADU,224
S22222,R. RAMKUMAR,Independent,TENKASI,TAMIL NADU,224
S22169,RAJASEKAR. R,Independent,NANNILAM,TAMIL NADU,224
S2257,PERUMAL MUNUSAMY. M.,Independent,PALACODU,TAMIL NADU,223
S2279,GANGASEKAR A,MAKKAL SAKTHI KATCHI,SANKARAPURAM,TAMIL NADU,223
S22100,M.RAVIKUMAR,Ganasangam Party of India,MODAKKURICHI,TAMIL NADU,223
S22228,MANIKANDAN.L,Independent,RADHAPURAM,TAMIL NADU,223
S22186,RAJKUMAR C,Party for the Rights of Other backward Classes,SIVAGANGA,TAMIL NADU,223
S2285,SARAVANAKUMAR. M,Independent,METTUR,TAMIL NADU,223
S22211,PULLANI,Independent,RAMANATHAPURAM,TAMIL NADU,223
S22185,PIRAMAN. P,Independent,TIRUPPATTUR,TAMIL NADU,223
S2217,M. JAYARAJKUMAR,Bahujan Samaj Party,ROYAPURAM,TAMIL NADU,222
S221,D.DINESH,Independent,GUMMIDIPOONDI,TAMIL NADU,222
S22224,VELAYUTHAM. P.,Independent,TIRUNELVELI,TAMIL NADU,221
S22226,V.GEORGE,Independent,PALAYAMKOTTAI,TAMIL NADU,221
S2236,ANBU.V,Independent,UTHIRAMERUR,TAMIL NADU,221
S22153,CHEZHIYAN.G,Independent,NEYVELI,TAMIL NADU,221
S22198,PANDIDURAI.P,Independent,ANDIPATTI,TAMIL NADU,220
S2281,MARIMUTHU. S,Puthiya Tamilagam,GANGAVALLI,TAMIL NADU,220
S22143,DHANAMOORTHY .R,Independent,LALGUDI,TAMIL NADU,220
S2263,PALANI. N,Independent,TIRUVANNAMALAI,TAMIL NADU,219
S2280,SELVARAJ M,Independent,KALLAKURICHI,TAMIL NADU,219
S22169,TAMILSELVAN. M,Puthiya Tamilagam,NANNILAM,TAMIL NADU,219
S22139,KARTHICK.S,Independent,SRIRANGAM,TAMIL NADU,218
S22113,K.VENKADASWAMY,Independent,TIRUPPUR,TAMIL NADU,218
S22179,THIRUMURUGAN. K,Independent,VIRALIMALAI,TAMIL NADU,218
S22189,ARUN PANDIAN A J,Independent,MADURAI EAST,TAMIL NADU,217
S221,V.SUDHAKAR,Independent,GUMMIDIPOONDI,TAMIL NADU,217
S22160,TAMILVENTHAN.R,Independent,SIRKAZHI,TAMIL NADU,217
S22233,MOHAN KUMAR M,All India Jananayaka Makkal Kazhagam,VILAVANCODE,TAMIL NADU,217
S2277,SENTHIL P,Independent,ULUNDURPETTAI,TAMIL NADU,217
S22137,T.SELVARAJ,Independent,KULITHALAI,TAMIL NADU,217
S2237,M. NANDHAKUMAR,Anti Corruption Dynamic Party,KANCHEEPURAM,TAMIL NADU,217
S2261,SAMPATH. C,Independent,HARUR,TAMIL NADU,217
S2244,V.S.VENKATESH,Aanaithinthiya Jananayaka Pathukappu Kazhagam,ANAIKATTU,TAMIL NADU,217
S22184,RAMU. M,Independent,KARAIKUDI,TAMIL NADU,216
S22184,SURESH. V,Independent,KARAIKUDI,TAMIL NADU,216
S2249,CHENNA KESAVAN C,Independent,JOLARPET,TAMIL NADU,216
S22221,PARTHIPAN. V,Independent,KADAYANALLUR,TAMIL NADU,216
S2217,M DHINAKARAN,Independent,ROYAPURAM,TAMIL NADU,216
S22116,PAPPA MUTHULAKSHMI.P.,All India Puratchi Thalaivar Makkal Munnettra Kazhagam,SULUR,TAMIL NADU,216
S22128,RAGHUNATH. K,Independent,ODDANCHATRAM,TAMIL NADU,216
S2212,VIJAY,All India Jananayaka Makkal Kazhagam,PERAMBUR,TAMIL NADU,216
S22119,SHAJAHAN.S,Tamizhaga Vaazhvurimai Katchi,THONDAMUTHUR,TAMIL NADU,215
S2282,PALANIYAMMAL. S.,Desiya Makkal Sakthi Katchi,ATTUR,TAMIL NADU,215
S2240,DHANANCHEZHIYAN,Independent,KATPADI,TAMIL NADU,215
S2259,ARUMUGAM. MUNI.,Independent,DHARMAPURI,TAMIL NADU,215
S2254,SENTHILKUMAR.R,Tamil Nadu Ilangyar Katchi,VEPPANAHALLI,TAMIL NADU,215
S22219,K. SUBBURAJ,Independent,SANKARANKOVIL,TAMIL NADU,215
S22210,K KALEESWARAN,Tamizhaga Vaazhvurimai Katchi,TIRUVADANAI,TAMIL NADU,215
S22112,SATHIYARASU. R,Independent,AVANASHI,TAMIL NADU,215
S22179,BALAVEL MURUGESAN. T,Independent,VIRALIMALAI,TAMIL NADU,215
S2286,ELUMALAI. P,Independent,EDAPPADI,TAMIL NADU,215
S22127,BALACHANDRAN. M,Independent,PALANI,TAMIL NADU,214
S2227,S. KARTHIK,Independent,SHOZHINGANALLUR,TAMIL NADU,214
S2288,MANOHAR.C,Independent,SALEM,TAMIL NADU,214
S22155,R. VEERAMANI,Independent,CUDDALORE,TAMIL NADU,214
S22113,PY.DHATCHINAMURTHY,Tamizhaga Vaazhvurimai Katchi,TIRUPPUR,TAMIL NADU,214
S22201,MUTHUSELVAM G.,Independent,CUMBUM,TAMIL NADU,214
S2294,ABINESHKUMAR T,Independent,NAMAKKAL,TAMIL NADU,213
S2247,RAJESH.T,Independent,VANIYAMBADI,TAMIL NADU,213
S2294,GANDHIAN RAMESH T,Ahimsa Socialist Party,NAMAKKAL,TAMIL NADU,213
S22146,N. MUTHAZHAGU,Independent,THURAIYUR,TAMIL NADU,213
S22205,RAMESH P,Independent,SIVAKASI,TAMIL NADU,213
S2261,MANILA. S,Tamizhaga Vaazhvurimai Katchi,HARUR,TAMIL NADU,213
S2263,ANANTH. A. M,Independent,TIRUVANNAMALAI,TAMIL NADU,212
S2236,MAHESWARI.J,Independent,UTHIRAMERUR,TAMIL NADU,212
S2281,KANNAN. S,Independent,GANGAVALLI,TAMIL NADU,212
S22136,SENTHIL. P.M,Independent,KRISHNARAYAPURAM,TAMIL NADU,212
S2230,G.JOHN PANDIAN,Independent,PALLAVARAM,TAMIL NADU,212
S2283,VIJAYAKUMAR. N,Independent,YERCAUD,TAMIL NADU,211
S22155,R.RAMACHANDRAN,Independent,CUDDALORE,TAMIL NADU,211
S2211,D.PRABHU,Independent,DR.RADHAKRISHNAN NAGAR,TAMIL NADU,211
S22134,SAKTHIVEL. R,Viduthalai Kalam Katchi,ARAVAKURICHI,TAMIL NADU,211
S22158,MANIMARAN. D,Independent,CHIDAMBARAM,TAMIL NADU,211
S22132,NAGARAJ. N,Independent,DINDIGUL,TAMIL NADU,211
S2229,G. RAJATHI,Independent,SRIPERUMBUDUR,TAMIL NADU,211
S22104,PERUMAL. V.M,Independent,BHAVANI,TAMIL NADU,210
S223,KRISHNAMOORTHY.K,Independent,TIRUTTANI,TAMIL NADU,210
S22186,KALEESWARAN M,Independent,SIVAGANGA,TAMIL NADU,210
S22148,UDHAYASURIYAN. T,Independent,KUNNAM,TAMIL NADU,210
S22183,ARUNAGIRI . M,Independent,ARANTHANGI,TAMIL NADU,210
S22180,KANGATHARAN .P,Independent,PUDUKKOTTAI,TAMIL NADU,210
S2252,D. GOVINDARAJAN,Independent,BARGUR,TAMIL NADU,210
S22224,MURUGAN. P.,Thamizhaka Padaippalar Makkal Katchi,TIRUNELVELI,TAMIL NADU,210
S22210,MS ABDUL BAKKI,Independent,TIRUVADANAI,TAMIL NADU,209
S22230,SUYAMBULINGAM A,Independent,NAGERCOIL,TAMIL NADU,209
S2258,MANIVANNAN. S.,Independent,PENNAGARAM,TAMIL NADU,209
S2216,DR.N. GUNASEKAR,Republican Party of India (Athawale),EGMORE,TAMIL NADU,209
S2278,VINOTH S,Independent,RISHIVANDIYAM,TAMIL NADU,208
S2272,VISWANATHAN. S.A,Independent,TINDIVANAM,TAMIL NADU,208
S22212,K.MURUGAN,Independent,MUDHUKULATHUR,TAMIL NADU,208
S2250,KALASTHIRI. S,All India Uzhavargal Uzhaippalargal Katchi,TIRUPPATTUR,TAMIL NADU,208
S22216,SUBRAMANIAN. M,Puthiya Makkal Tamil Desam Katchi,SRIVAIKUNTAM,TAMIL NADU,208
S2236,MAGESH KUMAR.T,Independent,UTHIRAMERUR,TAMIL NADU,207
S2284,JEGANATHAN. A,Independent,OMALUR,TAMIL NADU,207
S22165,SATHIYASEELAN. M,Independent,VEDARANYAM,TAMIL NADU,207
S227,S. BENJAMIN MOSES,Independent,MADURAVOYAL,TAMIL NADU,207
S2286,KUMARESAN. M,Independent,EDAPPADI,TAMIL NADU,207
S22163,J.V.DURAI,All India Youth Development Party,NAGAPATTINAM,TAMIL NADU,207
S2251,VIJIYAL,Aanaithinthiya Jananayaka Pathukappu Kazhagam,UTHANGARAI,TAMIL NADU,206
S22137,J.SANTHOSH KUMAR,Independent,KULITHALAI,TAMIL NADU,206
S221,T.GOVINDAN,Independent,GUMMIDIPOONDI,TAMIL NADU,206
S22126,M AHAMED ALI,Independent,MADATHUKULAM,TAMIL NADU,206
S22229,SRIKRISHNAKUMAR.K,Thamizhaka Padaippalar Makkal Katchi,KANNIYAKUMARI,TAMIL NADU,206
S2235,S.PUNNIYAKOTTI,Tamizhaga Vaazhvurimai Katchi,MADURANTAKAM,TAMIL NADU,206
S22161,VENKATESAN. K,Bahujan Samaj Party,MAYILADUTHURAI,TAMIL NADU,206
S2250,GNANASEKARAN. R,Independent,TIRUPPATTUR,TAMIL NADU,206
S2226,KANCHANA. R,Tamizhaga Murpokku Makkal Katchi,VELACHERY,TAMIL NADU,205
S226,G.D. ARUNKUMAR,Independent,AVADI,TAMIL NADU,205
S2299,MOORTHI P.,Independent,ERODE,TAMIL NADU,205
S22228,MANIKANDAN.S,Independent,RADHAPURAM,TAMIL NADU,205
S2233,S. GNANASEKARAN,Independent,THIRUPORUR,TAMIL NADU,205
S22133,MANEESHANKAR. M.G.,Independent,VEDASANDUR,TAMIL NADU,205
S22205,NAGALAKSHMI V,Independent,SIVAKASI,TAMIL NADU,205
S22136,SELVAKUMAR. S,Independent,KRISHNARAYAPURAM,TAMIL NADU,205
S22179,BALASUBRAMANIAN. K.K,Independent,VIRALIMALAI,TAMIL NADU,205
S2275,GOKUL RAJ B,Independent,VIKRAVANDI,TAMIL NADU,205
S2276,RAVICHANDRAN G,Independent,TIRUKKOYILUR,TAMIL NADU,205
S22172,V. KULANDHAIVELU,Independent,PAPANASAM,TAMIL NADU,205
S22116,SUMAN SINGH.R.,Tamizhaga Vaazhvurimai Katchi,SULUR,TAMIL NADU,205
S22165,GOWTHAMAN. M,Independent,VEDARANYAM,TAMIL NADU,204
S22206,GUNASUNDARAM R,Independent,VIRUDHUNAGAR,TAMIL NADU,204
S22222,R.KRISHNAN,Independent,TENKASI,TAMIL NADU,204
S22142,DR. MOHANA CHELVAN. P,Independent,THIRUVERUMBUR,TAMIL NADU,203
S22202,BALAMURUGAN. V,Independent,RAJAPALAYAM,TAMIL NADU,203
S22132,PRADEEP. M,Puthiya Tamilagam,DINDIGUL,TAMIL NADU,203
S22190,BALAMURUGAN.R,Independent,SHOLAVANDAN,TAMIL NADU,203
S22102,PALANISAMY,Independent,KANGAYAM,TAMIL NADU,203
S222,VENKATESAN.S,Independent,PONNERI,TAMIL NADU,203
S2220,MOHAMED GHOUSE.H,Tamizhaga Vaazhvurimai Katchi,THOUSAND LIGHTS,TAMIL NADU,203
S224,E.KOTHANDAN,Independent,THIRUVALLUR,TAMIL NADU,203
S22114,DINESHKUMAR,Independent,TIRUPPUR,TAMIL NADU,203
S2267,SILAMBARASAN. C,Independent,ARANI,TAMIL NADU,202
S227,PONMUTHU RAMESH,Independent,MADURAVOYAL,TAMIL NADU,202
S2245,RAJA. M,Tamizhaga Vaazhvurimai Katchi,KILVAITHINANKUPPAM,TAMIL NADU,202
S22227,S. SHUNMUGA SUNDARAM,Naam Indiar Party,NANGUNERI,TAMIL NADU,202
S2258,SELVAM. V.,Independent,PENNAGARAM,TAMIL NADU,202
S22160,PETHAPERUMAL.K,Tamizhaga Vaazhvurimai Katchi,SIRKAZHI,TAMIL NADU,201
S2272,MOHAN. A,MAKKAL SAKTHI KATCHI,TINDIVANAM,TAMIL NADU,201
S22149,RAJKUMAR K,Independent,ARIYALUR,TAMIL NADU,201
S22217,M .LAKSHMANAN,Independent,OTTAPIDARAM,TAMIL NADU,201
S22121,S.S.SUNDHARAM,Rashtriya Samaj Dal (R),SINGANALLUR,TAMIL NADU,201
S22172,A S THANGARASU,Independent,PAPANASAM,TAMIL NADU,201
S22200,KARUPPAIAH.G,Independent,BODINAYAKANUR,TAMIL NADU,201
S22226,ESAKKIMUTHU,Puthiya Makkal Tamil Desam Katchi,PALAYAMKOTTAI,TAMIL NADU,201
S22100,M.RAMESH,Namathu Kongu Munnetra Kalagam,MODAKKURICHI,TAMIL NADU,200
S22129,K. KATHIRESAN,Independent,ATHOOR,TAMIL NADU,200
S22205,VENKATESH V,Independent,SIVAKASI,TAMIL NADU,199
S2272,PON.SIVAKUMAR,Independent,TINDIVANAM,TAMIL NADU,199
S2293,K DURAISAMY,Ganasangam Party of India,SENTHAMANGALAM,TAMIL NADU,199
S22223,R KOTHERIMOHIDEEN,Independent,ALANGULAM,TAMIL NADU,199
S22113,R.VISHNUMOORTHY,Independent,TIRUPPUR,TAMIL NADU,198
S223,DR.A.V.NARENDRAN,Independent,TIRUTTANI,TAMIL NADU,198
S229,S.SIVAKUMAR,Independent,MADAVARAM,TAMIL NADU,198
S2272,DEVAKUMARAN. E,Independent,TINDIVANAM,TAMIL NADU,198
S22161,ANANTHAKUMAR. R,Independent,MAYILADUTHURAI,TAMIL NADU,198
S2271,KRISHNAMURTHY K,Independent,MAILAM,TAMIL NADU,198
S2265,KAMARAJ. G,Independent,KALASAPAKKAM,TAMIL NADU,198
S2210,DILLI KUMAR. R,Democratic National Allegiance,THIRUVOTTIYUR,TAMIL NADU,198
S2239,S.SENTHILKUMAR,Vanchit Bahujan Aaghadi,SHOLINGUR,TAMIL NADU,197
S2238,T. MURALIDHARAN,Independent,ARAKKONAM,TAMIL NADU,197
S2273,RADHIKA S,Independent,VANUR,TAMIL NADU,197
S22132,BABU. S,Independent,DINDIGUL,TAMIL NADU,197
S2284,MANOKARAN. A,Independent,OMALUR,TAMIL NADU,197
S2242,V.GANDHI,Vanchit Bahujan Aaghadi,ARCOT,TAMIL NADU,197
S2291,VAIDESSWARA PRASAD. N,Independent,VEERAPANDI,TAMIL NADU,197
S2218,SANKAR A,Independent,HARBOUR,TAMIL NADU,197
S22106,MALARVIZHI,Party for the Rights of Other backward Classes,GOBICHETTIPALAYAM,TAMIL NADU,197
S22234,BERRILA. L,Independent,KILLIYOOR,TAMIL NADU,197
S22105,KARTHI.M,Independent,ANTHIYUR,TAMIL NADU,197
S2262,A POONGODI,Independent,CHENGAM,TAMIL NADU,197
S22113,P.RAVI,Independent,TIRUPPUR,TAMIL NADU,196
S22201,THASTHAKEER I,Independent,CUMBUM,TAMIL NADU,196
S22223,W JAYSON,Independent,ALANGULAM,TAMIL NADU,196
S2281,TAMILARASAN. T,Independent,GANGAVALLI,TAMIL NADU,196
S2280,RAJIVGANDHI S,Independent,KALLAKURICHI,TAMIL NADU,196
S22189,ARASU S,Independent,MADURAI EAST,TAMIL NADU,196
S22212,K.GANGAI AMARAN,Independent,MUDHUKULATHUR,TAMIL NADU,196
S2298,R.VAIRAM,Independent,ERODE,TAMIL NADU,196
S22171,AROKIYARAJ V,Tamizhaga Vaazhvurimai Katchi,KUMBAKONAM,TAMIL NADU,196
S226,R. MANIKANDAN,Independent,AVADI,TAMIL NADU,195
S22119,DEEPA.G.S,Independent,THONDAMUTHUR,TAMIL NADU,195
S22228,ANAND PRASAD,Independent,RADHAPURAM,TAMIL NADU,195
S22190,THANGAPANDI.P,Tamizhaga Vaazhvurimai Katchi,SHOLAVANDAN,TAMIL NADU,195
S2247,DEVENDRAN.J,Tamizhaga Vaazhvurimai Katchi,VANIYAMBADI,TAMIL NADU,195
S2243,K.VIMALA,Naam Indiar Party,VELLORE,TAMIL NADU,195
S22208,PALANIYANDI.M,Independent,TIRUCHULI,TAMIL NADU,195
S22176,SURESH R,Independent,PATTUKKOTTAI,TAMIL NADU,195
S22186,RAMESH K,Independent,SIVAGANGA,TAMIL NADU,195
S2248,SASI REKA. Y,Makkal Arasial Katchi,AMBUR,TAMIL NADU,194
S22207,GANESAN. V,Puthiya Makkal Tamil Desam Katchi,ARUPPUKKOTTAI,TAMIL NADU,194
S22218,RAMACHANDRAN.R,Bahujan Samaj Party,KOVILPATTI,TAMIL NADU,194
S22160,BABUSANKAR.R,Our Mahathma National Party,SIRKAZHI,TAMIL NADU,194
S22229,SIVALINGAM.C,Naam Indiar Party,KANNIYAKUMARI,TAMIL NADU,194
S22142,VISITHRA. S,Bahujan Samaj Party,THIRUVERUMBUR,TAMIL NADU,194
S22233,VENKADEASAN. K,Thamizhaka Padaippalar Makkal Katchi,VILAVANCODE,TAMIL NADU,194
S22114,KESAVAMURTHI. N,Independent,TIRUPPUR,TAMIL NADU,194
S2275,STALIN D,Aanaithinthiya Jananayaka Pathukappu Kazhagam,VIKRAVANDI,TAMIL NADU,194
S2248,KUMARAVEL. P,Independent,AMBUR,TAMIL NADU,193
S22204,MAHESHKUMAR. M,Independent,SATTUR,TAMIL NADU,193
S22180,D. RAMESH,Independent,PUDUKKOTTAI,TAMIL NADU,193
S22107,GOPALAN.M,Independent,BHAVANISAGAR,TAMIL NADU,193
S22232,ARUL MANI. H,Independent,PADMANABHAPURAM,TAMIL NADU,193
S22181,CHINNATHAMBI.P,Independent,THIRUMAYAM,TAMIL NADU,193
S22146,SELVAM .G,Independent,THURAIYUR,TAMIL NADU,193
S22113,K.ANAND,Independent,TIRUPPUR,TAMIL NADU,193
S2294,ARAVINTH S,Independent,NAMAKKAL,TAMIL NADU,193
S2250,NALLATHAMBI. R,Independent,TIRUPPATTUR,TAMIL NADU,192
S2295,PARAMESHWARI S,Independent,PARAMATHI-VELUR,TAMIL NADU,192
S22143,JOSEPHIN,All India Puratchi Thalaivar Makkal Munnettra Kazhagam,LALGUDI,TAMIL NADU,192
S2276,GOWTHAM S,Independent,TIRUKKOYILUR,TAMIL NADU,192
S22180,R. SIVAKUMAR,Independent,PUDUKKOTTAI,TAMIL NADU,192
S22123,V. KARTHIKEYAN,Independent,POLLACHI,TAMIL NADU,192
S22128,MANIKANNAN. A,Independent,ODDANCHATRAM,TAMIL NADU,192
S2259,SUNDARAMOORTHY. M.,Independent,DHARMAPURI,TAMIL NADU,192
S2244,V.VINOTHKANNA,Tamizhaga Vaazhvurimai Katchi,ANAIKATTU,TAMIL NADU,192
S2285,MURUGAN. P,Independent,METTUR,TAMIL NADU,192
S22227,SUDAROLI S.MURUGAN YADHAV B.COM,Independent,NANGUNERI,TAMIL NADU,191
S2294,MANIKANDAN R,Independent,NAMAKKAL,TAMIL NADU,191
S2243,U.VIJAYA KUMAR,Independent,VELLORE,TAMIL NADU,191
S229,G.PRABU,Independent,MADAVARAM,TAMIL NADU,191
S22204,VIJENDRAN. G,Independent,SATTUR,TAMIL NADU,190
S22233,JOSELAL L.V,Independent,VILAVANCODE,TAMIL NADU,190
S22111,C.MAHENDRAN,Independent,METTUPPALAYAM,TAMIL NADU,190
S22180,R. RAMACHANDRAN,Independent,PUDUKKOTTAI,TAMIL NADU,190
S2255,GANESH.M,Independent,HOSUR,TAMIL NADU,190
S22194,MUTHUKUMAR S,Independent,MADURAI WEST,TAMIL NADU,190
S22194,VENKATESAN M,Independent,MADURAI WEST,TAMIL NADU,190
S22204,SARAVANAN. P,Independent,SATTUR,TAMIL NADU,190
S22159,BABU .B,Rashtriya Samaj Dal (R),KATTUMANNARKOIL,TAMIL NADU,189
S22200,RAJA.M,Vishwa Tamil Kazhagam,BODINAYAKANUR,TAMIL NADU,189
S22148,RAJA. S.P,Tamizhaga Vaazhvurimai Katchi,KUNNAM,TAMIL NADU,189
S22234,JUSTIN. M,Independent,KILLIYOOR,TAMIL NADU,189
S2227,R RAVICHANDRAN,Independent,SHOZHINGANALLUR,TAMIL NADU,189
S2296,BALAJI CHEZHIAN P,Independent,TIRUCHENGODU,TAMIL NADU,189
S22223,U ARAVIND,Independent,ALANGULAM,TAMIL NADU,189
S22112,ARUMUGAM. P,Independent,AVANASHI,TAMIL NADU,188
S2263,ADHITHYA PALANISAMY. A,Independent,TIRUVANNAMALAI,TAMIL NADU,188
S229,V.MURTHY,Independent,MADAVARAM,TAMIL NADU,188
S22172,K. RAJENDRAN,Independent,PAPANASAM,TAMIL NADU,188
S2260,JAMUNARANI. M,Naadaalum Makkal Katchi,PAPPIREDDIPATTI,TAMIL NADU,187
S22190,RANJITH KUMAR.S,Independent,SHOLAVANDAN,TAMIL NADU,187
S2240,V. CHANDRAN,All India Puratchi Thalaivar Makkal Munnettra Kazhagam,KATPADI,TAMIL NADU,187
S22216,VASANTH FERNANDO. T,Independent,SRIVAIKUNTAM,TAMIL NADU,187
S2269,UDHAYAKUMAR. N,Independent,VANDAVASI,TAMIL NADU,187
S22144,BALU. M,Puthiya Tamilagam,MANACHANALLUR,TAMIL NADU,186
S2221,S.DHAYALAN,Thamizhaga Munnetra Congress,ANNA NAGAR,TAMIL NADU,186
S22190,GUNASEKARAN.P,Independent,SHOLAVANDAN,TAMIL NADU,186
S224,N. BALAKRISHNAN,Independent,THIRUVALLUR,TAMIL NADU,186
S2297,A.MURUGANANDHAN,Independent,KUMARAPALAYAM,TAMIL NADU,185
S22119,SIVARAMAN.C,Independent,THONDAMUTHUR,TAMIL NADU,185
S2219,MIRZA SAFDER ALI,Independent,CHEPAUK-THIRUVALLIKENI,TAMIL NADU,185
S2254,GOVINDARAJ.G.J,Independent,VEPPANAHALLI,TAMIL NADU,185
S22132,RAMUTHEVAR. P,All India Puratchi Thalaivar Makkal Munnettra Kazhagam,DINDIGUL,TAMIL NADU,184
S22115,K.SAKTHIVEL,Anna Puratchi Thalaivar Amma Dravida Munnetra Kazhagam,PALLADAM,TAMIL NADU,184
S22201,ASHOK KUMAR A,Independent,CUMBUM,TAMIL NADU,184
S2267,SAKTHIVEL. S,Independent,ARANI,TAMIL NADU,184
S22133,BOOMIRAJ. K,Samaniya Makkal Nala Katchi,VEDASANDUR,TAMIL NADU,184
S224,N. NAGENDRABABU,Independent,THIRUVALLUR,TAMIL NADU,184
S2232,P.GEORGE DEVADOSS,Independent,CHENGALPATTU,TAMIL NADU,184
S22182,S MALAIYANDI,Akila Inthiya Makkal Marumalarchi Kazhakam,ALANGUDI,TAMIL NADU,184
S2214,DHAYANIDHI D,Independent,VILLIVAKKAM,TAMIL NADU,184
S2288,THIYAGARAJAN.M,Independent,SALEM,TAMIL NADU,184
S2297,P.SENTHILKUMAR,Independent,KUMARAPALAYAM,TAMIL NADU,184
S22119,VIJAYA.K,Independent,THONDAMUTHUR,TAMIL NADU,183
S22129,S. BALA MURUGAN,Tamizhaga Vaazhvurimai Katchi,ATHOOR,TAMIL NADU,183
S2239,A.PALANI,Independent,SHOLINGUR,TAMIL NADU,183
S2292,ARULRAJU G,Anaithinthiya Anna Dravida Makkal Seyal katchi,RASIPURAM,TAMIL NADU,183
S2292,AMPULIMADHAN M,Independent,RASIPURAM,TAMIL NADU,183
S22143,E. YESUDOSS,Tamilaga Makkal Nala Katchi,LALGUDI,TAMIL NADU,183
S22138,P. CHINNAN,Independent,MANAPPARAI,TAMIL NADU,183
S22220,B. VEERALAKSHMI,Tamilaga Makkal Nala Katchi,VASUDEVANALLUR,TAMIL NADU,183
S22198,GOPINATH.P,Independent,ANDIPATTI,TAMIL NADU,183
S22219,S. MUTHUSELVAN,Independent,SANKARANKOVIL,TAMIL NADU,183
S22219,J. PANDI,Bharatha Makkal Katchi,SANKARANKOVIL,TAMIL NADU,183
S22137,K.HAKKIM,Independent,KULITHALAI,TAMIL NADU,182
S2268,PALANI. M,Tamizhaga Vaazhvurimai Katchi,CHEYYAR,TAMIL NADU,182
S2248,VENKATESAN. M,Independent,AMBUR,TAMIL NADU,182
S22142,SHAJAGAN. A,Independent,THIRUVERUMBUR,TAMIL NADU,182
S22206,GURUSAMY S,Independent,VIRUDHUNAGAR,TAMIL NADU,182
S2250,SANKAR. S,Independent,TIRUPPATTUR,TAMIL NADU,182
S22223,A SUBASH  CHANDRA BOSE,Thakkam Katchi,ALANGULAM,TAMIL NADU,182
S2213,AATHITHYA,Samata Party,KOLATHUR,TAMIL NADU,181
S2288,PERUMAL. A,Independent,SALEM,TAMIL NADU,181
S22201,PRAKASH P.,Independent,CUMBUM,TAMIL NADU,181
S22200,VELRAJ.K,Independent,BODINAYAKANUR,TAMIL NADU,180
S2231,M. JACOB,Independent,TAMBARAM,TAMIL NADU,180
S22210,R ILAIYARAJA,Indhu Dravida Makkal Katchi,TIRUVADANAI,TAMIL NADU,180
S22202,SELVAKUMAR. A,Independent,RAJAPALAYAM,TAMIL NADU,180
S22138,KATHIRAVAN .M,Independent,MANAPPARAI,TAMIL NADU,180
S2230,S.SUNDARAMOORTHY PANDIYAR,Independent,PALLAVARAM,TAMIL NADU,180
S2280,MALATHI K,Independent,KALLAKURICHI,TAMIL NADU,179
S2294,MUTHUSAMY S,Independent,NAMAKKAL,TAMIL NADU,179
S22113,M.RANGASAMY,Independent,TIRUPPUR,TAMIL NADU,179
S22220,K. RAMACHANDRAN,Independent,VASUDEVANALLUR,TAMIL NADU,179
S2211,A.MOHANRAJ,Socialist Unity Centre Of India (COMMUNIST),DR.RADHAKRISHNAN NAGAR,TAMIL NADU,179
S22162,INBARAJ. T,Independent,POOMPUHAR,TAMIL NADU,179
S2264,RAJKUMAR.R,Independent,KILPENNATHUR,TAMIL NADU,179
S2257,RAMESH. P.,Naadaalum Makkal Katchi,PALACODU,TAMIL NADU,179
S2292,NAGARAJAN K,Independent,RASIPURAM,TAMIL NADU,179
S228,S. MADHAVAN,Independent,AMBATTUR,TAMIL NADU,179
S22221,LAKSHMI. A,Samata Party,KADAYANALLUR,TAMIL NADU,179
S22174,M. SANTHOSH,Independent,THANJAVUR,TAMIL NADU,179
S2237,E. DHAKSHNAMOORTHY,Independent,KANCHEEPURAM,TAMIL NADU,178
S22216,MURUGAN. S,Independent,SRIVAIKUNTAM,TAMIL NADU,178
S2237,V. NARESH,Tamizhaga Vaazhvurimai Katchi,KANCHEEPURAM,TAMIL NADU,178
S22173,R. SATHIYANARAYANAN,Independent,THIRUVAIYARU,TAMIL NADU,178
S22142,KUMARAVEL. T,Thamizhaka Padaippalar Makkal Katchi,THIRUVERUMBUR,TAMIL NADU,178
S22227,T. LINGADURAI,Independent,NANGUNERI,TAMIL NADU,178
S2267,SETHURAMA SASTHRI. G,Independent,ARANI,TAMIL NADU,178
S2259,PALANI. K.,Independent,DHARMAPURI,TAMIL NADU,178
S22127,MADHESWARI. R,Independent,PALANI,TAMIL NADU,178
S229,A.NAGARAJAN,Independent,MADAVARAM,TAMIL NADU,177
S22150,GURUNATHAN N.,Independent,JAYANKONDAM,TAMIL NADU,177
S22218,SEKAR.C,Independent,KOVILPATTI,TAMIL NADU,177
S2227,CHANDRASEKARAN,Independent,SHOZHINGANALLUR,TAMIL NADU,177
S22107,A.AMRISH,Independent,BHAVANISAGAR,TAMIL NADU,177
S221,GOPAL.K,Independent,GUMMIDIPOONDI,TAMIL NADU,177
S22149,SUDHAKAR M,Tamizhaga Vaazhvurimai Katchi,ARIYALUR,TAMIL NADU,177
S226,P.JAYAKUMAR,Samaniya Makkal Nala Katchi,AVADI,TAMIL NADU,177
S22220,SELVARAJ .C,Independent,VASUDEVANALLUR,TAMIL NADU,177
S2299,M. NATARAJ,Vishwa Tamil Kazhagam,ERODE,TAMIL NADU,177
S22102,R.VIJAYALAKSHMI,Ganasangam Party of India,KANGAYAM,TAMIL NADU,176
S22105,SELVI.A,Independent,ANTHIYUR,TAMIL NADU,176
S2255,PATTABIRAMA. C,Independent,HOSUR,TAMIL NADU,176
S22132,SEENIVASAN. P,Independent,DINDIGUL,TAMIL NADU,176
S2289,JOTHILAKSHMI. R.S,Vishwa Tamil Kazhagam,SALEM,TAMIL NADU,176
S2229,J. NITHYA,Independent,SRIPERUMBUDUR,TAMIL NADU,176
S2251,BAKKIYARAJ R,Independent,UTHANGARAI,TAMIL NADU,176
S22128,KUMARRATHINAM. M,Independent,ODDANCHATRAM,TAMIL NADU,175
S22152,EZHILKUMAR.K,Independent,VRIDDHACHALAM,TAMIL NADU,175
S2265,KOTHANDAPANI. B,Independent,KALASAPAKKAM,TAMIL NADU,175
S2292,MANIKANDAN C,Independent,RASIPURAM,TAMIL NADU,175
S22184,MUTHUKUMAR. K,Independent,KARAIKUDI,TAMIL NADU,175
S22215,MEERA SAHIB,Independent,TIRUCHENDUR,TAMIL NADU,175
S22131,VENKATESH P,Independent,NATHAM,TAMIL NADU,175
S2274,LAKSHMANAN R,Independent,VILUPPURAM,TAMIL NADU,175
S22213,G. MUNIYASAMY,Independent,VILATHIKULAM,TAMIL NADU,175
S22182,K.MURUGESAN,Independent,ALANGUDI,TAMIL NADU,174
S22121,P.TAMILSELVI,Independent,SINGANALLUR,TAMIL NADU,174
S2270,THANIGAIMALAI R,Anti Corruption Dynamic Party,GINGEE,TAMIL NADU,174
S22103,PALANISAMY. M,Independent,PERUNDURAI,TAMIL NADU,174
S22101,MOHANRAJ.M,Independent,DHARAPURAM,TAMIL NADU,174
S2212,VETRI VEL SELVAM,Bahujan Samaj Party,PERAMBUR,TAMIL NADU,174
S22170,L.PRABAKARAN,Independent,THIRUVIDAIMARUDUR,TAMIL NADU,174
S22142,VETRIVEL KANNA. P,Independent,THIRUVERUMBUR,TAMIL NADU,173
S2262,A.CHIDAMBARAM,Independent,CHENGAM,TAMIL NADU,173
S22171,VIJAYAKUMAR C,Independent,KUMBAKONAM,TAMIL NADU,173
S2298,K.MANIKANNAN,Samaniya Makkal Nala Katchi,ERODE,TAMIL NADU,173
S22138,M. VIJAYA KUMAR,Independent,MANAPPARAI,TAMIL NADU,173
S2282,SELVAKANNAN. L.,Independent,ATTUR,TAMIL NADU,173
S2278,SEZHIYAN K,Independent,RISHIVANDIYAM,TAMIL NADU,173
S2216,G.R. RAJENDRAN,National Maha Sabha Party,EGMORE,TAMIL NADU,173
S22136,GANESAN. P,Independent,KRISHNARAYAPURAM,TAMIL NADU,172
S2274,RAJKUMAR S,Independent,VILUPPURAM,TAMIL NADU,172
S22113,GANISHKAR,Independent,TIRUPPUR,TAMIL NADU,172
S2273,SATHYARAMAN P,Independent,VANUR,TAMIL NADU,172
S2282,RAMESH. G.,Tamizhaga Vaazhvurimai Katchi,ATTUR,TAMIL NADU,172
S22148,SIVASANKARAN. P,Independent,KUNNAM,TAMIL NADU,172
S2295,SUDHARSAN K,Independent,PARAMATHI-VELUR,TAMIL NADU,172
S22200,SARAVANAKUMAR.V,Independent,BODINAYAKANUR,TAMIL NADU,172
S22214,KIDAR SAMSDEEN N.A.,Tamizhaga Vaazhvurimai Katchi,THOOTHUKKUDI,TAMIL NADU,172
S22213,M. PONNUSAMY,Independent,VILATHIKULAM,TAMIL NADU,172
S22202,MURUGAN. D,Independent,RAJAPALAYAM,TAMIL NADU,171
S227,K. VENKATESAN,Veerath Thiyagi Viswanathadoss Thozhilalarkal Katchi,MADURAVOYAL,TAMIL NADU,171
S22224,MURUGALAKSHMANAN,Independent,TIRUNELVELI,TAMIL NADU,171
S22136,CHELLADURAI. M,Independent,KRISHNARAYAPURAM,TAMIL NADU,171
S2277,PARTHIBAN V,Independent,ULUNDURPETTAI,TAMIL NADU,170
S22219,VELRAJ .S,Tamizhaga Vaazhvurimai Katchi,SANKARANKOVIL,TAMIL NADU,170
S22120,J. PRAVEENKUMAR,Independent,COIMBATORE,TAMIL NADU,170
S22194,MADURAI VEERAN S,Tamizhaga Vaazhvurimai Katchi,MADURAI WEST,TAMIL NADU,170
S2215,A. SELVA KUMAR,Thakkam Katchi,THIRU-VI-KA-NAGAR,TAMIL NADU,170
S22143,V. MUTHUSAMY,Independent,LALGUDI,TAMIL NADU,170
S22227,NALLAKKANNU ALIAS KARTHIC.K,Independent,NANGUNERI,TAMIL NADU,170
S22114,MALARVIZHI. G,Indhu Dravida Makkal Katchi,TIRUPPUR,TAMIL NADU,170
S2295,PALANISAMY S,Independent,PARAMATHI-VELUR,TAMIL NADU,169
S2263,ARUL ANAND. V,Independent,TIRUVANNAMALAI,TAMIL NADU,169
S22197,DHANASEKARAN. T,Independent,USILAMPATTI,TAMIL NADU,169
S22227,R.ANANTHI,Independent,NANGUNERI,TAMIL NADU,169
S22184,SELVI. K,Independent,KARAIKUDI,TAMIL NADU,169
S2234,GOPIKRISHNA. D,Independent,CHEYYUR,TAMIL NADU,168
S2253,VENKATESHRAJA.E,Independent,KRISHNAGIRI,TAMIL NADU,168
S2242,V.SEETHARAMAN,Anti Corruption Dynamic Party,ARCOT,TAMIL NADU,168
S2294,JAYAKUMAR R,Independent,NAMAKKAL,TAMIL NADU,168
S22121,JANANI.D,Independent,SINGANALLUR,TAMIL NADU,168
S2228,R.SURESH,Independent,ALANDUR,TAMIL NADU,168
S2248,KAREEM BASHA. A,All India Majlis-E-Inquilab-E-Millat,AMBUR,TAMIL NADU,168
S22141,ROYAL RAJA,Tamizhaga Vaazhvurimai Katchi,TIRUCHIRAPPALLI,TAMIL NADU,167
S22136,SARAVANAN. V,Tamizhaga Vaazhvurimai Katchi,KRISHNARAYAPURAM,TAMIL NADU,167
S226,S. SENTHILKUMAR,Independent,AVADI,TAMIL NADU,167
S22114,MAHALINGAM. V,Independent,TIRUPPUR,TAMIL NADU,167
S22173,JAYAINDHRAESWARAN,Independent,THIRUVAIYARU,TAMIL NADU,167
S2279,MANI G,Independent,SANKARAPURAM,TAMIL NADU,166
S22213,R. PERUMAL,Naam Indiar Party,VILATHIKULAM,TAMIL NADU,166
S2290,VARATHARAJAN. S.P,Independent,SALEM,TAMIL NADU,166
S2232,V. RAMAKRISHNAN,Independent,CHENGALPATTU,TAMIL NADU,166
S22184,UDHUMAN ALI. M.S,Independent,KARAIKUDI,TAMIL NADU,166
S22139,NEWTON.A,Puthiya Tamilagam,SRIRANGAM,TAMIL NADU,166
S22139,KUMAR. P,Akila Inthiya Makkal Marumalarchi Kazhakam,SRIRANGAM,TAMIL NADU,166
S2241,V. SURESH,Independent,RANIPET,TAMIL NADU,166
S222,KOTTEESWARAN. K,Tamizhaga Vaazhvurimai Katchi,PONNERI,TAMIL NADU,166
S2259,SIVAM. R.,Independent,DHARMAPURI,TAMIL NADU,166
S2247,MANOJ.S,Independent,VANIYAMBADI,TAMIL NADU,166
S2244,P.JAYASEELAN,Puthiya Tamilagam,ANAIKATTU,TAMIL NADU,166
S22213,K. AJAY KUMAR,Independent,VILATHIKULAM,TAMIL NADU,166
S22212,C.KENGUSAMY,Independent,MUDHUKULATHUR,TAMIL NADU,166
S22136,MURUGAN. S,Independent,KRISHNARAYAPURAM,TAMIL NADU,165
S2220,SATHYA.A,Independent,THOUSAND LIGHTS,TAMIL NADU,165
S2264,SHANMUGAM.A,Thamizhaka Padaippalar Makkal Katchi,KILPENNATHUR,TAMIL NADU,165
S2290,LOGANATHAN. M,Independent,SALEM,TAMIL NADU,165
S22166,MURUGANANTHAM.V,Independent,THIRUTHURAIPOONDI,TAMIL NADU,164
S2284,SANTHALINGAM. C,Independent,OMALUR,TAMIL NADU,164
S22163,N.VIJAYARAGAVAN,Independent,NAGAPATTINAM,TAMIL NADU,164
S2267,TAMILMANNAN. D,Samaniya Makkal Nala Katchi,ARANI,TAMIL NADU,164
S22212,M.KARUPPA SAMY,Independent,MUDHUKULATHUR,TAMIL NADU,164
S22208,NALLAMARUTHU.K,Independent,TIRUCHULI,TAMIL NADU,164
S22228,MANIKANDAN.A.I,Independent,RADHAPURAM,TAMIL NADU,164
S22191,D.MOHAMED ISMAIL,Independent,MADURAI NORTH,TAMIL NADU,164
S22102,KARTHIKEYAN,Independent,KANGAYAM,TAMIL NADU,164
S22189,AJAY KANNAN A,Independent,MADURAI EAST,TAMIL NADU,163
S22115,G.SELVARAJ,Independent,PALLADAM,TAMIL NADU,163
S22158,THIRUGNANAM. K,Independent,CHIDAMBARAM,TAMIL NADU,163
S22219,K. THANGAVEL,Puthiya Makkal Tamil Desam Katchi,SANKARANKOVIL,TAMIL NADU,163
S22228,JESURAJENDRAN.J,Naam Indiar Party,RADHAPURAM,TAMIL NADU,163
S22152,DEIVEEGADASS.M,Independent,VRIDDHACHALAM,TAMIL NADU,163
S22195,SYED IBRAHIM. M.,Tamizhaga Vaazhvurimai Katchi,THIRUPARANKUNDRAM,TAMIL NADU,163
S2299,V. DHANALAKSHMI,Tamizhaga Vaazhvurimai Katchi,ERODE,TAMIL NADU,163
S22205,CHINNADURAI ALIAS DIMITRO S,Communist Party of India (Marxist-Leninist) (Liberation),SIVAKASI,TAMIL NADU,162
S22234,BABY RAJ. P,Independent,KILLIYOOR,TAMIL NADU,162
S22152,JAYAPRAKASH.S,Independent,VRIDDHACHALAM,TAMIL NADU,162
S22137,B.SAMPATHKUMAR,Independent,KULITHALAI,TAMIL NADU,162
S2231,SARATHKUMAR. R,Independent,TAMBARAM,TAMIL NADU,162
S22207,RAMAKRISHNAN. S,Independent,ARUPPUKKOTTAI,TAMIL NADU,162
S22208,RAJANGAM.C,Independent,TIRUCHULI,TAMIL NADU,162
S22130,CHELLAM.K,Independent,NILAKKOTTAI,TAMIL NADU,162
S2278,SANKAR R,Tamizhaga Vaazhvurimai Katchi,RISHIVANDIYAM,TAMIL NADU,161
S22106,ANANDHAKUMAR.M,Independent,GOBICHETTIPALAYAM,TAMIL NADU,161
S22223,T  MARIKUMAR,Independent,ALANGULAM,TAMIL NADU,161
S2261,VENKATESH (A) DR. V.K. SWAMY,Bharat Jan Chikitsa Party,HARUR,TAMIL NADU,161
S22201,ARUNKUMAR A,Independent,CUMBUM,TAMIL NADU,161
S22152,SIVASANKARAN.K,Independent,VRIDDHACHALAM,TAMIL NADU,161
S22186,SANTHANAM,Independent,SIVAGANGA,TAMIL NADU,161
S22111,C.NAGARAJ,Party for the Rights of Other backward Classes,METTUPPALAYAM,TAMIL NADU,161
S22207,ADVOCATE SADHURAGIRI. M,Independent,ARUPPUKKOTTAI,TAMIL NADU,160
S2270,SRIDHAR G,Independent,GINGEE,TAMIL NADU,160
S22121,S.SATHEESH,Independent,SINGANALLUR,TAMIL NADU,160
S22207,SANJAY GANDHI.  V,Desa Makkal Munnetrak Kazhagam,ARUPPUKKOTTAI,TAMIL NADU,160
S22158,ER. JAYAKKUMAR. R,Independent,CHIDAMBARAM,TAMIL NADU,160
S22211,KARTHIGAI PANDI,Independent,RAMANATHAPURAM,TAMIL NADU,160
S2227,RAJESH,Independent,SHOZHINGANALLUR,TAMIL NADU,160
S22152,SATHIYA.B,Anna Makkal Katchi,VRIDDHACHALAM,TAMIL NADU,160
S22198,NEELAKANNAN.T,Independent,ANDIPATTI,TAMIL NADU,159
S2294,KANAKARAJ K,Independent,NAMAKKAL,TAMIL NADU,159
S2286,MURUGAN. C,Independent,EDAPPADI,TAMIL NADU,159
S22189,BOOMIRAJAN K,Tamizhaga Vaazhvurimai Katchi,MADURAI EAST,TAMIL NADU,159
S2247,NAVEEN.R,Independent,VANIYAMBADI,TAMIL NADU,159
S2253,ADVOCATE.MUTHAIAH.S.,Thakkam Katchi,KRISHNAGIRI,TAMIL NADU,159
S2252,K. ANNADURAI,Independent,BARGUR,TAMIL NADU,159
S222,BARATHIRAJA.K,Independent,PONNERI,TAMIL NADU,159
S2295,KANDASAMY S,Independent,PARAMATHI-VELUR,TAMIL NADU,158
S2231,SIVARAMAN.S,Veerath Thiyagi Viswanathadoss Thozhilalarkal Katchi,TAMBARAM,TAMIL NADU,158
S22165,SELVAKUMAR. S,Independent,VEDARANYAM,TAMIL NADU,158
S22140,A.VASUDEVAN,Independent,TIRUCHIRAPPALLI,TAMIL NADU,158
S22151,JAYARAMAN N,Bahujan Dravida Party,TITTAKUDI,TAMIL NADU,158
S22134,NARENDRAKUMAR. G,Independent,ARAVAKURICHI,TAMIL NADU,158
S22120,M. SENTHILKUMAR,Independent,COIMBATORE,TAMIL NADU,158
S22182,SASIKUMAR.P,Independent,ALANGUDI,TAMIL NADU,158
S22150,KANNAN K.,Independent,JAYANKONDAM,TAMIL NADU,158
S2275,SHANMUGAM R,Independent,VIKRAVANDI,TAMIL NADU,158
S22139,K. SAKTHIVEL,Anna Puratchi Thalaivar Amma Dravida Munnetra Kazhagam,SRIRANGAM,TAMIL NADU,158
S2223,YOGAPRAKASH. B,Independent,SAIDAPET,TAMIL NADU,158
S2247,SRINIVASAN.A,Independent,VANIYAMBADI,TAMIL NADU,158
S2290,AMBEDKAR. C,Independent,SALEM,TAMIL NADU,158
S2282,JAGAN. T.,Independent,ATTUR,TAMIL NADU,158
S22120,GOKULA KRISHNAN.S,Tamizhaga Vaazhvurimai Katchi,COIMBATORE,TAMIL NADU,158
S2245,JAYA BHARATH. J,Independent,KILVAITHINANKUPPAM,TAMIL NADU,157
S229,SUDARSANAM,Independent,MADAVARAM,TAMIL NADU,157
S22179,MANIKANDAN. M,Independent,VIRALIMALAI,TAMIL NADU,157
S2246,M.SUMATHI,Independent,GUDIYATTAM,TAMIL NADU,157
S22184,RAMANATHAN. S.V,Independent,KARAIKUDI,TAMIL NADU,157
S227,N.A. MANI,Independent,MADURAVOYAL,TAMIL NADU,157
S22158,VENKATESAN. D,Independent,CHIDAMBARAM,TAMIL NADU,157
S2245,SATHISH. A,Independent,KILVAITHINANKUPPAM,TAMIL NADU,157
S22174,D. KUMARAN,Independent,THANJAVUR,TAMIL NADU,157
S22120,B. DHANDAPANI,New Generation Peoples Party,COIMBATORE,TAMIL NADU,157
S2234,JEGAN. M,Independent,CHEYYUR,TAMIL NADU,157
S2265,RAJA. N,Independent,KALASAPAKKAM,TAMIL NADU,156
S2227,E. MURALI B.A,Independent,SHOZHINGANALLUR,TAMIL NADU,156
S226,SENTHILKUMAR. S,Anna Puratchi Thalaivar Amma Dravida Munnetra Kazhagam,AVADI,TAMIL NADU,156
S2254,PRAJAPATHI VIJAY.C,Tamilar Makkal Katchi,VEPPANAHALLI,TAMIL NADU,156
S22173,ER.S. ARJUN,Independent,THIRUVAIYARU,TAMIL NADU,156
S22116,PALANISAMY.M.,Party for the Rights of Other backward Classes,SULUR,TAMIL NADU,156
S22234,RUBIN ANTONY,Tamizhaga Vaazhvurimai Katchi,KILLIYOOR,TAMIL NADU,156
S22217,G .MURUGAN,Independent,OTTAPIDARAM,TAMIL NADU,156
S2262,M.RAMAN MASILAMANI,Independent,CHENGAM,TAMIL NADU,156
S2264,SAMPATHRAJ.M,Independent,KILPENNATHUR,TAMIL NADU,155
S22138,RAJAVARMAN .R,Tamizhaga Vaazhvurimai Katchi,MANAPPARAI,TAMIL NADU,155
S2249,KAVITHA C,Independent,JOLARPET,TAMIL NADU,155
S2222,SURESHBABU.T.M,Tamil Telugu National Party,VIRUGAMPAKKAM,TAMIL NADU,155
S2216,S. VINOTH KUMAR,Independent,EGMORE,TAMIL NADU,155
S2257,PALANIYAMMAL. M.,Tamilar Makkal Katchi,PALACODU,TAMIL NADU,155
S2251,A SAMRAJ,Independent,UTHANGARAI,TAMIL NADU,155
S22163,N P BHASHGARAN,Independent,NAGAPATTINAM,TAMIL NADU,155
S2241,J. MOHAN,Independent,RANIPET,TAMIL NADU,155
S22131,SATHAM USAIN M,Independent,NATHAM,TAMIL NADU,155
S22129,D. NAGARAJ,Independent,ATHOOR,TAMIL NADU,155
S22103,SELVARAJU. M,Independent,PERUNDURAI,TAMIL NADU,154
S2219,RAJESHKUMAR. K,Independent,CHEPAUK-THIRUVALLIKENI,TAMIL NADU,154
S229,C.MOORTHY,Independent,MADAVARAM,TAMIL NADU,154
S2253,KUMARESAN.M,Independent,KRISHNAGIRI,TAMIL NADU,154
S2267,EKAMBARAM. V,Independent,ARANI,TAMIL NADU,154
S22120,P. PALANIVEL,Independent,COIMBATORE,TAMIL NADU,154
S2275,SELVAKUMAR S,Independent,VIKRAVANDI,TAMIL NADU,154
S2253,CHANDRAMOHAN.K.M.,Independent,KRISHNAGIRI,TAMIL NADU,154
S22201,VINOTH KUMAR R,Independent,CUMBUM,TAMIL NADU,154
S22133,RAVI. R,Communist Party of India (Marxist-Leninist) (Liberation),VEDASANDUR,TAMIL NADU,153
S2291,INDRAJITH GUPTHA. G,Independent,VEERAPANDI,TAMIL NADU,153
S2213,R. RAJ GURU,Independent,KOLATHUR,TAMIL NADU,153
S22179,JAYAGANDHI. R,Independent,VIRALIMALAI,TAMIL NADU,153
S2270,MOHAN A,Independent,GINGEE,TAMIL NADU,153
S22198,JAGADEESAN.P,Independent,ANDIPATTI,TAMIL NADU,153
S223,SHETTU.S,Independent,TIRUTTANI,TAMIL NADU,153
S22144,RAJU. V,Independent,MANACHANALLUR,TAMIL NADU,153
S22140,SAMPATH,Independent,TIRUCHIRAPPALLI,TAMIL NADU,152
S2216,ARUN RAO. N.A,Naam Indiar Party,EGMORE,TAMIL NADU,152
S2254,ESHWARAN.C,Independent,VEPPANAHALLI,TAMIL NADU,152
S2244,R.RAMESH,Independent,ANAIKATTU,TAMIL NADU,152
S22118,PALANIKUMAR. V.,Independent,COIMBATORE,TAMIL NADU,152
S22121,SARVESWARAN,Party for the Rights of Other backward Classes,SINGANALLUR,TAMIL NADU,151
S2289,RAJA. A,Independent,SALEM,TAMIL NADU,151
S22127,VAYKKALDURAI. K,Puthiya Tamilagam,PALANI,TAMIL NADU,151
S2281,ANBAZHAGAN. S,Anna Makkal Katchi,GANGAVALLI,TAMIL NADU,151
S22101,ANANTHI.S,Independent,DHARAPURAM,TAMIL NADU,151
S22203,SUDANDIRADOSS.M,Independent,SRIVILLIPUTHUR,TAMIL NADU,151
S2248,MUSHTAQ AHMED KUTLAPPAI,Independent,AMBUR,TAMIL NADU,151
S2242,P.VENKATESAN,Tamizhaga Vaazhvurimai Katchi,ARCOT,TAMIL NADU,151
S22150,AZHAGESAN V.R.,Desiya Makkal Sakthi Katchi,JAYANKONDAM,TAMIL NADU,151
S22210,SAKTHIK KUMAR,Independent,TIRUVADANAI,TAMIL NADU,150
S22163,S.PREM,Independent,NAGAPATTINAM,TAMIL NADU,150
S2228,R.SARAVANAN,Independent,ALANDUR,TAMIL NADU,150
S2238,M. SANTHANAM,Independent,ARAKKONAM,TAMIL NADU,150
S2274,ARUMUGAM M,Independent,VILUPPURAM,TAMIL NADU,150
S2253,NANJUNDAN.M,Independent,KRISHNAGIRI,TAMIL NADU,150
S2266,EZHIL ARASU. M M.A. L.L.M.,Independent,POLUR,TAMIL NADU,150
S2211,J.SARAVANAKUMAR,Independent,DR.RADHAKRISHNAN NAGAR,TAMIL NADU,149
S2217,R. VINOTHKUMAR,Naam Indiar Party,ROYAPURAM,TAMIL NADU,149
S22131,VENKATESAN G,Independent,NATHAM,TAMIL NADU,149
S22215,SHAIK ABDUL KADER. P.S.J,Independent,TIRUCHENDUR,TAMIL NADU,149
S2262,K MANIKANDAN,Makkal Sananayaga Kudiyarasu Katchi,CHENGAM,TAMIL NADU,149
S2284,ARUL PRAKASH. T,Independent,OMALUR,TAMIL NADU,149
S22148,ANBUTHAMIZHAN. T,Thamizh Perarasu Katchi,KUNNAM,TAMIL NADU,149
S2294,PALANISAMY M P,All India Puratchi Thalaivar Makkal Munnettra Kazhagam,NAMAKKAL,TAMIL NADU,149
S2210,VENKATARAMANAN. J,Tamizhaga Vaazhvurimai Katchi,THIRUVOTTIYUR,TAMIL NADU,149
S22183,KARTHIKEYAN. N,Independent,ARANTHANGI,TAMIL NADU,149
S2227,S.GOVINDHAN,Independent,SHOZHINGANALLUR,TAMIL NADU,149
S2249,KRISHNAMOORTHY D,Makkal Nala Kazhagam,JOLARPET,TAMIL NADU,149
S22106,RAMESH.P,Independent,GOBICHETTIPALAYAM,TAMIL NADU,149
S22226,M.MANIKANDAN,Independent,PALAYAMKOTTAI,TAMIL NADU,149
S22167,DURAI ARASAN.K,Independent,MANNARGUDI,TAMIL NADU,149
S2274,LAKSHMANAN K,Independent,VILUPPURAM,TAMIL NADU,148
S22227,T. RAJKUMAR,Independent,NANGUNERI,TAMIL NADU,148
S22213,P. JEYAKUMAR,Independent,VILATHIKULAM,TAMIL NADU,148
S22198,MOHAMMED RUKMAN.M,Tamizhaga Vaazhvurimai Katchi,ANDIPATTI,TAMIL NADU,148
S22206,RATHINARAJA S,Nam Naadu Nam Makkal Nam Ethirkaalam Katchi,VIRUDHUNAGAR,TAMIL NADU,148
S22212,A. SARAVANAKUMAR,Naam Indiar Party,MUDHUKULATHUR,TAMIL NADU,148
S2212,V. RAJI,Independent,PERAMBUR,TAMIL NADU,148
S2265,MANIKANDAN. K,Independent,KALASAPAKKAM,TAMIL NADU,147
S2288,SELVAM.R,Independent,SALEM,TAMIL NADU,147
S2214,ABDUL SHABEEK  A,Tamizhaga Vaazhvurimai Katchi,VILLIVAKKAM,TAMIL NADU,147
S2287,SALMAN. E,Independent,SANKARI,TAMIL NADU,147
S2214,AJITHKUMAR A,Thakkam Katchi,VILLIVAKKAM,TAMIL NADU,147
S2292,THANGAMANI S,Independent,RASIPURAM,TAMIL NADU,147
S2245,MURUGAN. K.P,Independent,KILVAITHINANKUPPAM,TAMIL NADU,146
S22199,KUMAR S.,Independent,PERIYAKULAM,TAMIL NADU,146
S2294,MATHESWARAN C,Puthiya Tamilagam,NAMAKKAL,TAMIL NADU,146
S22211,S. MURUGABOOPATHY,Communist Party of India (Marxist-Leninist) (Liberation),RAMANATHAPURAM,TAMIL NADU,146
S22161,GOBALA KRISHNAN. S,Independent,MAYILADUTHURAI,TAMIL NADU,146
S2260,TAMILRAJ. K,Independent,PAPPIREDDIPATTI,TAMIL NADU,146
S2294,SURESHKANNAN P,Ganasangam Party of India,NAMAKKAL,TAMIL NADU,146
S2264,SURYAPRAKASH.S,Independent,KILPENNATHUR,TAMIL NADU,146
S2268,CHANDRASEKARAN. M,All India Jananayaka Makkal Kazhagam,CHEYYAR,TAMIL NADU,145
S2225,DEVENDRAN. R,Tamizhaga Murpokku Makkal Katchi,MYLAPORE,TAMIL NADU,145
S2219,IRFAN BASHA,Tamizhaga Vaazhvurimai Katchi,CHEPAUK-THIRUVALLIKENI,TAMIL NADU,145
S22199,SANMUGAVEL K.,Independent,PERIYAKULAM,TAMIL NADU,145
S22193,AVADAINATHAN  V,Independent,MADURAI CENTRAL,TAMIL NADU,145
S2268,RAGUPATHI. S,Anti Corruption Dynamic Party,CHEYYAR,TAMIL NADU,145
S22189,VELLADURAI A,Independent,MADURAI EAST,TAMIL NADU,145
S2257,SENTHILKUMAR. G.,Independent,PALACODU,TAMIL NADU,145
S22231,CHRIST MILLER. S,All India Puratchi Thalaivar Makkal Munnettra Kazhagam,COLACHAL,TAMIL NADU,145
S2240,M. SUTHAKAR,Independent,KATPADI,TAMIL NADU,145
S22230,VALLIMAYIL P,Communist Party of India (Marxist-Leninist) Red Star,NAGERCOIL,TAMIL NADU,145
S2280,PRABU C,Independent,KALLAKURICHI,TAMIL NADU,145
S22232,VAIKUNDAMANI. N,Tamizhaga Vaazhvurimai Katchi,PADMANABHAPURAM,TAMIL NADU,144
S22148,VIVEK. T,Independent,KUNNAM,TAMIL NADU,144
S22190,BALAMURUGAN.C,Independent,SHOLAVANDAN,TAMIL NADU,143
S22214,SAHAYAM T.,Communist Party of India (Marxist-Leninist) (Liberation),THOOTHUKKUDI,TAMIL NADU,143
S22185,MALLIKA. A,Independent,TIRUPPATTUR,TAMIL NADU,143
S22169,MOHUMED RIYAS. K,Independent,NANNILAM,TAMIL NADU,143
S22135,KATHIRVEL. K,Independent,KARUR,TAMIL NADU,143
S2264,RAJASEKAR.I,Independent,KILPENNATHUR,TAMIL NADU,143
S2267,SURESH. S,Tamizhaga Vaazhvurimai Katchi,ARANI,TAMIL NADU,143
S22170,M.TAMILMARAN,Independent,THIRUVIDAIMARUDUR,TAMIL NADU,143
S2252,ANITHA MAYAPERUMAL,Independent,BARGUR,TAMIL NADU,143
S2226,RADHAKRISHNAN. D.R,Independent,VELACHERY,TAMIL NADU,143
S2297,J KARTHI,Vishwa Tamil Kazhagam,KUMARAPALAYAM,TAMIL NADU,142
S22119,MANOKARAN.K,Independent,THONDAMUTHUR,TAMIL NADU,142
S2274,RAYAR K,Independent,VILUPPURAM,TAMIL NADU,142
S2284,PERUMAL. S,Independent,OMALUR,TAMIL NADU,142
S2225,VIJAYA KRISHNA. V,Independent,MYLAPORE,TAMIL NADU,142
S2291,TAMILARASAN. D,Independent,VEERAPANDI,TAMIL NADU,142
S22101,INDHIRANI.C,Independent,DHARAPURAM,TAMIL NADU,142
S22211,BALAKRISHNAN,Independent,RAMANATHAPURAM,TAMIL NADU,142
S22114,VASANTHAMANI. K,Independent,TIRUPPUR,TAMIL NADU,142
S2275,BACKIYALAKSHMI C,Thakkam Katchi,VIKRAVANDI,TAMIL NADU,141
S2274,VIJAYA M,Independent,VILUPPURAM,TAMIL NADU,141
S22146,P.SAROJA,Independent,THURAIYUR,TAMIL NADU,141
S22141,VIJAY .K,All India Jananayaka Makkal Kazhagam,TIRUCHIRAPPALLI,TAMIL NADU,141
S226,K. BALAKRISHNAN,Independent,AVADI,TAMIL NADU,141
S22220,K. RAJENDRAN,Puthiya Makkal Tamil Desam Katchi,VASUDEVANALLUR,TAMIL NADU,141
S22154,RAMALINGAM. A,Independent,PANRUTI,TAMIL NADU,141
S2278,VIJAYAKUMAR G,Independent,RISHIVANDIYAM,TAMIL NADU,141
S2282,VARATHARAJ. G.,Independent,ATTUR,TAMIL NADU,141
S22202,SAMUEL RAJ,Independent,RAJAPALAYAM,TAMIL NADU,140
S22140,A.VEERAMANI,Samaniya Makkal Nala Katchi,TIRUCHIRAPPALLI,TAMIL NADU,140
S22229,MANAVAI KANNAN. M,Communist Party of India (Marxist-Leninist) Red Star,KANNIYAKUMARI,TAMIL NADU,140
S22144,K. SENTHILKUMAR,Samaniya Makkal Nala Katchi,MANACHANALLUR,TAMIL NADU,140
S2287,SAKTHIVEL. D,Independent,SANKARI,TAMIL NADU,140
S22212,K.RAJAKUMAR,Independent,MUDHUKULATHUR,TAMIL NADU,140
S2277,BALAKRISHNAN K,Anna Makkal Katchi,ULUNDURPETTAI,TAMIL NADU,140
S2240,S. BALAJI,Tamil Nadu Ilangyar Katchi,KATPADI,TAMIL NADU,140
S22231,KOIL RAJ. R,Naam Indiar Party,COLACHAL,TAMIL NADU,140
S22195,RENGANATHAN DORAISAMY,Rashtriya Samaj Dal (R),THIRUPARANKUNDRAM,TAMIL NADU,140
S22226,NALLAKKANNU ALIAS KARTHIC.K,Independent,PALAYAMKOTTAI,TAMIL NADU,140
S2247,MANJUNATH.K,Independent,VANIYAMBADI,TAMIL NADU,140
S2223,VALARMATHI. P,Independent,SAIDAPET,TAMIL NADU,139
S22207,ELANGO. G,Ezhuchi Tamilargal Munnetra Kazhagam,ARUPPUKKOTTAI,TAMIL NADU,139
S22114,VENKATACHALAM. G,Independent,TIRUPPUR,TAMIL NADU,139
S22106,SEETHA.R,Independent,GOBICHETTIPALAYAM,TAMIL NADU,139
S22143,JINNAH JAKEER HUSSAIN,Independent,LALGUDI,TAMIL NADU,139
S22116,MURUGESAN.N.,Independent,SULUR,TAMIL NADU,139
S2250,DR.POOVALAGI. P,Independent,TIRUPPATTUR,TAMIL NADU,139
S22216,ARUNACHALAM. C,Independent,SRIVAIKUNTAM,TAMIL NADU,139
S22218,HARI BALAKRISHNAN.G,Puthiya Makkal Tamil Desam Katchi,KOVILPATTI,TAMIL NADU,139
S22170,SELVARANI. S,Independent,THIRUVIDAIMARUDUR,TAMIL NADU,139
S2210,THANIKASALAM. B,Independent,THIRUVOTTIYUR,TAMIL NADU,139
S22191,R RAJKUMAR,Naam Indiar Party,MADURAI NORTH,TAMIL NADU,138
S22141,KANNAN .S,Independent,TIRUCHIRAPPALLI,TAMIL NADU,138
S22183,AIYAPPAN,Independent,ARANTHANGI,TAMIL NADU,138
S2266,SARAVANAN. M,Independent,POLUR,TAMIL NADU,138
S22188,K.MANIKANDAPRABU,Independent,MELUR,TAMIL NADU,138
S22209,RADHA KRISHNAN. G,Independent,PARAMAKUDI,TAMIL NADU,138
S22131,MANIKANDAN V,Independent,NATHAM,TAMIL NADU,138
S2237,M. BALAJI,Independent,KANCHEEPURAM,TAMIL NADU,138
S22221,ESAKKI. K,Independent,KADAYANALLUR,TAMIL NADU,138
S2288,RADHAKRISHNAN. R,Independent,SALEM,TAMIL NADU,137
S22116,NAGARAJ.K.,Ganasangam Party of India,SULUR,TAMIL NADU,137
S2226,SURESH K,Independent,VELACHERY,TAMIL NADU,137
S22174,R. SABTHAGIRI,Independent,THANJAVUR,TAMIL NADU,137
S22148,SAMINATHAN. C,Independent,KUNNAM,TAMIL NADU,137
S2262,M.MUGILARASAN,Independent,CHENGAM,TAMIL NADU,137
S22206,SANTHOSH KUMAR R,Independent,VIRUDHUNAGAR,TAMIL NADU,137
S2295,VIJAY SURYABHALAAJI K R,All India Puratchi Thalaivar Makkal Munnettra Kazhagam,PARAMATHI-VELUR,TAMIL NADU,137
S22214,PRASANNA KUMAR M.,Makkal Nalvaazhvuk Katchi,THOOTHUKKUDI,TAMIL NADU,137
S22202,SHANMUGACHANDRA VELAVAN. C.C,Independent,RAJAPALAYAM,TAMIL NADU,137
S22230,RETNA MONY S,Independent,NAGERCOIL,TAMIL NADU,137
S2289,SABAREESAN. D,Independent,SALEM,TAMIL NADU,137
S22182,B.SELVAM,Independent,ALANGUDI,TAMIL NADU,136
S2287,MANIKANDAN. P,Independent,SANKARI,TAMIL NADU,136
S22151,PADMANATHAN V,Independent,TITTAKUDI,TAMIL NADU,136
S2239,V.HEMACHANDIRAN,Independent,SHOLINGUR,TAMIL NADU,136
S2278,GOWTHAM C,Independent,RISHIVANDIYAM,TAMIL NADU,136
S22149,KUMAR K,Independent,ARIYALUR,TAMIL NADU,136
S2298,NATHIYA.S,Independent,ERODE,TAMIL NADU,136
S2276,EDWIN ABINESH A,Independent,TIRUKKOYILUR,TAMIL NADU,136
S22127,THANNASIAPPAN. P,Independent,PALANI,TAMIL NADU,136
S2250,SATHIYAMOORTHY. S,Makkal Nala Kazhagam,TIRUPPATTUR,TAMIL NADU,136
S22195,VALLARASAN. K.,Independent,THIRUPARANKUNDRAM,TAMIL NADU,136
S22153,MAYAKRISHNAN.K,Veerath Thiyagi Viswanathadoss Thozhilalarkal Katchi,NEYVELI,TAMIL NADU,136
S2284,MANI. V,Independent,OMALUR,TAMIL NADU,136
S22163,SAKTHIVEL,Independent,NAGAPATTINAM,TAMIL NADU,136
S22155,P.NATARAJAN,Bahujan Samaj Party,CUDDALORE,TAMIL NADU,136
S22181,RAJA.K,All India Puratchi Thalaivar Makkal Munnettra Kazhagam,THIRUMAYAM,TAMIL NADU,135
S2263,NAKKIRAN. A,Thamizhaka Padaippalar Makkal Katchi,TIRUVANNAMALAI,TAMIL NADU,135
S2234,EZHIL. E,Independent,CHEYYUR,TAMIL NADU,135
S2255,DEVAPPA.Y,Independent,HOSUR,TAMIL NADU,135
S2291,SENTHILKUMAR. M,Independent,VEERAPANDI,TAMIL NADU,135
S22125,KALIMUTHU S.,Independent,UDUMALAIPETTAI,TAMIL NADU,135
S228,M.S. ARUMUGAM,Independent,AMBATTUR,TAMIL NADU,135
S22143,P. SARAVANAN,Tamizhaga Vaazhvurimai Katchi,LALGUDI,TAMIL NADU,135
S22185,SETHU. P,Independent,TIRUPPATTUR,TAMIL NADU,135
S22216,VIYANARASU. A,Tamizhaga Vaazhvurimai Katchi,SRIVAIKUNTAM,TAMIL NADU,135
S22191,A.RAJANGAM,Independent,MADURAI NORTH,TAMIL NADU,135
S2243,S.M.IRSHAD,Tamizhaga Vaazhvurimai Katchi,VELLORE,TAMIL NADU,135
S2251,PALANI R,Thakkam Katchi,UTHANGARAI,TAMIL NADU,135
S22104,BOOPATHI RAJARAJA CHOZHAN. M,Independent,BHAVANI,TAMIL NADU,134
S22183,UDAIYAPPAN. M,Independent,ARANTHANGI,TAMIL NADU,134
S224,E. RAJARATHINAM,Tamizhaga Vaazhvurimai Katchi,THIRUVALLUR,TAMIL NADU,134
S22231,ANTONY ALANKARAM. K,Independent,COLACHAL,TAMIL NADU,134
S2215,PRAKASH ARUNACHALAM,Independent,THIRU-VI-KA-NAGAR,TAMIL NADU,134
S22179,PALANISAMY. A,Independent,VIRALIMALAI,TAMIL NADU,134
S22219,N.SELVAM,Naam Indiar Party,SANKARANKOVIL,TAMIL NADU,134
S2215,PRASANTH. D,Independent,THIRU-VI-KA-NAGAR,TAMIL NADU,134
S2221,E.V.S.RAJAKUMAR NAIDU,Tamil Telugu National Party,ANNA NAGAR,TAMIL NADU,134
S22118,S. SAMPATHKUMAR,Independent,COIMBATORE,TAMIL NADU,134
S22135,KANDASAMY. P,Independent,KARUR,TAMIL NADU,134
S22228,KINGSLY ISACC JEBARAJ.S,Independent,RADHAPURAM,TAMIL NADU,134
S2226,MANI. M,Veerath Thiyagi Viswanathadoss Thozhilalarkal Katchi,VELACHERY,TAMIL NADU,133
S22137,CHANDRASEKAR.P,Independent,KULITHALAI,TAMIL NADU,133
S22198,PACKIARAJ.S,Independent,ANDIPATTI,TAMIL NADU,133
S2239,R.VINOTH,Veerath Thiyagi Viswanathadoss Thozhilalarkal Katchi,SHOLINGUR,TAMIL NADU,133
S2271,SUNDAR C,Independent,MAILAM,TAMIL NADU,133
S22142,JAYACHANDRAN. P,Independent,THIRUVERUMBUR,TAMIL NADU,133
S2239,A.ANANDAN,Independent,SHOLINGUR,TAMIL NADU,133
S225,DHASARATHAN.R,Independent,POONAMALLEE,TAMIL NADU,133
S22196,ALAGAR.A,Ezhuchi Tamilargal Munnetra Kazhagam,THIRUMANGALAM,TAMIL NADU,133
S22114,DHANABAL. D,Independent,TIRUPPUR,TAMIL NADU,132
S22144,KARTHIKEYAN. P,Independent,MANACHANALLUR,TAMIL NADU,132
S223,PAVENDHAN.Y.R,Tamizhaga Vaazhvurimai Katchi,TIRUTTANI,TAMIL NADU,132
S22223,K ARUNKUMAR,Independent,ALANGULAM,TAMIL NADU,132
S2276,PRABHAKARAN V J,Independent,TIRUKKOYILUR,TAMIL NADU,132
S22141,C. NANDA KUMAR,All India Puratchi Thalaivar Makkal Munnettra Kazhagam,TIRUCHIRAPPALLI,TAMIL NADU,132
S22182,S.VANMEGANADHAN,Independent,ALANGUDI,TAMIL NADU,132
S2298,C.THIYAGARAJAN,Independent,ERODE,TAMIL NADU,132
S2223,SOUNDARARAJAN. N,Naam Indiar Party,SAIDAPET,TAMIL NADU,132
S22153,JOTHIMURUGAN.V,Bahujan Samaj Party,NEYVELI,TAMIL NADU,131
S2221,T S HABEEB MOHAMMAD,Independent,ANNA NAGAR,TAMIL NADU,131
S22143,P. ELANCHEZHIYAN,Puthiya Tamilagam,LALGUDI,TAMIL NADU,131
S22133,RAMESH. T,Tamizhaga Vaazhvurimai Katchi,VEDASANDUR,TAMIL NADU,131
S2243,M.VINOTHKUMAR,Anna MGR Dravida Makkal Kalgam,VELLORE,TAMIL NADU,131
S2223,PARTHIBAN. S,MGR Makkal Katchi,SAIDAPET,TAMIL NADU,131
S2248,FIRDOSE AHMED. M,Independent,AMBUR,TAMIL NADU,130
S22216,MUNDASAMY.  K,Vishwa Tamil Kazhagam,SRIVAIKUNTAM,TAMIL NADU,130
S22179,BALASUBRAMANIAN. M,Independent,VIRALIMALAI,TAMIL NADU,130
S22222,K.M.KALIAPPAN,Independent,TENKASI,TAMIL NADU,130
S22121,N.RAJASEKARAN,Independent,SINGANALLUR,TAMIL NADU,130
S2226,POYYAMOZHI. M,Proutist Sarva Samaj,VELACHERY,TAMIL NADU,130
S2226,DIWAKAR. R,Independent,VELACHERY,TAMIL NADU,130
S22204,THANGA DURAI. P,Puthiya Makkal Tamil Desam Katchi,SATTUR,TAMIL NADU,130
S22194,ANANDH K,Independent,MADURAI WEST,TAMIL NADU,130
S22143,K. SENTHILKUMAR,Independent,LALGUDI,TAMIL NADU,130
S22144,SARAVANAKUMAR. S,Independent,MANACHANALLUR,TAMIL NADU,130
S2264,LOKESHWARAN.R,Anti Corruption Dynamic Party,KILPENNATHUR,TAMIL NADU,130
S2278,RAJA S,Independent,RISHIVANDIYAM,TAMIL NADU,130
S2263,ELUMALAI. C  S/O CHINNAKUZHANTHAI,Independent,TIRUVANNAMALAI,TAMIL NADU,130
S22158,EASAN NATARAJAN. T,Independent,CHIDAMBARAM,TAMIL NADU,130
S22180,V.R. JAYAKUMAR,Independent,PUDUKKOTTAI,TAMIL NADU,129
S22152,PRABAKARAN.T,Independent,VRIDDHACHALAM,TAMIL NADU,129
S2263,RAMESH. V,Independent,TIRUVANNAMALAI,TAMIL NADU,129
S2221,L NARENDRAN,Independent,ANNA NAGAR,TAMIL NADU,129
S2226,SARABESHWAR SISU. P,Independent,VELACHERY,TAMIL NADU,129
S22185,PANCHAVARNAM. M,Independent,TIRUPPATTUR,TAMIL NADU,129
S229,A.PONNALAGAN,Independent,MADAVARAM,TAMIL NADU,129
S2250,BALABHARATHI. S.V,Independent,TIRUPPATTUR,TAMIL NADU,128
S2289,RAJASEKAR. S,Independent,SALEM,TAMIL NADU,128
S2270,MOHAMMAD SIDDIQ M H,Veerath Thiyagi Viswanathadoss Thozhilalarkal Katchi,GINGEE,TAMIL NADU,128
S22180,RAMACHANDRAN .C,Independent,PUDUKKOTTAI,TAMIL NADU,128
S2297,AMIRTHALINGAM,Independent,KUMARAPALAYAM,TAMIL NADU,128
S2249,KAMATCHI S,Independent,JOLARPET,TAMIL NADU,128
S22203,VARATHARAJAN.A,Naam Indiar Party,SRIVILLIPUTHUR,TAMIL NADU,128
S22234,SATHEESH. S,Independent,KILLIYOOR,TAMIL NADU,128
S22121,K.KUMAR BABU,Independent,SINGANALLUR,TAMIL NADU,127
S2250,GNANASEKARAN. M,Independent,TIRUPPATTUR,TAMIL NADU,127
S228,K. SEKAR,Independent,AMBATTUR,TAMIL NADU,127
S2275,RAJARAM M,Independent,VIKRAVANDI,TAMIL NADU,127
S2215,M. LOKESH,Independent,THIRU-VI-KA-NAGAR,TAMIL NADU,127
S22173,ABIMAN,Independent,THIRUVAIYARU,TAMIL NADU,127
S22226,A. SUDHAHAR,Independent,PALAYAMKOTTAI,TAMIL NADU,127
S228,RAJKUMAR,Tamizhaga Vaazhvurimai Katchi,AMBATTUR,TAMIL NADU,127
S2232,S.DELHI BABU,Independent,CHENGALPATTU,TAMIL NADU,127
S22104,KARTHIKEYAN. P,Independent,BHAVANI,TAMIL NADU,127
S2221,B.ANAND,Thakkam Katchi,ANNA NAGAR,TAMIL NADU,127
S22138,KUTTAIAN,Independent,MANAPPARAI,TAMIL NADU,126
S228,S. JANARTHANAN,Independent,AMBATTUR,TAMIL NADU,126
S2221,J NAGARAJ,Independent,ANNA NAGAR,TAMIL NADU,126
S22204,MUTHARASAN. M,Independent,SATTUR,TAMIL NADU,126
S22123,T. NITHYANANTHAM,Independent,POLLACHI,TAMIL NADU,126
S22158,MUNISANKAR. K,Anna Puratchi Thalaivar Amma Dravida Munnetra Kazhagam,CHIDAMBARAM,TAMIL NADU,126
S22194,THARMA PRABU V S,Independent,MADURAI WEST,TAMIL NADU,126
S22101,GOWRI.P,Independent,DHARAPURAM,TAMIL NADU,125
S22119,KALAIVANI.S,Independent,THONDAMUTHUR,TAMIL NADU,125
S22210,N ANBU BAGURUDEEN,Independent,TIRUVADANAI,TAMIL NADU,125
S2278,KARTHIKEYAN V,Independent,RISHIVANDIYAM,TAMIL NADU,125
S2213,R. SENTHIL KUMAR,Independent,KOLATHUR,TAMIL NADU,125
S2236,GUNASEKAR.V,Independent,UTHIRAMERUR,TAMIL NADU,125
S22182,M.NAGARAJAN,Independent,ALANGUDI,TAMIL NADU,125
S2239,S.ILAYARAJA,Independent,SHOLINGUR,TAMIL NADU,124
S22125,GANESH S.,Independent,UDUMALAIPETTAI,TAMIL NADU,124
S22231,MURALI. M,Tamizhaga Vaazhvurimai Katchi,COLACHAL,TAMIL NADU,124
S2224,PADMINI NARASIMHAN,Independent,THIYAGARAYANAGAR,TAMIL NADU,124
S2222,SABARINATHAN.P,Independent,VIRUGAMPAKKAM,TAMIL NADU,124
S22208,KALIMUTHU.S,Independent,TIRUCHULI,TAMIL NADU,124
S2269,MUTHUPERUMAL. K,Aanaithinthiya Jananayaka Pathukappu Kazhagam,VANDAVASI,TAMIL NADU,124
S22141,G. SEBASTIAN ANAND,Independent,TIRUCHIRAPPALLI,TAMIL NADU,124
S2224,ABUKITHER M,Independent,THIYAGARAYANAGAR,TAMIL NADU,123
S2227,M. ALEXANDAR,Naam Indiar Party,SHOZHINGANALLUR,TAMIL NADU,123
S22220,M. ARUMUGASAMY,Independent,VASUDEVANALLUR,TAMIL NADU,123
S2283,KALIYAPPAN. A,Independent,YERCAUD,TAMIL NADU,123
S22204,VENKATESAN. M,Independent,SATTUR,TAMIL NADU,123
S22115,M. SELVARAJ,Independent,PALLADAM,TAMIL NADU,123
S22226,S.THANGADURAI,Naam Indiar Party,PALAYAMKOTTAI,TAMIL NADU,123
S2243,S.MADHAN KUMAR,Independent,VELLORE,TAMIL NADU,123
S22136,DINESH KUMAR.A,Independent,KRISHNARAYAPURAM,TAMIL NADU,123
S2227,JAIKUMAR BALACHANDRAN,Independent,SHOZHINGANALLUR,TAMIL NADU,123
S2222,DINESHKUMAR.N,Independent,VIRUGAMPAKKAM,TAMIL NADU,122
S2213,SELVI STEFFI. V. M,Independent,KOLATHUR,TAMIL NADU,122
S2232,A.ESAKKIAPPAN,Independent,CHENGALPATTU,TAMIL NADU,122
S22191,M J VOLTAIRE,Socialist Unity Centre Of India (COMMUNIST),MADURAI NORTH,TAMIL NADU,122
S22206,AMIRTHA PANDI M.V,Independent,VIRUDHUNAGAR,TAMIL NADU,122
S22191,M.P.SANKARAPANDI,Independent,MADURAI NORTH,TAMIL NADU,122
S2240,DHANASEKAR,Independent,KATPADI,TAMIL NADU,122
S22140,SUNDARAPANDIYARAJA,Independent,TIRUCHIRAPPALLI,TAMIL NADU,122
S22134,SIVALINGAM. T,Independent,ARAVAKURICHI,TAMIL NADU,122
S22195,UKKRA PANDIAN. S.,Independent,THIRUPARANKUNDRAM,TAMIL NADU,122
S2263,MALLI. S,Tamizhaga Vaazhvurimai Katchi,TIRUVANNAMALAI,TAMIL NADU,122
S22180,K. RENGAN,Puthiya Tamilagam,PUDUKKOTTAI,TAMIL NADU,122
S2289,RAJENDRAN. A,Independent,SALEM,TAMIL NADU,122
S22136,VIMALRAJ. S,Independent,KRISHNARAYAPURAM,TAMIL NADU,121
S22228,MURUGAN.P,Thamizhaka Padaippalar Makkal Katchi,RADHAPURAM,TAMIL NADU,121
S2269,KANNIYAPPAN. S,Independent,VANDAVASI,TAMIL NADU,121
S2285,JAGANATHAN. A,Independent,METTUR,TAMIL NADU,121
S2271,ANANDHABABU M,Tamizhaga Vaazhvurimai Katchi,MAILAM,TAMIL NADU,121
S2260,POOVARASU,Tamilar Makkal Katchi,PAPPIREDDIPATTI,TAMIL NADU,121
S22118,P. SARAVANAN,Independent,COIMBATORE,TAMIL NADU,121
S22118,S. SENTHILKUMAR,Samaniya Makkal Nala Katchi,COIMBATORE,TAMIL NADU,121
S2292,KRISHNAMOORTHI P,Tamizhaga Vaazhvurimai Katchi,RASIPURAM,TAMIL NADU,121
S22189,CHANDRA MOULISWARAN A,Independent,MADURAI EAST,TAMIL NADU,121
S22143,M. RAMESHKUMAR,Independent,LALGUDI,TAMIL NADU,120
S2261,KUPPURAJ. K,Tamilar Makkal Katchi,HARUR,TAMIL NADU,120
S22111,M.PALANICHAMI,Independent,METTUPPALAYAM,TAMIL NADU,120
S2297,KARTHI,Independent,KUMARAPALAYAM,TAMIL NADU,120
S2262,P.SELVAM,Independent,CHENGAM,TAMIL NADU,120
S22126,A SHANMUGAVEL,Independent,MADATHUKULAM,TAMIL NADU,120
S2225,MOORTHY. S,Thamizhaga Dravidar Katchi,MYLAPORE,TAMIL NADU,120
S2228,V.ANBARASAN,Independent,ALANDUR,TAMIL NADU,120
S22207,SUNDARAMAHALINGAM. A,Independent,ARUPPUKKOTTAI,TAMIL NADU,120
S22205,MURUGAN M,Independent,SIVAKASI,TAMIL NADU,120
S22206,RANJITH S,Independent,VIRUDHUNAGAR,TAMIL NADU,119
S22202,SARAVANAN. G,Independent,RAJAPALAYAM,TAMIL NADU,119
S22200,CHANDRASEKARAN.S,Independent,BODINAYAKANUR,TAMIL NADU,119
S22117,V.PUSHPANANTHAM,Tamizhaga Murpokku Makkal Katchi,KAVUNDAMPALAYAM,TAMIL NADU,119
S2250,MOHAN RAJ. R,Independent,TIRUPPATTUR,TAMIL NADU,119
S22111,T.AMIRTHALINGAM,Independent,METTUPPALAYAM,TAMIL NADU,119
S22208,RAJKUMAR.D,Tamizhaga Vaazhvurimai Katchi,TIRUCHULI,TAMIL NADU,119
S2223,GINGSTON. M,Independent,SAIDAPET,TAMIL NADU,119
S227,V. KAMALA KANNAN,Independent,MADURAVOYAL,TAMIL NADU,119
S2212,BOWDHARAJ,Independent,PERAMBUR,TAMIL NADU,118
S22118,V. KRISHNAN,Independent,COIMBATORE,TAMIL NADU,118
S2292,JAYANTHI M,Independent,RASIPURAM,TAMIL NADU,118
S2288,BHARANITHARAN.D.K,Independent,SALEM,TAMIL NADU,118
S2257,JAYARAMAN PERUMAL. P.,Tamizhaga Vaazhvurimai Katchi,PALACODU,TAMIL NADU,118
S2299,M. RUKMANI,Samaniya Makkal Nala Katchi,ERODE,TAMIL NADU,118
S2235,M.KADIRVEL,Independent,MADURANTAKAM,TAMIL NADU,118
S22136,SOUNDRAPANDIAN. S,Ganasangam Party of India,KRISHNARAYAPURAM,TAMIL NADU,118
S224,R. RAMANAN,Independent,THIRUVALLUR,TAMIL NADU,118
S22206,VIKRAMAN N,Desa Makkal Munnetrak Kazhagam,VIRUDHUNAGAR,TAMIL NADU,118
S22149,RAJKUMAR S,All India Puratchi Thalaivar Makkal Munnettra Kazhagam,ARIYALUR,TAMIL NADU,117
S22140,P.RAJENDRAN,Independent,TIRUCHIRAPPALLI,TAMIL NADU,117
S2290,JAYARAJ. S,Independent,SALEM,TAMIL NADU,117
S2210,GOPI. K,Independent,THIRUVOTTIYUR,TAMIL NADU,117
S22137,M.VADIVELAN,Independent,KULITHALAI,TAMIL NADU,117
S2267,MAHALAKSHMI. G,Independent,ARANI,TAMIL NADU,117
S2289,MAHABUB JOHN. K,Independent,SALEM,TAMIL NADU,117
S22144,RAJASEHAR. R,Independent,MANACHANALLUR,TAMIL NADU,117
S22229,DAVID SAHAYA BASCAR,Independent,KANNIYAKUMARI,TAMIL NADU,117
S2226,ROKESH KUMAR. V,Tamizhaga Vaazhvurimai Katchi,VELACHERY,TAMIL NADU,117
S22120,K. DINESH KUMAR,Independent,COIMBATORE,TAMIL NADU,117
S22136,DINESH KUMAR. N,Independent,KRISHNARAYAPURAM,TAMIL NADU,116
S22188,S.BOOPATHI,Independent,MELUR,TAMIL NADU,116
S2257,SENTHILKUMAR. K,Independent,PALACODU,TAMIL NADU,116
S22194,MUTHUPANDI R,Vishwa Tamil Kazhagam,MADURAI WEST,TAMIL NADU,116
S22114,DINESHKUMAR. V,Independent,TIRUPPUR,TAMIL NADU,116
S22230,ANTONY MICHAEL J,Viro Ke Vir Indian Party,NAGERCOIL,TAMIL NADU,116
S2295,BAKKIAM P,Anaithinthiya Anna Dravida Makkal Seyal katchi,PARAMATHI-VELUR,TAMIL NADU,116
S2275,YEASURAJA M,Independent,VIKRAVANDI,TAMIL NADU,115
S2227,FARMER JAYARAMAN S K J,Independent,SHOZHINGANALLUR,TAMIL NADU,115
S22207,ANANDHAN. A,Independent,ARUPPUKKOTTAI,TAMIL NADU,115
S2250,ANJALI. M,Independent,TIRUPPATTUR,TAMIL NADU,115
S22167,MUTHUVEL.V,Tamilaga Makkal Nala Katchi,MANNARGUDI,TAMIL NADU,115
S2219,RAJASEKAR. S,Independent,CHEPAUK-THIRUVALLIKENI,TAMIL NADU,115
S2227,P.CHANDRA KANTH,Independent,SHOZHINGANALLUR,TAMIL NADU,115
S2231,S.KARTHIK,Independent,TAMBARAM,TAMIL NADU,115
S22214,BABU P.,Independent,THOOTHUKKUDI,TAMIL NADU,115
S2251,RAMESHWARI,Bharat Jan Chikitsa Party,UTHANGARAI,TAMIL NADU,115
S22121,UMA PARAMASIVAM,Independent,SINGANALLUR,TAMIL NADU,115
S2227,R.YOGESHWARAN,Independent,SHOZHINGANALLUR,TAMIL NADU,115
S22150,ISAC NEWTAN J.,Independent,JAYANKONDAM,TAMIL NADU,115
S22142,JOSEPH. L,Samaniya Makkal Nala Katchi,THIRUVERUMBUR,TAMIL NADU,114
S2257,CHINNASAMY. N.,Independent,PALACODU,TAMIL NADU,114
S22106,SAKTHIVEL.G,Independent,GOBICHETTIPALAYAM,TAMIL NADU,114
S22224,ESWARA VADIVU. S.,Naam Indiar Party,TIRUNELVELI,TAMIL NADU,114
S22222,K.MUTHU,Independent,TENKASI,TAMIL NADU,114
S22142,DEEPAK. P,Independent,THIRUVERUMBUR,TAMIL NADU,114
S22129,K. VELMURUGAN,Independent,ATHOOR,TAMIL NADU,114
S22123,K. NITHYANANDAN,Independent,POLLACHI,TAMIL NADU,114
S22208,GURUSAMY.T,Independent,TIRUCHULI,TAMIL NADU,114
S2294,RAMESH A,Independent,NAMAKKAL,TAMIL NADU,114
S22134,SILAMBARASAN. P,Independent,ARAVAKURICHI,TAMIL NADU,114
S22137,M.ARUNKUMAR,Independent,KULITHALAI,TAMIL NADU,113
S2245,KUMARESAN. L,Independent,KILVAITHINANKUPPAM,TAMIL NADU,113
S2279,DR.MURUGU K,Independent,SANKARAPURAM,TAMIL NADU,113
S2294,JAYARAMAN M,Independent,NAMAKKAL,TAMIL NADU,113
S22144,SHANMUGAM. V.T,Independent,MANACHANALLUR,TAMIL NADU,113
S2270,GOKULRAJ S,Independent,GINGEE,TAMIL NADU,113
S2242,V.SHANTHI,Independent,ARCOT,TAMIL NADU,113
S2269,MUTHUSELVAM. V,Anti Corruption Dynamic Party,VANDAVASI,TAMIL NADU,113
S22198,VIJAYARAJ.R,Independent,ANDIPATTI,TAMIL NADU,113
S2293,C JAGANATHAN,All India Puratchi Thalaivar Makkal Munnettra Kazhagam,SENTHAMANGALAM,TAMIL NADU,113
S22196,AYYANAN.P,Independent,THIRUMANGALAM,TAMIL NADU,112
S2279,SAMIKKANNU M,Independent,SANKARAPURAM,TAMIL NADU,112
S2295,PRATHAP K,Independent,PARAMATHI-VELUR,TAMIL NADU,112
S2229,ELANGOVAN SIVAKUMAR,Independent,SRIPERUMBUDUR,TAMIL NADU,112
S2273,SIVAKUMAR R,Independent,VANUR,TAMIL NADU,112
S2229,E. MURUGAN,Independent,SRIPERUMBUDUR,TAMIL NADU,112
S2211,M. SATHISH,Independent,DR.RADHAKRISHNAN NAGAR,TAMIL NADU,112
S22230,SUYAMBULINGAM P,Independent,NAGERCOIL,TAMIL NADU,112
S22210,DEVASITHAM,Independent,TIRUVADANAI,TAMIL NADU,112
S22118,K. RAGHUL GANDHI,All India Puratchi Thalaivar Makkal Munnettra Kazhagam,COIMBATORE,TAMIL NADU,112
S22180,C. KARUPPAIAH,Independent,PUDUKKOTTAI,TAMIL NADU,112
S22210,ALLA PICHAI,Independent,TIRUVADANAI,TAMIL NADU,112
S22233,MURUGANANDHA PRASAD T,Independent,VILAVANCODE,TAMIL NADU,112
S2293,P RAMASAMY,Tamizhaga Vaazhvurimai Katchi,SENTHAMANGALAM,TAMIL NADU,111
S2279,JAYAPRAKASH K,Independent,SANKARAPURAM,TAMIL NADU,111
S22222,A.MARIAPPAN,Independent,TENKASI,TAMIL NADU,111
S2294,MOHAN P,Independent,NAMAKKAL,TAMIL NADU,111
S2288,VIJAYAKUMAR. S,Independent,SALEM,TAMIL NADU,111
S22230,GUNASEKARAN S,Independent,NAGERCOIL,TAMIL NADU,111
S22201,SARAVANAN S.R.,Independent,CUMBUM,TAMIL NADU,111
S22131,TAMILSELVAN C,Independent,NATHAM,TAMIL NADU,111
S22121,RAJKUMAR.M,Independent,SINGANALLUR,TAMIL NADU,111
S2216,D. THIRUNAVUKKARASAR,Tamizhaga Vaazhvurimai Katchi,EGMORE,TAMIL NADU,111
S2277,SASIKUMAR N,Independent,ULUNDURPETTAI,TAMIL NADU,110
S2210,JANAGARAJ,Independent,THIRUVOTTIYUR,TAMIL NADU,110
S2261,SAMPATH. K,Independent,HARUR,TAMIL NADU,110
S2237,P. VENKATESAN,All India Puratchi Thalaivar Makkal Munnettra Kazhagam,KANCHEEPURAM,TAMIL NADU,110
S22141,S. PANNEER SELVAM,Independent,TIRUCHIRAPPALLI,TAMIL NADU,109
S22221,S. MURUGANANTHAM,Independent,KADAYANALLUR,TAMIL NADU,109
S2225,VINU PRADHA. A,Independent,MYLAPORE,TAMIL NADU,109
S22116,KANDASAMY.A.,Independent,SULUR,TAMIL NADU,109
S22224,SELVAKUMAR SINGH,Bahujan Dravida Party,TIRUNELVELI,TAMIL NADU,109
S22210,M.VIJAY,Independent,TIRUVADANAI,TAMIL NADU,109
S2247,ABDUL WAHID.A,Independent,VANIYAMBADI,TAMIL NADU,109
S22221,VENKATESH. P,Independent,KADAYANALLUR,TAMIL NADU,109
S22195,ARUMUGAM. G.,Independent,THIRUPARANKUNDRAM,TAMIL NADU,108
S22119,KARTHIKEYAN.R-THONDAMUTHUR,Independent,THONDAMUTHUR,TAMIL NADU,108
S2224,RAVI M L,Desiya Makkal Sakthi Katchi,THIYAGARAYANAGAR,TAMIL NADU,108
S22233,PRAVEEN KUMAR,Independent,VILAVANCODE,TAMIL NADU,108
S22208,VELLAISAMY.P,Ahimsa Socialist Party,TIRUCHULI,TAMIL NADU,108
S2288,ARUL. T,Independent,SALEM,TAMIL NADU,108
S2218,BABU SINGH,Independent,HARBOUR,TAMIL NADU,108
S2259,PRABHAKARAN. M.,Independent,DHARMAPURI,TAMIL NADU,108
S22140,M.KALAIMANI,Independent,TIRUCHIRAPPALLI,TAMIL NADU,108
S2276,SELVAM K,Veerath Thiyagi Viswanathadoss Thozhilalarkal Katchi,TIRUKKOYILUR,TAMIL NADU,108
S22202,VIJENDRAN. G,Independent,RAJAPALAYAM,TAMIL NADU,108
S2214,SHANMUGA D,Independent,VILLIVAKKAM,TAMIL NADU,107
S22146,K.SAROJA,Independent,THURAIYUR,TAMIL NADU,107
S2285,VELU. A,Vada Tamil Nadu Munnetra Katchi,METTUR,TAMIL NADU,107
S2222,RAVIKUMAR,Independent,VIRUGAMPAKKAM,TAMIL NADU,107
S22162,NOOR NISHA. M,Independent,POOMPUHAR,TAMIL NADU,107
S22138,A. RAMAN,Independent,MANAPPARAI,TAMIL NADU,107
S2232,KARTHICK.A,Independent,CHENGALPATTU,TAMIL NADU,107
S2282,MANIMARAN. A.,Independent,ATTUR,TAMIL NADU,107
S2225,VENKATARAMAN. B,Independent,MYLAPORE,TAMIL NADU,107
S22229,RAMAKRISHNAN.C,Independent,KANNIYAKUMARI,TAMIL NADU,107
S22161,NATARAJAN. R,Independent,MAYILADUTHURAI,TAMIL NADU,106
S2238,G. MOHAN,Independent,ARAKKONAM,TAMIL NADU,106
S22201,BALAN R,Independent,CUMBUM,TAMIL NADU,106
S226,M. ERAJASIMMAN,Independent,AVADI,TAMIL NADU,105
S22193,SALEEM,Independent,MADURAI CENTRAL,TAMIL NADU,105
S22141,ANAND SELVARAJ,National Maha Sabha Party,TIRUCHIRAPPALLI,TAMIL NADU,105
S2265,KRISHNAMURTHY. M,Independent,KALASAPAKKAM,TAMIL NADU,105
S226,RAJASEKAR. R,Independent,AVADI,TAMIL NADU,105
S22204,MUTHUKANNU. C,Tamilaga Makkal Nala Katchi,SATTUR,TAMIL NADU,105
S2228,MAHESH KUMAR,Independent,ALANDUR,TAMIL NADU,105
S22162,ANANDARAJ. D,Independent,POOMPUHAR,TAMIL NADU,105
S2213,OORMILA,Tamizhaga Vaazhvurimai Katchi,KOLATHUR,TAMIL NADU,105
S22196,SAKKARAVARTHY.P,Independent,THIRUMANGALAM,TAMIL NADU,105
S2279,ANBAZHAGAN S,Independent,SANKARAPURAM,TAMIL NADU,105
S2281,GUNAPRAKASH. D,Independent,GANGAVALLI,TAMIL NADU,105
S22120,B. YUVARAJ,Independent,COIMBATORE,TAMIL NADU,105
S22169,SURESH. V,Independent,NANNILAM,TAMIL NADU,104
S2269,AMBEDKAR. T,Independent,VANDAVASI,TAMIL NADU,104
S2267,AMMU. V,Independent,ARANI,TAMIL NADU,104
S2275,SAKTHIVEL A,Independent,VIKRAVANDI,TAMIL NADU,104
S2285,CHIDAMBARAM. A,Independent,METTUR,TAMIL NADU,104
S2249,SANKAR T.K,Tamizhaga Vaazhvurimai Katchi,JOLARPET,TAMIL NADU,104
S22118,G.D. KRISHNAKUMAR,Independent,COIMBATORE,TAMIL NADU,104
S22119,ARULKUMAR.P,Independent,THONDAMUTHUR,TAMIL NADU,104
S22161,BHARATHIRAJA. B,Independent,MAYILADUTHURAI,TAMIL NADU,104
S22167,MARIMUTHU.A.V.M,Independent,MANNARGUDI,TAMIL NADU,104
S22214,MUNEESWARA MOORTHY S.,Independent,THOOTHUKKUDI,TAMIL NADU,104
S22218,GURUSAMY.K,Independent,KOVILPATTI,TAMIL NADU,104
S22219,M. RAJ,Independent,SANKARANKOVIL,TAMIL NADU,104
S22226,D.SANTHIYAGAPPAR ANTONY,Independent,PALAYAMKOTTAI,TAMIL NADU,104
S221,A.H. SIVA GANESH,Independent,GUMMIDIPOONDI,TAMIL NADU,104
S22135,KATHIRAVAN. P,Independent,KARUR,TAMIL NADU,103
S2243,S.APPU,Independent,VELLORE,TAMIL NADU,103
S22132,UMAR ALI. R,Independent,DINDIGUL,TAMIL NADU,103
S22144,DIVESH. S,Independent,MANACHANALLUR,TAMIL NADU,103
S22131,VIJAYAKUMAR S,Puthiya Tamilagam,NATHAM,TAMIL NADU,103
S22228,MAHALAKSHMI,Puthiya Makkal Tamil Desam Katchi,RADHAPURAM,TAMIL NADU,103
S22169,BHARATHIMOHAN.  K.S,Independent,NANNILAM,TAMIL NADU,103
S228,PALANI,Independent,AMBATTUR,TAMIL NADU,103
S2230,P.RAVICHANDRAN,Independent,PALLAVARAM,TAMIL NADU,103
S2243,S.GIRIDHARA PRASAD,Party for the Rights of Other backward Classes,VELLORE,TAMIL NADU,103
S2275,THAMIZHVENGAI KA,Desiya Makkal Sakthi Katchi,VIKRAVANDI,TAMIL NADU,103
S2242,ESWARAPPAN.M,Independent,ARCOT,TAMIL NADU,103
S2234,KRISHNAKANTH. E,Independent,CHEYYUR,TAMIL NADU,103
S2239,R.SETHUPATHI,Independent,SHOLINGUR,TAMIL NADU,103
S228,G.P. SEKAR,Independent,AMBATTUR,TAMIL NADU,103
S2291,DEVENDHIRAPRABU. M,Independent,VEERAPANDI,TAMIL NADU,103
S2255,DR.SHANMUGAM.A.R.,Independent,HOSUR,TAMIL NADU,103
S2227,V. KANDHAN,Independent,SHOZHINGANALLUR,TAMIL NADU,103
S22224,ESAKKIRAJA. V.,Independent,TIRUNELVELI,TAMIL NADU,102
S2265,SARAVANAN. V,Tamizhaga Vaazhvurimai Katchi,KALASAPAKKAM,TAMIL NADU,102
S22121,SUBARAMANIAN.N,Independent,SINGANALLUR,TAMIL NADU,102
S228,D.K.MESHACK KIRUBAKARAN,Independent,AMBATTUR,TAMIL NADU,102
S2220,VALARMATHY.D,Independent,THOUSAND LIGHTS,TAMIL NADU,102
S22180,K. DHANAGOPAL,Independent,PUDUKKOTTAI,TAMIL NADU,102
S22153,SATHIYASEELAN.M,Independent,NEYVELI,TAMIL NADU,102
S22205,GANESAN S,Independent,SIVAKASI,TAMIL NADU,102
S2247,SELVARAJ.M,Independent,VANIYAMBADI,TAMIL NADU,102
S22128,CHELLAMUTHU. K,Independent,ODDANCHATRAM,TAMIL NADU,101
S22142,CHARLES. S,Independent,THIRUVERUMBUR,TAMIL NADU,101
S2221,MOHAMMED BILAL FATHICK,Independent,ANNA NAGAR,TAMIL NADU,101
S2212,J. SEBASTIN,Socialist Unity Centre Of India (COMMUNIST),PERAMBUR,TAMIL NADU,101
S2222,MUTHURAJ.T,Tamizhaga Vaazhvurimai Katchi,VIRUGAMPAKKAM,TAMIL NADU,101
S22191,P MUTHUSAMY,Independent,MADURAI NORTH,TAMIL NADU,101
S22143,MANSOOR ALIKHAN,Independent,LALGUDI,TAMIL NADU,101
S22141,SUKUMAR .S,Thamizhaka Padaippalar Makkal Katchi,TIRUCHIRAPPALLI,TAMIL NADU,101
S2222,SRINIVASAN.M,Independent,VIRUGAMPAKKAM,TAMIL NADU,101
S22104,PARASAKTHI. P,Samaniya Makkal Nala Katchi,BHAVANI,TAMIL NADU,101
S22135,RAMACHANDRAN. A,Ganasangam Party of India,KARUR,TAMIL NADU,101
S22221,M. ARUMUGASAMY,Independent,KADAYANALLUR,TAMIL NADU,101
S2295,THANGARASU M,Independent,PARAMATHI-VELUR,TAMIL NADU,100
S22180,G. MANIMEGALAI,Communist Party of India (Marxist-Leninist) (Liberation),PUDUKKOTTAI,TAMIL NADU,100
S2279,SANNIYASI N,Veerath Thiyagi Viswanathadoss Thozhilalarkal Katchi,SANKARAPURAM,TAMIL NADU,100
S22106,SHANMUGAM.G,Independent,GOBICHETTIPALAYAM,TAMIL NADU,100
S2274,VIJAYA D,Independent,VILUPPURAM,TAMIL NADU,100
S22113,S.ANANDHAKUMAR,Independent,TIRUPPUR,TAMIL NADU,100
S22150,VEZHAVENTHAN D.,Independent,JAYANKONDAM,TAMIL NADU,100
S22230,AJITH KUMAR A,Independent,NAGERCOIL,TAMIL NADU,100
S22186,IRUDAYARAJ V,Independent,SIVAGANGA,TAMIL NADU,99
S2294,STALIN R,Independent,NAMAKKAL,TAMIL NADU,99
S227,K. GANAPATHY,Independent,MADURAVOYAL,TAMIL NADU,99
S2249,CHENRAYAN A,Independent,JOLARPET,TAMIL NADU,99
S2272,CHANDARAN. A,Independent,TINDIVANAM,TAMIL NADU,99
S2290,MAYAKANNAN. N,Independent,SALEM,TAMIL NADU,99
S22128,ANANTHRAJ. T,Independent,ODDANCHATRAM,TAMIL NADU,99
S22111,RANGASAMYP.,Independent,METTUPPALAYAM,TAMIL NADU,99
S2216,T. MAGIZHANBAN,All India Puratchi Thalaivar Makkal Munnettra Kazhagam,EGMORE,TAMIL NADU,99
S2214,ASHOK KUMAR C.A,Independent,VILLIVAKKAM,TAMIL NADU,99
S22139,RAVICHANDIRAN.N,Independent,SRIRANGAM,TAMIL NADU,99
S2230,S.VETRI VEL,Independent,PALLAVARAM,TAMIL NADU,99
S2217,R. RAJKUMAR,Independent,ROYAPURAM,TAMIL NADU,99
S229,R.S.BALAJI,Independent,MADAVARAM,TAMIL NADU,99
S2285,KANNAN. M,Independent,METTUR,TAMIL NADU,99
S22119,DEVADASS.K,Independent,THONDAMUTHUR,TAMIL NADU,99
S2212,D.V. VENUGOPAL,Tamizhaga Vaazhvurimai Katchi,PERAMBUR,TAMIL NADU,98
S22111,MANOHARAN,Independent,METTUPPALAYAM,TAMIL NADU,98
S2227,A.MOHAMMED GANI,Independent,SHOZHINGANALLUR,TAMIL NADU,98
S22201,RAJADURAI S,Independent,CUMBUM,TAMIL NADU,98
S22102,GOWTHAM,Independent,KANGAYAM,TAMIL NADU,98
S2231,T.DHIVAKARAN,Independent,TAMBARAM,TAMIL NADU,98
S2271,VIJAYAGANTH K,Independent,MAILAM,TAMIL NADU,97
S22181,RAMSINGH.SK,Tamizhaga Vaazhvurimai Katchi,THIRUMAYAM,TAMIL NADU,97
S22215,PACKIA SAM. T,Naam Indiar Party,TIRUCHENDUR,TAMIL NADU,97
S2297,R.KUMARESAN,Independent,KUMARAPALAYAM,TAMIL NADU,97
S2279,KAVIKUIL V,Independent,SANKARAPURAM,TAMIL NADU,97
S2278,RAJA K,Independent,RISHIVANDIYAM,TAMIL NADU,97
S2289,PRAVINA. G,Independent,SALEM,TAMIL NADU,97
S22155,E.GURUBARAN,Independent,CUDDALORE,TAMIL NADU,97
S22155,R.MAYAVAN,Independent,CUDDALORE,TAMIL NADU,97
S2286,SUBRAMANI. P,Independent,EDAPPADI,TAMIL NADU,97
S22132,GOPI KRISHNAN PILLAI. S,Rashtriya Samaj Dal (R),DINDIGUL,TAMIL NADU,96
S22215,VEERAPPA. T,Independent,TIRUCHENDUR,TAMIL NADU,96
S22179,ADAIKALARAJ. S,Independent,VIRALIMALAI,TAMIL NADU,96
S22118,RAJASEKARAN. B.,Tamizhaga Vaazhvurimai Katchi,COIMBATORE,TAMIL NADU,96
S2287,RANJITH KUMAR. V,Independent,SANKARI,TAMIL NADU,96
S2291,GOPI. R,Independent,VEERAPANDI,TAMIL NADU,96
S2293,C SUTHAN,Independent,SENTHAMANGALAM,TAMIL NADU,96
S2294,MAHENDRAN P,Anaithinthiya Anna Dravida Makkal Seyal katchi,NAMAKKAL,TAMIL NADU,96
S2298,M.DHARANI KUMAR,Independent,ERODE,TAMIL NADU,96
S2296,RAJAKUMAR P,Independent,TIRUCHENGODU,TAMIL NADU,96
S22146,E.SAROJA,Independent,THURAIYUR,TAMIL NADU,95
S22118,RAVI. V,Independent,COIMBATORE,TAMIL NADU,95
S2236,CITTIBABU.R,Independent,UTHIRAMERUR,TAMIL NADU,95
S22170,KEERTHIGA. K,Independent,THIRUVIDAIMARUDUR,TAMIL NADU,95
S22202,GANESAN. K,Independent,RAJAPALAYAM,TAMIL NADU,95
S2244,M.NANDHA KUMAR,Independent,ANAIKATTU,TAMIL NADU,95
S22137,O.KATHALINGAM,Independent,KULITHALAI,TAMIL NADU,95
S2273,ANANDAKUMAR P M,Thakkam Katchi,VANUR,TAMIL NADU,95
S2212,DR.D. MADAN,Independent,PERAMBUR,TAMIL NADU,95
S2241,N. SUGUMAR,Independent,RANIPET,TAMIL NADU,94
S22191,C.SATHISHKUMAR,Independent,MADURAI NORTH,TAMIL NADU,94
S2274,RAMAN K,Independent,VILUPPURAM,TAMIL NADU,94
S2283,KARTHIK. N,Independent,YERCAUD,TAMIL NADU,94
S22230,DINESH,Independent,NAGERCOIL,TAMIL NADU,94
S2215,C. CHRISTY,All India Puratchi Thalaivar Makkal Munnettra Kazhagam,THIRU-VI-KA-NAGAR,TAMIL NADU,94
S2231,R.RAVIKUMAR,Independent,TAMBARAM,TAMIL NADU,94
S22133,SELVARAJ. V,Independent,VEDASANDUR,TAMIL NADU,94
S2276,PALANISAMY E,Independent,TIRUKKOYILUR,TAMIL NADU,94
S226,UNIESH RAJ. M,Independent,AVADI,TAMIL NADU,94
S22218,CHINNA MAHARAJA.K,Independent,KOVILPATTI,TAMIL NADU,94
S2212,K.M. DEVAN,Makkal Murasu Katchi,PERAMBUR,TAMIL NADU,94
S2248,HAROON RASHEED BADU,All India Puratchi Thalaivar Makkal Munnettra Kazhagam,AMBUR,TAMIL NADU,93
S2263,VIGNESH. M,Independent,TIRUVANNAMALAI,TAMIL NADU,93
S2274,VIJAYA M,Independent,VILUPPURAM,TAMIL NADU,93
S2296,ESWARAN M,Independent,TIRUCHENGODU,TAMIL NADU,93
S22229,SUDHAGAR.R,Independent,KANNIYAKUMARI,TAMIL NADU,93
S2290,PARTHIBAN. A,Independent,SALEM,TAMIL NADU,93
S2273,AYYANAR E,Independent,VANUR,TAMIL NADU,93
S2223,PRITHVIRAJ. A,Independent,SAIDAPET,TAMIL NADU,93
S2228,A.VELUSAMY,Puthiya Tamilagam,ALANDUR,TAMIL NADU,93
S2223,PRASAD. N,Independent,SAIDAPET,TAMIL NADU,93
S2271,MANAVALAN A,Anna MGR Dravida Makkal Kalgam,MAILAM,TAMIL NADU,93
S2212,B. BALAJI,Independent,PERAMBUR,TAMIL NADU,93
S22228,SUNDARAJAN.S,Independent,RADHAPURAM,TAMIL NADU,93
S22120,V. SENTHILKUMAR,Independent,COIMBATORE,TAMIL NADU,92
S22228,JEYARAJ.P V S,Independent,RADHAPURAM,TAMIL NADU,92
S22142,SUBBULAKSHMI. R,Independent,THIRUVERUMBUR,TAMIL NADU,92
S2216,RAJMOHAN,Independent,EGMORE,TAMIL NADU,92
S22126,K SHANMUGAVEL,Independent,MADATHUKULAM,TAMIL NADU,92
S22127,THIRUMALAISAMY. B,Independent,PALANI,TAMIL NADU,92
S22136,MURUGANANDHAM. P.K,Independent,KRISHNARAYAPURAM,TAMIL NADU,92
S2290,SANTHOSH. S,Independent,SALEM,TAMIL NADU,92
S22193,RAJENDRAN R,Independent,MADURAI CENTRAL,TAMIL NADU,92
S2271,KARVANNAN K,Independent,MAILAM,TAMIL NADU,92
S2292,TAMILAZHAGAN M,Independent,RASIPURAM,TAMIL NADU,92
S2294,NETAJIKAVIARASU V,Independent,NAMAKKAL,TAMIL NADU,92
S22134,NATCHIMUTHU. V,Independent,ARAVAKURICHI,TAMIL NADU,92
S2288,KARTHICK.R,Independent,SALEM,TAMIL NADU,91
S22121,V.BALAMURUGAN,Independent,SINGANALLUR,TAMIL NADU,91
S22182,T.THIRUMARAN,Independent,ALANGUDI,TAMIL NADU,91
S2296,DHANAPAL SUBRAMANIYAM,Anaithinthiya Anna Dravida Makkal Seyal katchi,TIRUCHENGODU,TAMIL NADU,91
S2265,SUMAN. M,Aanaithinthiya Jananayaka Pathukappu Kazhagam,KALASAPAKKAM,TAMIL NADU,91
S2263,RAJA. V,Independent,TIRUVANNAMALAI,TAMIL NADU,91
S2290,PRAVEEN KUMAR. M,Independent,SALEM,TAMIL NADU,91
S2222,RANGARAJ.G,Independent,VIRUGAMPAKKAM,TAMIL NADU,91
S2211,K. MURALI,Independent,DR.RADHAKRISHNAN NAGAR,TAMIL NADU,91
S2289,MANIVANNAN. S,Independent,SALEM,TAMIL NADU,90
S22222,GANESHAN. S,Independent,TENKASI,TAMIL NADU,90
S22116,KANDASAMY.V.,Independent,SULUR,TAMIL NADU,90
S22218,RENGANAYAGALU.S,Independent,KOVILPATTI,TAMIL NADU,90
S22171,KARTHI G,Independent,KUMBAKONAM,TAMIL NADU,90
S22119,KARTHIKEYAN.M,Independent,THONDAMUTHUR,TAMIL NADU,90
S2278,ANBU D,Independent,RISHIVANDIYAM,TAMIL NADU,90
S2295,LATHA A,Independent,PARAMATHI-VELUR,TAMIL NADU,90
S2267,JAYANTHI. M,Independent,ARANI,TAMIL NADU,90
S2244,S.SELVAMOORTHY,Independent,ANAIKATTU,TAMIL NADU,90
S22179,VEERAMANI. M,Independent,VIRALIMALAI,TAMIL NADU,90
S22229,THANUNEELAN . S,Independent,KANNIYAKUMARI,TAMIL NADU,90
S2212,VIJAY. G,Independent,PERAMBUR,TAMIL NADU,90
S22194,MUTHUKUMAR D,Independent,MADURAI WEST,TAMIL NADU,89
S228,JOTHI.M,Independent,AMBATTUR,TAMIL NADU,89
S22118,R. MANIAN,Independent,COIMBATORE,TAMIL NADU,89
S22128,ARUMUGAM. M,Independent,ODDANCHATRAM,TAMIL NADU,89
S22171,RAMAMOORTHI R,Independent,KUMBAKONAM,TAMIL NADU,89
S22226,R.SESU,Independent,PALAYAMKOTTAI,TAMIL NADU,89
S22111,P.RAVICHANDRAN,Independent,METTUPPALAYAM,TAMIL NADU,89
S2282,MANIKANDAN. M.,Independent,ATTUR,TAMIL NADU,89
S22157,SARAVANAN . J,Independent,BHUVANAGIRI,TAMIL NADU,89
S22180,C. RAMACHANDRAN,Independent,PUDUKKOTTAI,TAMIL NADU,89
S2228,S.ROYAPPAN,Tamizhaga Vaazhvurimai Katchi,ALANDUR,TAMIL NADU,89
S2226,ASHOK. M,Independent,VELACHERY,TAMIL NADU,88
S22208,JEYACHITRA,Independent,TIRUCHULI,TAMIL NADU,88
S22233,SHIBU AMOSE,Independent,VILAVANCODE,TAMIL NADU,88
S2285,KANNAN. R,Independent,METTUR,TAMIL NADU,88
S2222,CHANDRA SEKAR.K,Independent,VIRUGAMPAKKAM,TAMIL NADU,88
S2288,MOHAN RAJ. R,Independent,SALEM,TAMIL NADU,88
S2225,NAGARAJAN. S,All India Jananayaka Makkal Kazhagam,MYLAPORE,TAMIL NADU,88
S2214,MURALI R,Independent,VILLIVAKKAM,TAMIL NADU,88
S2231,P.PON RAJA,Tamizhaga Vaazhvurimai Katchi,TAMBARAM,TAMIL NADU,88
S2243,K.M.VINAAYAGAM,Viro Ke Vir Indian Party,VELLORE,TAMIL NADU,88
S22204,NARMADA NANDHAKUMAR,Independent,SATTUR,TAMIL NADU,88
S22132,SARANYA. M,Independent,DINDIGUL,TAMIL NADU,88
S22213,V. GANESAN,Independent,VILATHIKULAM,TAMIL NADU,88
S2263,ELUMALAI. C S/O CHINNARASU,Independent,TIRUVANNAMALAI,TAMIL NADU,87
S2279,HARUN RASHEETH J,Independent,SANKARAPURAM,TAMIL NADU,87
S22213,A. PRABAHAR,Independent,VILATHIKULAM,TAMIL NADU,87
S22123,P. NAGARAJ,Independent,POLLACHI,TAMIL NADU,87
S22118,S. DHANA RAJ,Independent,COIMBATORE,TAMIL NADU,87
S22216,BHARATH. M,Naam Indiar Party,SRIVAIKUNTAM,TAMIL NADU,87
S22143,K. DHARMARAJ,Independent,LALGUDI,TAMIL NADU,86
S2249,VEERAMANI H,Independent,JOLARPET,TAMIL NADU,86
S2287,SAKTHIVEL. G,Independent,SANKARI,TAMIL NADU,86
S2211,V.SUDHAKAR,Independent,DR.RADHAKRISHNAN NAGAR,TAMIL NADU,86
S2224,MYTHILI C,Independent,THIYAGARAYANAGAR,TAMIL NADU,86
S22134,MANIKANDAN. T,Independent,ARAVAKURICHI,TAMIL NADU,86
S22181,SATHISHKUMAR.M,Independent,THIRUMAYAM,TAMIL NADU,86
S2298,A.MANIKANDAN,Tamizhaga Vaazhvurimai Katchi,ERODE,TAMIL NADU,86
S22204,AJITHKUMAR. S,Independent,SATTUR,TAMIL NADU,86
S22194,RAHAMADULLAH S,Independent,MADURAI WEST,TAMIL NADU,86
S22204,KALIRAJ. M,Independent,SATTUR,TAMIL NADU,86
S22139,PARAMASIVAM,Independent,SRIRANGAM,TAMIL NADU,86
S22169,SHANMUGARAJA. D,Independent,NANNILAM,TAMIL NADU,86
S22163,K.RAJASEKAR,Puthiya Tamilagam,NAGAPATTINAM,TAMIL NADU,86
S2248,GOVINDHAN. A,All India Youth Development Party,AMBUR,TAMIL NADU,85
S2226,KANNAN. K,Independent,VELACHERY,TAMIL NADU,85
S2279,VIGNESH R,Independent,SANKARAPURAM,TAMIL NADU,85
S22208,CHENNA KESAVAN.P,Independent,TIRUCHULI,TAMIL NADU,85
S2288,ARUL .S,Independent,SALEM,TAMIL NADU,85
S22188,K.SETHURAMAN,Independent,MELUR,TAMIL NADU,85
S22148,CHANDRASEKAR. P,Independent,KUNNAM,TAMIL NADU,85
S22214,MARUTHU PANDIAN P.,Independent,THOOTHUKKUDI,TAMIL NADU,85
S22234,JUSTIN. T,Indian Christian Front,KILLIYOOR,TAMIL NADU,85
S22196,NAGOOR.M,Independent,THIRUMANGALAM,TAMIL NADU,84
S227,R. YUVARAJ,Independent,MADURAVOYAL,TAMIL NADU,84
S2217,J. SELVAKUMAR,Independent,ROYAPURAM,TAMIL NADU,84
S2213,J. SURIYA MUTHU,Independent,KOLATHUR,TAMIL NADU,84
S2274,PRAVEEN KUMAR R,Independent,VILUPPURAM,TAMIL NADU,84
S22137,M.GAYATHIRI,Independent,KULITHALAI,TAMIL NADU,84
S22125,ELSY C.,Independent,UDUMALAIPETTAI,TAMIL NADU,84
S22139,MOHAMED MUSTHAFA. M,Independent,SRIRANGAM,TAMIL NADU,84
S2262,C.MALATHI,Tamizhaga Vaazhvurimai Katchi,CHENGAM,TAMIL NADU,84
S22170,ARAVINDARAJ. R,Independent,THIRUVIDAIMARUDUR,TAMIL NADU,84
S22196,MUTHURAJA.M,Independent,THIRUMANGALAM,TAMIL NADU,83
S2217,M. RAJKUMAR,Tamizhaga Vaazhvurimai Katchi,ROYAPURAM,TAMIL NADU,83
S2219,SYEED LAYAK BHASHA,Independent,CHEPAUK-THIRUVALLIKENI,TAMIL NADU,83
S22180,M. A. MUTHUKUMAR,Independent,PUDUKKOTTAI,TAMIL NADU,83
S22162,MURUGAN. S,Independent,POOMPUHAR,TAMIL NADU,83
S22193,MANIVANNAN,Independent,MADURAI CENTRAL,TAMIL NADU,83
S2273,MURALI M,Independent,VANUR,TAMIL NADU,83
S227,VIGNESH NANDAGOPAL,Independent,MADURAVOYAL,TAMIL NADU,83
S22137,B.KAJAHMOHIDEEN,Independent,KULITHALAI,TAMIL NADU,83
S2278,NARAYANAN L,Independent,RISHIVANDIYAM,TAMIL NADU,83
S2220,VIJAY.D,Independent,THOUSAND LIGHTS,TAMIL NADU,83
S228,VINAYAGAMOORTHY.R,Independent,AMBATTUR,TAMIL NADU,83
S22115,A.SARAVANAN,Independent,PALLADAM,TAMIL NADU,83
S22171,SENTHAMILSELVI S,Independent,KUMBAKONAM,TAMIL NADU,83
S2287,RAMESHKUMAR. V,Independent,SANKARI,TAMIL NADU,83
S2295,KARTHIK R,Independent,PARAMATHI-VELUR,TAMIL NADU,83
S2295,SURESH R,Independent,PARAMATHI-VELUR,TAMIL NADU,82
S2270,BANUKUMAR R,Independent,GINGEE,TAMIL NADU,82
S2271,SURESH KUMAR S,Indhia Kudiarasu Katchi,MAILAM,TAMIL NADU,82
S22121,M.ASHOK KUMAR,Independent,SINGANALLUR,TAMIL NADU,82
S22198,JEYAMURUGAN.M.P,Veerath Thiyagi Viswanathadoss Thozhilalarkal Katchi,ANDIPATTI,TAMIL NADU,82
S2222,GOPINATH.G,Independent,VIRUGAMPAKKAM,TAMIL NADU,82
S22161,JAMAL MOHAMED,Independent,MAYILADUTHURAI,TAMIL NADU,82
S22191,J.KESAVARAJAH,Independent,MADURAI NORTH,TAMIL NADU,82
S22137,T.MURUGANANTHAM,Independent,KULITHALAI,TAMIL NADU,82
S22229,KANAGARAJ.T,Independent,KANNIYAKUMARI,TAMIL NADU,81
S2263,VELU. V,Anti Corruption Dynamic Party,TIRUVANNAMALAI,TAMIL NADU,81
S22131,DHANDABANI K,Independent,NATHAM,TAMIL NADU,81
S22180,G. ARIVAZHAGAN,Independent,PUDUKKOTTAI,TAMIL NADU,81
S22114,VIJAYAKUMAR. M,Anna Puratchi Thalaivar Amma Dravida Munnetra Kazhagam,TIRUPPUR,TAMIL NADU,81
S2276,KARTHICK S,Independent,TIRUKKOYILUR,TAMIL NADU,81
S22233,DAVID T,Independent,VILAVANCODE,TAMIL NADU,81
S22144,SATHEESKUMAR. K,Independent,MANACHANALLUR,TAMIL NADU,80
S22222,R. SELVAKUMAR,Naam Indiar Party,TENKASI,TAMIL NADU,80
S2291,KARTHI. R,Independent,VEERAPANDI,TAMIL NADU,80
S22205,GANESAN V,Independent,SIVAKASI,TAMIL NADU,80
S22207,MUNIYANDI. M,Independent,ARUPPUKKOTTAI,TAMIL NADU,80
S2298,K.DHAVASIAPPAN,Tamilaga Makkal Nala Katchi,ERODE,TAMIL NADU,80
S22141,T. GANGAI ULAGANATHAN,Independent,TIRUCHIRAPPALLI,TAMIL NADU,79
S2224,BADRI S,Independent,THIYAGARAYANAGAR,TAMIL NADU,79
S2225,SELVAMUTHU. S,Independent,MYLAPORE,TAMIL NADU,79
S22137,K.VEERAMALAI,Independent,KULITHALAI,TAMIL NADU,79
S2234,ARUN. C,Independent,CHEYYUR,TAMIL NADU,79
S2224,MANIKANDAN N,Independent,THIYAGARAYANAGAR,TAMIL NADU,79
S2213,NANDA KUMAR,Independent,KOLATHUR,TAMIL NADU,79
S22136,RAJAGURU.M,Samaniya Makkal Nala Katchi,KRISHNARAYAPURAM,TAMIL NADU,79
S2291,JAYAVEL. M,Independent,VEERAPANDI,TAMIL NADU,79
S2240,GANESAN .P,Indhu Dravida Makkal Katchi,KATPADI,TAMIL NADU,79
S22133,NATCHIMUTHU. R,Independent,VEDASANDUR,TAMIL NADU,78
S2272,DURKALI. N,Independent,TINDIVANAM,TAMIL NADU,78
S2228,A.SARAVANAN,Independent,ALANDUR,TAMIL NADU,78
S22102,T.NATARAJ,Independent,KANGAYAM,TAMIL NADU,78
S22200,GOWTHAM.R,Independent,BODINAYAKANUR,TAMIL NADU,78
S2212,P. THANGAMANI,Independent,PERAMBUR,TAMIL NADU,78
S2212,AZARUTHEEN.M,Independent,PERAMBUR,TAMIL NADU,78
S227,SARAVANAN KUMAR,Independent,MADURAVOYAL,TAMIL NADU,78
S2237,V. SOMASUNDARAM,Independent,KANCHEEPURAM,TAMIL NADU,78
S2230,M.SANKAR,Independent,PALLAVARAM,TAMIL NADU,78
S22161,KARTHICK. A,Samaniya Makkal Nala Katchi,MAYILADUTHURAI,TAMIL NADU,78
S2260,CHINNASAMY. P,Independent,PAPPIREDDIPATTI,TAMIL NADU,78
S2277,SANKAR S,Independent,ULUNDURPETTAI,TAMIL NADU,78
S2215,M. KOLANJI,Independent,THIRU-VI-KA-NAGAR,TAMIL NADU,77
S22103,VALARMATHI. P,Samaniya Makkal Nala Katchi,PERUNDURAI,TAMIL NADU,77
S2214,SUBRAMANI K,Independent,VILLIVAKKAM,TAMIL NADU,77
S2226,JANAGARAJ RAVI GUNASEELAN,Independent,VELACHERY,TAMIL NADU,77
S2289,PALANISAMY. R,Independent,SALEM,TAMIL NADU,77
S2228,ARAVIND CHANDRASEKAR,Indhu Dravida Makkal Katchi,ALANDUR,TAMIL NADU,77
S2244,E.SURESH,Independent,ANAIKATTU,TAMIL NADU,77
S228,P. ARUMUGAM,Independent,AMBATTUR,TAMIL NADU,77
S2263,MAHESWARI. R,Independent,TIRUVANNAMALAI,TAMIL NADU,77
S22119,KOWSALYA.V,Independent,THONDAMUTHUR,TAMIL NADU,77
S22218,PONNUSAMY.M,Independent,KOVILPATTI,TAMIL NADU,77
S2212,S. JOSEPH,Independent,PERAMBUR,TAMIL NADU,77
S2274,BALAMURUGAN N,Independent,VILUPPURAM,TAMIL NADU,77
S2210,ARAVIND. R,Independent,THIRUVOTTIYUR,TAMIL NADU,77
S22208,MUNIYASAMY.R,Independent,TIRUCHULI,TAMIL NADU,77
S226,K. ANNAMALAI,Independent,AVADI,TAMIL NADU,77
S2217,D. JAYAKUMAR,Independent,ROYAPURAM,TAMIL NADU,76
S22207,CHINNASAMY. G,Independent,ARUPPUKKOTTAI,TAMIL NADU,76
S2264,SANTHOSHKUMAR.E,Independent,KILPENNATHUR,TAMIL NADU,76
S2218,ASHOK KUMAR,Independent,HARBOUR,TAMIL NADU,76
S22228,ANANTHI.R,Independent,RADHAPURAM,TAMIL NADU,76
S2298,R.DHANDAPANI,Veerath Thiyagi Viswanathadoss Thozhilalarkal Katchi,ERODE,TAMIL NADU,76
S22140,M.CHANDRASEKARAN,Independent,TIRUCHIRAPPALLI,TAMIL NADU,76
S2260,SATHISH. S,Independent,PAPPIREDDIPATTI,TAMIL NADU,76
S2228,S.SARAVANAN,Independent,ALANDUR,TAMIL NADU,76
S2275,MURUGAN C,Independent,VIKRAVANDI,TAMIL NADU,76
S2249,KAVITHA T,Independent,JOLARPET,TAMIL NADU,76
S22114,JOHN BASHA. A,Tamizhaga Vaazhvurimai Katchi,TIRUPPUR,TAMIL NADU,76
S22202,ALAGUPANDIAN. A,Independent,RAJAPALAYAM,TAMIL NADU,75
S2290,PALANIAPPAN. M,Independent,SALEM,TAMIL NADU,75
S22179,SUBBAIAH. R,Independent,VIRALIMALAI,TAMIL NADU,75
S22144,REVATHI. S,Akila Inthiya Makkal Marumalarchi Kazhakam,MANACHANALLUR,TAMIL NADU,75
S2297,S JAYAVEL,Independent,KUMARAPALAYAM,TAMIL NADU,75
S22116,NELSON.W.,Tamilaga Makkal Nala Katchi,SULUR,TAMIL NADU,75
S22132,ANIS BABU. M,Independent,DINDIGUL,TAMIL NADU,75
S2238,M. MANIKANDAN,Independent,ARAKKONAM,TAMIL NADU,75
S2265,BASKARAN. R,Independent,KALASAPAKKAM,TAMIL NADU,75
S22118,S. MEENAKSHI SUNDARAM,Tamizhaga Murpokku Makkal Katchi,COIMBATORE,TAMIL NADU,75
S2237,GNANAMOORTHY,Independent,KANCHEEPURAM,TAMIL NADU,74
S2288,DHANAPAL,Independent,SALEM,TAMIL NADU,74
S22180,A. RAJASEKAR,Veerath Thiyagi Viswanathadoss Thozhilalarkal Katchi,PUDUKKOTTAI,TAMIL NADU,74
S2213,A. L. NARESH KUMAR,Independent,KOLATHUR,TAMIL NADU,74
S2272,VANJINATHAN. C,Tamizhaga Vaazhvurimai Katchi,TINDIVANAM,TAMIL NADU,74
S22149,KRISHNAMOORTHY C,Independent,ARIYALUR,TAMIL NADU,74
S2225,ROMANRAJ. A,Independent,MYLAPORE,TAMIL NADU,74
S22155,E.FAROOK ALI,Independent,CUDDALORE,TAMIL NADU,74
S2224,RAMACHANDRAN O N,Independent,THIYAGARAYANAGAR,TAMIL NADU,74
S2218,G VISU,Independent,HARBOUR,TAMIL NADU,73
S22234,DR. RAMACHANDRAN. M,Independent,KILLIYOOR,TAMIL NADU,73
S2213,M. RAJESHKUMAR,Independent,KOLATHUR,TAMIL NADU,73
S22179,JOTHIVEL. A,Independent,VIRALIMALAI,TAMIL NADU,73
S2277,ARASAN K,Independent,ULUNDURPETTAI,TAMIL NADU,73
S22143,A. JEGAN SALAMONDOSS,Independent,LALGUDI,TAMIL NADU,72
S2297,G. SAMUELRAJ,Independent,KUMARAPALAYAM,TAMIL NADU,72
S22190,AJAY SUBASH.B,Independent,SHOLAVANDAN,TAMIL NADU,72
S228,G. SAMPATH,Independent,AMBATTUR,TAMIL NADU,72
S22163,M.IYYANKALAI,Independent,NAGAPATTINAM,TAMIL NADU,72
S22193,GURU KARTHICK T,Independent,MADURAI CENTRAL,TAMIL NADU,72
S2219,AYISHA,Independent,CHEPAUK-THIRUVALLIKENI,TAMIL NADU,72
S22114,RATHINAVEL. M,Independent,TIRUPPUR,TAMIL NADU,72
S22133,SURESH. B,Independent,VEDASANDUR,TAMIL NADU,72
S2211,A.VIJAY,Independent,DR.RADHAKRISHNAN NAGAR,TAMIL NADU,71
S22201,NANTHAKUMAR A.,Independent,CUMBUM,TAMIL NADU,71
S22118,K. SAMPATH KUMAR,Independent,COIMBATORE,TAMIL NADU,71
S2212,ASHLIN BELMEN .A.S,Tamilnadu Mahatma Gandhi Makkal Katchi,PERAMBUR,TAMIL NADU,71
S2232,T. PREM BALAJI,Independent,CHENGALPATTU,TAMIL NADU,71
S2275,MOHAMMAD SIDDIQ M H,Veerath Thiyagi Viswanathadoss Thozhilalarkal Katchi,VIKRAVANDI,TAMIL NADU,71
S2290,LOGANATHAN. M,Independent,SALEM,TAMIL NADU,71
S227,MUTHURAMAN. S,Anna MGR Dravida Makkal Kalgam,MADURAVOYAL,TAMIL NADU,71
S2214,KARTHICK P,Independent,VILLIVAKKAM,TAMIL NADU,71
S22136,BABY. P,Independent,KRISHNARAYAPURAM,TAMIL NADU,71
S2294,MOHAN S,Independent,NAMAKKAL,TAMIL NADU,71
S22213,A. PATTURAJ,Independent,VILATHIKULAM,TAMIL NADU,71
S2295,RAMASAMY N,Independent,PARAMATHI-VELUR,TAMIL NADU,71
S2221,JANARTHANAN P,Independent,ANNA NAGAR,TAMIL NADU,71
S2297,PALANISAMY,Samaniya Makkal Nala Katchi,KUMARAPALAYAM,TAMIL NADU,71
S2262,D DHILIPKUMAR,Independent,CHENGAM,TAMIL NADU,71
S2238,P. GOVINDARAJ,Independent,ARAKKONAM,TAMIL NADU,70
S22228,OLIVER ANTON NAVAMONI. S,Independent,RADHAPURAM,TAMIL NADU,70
S22127,ANBARASU. R,Independent,PALANI,TAMIL NADU,70
S2221,RAJENDIRAN NAIDU,Independent,ANNA NAGAR,TAMIL NADU,70
S22230,JEBARSON S,Tamizhaga Vaazhvurimai Katchi,NAGERCOIL,TAMIL NADU,70
S22233,KRISHNAN M,Independent,VILAVANCODE,TAMIL NADU,70
S22134,RAJASEKARAN. N,Independent,ARAVAKURICHI,TAMIL NADU,70
S22179,THIRUMURUGAN. A,Independent,VIRALIMALAI,TAMIL NADU,70
S2226,VIGNESH. M,Independent,VELACHERY,TAMIL NADU,70
S2215,PRAVEEN THIYAGARAJAN,Independent,THIRU-VI-KA-NAGAR,TAMIL NADU,70
S2212,NIVETHA,Independent,PERAMBUR,TAMIL NADU,70
S22149,ELAIYARAJA C,Independent,ARIYALUR,TAMIL NADU,70
S22157,IYYAPPAN . S,Independent,BHUVANAGIRI,TAMIL NADU,70
S2236,KAMALAKANNAN.K,Independent,UTHIRAMERUR,TAMIL NADU,70
S22114,AMUTHAVEL. P,Independent,TIRUPPUR,TAMIL NADU,69
S2219,BHARATHKUMAR. G,Independent,CHEPAUK-THIRUVALLIKENI,TAMIL NADU,69
S2228,R.SELVAKUMAR,Independent,ALANDUR,TAMIL NADU,69
S22218,MUNEESWARAN.R,Independent,KOVILPATTI,TAMIL NADU,69
S2249,MOHANRAJ R,Independent,JOLARPET,TAMIL NADU,69
S2231,THAMBIRAJ.E,Naam Indiar Party,TAMBARAM,TAMIL NADU,69
S22198,KARUPPAIYA,Independent,ANDIPATTI,TAMIL NADU,68
S2224,VETRIVEL K,Independent,THIYAGARAYANAGAR,TAMIL NADU,68
S228,D. PUSHPA,Independent,AMBATTUR,TAMIL NADU,68
S2297,SIVARAJ,Independent,KUMARAPALAYAM,TAMIL NADU,68
S2232,G. CHRISTOPHER,Independent,CHENGALPATTU,TAMIL NADU,68
S22136,INDRAGANDHI. P,Independent,KRISHNARAYAPURAM,TAMIL NADU,68
S2275,RAMACHANDRAN A,Independent,VIKRAVANDI,TAMIL NADU,68
S2219,MOHAMED MEERA. A,Independent,CHEPAUK-THIRUVALLIKENI,TAMIL NADU,68
S2267,SELVAKOTTI. E,Veerath Thiyagi Viswanathadoss Thozhilalarkal Katchi,ARANI,TAMIL NADU,68
S2288,PANNEERSELVAM.P,Independent,SALEM,TAMIL NADU,68
S22137,S.IMRANKHAN,Independent,KULITHALAI,TAMIL NADU,68
S22102,K.ARUMUGAM,Independent,KANGAYAM,TAMIL NADU,68
S2237,M. SOMASUNDARAM,Independent,KANCHEEPURAM,TAMIL NADU,68
S22207,PALANIKUMAR. M,Independent,ARUPPUKKOTTAI,TAMIL NADU,68
S2273,SURESH C V,Independent,VANUR,TAMIL NADU,68
S22143,A. AMALAN SAVARIMUTHU,Independent,LALGUDI,TAMIL NADU,68
S2227,MUTHARASAN,Independent,SHOZHINGANALLUR,TAMIL NADU,67
S2286,SAKTHIVEL. S,Independent,EDAPPADI,TAMIL NADU,67
S227,M. BALASUBRAMANIAN,Independent,MADURAVOYAL,TAMIL NADU,67
S22135,ANBAZHAGAN. T,Independent,KARUR,TAMIL NADU,67
S22120,S. RANGARAJ,Independent,COIMBATORE,TAMIL NADU,67
S2298,S.LAKSHMANATHAN,Independent,ERODE,TAMIL NADU,67
S228,D. JEYAGANESH,Naam Indiar Party,AMBATTUR,TAMIL NADU,67
S227,D. ANANDAN,Independent,MADURAVOYAL,TAMIL NADU,67
S2224,RAJESH E,Independent,THIYAGARAYANAGAR,TAMIL NADU,67
S22137,M.TAMILSELVAN,Independent,KULITHALAI,TAMIL NADU,67
S2298,M.V.KARTHY,Independent,ERODE,TAMIL NADU,66
S22208,MARNADU.M,Independent,TIRUCHULI,TAMIL NADU,66
S2223,ANAND. S,Independent,SAIDAPET,TAMIL NADU,66
S22121,VIJAYAKUMAR,Independent,SINGANALLUR,TAMIL NADU,66
S2222,SANKAR.E,Independent,VIRUGAMPAKKAM,TAMIL NADU,66
S2226,VIGNESH. R,Independent,VELACHERY,TAMIL NADU,66
S2265,KRISHNAMURTHY. S,Independent,KALASAPAKKAM,TAMIL NADU,66
S22143,M. KRISHNAN,Independent,LALGUDI,TAMIL NADU,66
S22182,V.KANNADASSAN,Independent,ALANGUDI,TAMIL NADU,66
S22195,POUNRAJ. N.,Independent,THIRUPARANKUNDRAM,TAMIL NADU,66
S2263,VENKATESAN. M,Independent,TIRUVANNAMALAI,TAMIL NADU,66
S22230,SALATE KANAGARAJ A,Naam Indiar Party,NAGERCOIL,TAMIL NADU,66
S22190,RAMADOSS.C,Indhu Dravida Makkal Katchi,SHOLAVANDAN,TAMIL NADU,65
S2218,S GANESH,Independent,HARBOUR,TAMIL NADU,65
S2216,ARAVINDAN,Independent,EGMORE,TAMIL NADU,65
S22193,SIVAPERUMAL V,Independent,MADURAI CENTRAL,TAMIL NADU,65
S22208,ARAVINTHASAMY.J,Independent,TIRUCHULI,TAMIL NADU,65
S2211,C. RAJAMANICKAM,Independent,DR.RADHAKRISHNAN NAGAR,TAMIL NADU,65
S22121,DR.K.RAJKUMAR,Independent,SINGANALLUR,TAMIL NADU,65
S22120,IMTHIYAS,Independent,COIMBATORE,TAMIL NADU,65
S22118,V. LINGARAJA,Independent,COIMBATORE,TAMIL NADU,65
S2297,R.RAJA,Independent,KUMARAPALAYAM,TAMIL NADU,65
S2264,RAMACHANDRAN.K,Independent,KILPENNATHUR,TAMIL NADU,65
S2272,RAMNESHWARAN. V,Thakkam Katchi,TINDIVANAM,TAMIL NADU,65
S2225,PARTHIPAN. G,Independent,MYLAPORE,TAMIL NADU,64
S2224,MOORTHY N,Independent,THIYAGARAYANAGAR,TAMIL NADU,64
S2217,T. KAVIYARASU,Independent,ROYAPURAM,TAMIL NADU,64
S22180,K. MURUGESAN,Independent,PUDUKKOTTAI,TAMIL NADU,64
S2223,KANDHASAMY. R (ALIAS) BABU,Independent,SAIDAPET,TAMIL NADU,64
S22136,MAHAMUNI. A,Independent,KRISHNARAYAPURAM,TAMIL NADU,64
S2220,PRABHAKARAN.B,Independent,THOUSAND LIGHTS,TAMIL NADU,64
S2278,MARIKKANNU A,Independent,RISHIVANDIYAM,TAMIL NADU,64
S22142,YESURAJ. I,Independent,THIRUVERUMBUR,TAMIL NADU,64
S2213,R. MAHESH,Independent,KOLATHUR,TAMIL NADU,64
S2274,AKBAR ALI P,Independent,VILUPPURAM,TAMIL NADU,63
S2212,P. PONRAJ,Independent,PERAMBUR,TAMIL NADU,63
S22141,N. GOBINATH,Puthiya Tamilagam,TIRUCHIRAPPALLI,TAMIL NADU,63
S2226,AZARUTHEEN. M,Independent,VELACHERY,TAMIL NADU,63
S2222,KUMAR.S,Independent,VIRUGAMPAKKAM,TAMIL NADU,63
S2220,PRABHAKARAN.V,Independent,THOUSAND LIGHTS,TAMIL NADU,63
S22137,N.RAMAKRISHNAN,Independent,KULITHALAI,TAMIL NADU,63
S2217,A. SATHIK KUMAR,Democratic National Allegiance,ROYAPURAM,TAMIL NADU,63
S22201,SUBRAMANIYAM L R,Independent,CUMBUM,TAMIL NADU,62
S22210,A MANI,Independent,TIRUVADANAI,TAMIL NADU,62
S2274,MOHAN C,Independent,VILUPPURAM,TAMIL NADU,62
S2264,SASIKUMAR.S,Independent,KILPENNATHUR,TAMIL NADU,62
S22155,V. SUGANTHI,Independent,CUDDALORE,TAMIL NADU,62
S2231,S.BALASUBRAMANIAN,Independent,TAMBARAM,TAMIL NADU,62
S2217,V. BHAGATH SINGH,Independent,ROYAPURAM,TAMIL NADU,62
S2214,DEVARAJAN G,Independent,VILLIVAKKAM,TAMIL NADU,62
S22144,VEERAIYA. C,Tamizhaga Vaazhvurimai Katchi,MANACHANALLUR,TAMIL NADU,62
S22148,KATHIRAVAN. A.C,Independent,KUNNAM,TAMIL NADU,62
S22180,G. MUTHURAJ,Independent,PUDUKKOTTAI,TAMIL NADU,62
S2263,MARIKKANNU. E,Independent,TIRUVANNAMALAI,TAMIL NADU,61
S2290,SUMATHI. P,Independent,SALEM,TAMIL NADU,61
S2257,KRISHNAN. L.,Independent,PALACODU,TAMIL NADU,61
S2269,RAKESH SHARMA. R,Thakkam Katchi,VANDAVASI,TAMIL NADU,61
S2220,KARTHIKEYAN.S,Independent,THOUSAND LIGHTS,TAMIL NADU,61
S22134,ARASUMANI. G,Independent,ARAVAKURICHI,TAMIL NADU,61
S2226,RAJASEKAR. S,Independent,VELACHERY,TAMIL NADU,61
S22134,KIRUBANANTH. S,Independent,ARAVAKURICHI,TAMIL NADU,61
S22179,CHANDRAJOTHI. M,Independent,VIRALIMALAI,TAMIL NADU,60
S2267,JAYANTHI. E,Independent,ARANI,TAMIL NADU,60
S22118,R. SETHURAGUNATHAN,Independent,COIMBATORE,TAMIL NADU,60
S22163,VALLABADAS.E,Tamizhaga Vaazhvurimai Katchi,NAGAPATTINAM,TAMIL NADU,60
S22143,MOHAMED ABUBAKKAR SIDDIQ,Independent,LALGUDI,TAMIL NADU,60
S2216,VENKATESH. K,Independent,EGMORE,TAMIL NADU,60
S22114,VENKADASAMY. K,Independent,TIRUPPUR,TAMIL NADU,60
S22161,RAMKUMAR. S BBA.LLB,Independent,MAYILADUTHURAI,TAMIL NADU,60
S22114,MOHAMED MUBARAK ALI,Ganasangam Party of India,TIRUPPUR,TAMIL NADU,60
S2228,B. KALYANARAMKUMAR,Naam Indiar Party,ALANDUR,TAMIL NADU,60
S2263,ANBALAGAN. M,Independent,TIRUVANNAMALAI,TAMIL NADU,59
S22121,VASANTHI,Independent,SINGANALLUR,TAMIL NADU,59
S2271,SEKAR NAYAKAR I M,All India Puratchi Thalaivar Makkal Munnettra Kazhagam,MAILAM,TAMIL NADU,59
S22135,ELAMATHI. S,Independent,KARUR,TAMIL NADU,59
S22215,RAJALINGAM. M,Independent,TIRUCHENDUR,TAMIL NADU,59
S22130,KARUPPAIAH.S,Independent,NILAKKOTTAI,TAMIL NADU,59
S2243,M.LOGANATHAN,Independent,VELLORE,TAMIL NADU,59
S2290,PARTHIBAN. V,Independent,SALEM,TAMIL NADU,58
S2221,G.SIVA KUMAR,Independent,ANNA NAGAR,TAMIL NADU,58
S2291,GOPINATH. B,Independent,VEERAPANDI,TAMIL NADU,58
S22207,RAMAMOORTHY. G,Independent,ARUPPUKKOTTAI,TAMIL NADU,58
S22134,MATHIYALAGAN. P,Independent,ARAVAKURICHI,TAMIL NADU,58
S22179,MATHIYALAGAN. G,Independent,VIRALIMALAI,TAMIL NADU,58
S2214,KANNAN M,Independent,VILLIVAKKAM,TAMIL NADU,58
S2242,R.INDHUMATHI,Independent,ARCOT,TAMIL NADU,58
S2211,G. VIJAY,Independent,DR.RADHAKRISHNAN NAGAR,TAMIL NADU,58
S2263,VELU. K,Independent,TIRUVANNAMALAI,TAMIL NADU,58
S2221,M HARISHANKAR,Independent,ANNA NAGAR,TAMIL NADU,57
S2290,SUNDARAM. R,Independent,SALEM,TAMIL NADU,56
S2297,SARAVANAN,Independent,KUMARAPALAYAM,TAMIL NADU,56
S22207,VEERARAJ. R,Independent,ARUPPUKKOTTAI,TAMIL NADU,56
S2213,M. POORNIMA,Independent,KOLATHUR,TAMIL NADU,56
S2291,KAVITHA. M.P,Independent,VEERAPANDI,TAMIL NADU,56
S2273,THANGARASU N,Independent,VANUR,TAMIL NADU,56
S22179,VEERAMANI. M,Independent,VIRALIMALAI,TAMIL NADU,56
S22134,RAJENDARAN. N,Independent,ARAVAKURICHI,TAMIL NADU,56
S2218,K E MANOHAR,Independent,HARBOUR,TAMIL NADU,56
S22132,AROCKIA DASS. J,Independent,DINDIGUL,TAMIL NADU,56
S2213,P. MILANY,Independent,KOLATHUR,TAMIL NADU,56
S2298,SHANMUGAM.P,Independent,ERODE,TAMIL NADU,55
S22133,DHIVAKAR. A,Independent,VEDASANDUR,TAMIL NADU,55
S2213,ARUL DOSS. A.,Independent,KOLATHUR,TAMIL NADU,55
S2250,GOVIND. T.G,Independent,TIRUPPATTUR,TAMIL NADU,55
S2243,K.MUNIYAPPAN,ALL PENSIONERS PARTY,VELLORE,TAMIL NADU,55
S22218,GUNASEKARAN.P,Independent,KOVILPATTI,TAMIL NADU,55
S2275,PRABHAKARAN D,Independent,VIKRAVANDI,TAMIL NADU,55
S2211,L.SARAVANAN,Independent,DR.RADHAKRISHNAN NAGAR,TAMIL NADU,54
S2216,M. NAGARAJAN,Independent,EGMORE,TAMIL NADU,54
S22163,T.KATHIRAVAN,Independent,NAGAPATTINAM,TAMIL NADU,54
S2294,MOHAN M,Independent,NAMAKKAL,TAMIL NADU,54
S22118,R. SATHISH KUMAR,Independent,COIMBATORE,TAMIL NADU,54
S22150,VENKATAJALAPATHI R.,Independent,JAYANKONDAM,TAMIL NADU,54
S2211,G. BOTHI RAJAN,Independent,DR.RADHAKRISHNAN NAGAR,TAMIL NADU,54
S22142,VIJAYAKUMAR. N,Independent,THIRUVERUMBUR,TAMIL NADU,54
S22121,KARTHIK,Independent,SINGANALLUR,TAMIL NADU,54
S2240,SARAVANAN .D,Independent,KATPADI,TAMIL NADU,54
S22118,A. MARIMUTHU,Independent,COIMBATORE,TAMIL NADU,54
S22119,KARTHIKEYAN.R,Independent,THONDAMUTHUR,TAMIL NADU,54
S22132,KARMEGAM. R,Independent,DINDIGUL,TAMIL NADU,54
S22131,SUNDAR C,Independent,NATHAM,TAMIL NADU,53
S22221,SURESHKUMAR. S,Naam Indiar Party,KADAYANALLUR,TAMIL NADU,53
S2295,RAMESH R,Independent,PARAMATHI-VELUR,TAMIL NADU,53
S2267,VENKATESAN. P,Independent,ARANI,TAMIL NADU,53
S2295,VIJAYAKUMAR A,Independent,PARAMATHI-VELUR,TAMIL NADU,53
S22135,KRISHNAKUMAR. K,Independent,KARUR,TAMIL NADU,53
S2296,VISWANATHAN P,Independent,TIRUCHENGODU,TAMIL NADU,53
S22207,KARTHIK. M,Independent,ARUPPUKKOTTAI,TAMIL NADU,53
S2295,MURTHI,Independent,PARAMATHI-VELUR,TAMIL NADU,53
S2218,T VIJAYARAJ,Independent,HARBOUR,TAMIL NADU,53
S2212,DR.G. MOORTHY,Independent,PERAMBUR,TAMIL NADU,53
S22137,R.ARUNKUMAR,Independent,KULITHALAI,TAMIL NADU,53
S2213,VIGIRDHAN,Independent,KOLATHUR,TAMIL NADU,53
S22121,R.MANIKANDABRABHU,Independent,SINGANALLUR,TAMIL NADU,53
S22218,ARUMUGAVEL.T,Naam Indiar Party,KOVILPATTI,TAMIL NADU,52
S2213,V. NARESH BABU,Independent,KOLATHUR,TAMIL NADU,52
S22179,ALAGAR. P ADVOCATE,Independent,VIRALIMALAI,TAMIL NADU,52
S22228,RAJAN.P,Independent,RADHAPURAM,TAMIL NADU,52
S22144,JAYARAMAN. M,Independent,MANACHANALLUR,TAMIL NADU,52
S2225,JAYAGOPI. M,Independent,MYLAPORE,TAMIL NADU,52
S22143,R. TAMILARASAN,Independent,LALGUDI,TAMIL NADU,52
S22194,MANOJ KUMAR R,Independent,MADURAI WEST,TAMIL NADU,52
S22196,GIRISHKUMAR.A,Independent,THIRUMANGALAM,TAMIL NADU,52
S2297,GOPALAKRISHNAN,Independent,KUMARAPALAYAM,TAMIL NADU,52
S2222,EZHILRAJ.D,Independent,VIRUGAMPAKKAM,TAMIL NADU,52
S2217,T. RAJESH,Independent,ROYAPURAM,TAMIL NADU,52
S22169,SANKAR. R,Independent,NANNILAM,TAMIL NADU,52
S22119,VISWANATHAN.M,Independent,THONDAMUTHUR,TAMIL NADU,52
S2295,BALAJI R,Independent,PARAMATHI-VELUR,TAMIL NADU,52
S2296,THIRUKKUMARAN P,Makkal Munnetra Katchi,TIRUCHENGODU,TAMIL NADU,52
S22134,ARIVALAGAN. M,Independent,ARAVAKURICHI,TAMIL NADU,51
S2214,SOLOMON  J.R,Independent,VILLIVAKKAM,TAMIL NADU,51
S22155,S.RAJAMOHAN,Independent,CUDDALORE,TAMIL NADU,51
S2216,S. PICHAMUTHU,Independent,EGMORE,TAMIL NADU,51
S2215,C. JAGAN MOHAN,Independent,THIRU-VI-KA-NAGAR,TAMIL NADU,51
S2298,M.MURUGESAN,Independent,ERODE,TAMIL NADU,51
S2226,MOHAMED YASEEN. I,Thakkam Katchi,VELACHERY,TAMIL NADU,51
S22135,KALIMUTHU. V,Samaniya Makkal Nala Katchi,KARUR,TAMIL NADU,51
S2212,R. JAYASEELAN,Independent,PERAMBUR,TAMIL NADU,51
S2228,K.VELAYUDHAM,Independent,ALANDUR,TAMIL NADU,51
S2222,LUKMANBABU.S,Independent,VIRUGAMPAKKAM,TAMIL NADU,50
S2295,RANJITH K,Independent,PARAMATHI-VELUR,TAMIL NADU,50
S2225,VELU. K,Independent,MYLAPORE,TAMIL NADU,50
S2221,L KASINATHAN,Independent,ANNA NAGAR,TAMIL NADU,50
S2221,S SATHISH KUMAR,Independent,ANNA NAGAR,TAMIL NADU,50
S2213,K. PANNEER SELVAM,Independent,KOLATHUR,TAMIL NADU,50
S22134,KAVIYARASU. T,Independent,ARAVAKURICHI,TAMIL NADU,50
S22114,DR. RAMAKRISHNAN. S,Independent,TIRUPPUR,TAMIL NADU,50
S2231,S.PARTHIBAN,Democratic National Allegiance,TAMBARAM,TAMIL NADU,50
S2214,BALAMURALI G,Independent,VILLIVAKKAM,TAMIL NADU,50
S2228,D.SARAVANAN,Independent,ALANDUR,TAMIL NADU,50
S22121,AYOOB RIYAS,Independent,SINGANALLUR,TAMIL NADU,50
S22134,KATHIRESAN. M,Independent,ARAVAKURICHI,TAMIL NADU,49
S2213,E. RAAMADASAN,Makkal Nalvaazhvuk Katchi,KOLATHUR,TAMIL NADU,49
S22207,VENKATESAN. P.S,Independent,ARUPPUKKOTTAI,TAMIL NADU,49
S2217,P. SUMATHI,Independent,ROYAPURAM,TAMIL NADU,49
S2296,ARULPRAKASAM S,Independent,TIRUCHENGODU,TAMIL NADU,49
S22157,EZHILVENTHAN . P,Independent,BHUVANAGIRI,TAMIL NADU,49
S2291,RANGANATHAN. D,Independent,VEERAPANDI,TAMIL NADU,49
S2243,S.RAJKAMAL,Independent,VELLORE,TAMIL NADU,49
S22141,P. RAJENDRAN,Independent,TIRUCHIRAPPALLI,TAMIL NADU,48
S22142,KUMAR. P,Independent,THIRUVERUMBUR,TAMIL NADU,48
S22142,VIJAYAKUMAR. C,Independent,THIRUVERUMBUR,TAMIL NADU,48
S2214,KARTHICK S,Independent,VILLIVAKKAM,TAMIL NADU,48
S2267,VINOTH. A,Independent,ARANI,TAMIL NADU,48
S22207,MARIVEL. K,Independent,ARUPPUKKOTTAI,TAMIL NADU,48
S22121,A.MOUNAKUMAR,Independent,SINGANALLUR,TAMIL NADU,48
S22120,V. VELMURUGAN,Independent,COIMBATORE,TAMIL NADU,48
S2220,SUNDARA RAJU.A,Independent,THOUSAND LIGHTS,TAMIL NADU,48
S2214,JAYA ZEBA C,Independent,VILLIVAKKAM,TAMIL NADU,48
S2271,PURUSHOTHAMAN K,Desiya Makkal Sakthi Katchi,MAILAM,TAMIL NADU,47
S2211,MANIKANDAN.H,Independent,DR.RADHAKRISHNAN NAGAR,TAMIL NADU,47
S22134,MOHANKUMAR. K,Independent,ARAVAKURICHI,TAMIL NADU,47
S22135,MURALI. M,Independent,KARUR,TAMIL NADU,47
S2264,MURUGAN.M,Independent,KILPENNATHUR,TAMIL NADU,47
S2211,J.MURALI KRISHNAN,Independent,DR.RADHAKRISHNAN NAGAR,TAMIL NADU,47
S22134,PRAVEEN. S,Independent,ARAVAKURICHI,TAMIL NADU,47
S2211,CHANDRASEKAR,Tamizhaga Murpokku Makkal Katchi,DR.RADHAKRISHNAN NAGAR,TAMIL NADU,47
S2212,M. GEETA,Thakkam Katchi,PERAMBUR,TAMIL NADU,47
S22142,RAMACHANDRAN. V,Independent,THIRUVERUMBUR,TAMIL NADU,47
S2226,BHASKAR. G,Independent,VELACHERY,TAMIL NADU,47
S2265,ELUMALAI. S,Independent,KALASAPAKKAM,TAMIL NADU,46
S2274,VIJAYA K,Independent,VILUPPURAM,TAMIL NADU,46
S2218,P VIJAYAKUMAR,Independent,HARBOUR,TAMIL NADU,46
S2214,VIJAYAKUMAR G,Independent,VILLIVAKKAM,TAMIL NADU,46
S22137,M.MAYILVAGANAN,Independent,KULITHALAI,TAMIL NADU,46
S2212,S. SURESHKUMAR,Makkalatchi Katchi,PERAMBUR,TAMIL NADU,46
S22135,ASARUDHEEN. A,Independent,KARUR,TAMIL NADU,45
S22136,PORSELVAN. B.S,Independent,KRISHNARAYAPURAM,TAMIL NADU,45
S2224,PRASATH D,Independent,THIYAGARAYANAGAR,TAMIL NADU,45
S22132,GANESH PERUMAL. D,Independent,DINDIGUL,TAMIL NADU,45
S2264,ATHIYAMAAN.M,Independent,KILPENNATHUR,TAMIL NADU,45
S2240,S. RAMAN,Independent,KATPADI,TAMIL NADU,45
S2215,S. PARTHIBAN,Independent,THIRU-VI-KA-NAGAR,TAMIL NADU,45
S2296,MAHESHKUMAR N,Independent,TIRUCHENGODU,TAMIL NADU,45
S22114,KARTHIKADEVI. K,Independent,TIRUPPUR,TAMIL NADU,45
S2211,D.KARTHIKEYAN,Samata Party,DR.RADHAKRISHNAN NAGAR,TAMIL NADU,44
S2224,GNANASEKARAN G,Independent,THIYAGARAYANAGAR,TAMIL NADU,44
S2211,R.ETHIRAJ,Independent,DR.RADHAKRISHNAN NAGAR,TAMIL NADU,44
S2216,RAJKUMAR,Independent,EGMORE,TAMIL NADU,44
S22142,HABEEB RAHAMAN. H,Independent,THIRUVERUMBUR,TAMIL NADU,44
S22144,GOPALAKRISHNAN. V,Independent,MANACHANALLUR,TAMIL NADU,44
S22120,VENKATACHALAM PARAMASIVAM,Independent,COIMBATORE,TAMIL NADU,43
S2213,KAJA MAIDEEN,Independent,KOLATHUR,TAMIL NADU,43
S2212,M. JOSEPH,Independent,PERAMBUR,TAMIL NADU,43
S22135,ARULMANIARASU. P,Independent,KARUR,TAMIL NADU,43
S2222,ROY GEORGE,Anna Puratchi Thalaivar Amma Dravida Munnetra Kazhagam,VIRUGAMPAKKAM,TAMIL NADU,43
S2219,SELVAM. K,Independent,CHEPAUK-THIRUVALLIKENI,TAMIL NADU,43
S2220,SHANKAR.V,Independent,THOUSAND LIGHTS,TAMIL NADU,42
S22179,RAJA. P,Independent,VIRALIMALAI,TAMIL NADU,42
S2211,C.JANARTHANAN,Independent,DR.RADHAKRISHNAN NAGAR,TAMIL NADU,42
S2263,MOORTHY. P,Independent,TIRUVANNAMALAI,TAMIL NADU,42
S2237,C. DILLIBABU,Independent,KANCHEEPURAM,TAMIL NADU,42
S22190,KRISHNASAMY.P,Independent,SHOLAVANDAN,TAMIL NADU,42
S22118,G. RAJKUMAR,Independent,COIMBATORE,TAMIL NADU,42
S2214,KANDASAMY S,Independent,VILLIVAKKAM,TAMIL NADU,42
S2222,KARTHICK.M,Independent,VIRUGAMPAKKAM,TAMIL NADU,41
S2211,A. USHA,Independent,DR.RADHAKRISHNAN NAGAR,TAMIL NADU,41
S2224,EASAN NATARAJAN T,Independent,THIYAGARAYANAGAR,TAMIL NADU,41
S2212,M. KADHIRAVAN,Independent,PERAMBUR,TAMIL NADU,41
S2216,R. KUMARAVEL,Independent,EGMORE,TAMIL NADU,41
S2269,ARJUNAN. M,Independent,VANDAVASI,TAMIL NADU,41
S22114,RAMESH. S,Independent,TIRUPPUR,TAMIL NADU,41
S2221,G OMPRAKASH,Independent,ANNA NAGAR,TAMIL NADU,41
S22137,J.MADHAVAN,Independent,KULITHALAI,TAMIL NADU,41
S22230,VAIRAM PILLAI S,Independent,NAGERCOIL,TAMIL NADU,40
S2215,S. RAJENDRAN,Independent,THIRU-VI-KA-NAGAR,TAMIL NADU,40
S2217,G. KARTHIKEYAN,Independent,ROYAPURAM,TAMIL NADU,40
S2225,RADHAKRISHNAN. G,Independent,MYLAPORE,TAMIL NADU,40
S2211,R.DEVAKUMAR,Independent,DR.RADHAKRISHNAN NAGAR,TAMIL NADU,40
S22142,KUMAR. K,Independent,THIRUVERUMBUR,TAMIL NADU,40
S22120,T. MAGIZHAN,Independent,COIMBATORE,TAMIL NADU,40
S22120,K. RAJAPANDIAN,Independent,COIMBATORE,TAMIL NADU,40
S2215,D. SATHISH KUMAR,Independent,THIRU-VI-KA-NAGAR,TAMIL NADU,40
S2222,BALAMURUGAN.P,Naam Indiar Party,VIRUGAMPAKKAM,TAMIL NADU,40
S2219,SAAMY. S.K. DR,Independent,CHEPAUK-THIRUVALLIKENI,TAMIL NADU,40
S2290,PADMANAPAN. M,Independent,SALEM,TAMIL NADU,40
S2211,V.SHANKAR,Independent,DR.RADHAKRISHNAN NAGAR,TAMIL NADU,40
S22135,SUBASH MALAYALAM. T,Independent,KARUR,TAMIL NADU,39
S2211,R. MUTHU CHELLA BHARATHI,Independent,DR.RADHAKRISHNAN NAGAR,TAMIL NADU,39
S2212,DR.R. SARAVANA PERUMAL,Makkal Nalvaazhvuk Katchi,PERAMBUR,TAMIL NADU,39
S22180,A. RADHAKRISHNAN,Independent,PUDUKKOTTAI,TAMIL NADU,39
S22134,RAMALINGAM. V,Independent,ARAVAKURICHI,TAMIL NADU,38
S22120,L. HAKKIM,Independent,COIMBATORE,TAMIL NADU,38
S2219,MOHAMED DHARIK. I,Independent,CHEPAUK-THIRUVALLIKENI,TAMIL NADU,38
S2296,MUNUSAMY A T,Samaniya Makkal Nala Katchi,TIRUCHENGODU,TAMIL NADU,38
S2217,KERTHIVARUNNAN .R,Independent,ROYAPURAM,TAMIL NADU,38
S22132,RAJENDRAN. G,Independent,DINDIGUL,TAMIL NADU,38
S2217,A. SASIKUMAR,Independent,ROYAPURAM,TAMIL NADU,37
S2219,SELVAM. K,Independent,CHEPAUK-THIRUVALLIKENI,TAMIL NADU,37
S2295,RAMESH P,Independent,PARAMATHI-VELUR,TAMIL NADU,37
S2211,D. JANARTHANAN,Independent,DR.RADHAKRISHNAN NAGAR,TAMIL NADU,37
S2265,ELUMALAI. T,Independent,KALASAPAKKAM,TAMIL NADU,37
S2296,REVANTH S N,Independent,TIRUCHENGODU,TAMIL NADU,37
S22120,J. SURIYAKUMAR,Independent,COIMBATORE,TAMIL NADU,37
S22135,PRAVEENKUMAR. J,Independent,KARUR,TAMIL NADU,37
S2217,A. NIZAR AHAMED,Independent,ROYAPURAM,TAMIL NADU,37
S2211,R.TAMILARASAN,Independent,DR.RADHAKRISHNAN NAGAR,TAMIL NADU,36
S2224,MANIKANDAN T,Independent,THIYAGARAYANAGAR,TAMIL NADU,36
S2220,PRABHAKARAN.T,Independent,THOUSAND LIGHTS,TAMIL NADU,36
S22120,G. MAHESHWARAN,Tamizhaga Murpokku Makkal Katchi,COIMBATORE,TAMIL NADU,36
S2217,K. PRASATH,Independent,ROYAPURAM,TAMIL NADU,36
S22120,P. SANGARARAJ,Independent,COIMBATORE,TAMIL NADU,36
S2221,M SELVAMUTHUKUMAR,Independent,ANNA NAGAR,TAMIL NADU,36
S2222,ALEX PANDIAN.K,Independent,VIRUGAMPAKKAM,TAMIL NADU,36
S2222,ESAKKIMUTHUNADAR.P,Independent,VIRUGAMPAKKAM,TAMIL NADU,36
S22137,J.PRADHAP,Independent,KULITHALAI,TAMIL NADU,36
S2295,MOORTHI M,Independent,PARAMATHI-VELUR,TAMIL NADU,36
S2217,A. JAYAKUMAR,Independent,ROYAPURAM,TAMIL NADU,35
S22134,RAGUPATHI. S,Independent,ARAVAKURICHI,TAMIL NADU,35
S2211,V. MADHAN MOHAN,Independent,DR.RADHAKRISHNAN NAGAR,TAMIL NADU,35
S2211,P. MARIMUTHU,Independent,DR.RADHAKRISHNAN NAGAR,TAMIL NADU,35
S22135,KALAIRAJ. K,Independent,KARUR,TAMIL NADU,35
S2213,S. SHARAN,Independent,KOLATHUR,TAMIL NADU,35
S2221,RAMAMOORTHY E,Independent,ANNA NAGAR,TAMIL NADU,35
S2217,I JAYAPRAKASH,Independent,ROYAPURAM,TAMIL NADU,34
S22142,VINCENTRAJ. A,Independent,THIRUVERUMBUR,TAMIL NADU,34
S22228,ARUNRAJ,Independent,RADHAPURAM,TAMIL NADU,34
S2213,R. RAVIKUMAR,Independent,KOLATHUR,TAMIL NADU,34
S227,M. JAMES,Independent,MADURAVOYAL,TAMIL NADU,34
S22135,KARUNAMOORTHY. S,Independent,KARUR,TAMIL NADU,34
S2219,VIJAYA KUMAR. B,Independent,CHEPAUK-THIRUVALLIKENI,TAMIL NADU,34
S2218,J M NIRAIMOZHI,Independent,HARBOUR,TAMIL NADU,34
S2219,KUMAR. M,Independent,CHEPAUK-THIRUVALLIKENI,TAMIL NADU,33
S22134,MURUGESAN. R,Independent,ARAVAKURICHI,TAMIL NADU,33
S2212,M.I. THAHIRA BANU,Independent,PERAMBUR,TAMIL NADU,33
S2219,SELVAM ( ALIAS ) HARINARAYANAN,Independent,CHEPAUK-THIRUVALLIKENI,TAMIL NADU,33
S2214,ANBAZHAGAN G,Independent,VILLIVAKKAM,TAMIL NADU,33
S2213,M. SURESH,Independent,KOLATHUR,TAMIL NADU,33
S22120,M. JOHN BOSCO,Independent,COIMBATORE,TAMIL NADU,33
S2264,RAMACHANDRAN.K,Independent,KILPENNATHUR,TAMIL NADU,33
S2212,S. MALATHI,Veerath Thiyagi Viswanathadoss Thozhilalarkal Katchi,PERAMBUR,TAMIL NADU,32
S2211,D. AJITH KUMAR,Independent,DR.RADHAKRISHNAN NAGAR,TAMIL NADU,32
S2215,R. MURUGAN,Independent,THIRU-VI-KA-NAGAR,TAMIL NADU,32
S2214,YUVARAJ S,Independent,VILLIVAKKAM,TAMIL NADU,32
S22120,K. VIJAYAN,Independent,COIMBATORE,TAMIL NADU,32
S2212,AMALA.R,Independent,PERAMBUR,TAMIL NADU,32
S2226,MOHAN. R,Independent,VELACHERY,TAMIL NADU,32
S22120,D. VIGNESHWARAN,Independent,COIMBATORE,TAMIL NADU,32
S22132,MUNIYAPPAN. M,Independent,DINDIGUL,TAMIL NADU,32
S22120,N. ABILAZAN,Independent,COIMBATORE,TAMIL NADU,31
S2212,REEGAN PRABHU,Independent,PERAMBUR,TAMIL NADU,31
S22141,R. MUTHUKUMAR,Samaniya Makkal Nala Katchi,TIRUCHIRAPPALLI,TAMIL NADU,31
S2224,RAMKUMAR L,Independent,THIYAGARAYANAGAR,TAMIL NADU,31
S22141,J. ROBERT CHRISTY,Independent,TIRUCHIRAPPALLI,TAMIL NADU,31
S2224,SATHISH KUMAR B,Independent,THIYAGARAYANAGAR,TAMIL NADU,31
S2213,V. A. SUDHAKAR,Independent,KOLATHUR,TAMIL NADU,31
S2217,K.J. SIVAKUMAR,Independent,ROYAPURAM,TAMIL NADU,31
S2211,AMUDHA.N,Independent,DR.RADHAKRISHNAN NAGAR,TAMIL NADU,30
S2212,SIVAKUMAR.V,Tamil Telugu National Party,PERAMBUR,TAMIL NADU,30
S2218,A NEPOLIAN,Independent,HARBOUR,TAMIL NADU,30
S22135,ANBARASAN. N,Independent,KARUR,TAMIL NADU,30
S2219,ATHIMULAM,Independent,CHEPAUK-THIRUVALLIKENI,TAMIL NADU,30
S2297,VENKATACHALAM,Independent,KUMARAPALAYAM,TAMIL NADU,30
S2214,VIJAYAKUMAR  D,Independent,VILLIVAKKAM,TAMIL NADU,30
S2224,ARAVIND GOSH Y T,Independent,THIYAGARAYANAGAR,TAMIL NADU,30
S2217,M. MAHALAKSHMI,Independent,ROYAPURAM,TAMIL NADU,30
S2219,MILANY. P,Independent,CHEPAUK-THIRUVALLIKENI,TAMIL NADU,30
S2224,BALAJI S,Independent,THIYAGARAYANAGAR,TAMIL NADU,29
S2214,CHARAVANAN M.P,Independent,VILLIVAKKAM,TAMIL NADU,29
S2219,SEENIVASAN. L,Independent,CHEPAUK-THIRUVALLIKENI,TAMIL NADU,29
S2215,R. ANANDAN,Independent,THIRU-VI-KA-NAGAR,TAMIL NADU,29
S22120,P. MANOJ,Independent,COIMBATORE,TAMIL NADU,28
S2218,J SHANMUGAPRIYAN,Independent,HARBOUR,TAMIL NADU,28
S22135,SENBAGAKUMAR. L,Independent,KARUR,TAMIL NADU,28
S22135,SEETHA LAKSHMI. D,Independent,KARUR,TAMIL NADU,28
S2214,MURALI VINODH  M,Independent,VILLIVAKKAM,TAMIL NADU,28
S22135,SAMPATH. S,Independent,KARUR,TAMIL NADU,28
S22135,MAILVAGANAN. B,Independent,KARUR,TAMIL NADU,28
S2220,MUNIYAN.E,Independent,THOUSAND LIGHTS,TAMIL NADU,28
S2212,H. DHANASEKAR,Independent,PERAMBUR,TAMIL NADU,28
S2213,RAJA. G.,Independent,KOLATHUR,TAMIL NADU,28
S22120,K.S. RAJAGOPAL,Independent,COIMBATORE,TAMIL NADU,27
S2221,M MANOHARAN,Independent,ANNA NAGAR,TAMIL NADU,27
S2226,DEEPAK RAVI,Independent,VELACHERY,TAMIL NADU,27
S2217,C. SRIDHAR,Independent,ROYAPURAM,TAMIL NADU,27
S22135,SIVAKUMAR. N,Independent,KARUR,TAMIL NADU,27
S2221,S ANSAR ALI,Independent,ANNA NAGAR,TAMIL NADU,27
S2215,G. J. DHARANIRAJ,Independent,THIRU-VI-KA-NAGAR,TAMIL NADU,27
S2264,RAMACHANDIRAN.R,Independent,KILPENNATHUR,TAMIL NADU,27
S22135,KANAGARAJ. S,Independent,KARUR,TAMIL NADU,27
S2218,V JAGADEESAN,Independent,HARBOUR,TAMIL NADU,26
S22118,A. RAMESH,Independent,COIMBATORE,TAMIL NADU,26
S2213,SIVAGNANASAM,Desiya Makkal Sakthi Katchi,KOLATHUR,TAMIL NADU,26
S2216,SRIDHAR. M,Independent,EGMORE,TAMIL NADU,26
S2212,B. VENKATESAN,Independent,PERAMBUR,TAMIL NADU,26
S2211,J.VIJAYAN,Independent,DR.RADHAKRISHNAN NAGAR,TAMIL NADU,26
S2219,SELVAM ( ALIAS ) VENKATESH,Independent,CHEPAUK-THIRUVALLIKENI,TAMIL NADU,26
S2271,DIVYA P,Naam Indiar Party,MAILAM,TAMIL NADU,26
S2211,TAMILSELVAN,Independent,DR.RADHAKRISHNAN NAGAR,TAMIL NADU,25
S22191,N.KUPPUSAMY,Independent,MADURAI NORTH,TAMIL NADU,25
S2211,K. SUJITH,Independent,DR.RADHAKRISHNAN NAGAR,TAMIL NADU,25
S2214,MANIMARAN P,Independent,VILLIVAKKAM,TAMIL NADU,25
S2219,ARUMUGAM. C,Independent,CHEPAUK-THIRUVALLIKENI,TAMIL NADU,25
S2212,S. MICHAEL,Independent,PERAMBUR,TAMIL NADU,24
S2211,S.EMMANUVEL,Independent,DR.RADHAKRISHNAN NAGAR,TAMIL NADU,24
S2213,K. ELUMALAI,Veerath Thiyagi Viswanathadoss Thozhilalarkal Katchi,KOLATHUR,TAMIL NADU,24
S22135,BABU. G,Independent,KARUR,TAMIL NADU,24
S2296,ARJUNAN L K,Independent,TIRUCHENGODU,TAMIL NADU,24
S22120,GOPALAKRISHNAN,Independent,COIMBATORE,TAMIL NADU,24
S2226,AHAMMED NAZEER KHAN,Independent,VELACHERY,TAMIL NADU,24
S2221,N.P.RAJHA,Naam Indiar Party,ANNA NAGAR,TAMIL NADU,23
S22135,MUTHU. K.R,Independent,KARUR,TAMIL NADU,23
S22120,P. KATHIRAVAN,Independent,COIMBATORE,TAMIL NADU,23
S2213,A. RAJI,Independent,KOLATHUR,TAMIL NADU,23
S2215,M. KANNADASAN,Independent,THIRU-VI-KA-NAGAR,TAMIL NADU,23
S2220,DHANASEKARAN.V,Independent,THOUSAND LIGHTS,TAMIL NADU,23
S2224,JAYAVEL,Independent,THIYAGARAYANAGAR,TAMIL NADU,23
S2218,D KABILAN,Independent,HARBOUR,TAMIL NADU,22
S2224,KUMAR SRI SRI B,Independent,THIYAGARAYANAGAR,TAMIL NADU,22
S2213,FARMER JAYARAMAN. S K J.,Independent,KOLATHUR,TAMIL NADU,22
S2224,JOTHIRAJ G M,Independent,THIYAGARAYANAGAR,TAMIL NADU,21
S2212,S. RAJESH KUMAR,Independent,PERAMBUR,TAMIL NADU,21
S22120,M. RAVICHANDRAN,Independent,COIMBATORE,TAMIL NADU,21
S22135,MOHAMAD ISMAIL. M,Independent,KARUR,TAMIL NADU,21
S22135,SIVAKUMAR. V,Independent,KARUR,TAMIL NADU,21
S2213,R. BALAJI,Independent,KOLATHUR,TAMIL NADU,21
S2215,SATHISH,Independent,THIRU-VI-KA-NAGAR,TAMIL NADU,21
S22135,PARAMESWARI,Independent,KARUR,TAMIL NADU,20
S2217,M. SHANMUGAM,Independent,ROYAPURAM,TAMIL NADU,20
S22135,HARIHARAN. S,Independent,KARUR,TAMIL NADU,20
S2220,PACHAIYAPPAN.E,Independent,THOUSAND LIGHTS,TAMIL NADU,20
S2218,R DINESH,Independent,HARBOUR,TAMIL NADU,20
S2222,VENKATESAN.C,Independent,VIRUGAMPAKKAM,TAMIL NADU,20
S2228,G.DANIEL ANTONYRAJ,Independent,ALANDUR,TAMIL NADU,19
S2212,SATHISH.B,Independent,PERAMBUR,TAMIL NADU,19
S2212,B. SATHISH KUMAR,Independent,PERAMBUR,TAMIL NADU,19
S22135,BHARATHI. P,Independent,KARUR,TAMIL NADU,19
S2218,M KALAIVENTHAN,Independent,HARBOUR,TAMIL NADU,18
S2215,S. SENTHAMIZHAN,Independent,THIRU-VI-KA-NAGAR,TAMIL NADU,18
S2212,P. GUNASEKAR,Independent,PERAMBUR,TAMIL NADU,18
S22135,DEVASTIN AUGUSTIN. G,Independent,KARUR,TAMIL NADU,18
S22135,SIVAKUMAR. A,Independent,KARUR,TAMIL NADU,17
S2211,G. MADHAN KUMAR,Independent,DR.RADHAKRISHNAN NAGAR,TAMIL NADU,17
S2224,THENNARASU P,Independent,THIYAGARAYANAGAR,TAMIL NADU,17
S22135,PALAMUTHIR SELVAN. O,Independent,KARUR,TAMIL NADU,17
S2228,G.RAMANAN,Independent,ALANDUR,TAMIL NADU,17
S2212,S. RAMESH,Independent,PERAMBUR,TAMIL NADU,17
S22135,MARIAMMAL. P.M,Independent,KARUR,TAMIL NADU,16
S22135,KALIMUTHU. R,Independent,KARUR,TAMIL NADU,16
S2218,S VEERABATHRAN,Independent,HARBOUR,TAMIL NADU,16
S2212,E. UDHAYA KUMAR,Independent,PERAMBUR,TAMIL NADU,16
S22135,SURIYAKUMAR. J,Independent,KARUR,TAMIL NADU,16
S22135,STEPHENRAJ. L,Independent,KARUR,TAMIL NADU,15
S2215,M. MOHAN,Independent,THIRU-VI-KA-NAGAR,TAMIL NADU,15
S22135,SATHISH KUMAR. S,Independent,KARUR,TAMIL NADU,15
S22135,VANITHA. K.M,Independent,KARUR,TAMIL NADU,14
S22135,NANDHAKUMAR. A,Independent,KARUR,TAMIL NADU,14
S2212,P. ESAKKI MUTHU,Independent,PERAMBUR,TAMIL NADU,14
S22135,DINESH KUMAR. K,Independent,KARUR,TAMIL NADU,14
S22135,SOUNDARYAN. K,Independent,KARUR,TAMIL NADU,13
S2217,S. RAJU,Independent,ROYAPURAM,TAMIL NADU,13
S2213,S. BALACHANDAR,Independent,KOLATHUR,TAMIL NADU,13
S2212,S. VISHNU VARTHAN,Independent,PERAMBUR,TAMIL NADU,13
S22135,HARI RAAJ. B,Independent,KARUR,TAMIL NADU,13
S22135,SATHISH. P,Independent,KARUR,TAMIL NADU,12
S2226,RITISH,Independent,VELACHERY,TAMIL NADU,12
S2212,M. TAMILSELVAM,Independent,PERAMBUR,TAMIL NADU,12
S22135,KANAGARAJ. P,Independent,KARUR,TAMIL NADU,11
S22135,THIYAGARAJAN. M,Independent,KARUR,TAMIL NADU,11
S22135,PALANIRAJAN. K,Independent,KARUR,TAMIL NADU,11
S22135,YOONUS ALI. R,Independent,KARUR,TAMIL NADU,11
S22135,MANOJ. P,Independent,KARUR,TAMIL NADU,11
S2218,I VINOD,Independent,HARBOUR,TAMIL NADU,10
S2214,PURUSHOTHAMAN P,Independent,VILLIVAKKAM,TAMIL NADU,10
S22135,THIRUGNANAM. M,Independent,KARUR,TAMIL NADU,10
S2214,RAJI M,Independent,VILLIVAKKAM,TAMIL NADU,9
S22135,THAMILALAGAN. A,Independent,KARUR,TAMIL NADU,9
S22135,SARAVANAN. R,Independent,KARUR,TAMIL NADU,9
S22135,VIJAYA BASKAR. R.V,Independent,KARUR,TAMIL NADU,9
S22135,THANGAVELRAJ. S,Independent,KARUR,TAMIL NADU,8
S22135,DINESH. B,Independent,KARUR,TAMIL NADU,8
S22135,SENTHILKUMAR. M,Independent,KARUR,TAMIL NADU,8
S22135,SENTHILKUMAR. G,Independent,KARUR,TAMIL NADU,8
S22135,RAJAPANDIAN. K,Independent,KARUR,TAMIL NADU,8
S22135,GOPALA KRISHNAN. A,Independent,KARUR,TAMIL NADU,8
S22135,KARTHIKPERUMAL. R,Independent,KARUR,TAMIL NADU,8
S22135,DANIYA. P,Independent,KARUR,TAMIL NADU,7
S22135,DURAISAMY. J,Independent,KARUR,TAMIL NADU,5
S22135,VINOTHKUMAR.  N,Independent,KARUR,TAMIL NADU,5
S22135,MANIKANDAN,Independent,KARUR,TAMIL NADU,5
S22135,PRASANTH. S,Independent,KARUR,TAMIL NADU,5
S22135,MATHANRAJ. P,Independent,KARUR,TAMIL NADU,5
S22135,BASKAR. P,Independent,KARUR,TAMIL NADU,4
S22135,RAGURAMAN MURUGANANTHAM,Independent,KARUR,TAMIL NADU,4
S22135,PALANIVEL. P,Independent,KARUR,TAMIL NADU,4
S22135,VIJAYAN. K,Independent,KARUR,TAMIL NADU,4
S22135,PRAKASH. N,Independent,KARUR,TAMIL NADU,3
S22135,VINEETH. B,Independent,KARUR,TAMIL NADU,3
S22135,SOUNDARA RAJAN. R,Independent,KARUR,TAMIL NADU,3
S22135,VIGNESHWARAN. D,Independent,KARUR,TAMIL NADU,2
