candidate,party,constituency_count
MURUGAN. S,Independent,4
RAJASEKAR. S,Independent,3
VELU. K,Independent,3
VENKATESAN. M,Independent,3
AGNI AALVAR,Independent,2
A. RAMESH,Independent,2
ARJUNAN. M,Independent,2
A.SARAVANAN,Independent,2
A.VIJAY,Independent,2
C. JOSEPH VIJAY,Tamilaga Vettri Kazhagam,2
DHANASEKAR,Independent,2
D.SARAVANAN,Independent,2
E. RAAMADASAN,Makkal Nalvaazhvuk Katchi,2
GOPALAKRISHNAN,Independent,2
GUNASEKARAN.P,Independent,2
KANDASAMY S,Independent,2
KANNAN. M,Independent,2
KARTHICK.M,Independent,2
KARTHICK S,Independent,2
KARTHIKEYAN. P,Independent,2
KOTHANDAPANI. B,Independent,2
MANIKANDAN C,Independent,2
MANIKANDAN P,Independent,2
MARIMUTHU. S,Independent,2
M. ARUMUGASAMY,Independent,2
MOHAMMAD SIDDIQ M H,Veerath Thiyagi Viswanathadoss Thozhilalarkal Katchi,2
MOHAN. R,Independent,2
MOHAN RAJ. R,Independent,2
M. RAVICHANDRAN,Independent,2
MURUGAN. P,Independent,2
MUTHUKUMAR D,Independent,2
NALLAKKANNU ALIAS KARTHIC.K,Independent,2
PRASANTH. D,Independent,2
P.RAVICHANDRAN,Independent,2
RAJASEKAR. R,Independent,2
RAJKUMAR S,Independent,2
RAMESH P,Independent,2
RAMESH R,Independent,2
RAMESH. S,Independent,2
R.KARTHIKEYAN,Tamizhaga Vaazhvurimai Katchi,2
R.MANOHARAN,All India Anna Dravida Munnetra Kazhagam,2
R. RAJKUMAR,Independent,2
SAKTHIVEL. S,Independent,2
SANTHOSH. S,Independent,2
SARAVANAN. M,Independent,2
SARAVANAN. P,Independent,2
SARAVANAN. V,Tamizhaga Vaazhvurimai Katchi,2
SELVAKUMAR. S,Independent,2
SELVI. K,Independent,2
SENTHILKUMAR,Independent,2
SENTHILKUMAR. M,Independent,2
SIVAKUMAR. K,Tamilaga Vettri Kazhagam,2
S. RAJENDRAN,Independent,2
SUNDAR C,Independent,2
SURESH R,Independent,2
SURESH. V,Independent,2
VENKATACHALAM,Independent,2
VENKATESAN.C,Independent,2
VETRIVEL G,Independent,2
VIGNESH. M,Independent,2
VIJAYAKUMAR G,Independent,2
VIJAYAKUMAR. N,Independent,2
VIJENDRAN. G,Independent,2
V.SUDHAKAR,Independent,2
AADHAV ARJUNA,Tamilaga Vettri Kazhagam,1
AADIRAJARAM,All India Anna Dravida Munnetra Kazhagam,1
AADITHIYAN A,Anna Puratchi Thalaivar Amma Dravida Munnetra Kazhagam,1
A. AJESHKANNAN,Independent,1
AALANGATTUR ANANDHI,Naam Tamilar Katchi,1
A. AMALAN SAVARIMUTHU,Independent,1
A.AMRISH,Independent,1
A.ANANDAN,Independent,1
A. ANIS FATHIMA ABDUL RAHIM,Independent,1
A.ANNADURAI,Independent,1
AASEE.M. THIAGARAJAN,Dravida Munnetra Kazhagam,1
A.ASHOK KUMAR,Naam Tamilar Katchi,1
AASSAN MAULAANA J.M.H,Indian National Congress,1
AATHITHYA,Samata Party,1
A. BABU MAILAN,Naam Tamilar Katchi,1
A BALAMUGAN,Independent,1
A.BALAMURUGAN,Independent,1
A.BANNARI,All India Anna Dravida Munnetra Kazhagam,1
ABDUL HAKEEM  K,Naam Tamilar Katchi,1
ABDUL JAFFAR. S,Independent,1
ABDUL JALEEL. R. K,Tamilaga Vettri Kazhagam,1
ABDUL KOYA,Independent,1
ABDUL SHABEEK  A,Tamizhaga Vaazhvurimai Katchi,1
ABDUL WAHID.A,Independent,1
ABDUR RAHMAN. A.R,Viduthalai Chiruthaigal Katchi,1
A.BHARATHI,Independent,1
A  BHUVANENTHIRAN,All India Anna Dravida Munnetra Kazhagam,1
ABIMAN,Independent,1
ABINAYA PONNIVALAVAN,Naam Tamilar Katchi,1
ABINESHKUMAR T,Independent,1
ABIRAMI. A,Naam Tamilar Katchi,1
ABIRAMI. D,Naam Tamilar Katchi,1
ABISHEK. R,All India Anna Dravida Munnetra Kazhagam,1
ABISHEK. R,Tamilaga Vettri Kazhagam,1
ABITHA M.,Independent,1
ABUBACKER SIDDHEEQ,Naam Tamilar Katchi,1
ABUKITHER M,Independent,1
A.CHIDAMBARAM,Independent,1
A. CHINNA RAJA,Independent,1
ADAIKALARAJ. S,Independent,1
ADHITHYA PALANISAMY. A,Independent,1
ADHIYAMAAN. R.V,Tamilaga Vettri Kazhagam,1
A DINESH KUMAR,Independent,1
A.DURAISAMY,Independent,1
ADVOCATE. KATHIRAVAN. K.K,Dravida Munnetra Kazhagam,1
ADVOCATE KRISHNAN E,Naam Tamilar Katchi,1
ADVOCATE.MUTHAIAH.S.,Thakkam Katchi,1
ADVOCATE SADHURAGIRI. M,Independent,1
ADVOCATE THANGAPANDIAN,Independent,1
A.ESAKKIAPPAN,Independent,1
AFSHIA NASRIN. S,Naam Tamilar Katchi,1
A.GNANASEKARAN,Tamizhaga Vaazhvurimai Katchi,1
AGNI SELVARAJU. J,Naadaalum Makkal Katchi,1
AGRI KRISHNAMURTHY. S S,All India Anna Dravida Munnetra Kazhagam,1
A. GURUANANDHAN,Anaithinthiya Anna Dravida Makkal Seyal katchi,1
AHAMMED NAZEER KHAN,Independent,1
A.H. SIVA GANESH,Independent,1
AIYAPPAN,Independent,1
AJAI (ALIAS) NAGARAJAN,Independent,1
A. JAYAKUMAR,Independent,1
AJAY I,Independent,1
AJAY KANNAN A,Independent,1
AJAY SUBASH.B,Independent,1
A. JEGAN SALAMONDOSS,Independent,1
AJITH. G,Tamizhaga Vaazhvurimai Katchi,1
AJITH KUMAR A,Independent,1
AJITHKUMAR A,Thakkam Katchi,1
AJITH KUMAR. S.,Bahujan Samaj Party,1
AJITHKUMAR. S,Independent,1
AJITH. M,Tamilaga Vettri Kazhagam,1
A.KALLANAI,Tamilaga Vettri Kazhagam,1
A.KALYANASUNDARAM,Nationalist Janshakti Party,1
A.KATHIRVEL,Independent,1
AKBAR ALI,Independent,1
AKBAR ALI P,Independent,1
A.K. SENTHAMIZH SELVAN,Independent,1
AK SENTHILKUMAR,Puthiya Tamilagam,1
ALAGAAPURAM. R. MOHANRAJ,Desiya Murpokku Dravida Kazhagam,1
ALAGAMMAL A,Naam Tamilar Katchi,1
ALAGAR.A,Ezhuchi Tamilargal Munnetra Kazhagam,1
ALAGAR. P ADVOCATE,Independent,1
ALAGARSAMY PANDIAN,Independent,1
ALAGIYANNAN. A,Independent,1
ALAGUMURUGAN. S,Independent,1
ALAGUPANDIAN. A,Independent,1
ALAGURAJA T,Independent,1
ALAPPAN.A,Independent,1
ALAVANTHAR .M,Tamizhaga Vaazhvurimai Katchi,1
ALEX PANDIAN.K,Independent,1
ALEX S,Tamizhaga Vaazhvurimai Katchi,1
ALLA PICHAI,Independent,1
ALLIMUTHU.M,Bahujan Samaj Party,1
A. L. NARESH KUMAR,Independent,1
A.MADURAIVEERAN,Tamilaga Vettri Kazhagam,1
AMALA.R,Independent,1
A MANI,Independent,1
A.MANIKANDAN,Tamizhaga Vaazhvurimai Katchi,1
A.MARIAPPAN,Independent,1
A. MARIMUTHU,Independent,1
AMBEDKAR. C,Independent,1
AMBEDKAR. T,Independent,1
AMBETHKAR. S,Independent,1
AMBETHKUMAR. S,Dravida Munnetra Kazhagam,1
AMBETH RAJAN,Naam Tamilar Katchi,1
AMIRTHALINGAM,Independent,1
AMIRTHALINGAM.N,Independent,1
AMIRTHA. M,All India Puratchi Thalaivar Makkal Munnettra Kazhagam,1
AMIRTHA PANDI M.V,Independent,1
AMMAN K.ARJUNAN,All India Anna Dravida Munnetra Kazhagam,1
A.M.MUNIRATHINAM,Indian National Congress,1
AMMU. V,Independent,1
A.MOHAMMED GANI,Independent,1
A.MOHANRAJ,Socialist Unity Centre Of India (COMMUNIST),1
A.MOUNAKUMAR,Independent,1
AMPULIMADHAN M,Independent,1
A.M. SHAHJAHAN,Indian Union Muslim League,1
AMUDHA.N,Independent,1
A.MURUGANANDHAN,Independent,1
AMUTHA.N,Naam Tamilar Katchi,1
AMUTHAVEL. P,Independent,1
A MUTHUSAMY,Bahujan Samaj Party,1
A.NAGARAJAN,Independent,1
ANAND,Independent,1
ANANDAJOTHI PARAMASIVAM,Independent,1
ANANDAKUMAR P M,Thakkam Katchi,1
ANANDALAI THANGARAJ. M,All India Puratchi Thalaivar Makkal Munnettra Kazhagam,1
ANANDARAJ. D,Independent,1
ANANDHABABU M,Tamizhaga Vaazhvurimai Katchi,1
ANANDHAKUMAR.M,Independent,1
ANANDHAKUMAR R.,Independent,1
ANANDHAN. A,Independent,1
ANANDHARAJA. D.,Naam Tamilar Katchi,1
ANANDHI.S,Independent,1
ANANDH K,Independent,1
ANANDH M,Naam Tamilar Katchi,1
ANAND.K,Tamilaga Vettri Kazhagam,1
ANAND N,Tamilaga Vettri Kazhagam,1
ANAND PRASAD,Independent,1
ANAND. S,Independent,1
ANAND SELVARAJ,National Maha Sabha Party,1
ANANTHAKUMAR. R,Independent,1
ANANTH. A. M,Independent,1
ANANTHAN AYYASAMY,Bharatiya Janata Party,1
ANANTHI DHANDAPANI,Naam Tamilar Katchi,1
ANANTHI.R,Independent,1
ANANTHI.S,Independent,1
ANANTH MOGHAN K.K.,Tamilaga Vettri Kazhagam,1
ANANTHRAJ. T,Independent,1
A. NARESHKUMAR,Independent,1
ANBALAGAN G,Dravida Munnetra Kazhagam,1
ANBALAGAN.G,All India Puratchi Thalaivar Makkal Munnettra Kazhagam,1
ANBALAGAN. K.P.,All India Anna Dravida Munnetra Kazhagam,1
ANBALAGAN. M,Independent,1
ANBARASAN.M,Independent,1
ANBARASAN. N,Independent,1
ANBARASU.P,Aanaithinthiya Jananayaka Pathukappu Kazhagam,1
ANBARASU. R,Independent,1
ANBAZHAGAN G,Independent,1
ANBAZHAGAN. P,Communist Party of India (Marxist-Leninist) (Liberation),1
ANBAZHAGAN S,Independent,1
ANBAZHAGAN. S,Anna Makkal Katchi,1
ANBAZHAGAN. T,Independent,1
ANBIL MAHESH POYYAMOZHI,Dravida Munnetra Kazhagam,1
ANBU D,Independent,1
ANBUMURUGAN S,Independent,1
ANBUSELVI A,Naam Tamilar Katchi,1
ANBUTHAMIZHAN. T,Thamizh Perarasu Katchi,1
ANBU.V,Independent,1
ANCY SHOBA RANI. L,Naam Tamilar Katchi,1
A NEPOLIAN,Independent,1
ANIS BABU. M,Independent,1
ANIS FATHIMA,Naam Tamilar Katchi,1
ANITHA. A,Naam Tamilar Katchi,1
ANITHA MAYAPERUMAL,Independent,1
ANITHA R. RADHAKRISHNAN,Dravida Munnetra Kazhagam,1
A. NIZAR AHAMED,Independent,1
ANJALI. M,Independent,1
ANNADURAI C N,Independent,1
ANNADURAI K,Dravida Munnetra Kazhagam,1
ANNADURAI.R,Independent,1
ANNAMALAI. M.,Independent,1
ANNIYUR SIVA @ SIVASHANMUGAM A,Dravida Munnetra Kazhagam,1
ANTHONY MUTHU. S.M,Communist Party of India (Marxist-Leninist) (Liberation),1
ANTONY ALANKARAM. K,Independent,1
ANTONY MICHAEL J,Viro Ke Vir Indian Party,1
ANUSHA V,Naam Tamilar Katchi,1
A.PALANI,Independent,1
A. PALANIKUMAR,Independent,1
A. PATTURAJ,Independent,1
A.P.NANDAKUMAR,Dravida Munnetra Kazhagam,1
A.PONNALAGAN,Independent,1
A. PONNUTHAI,All India Puratchi Thalaivar Makkal Munnettra Kazhagam,1
A POONGODI,Independent,1
APPAVU.M,Dravida Munnetra Kazhagam,1
A. PRABAHAR,Independent,1
A. RADHAKRISHNAN,Independent,1
A.RAJANGAM,Independent,1
A. RAJAPRAKASH,Tamilaga Vettri Kazhagam,1
A. RAJARAM,Republican Party of India (Athawale),1
A. RAJASEKAR,Veerath Thiyagi Viswanathadoss Thozhilalarkal Katchi,1
A.RAJESH,Independent,1
A. RAJI,Independent,1
A. RAMAN,Independent,1
A. RAMU,Independent,1
A. RAMU,All India Anna Dravida Munnetra Kazhagam,1
A.RANI NADAR ALIAS PUSHPARANI,Independent,1
ARASAN K,Independent,1
ARASUMANI. G,Independent,1
ARASU S,Independent,1
ARAVAAZHI. K,All India Jananayaka Makkal Kazhagam,1
ARAVINDAN,Independent,1
ARAVINDARAJ. R,Independent,1
ARAVIND CHANDRASEKAR,Indhu Dravida Makkal Katchi,1
ARAVIND GOSH Y T,Independent,1
ARAVIND M,Naam Tamilar Katchi,1
ARAVIND. R,Independent,1
ARAVINTHASAMY.J,Independent,1
ARAVINTH S,Independent,1
ARCHANA NARASIMMAN,Naam Tamilar Katchi,1
ARCHANA TAMILARUVI,Naam Tamilar Katchi,1
ARIVALAGAN. M,Independent,1
ARIVAZHAGAN. D,Bahujan Samaj Party,1
ARIVAZHAGAN.E.N,Tamizhaga Vaazhvurimai Katchi,1
ARIVAZHAGAN K,Independent,1
ARIVUDAINAMBI.S,Anti Corruption Dynamic Party,1
ARJUNAN L K,Independent,1
ARJUNAN. P,All India Anna Dravida Munnetra Kazhagam,1
AROCKIA DASS. J,Independent,1
AROCKIARAJ .A,Samaniya Makkal Nala Katchi,1
AROKIYARAJ V,Tamizhaga Vaazhvurimai Katchi,1
ARTHANARI. S.K.,Indian National Congress,1
ARUL ANAND. V,Independent,1
ARUL ARUMUGAM,Tamilaga Vettri Kazhagam,1
ARUL.D,Independent,1
ARUL DOSS. A.,Independent,1
ARUL. K,Independent,1
ARULKUMAR P,Ganasangam Party of India,1
ARULKUMAR.P,Independent,1
ARULMANIARASU. P,Independent,1
ARUL MANI. H,Independent,1
ARUL.P,Independent,1
ARUL PRAKASAM. M,Tamilaga Vettri Kazhagam,1
ARULPRAKASAM S,Independent,1
ARULPRAKASH. P,Independent,1
ARUL PRAKASH. T,Independent,1
ARULRAJU G,Anaithinthiya Anna Dravida Makkal Seyal katchi,1
ARUL RAMADAS,Aanaithinthiya Jananayaka Pathukappu Kazhagam,1
ARUL .S,Independent,1
ARUL. T,Independent,1
ARUL VIGNESH C,Tamilaga Vettri Kazhagam,1
ARUMUGAM. C,Independent,1
ARUMUGAM G,Parivartan Rajniti Party,1
ARUMUGAM. G.,Independent,1
ARUMUGAM M,Independent,1
ARUMUGAM. M,Independent,1
ARUMUGAM. MUNI.,Independent,1
ARUMUGAM.N,Tamizhaga Vaazhvurimai Katchi,1
ARUMUGAM. P,Independent,1
ARUMUGAM. P.V,Independent,1
ARUMUGAM  R,Independent,1
ARUMUGAM.R,Ganasangam Party of India,1
ARUMUGAM. V,Independent,1
ARUMUGAM. V,Naam Tamilar Katchi,1
ARUMUGAM.V,Republican Party of India,1
ARUMUGARAJ. S.,Tamizhaga Vaazhvurimai Katchi,1
ARUMUGAVEL.T,Naam Indiar Party,1
ARUNACHALAM. C,Independent,1
ARUNACHALAM. V. P,Tamilaga Vettri Kazhagam,1
ARUNAGIRI . M,Independent,1
ARUN. C,Independent,1
ARUNKUMAR A,Independent,1
ARUNKUMAR. G.,Independent,1
ARUNKUMAR PRG,All India Anna Dravida Munnetra Kazhagam,1
ARUNKUMAR . S,Independent,1
ARUNMOZHITHEVAN . A,All India Anna Dravida Munnetra Kazhagam,1
ARUNMOZHI . V,Independent,1
ARUNPANDIAN.A,Tamizhaga Vaazhvurimai Katchi,1
ARUN PANDIAN A J,Independent,1
ARUNRAJ,Independent,1
ARUNRAJ K G,Tamilaga Vettri Kazhagam,1
ARUN RAO. N.A,Naam Indiar Party,1
ARUN. R.L,Naam Tamilar Katchi,1
ASADULLAH. B,Indian National League,1
A SAMRAJ,Independent,1
ASANRAJA. K,Independent,1
A. SARAVANAKUMAR,Naam Indiar Party,1
ASARUDHEEN. A,Independent,1
A. SASIKUMAR,Independent,1
A. SATHIK KUMAR,Democratic National Allegiance,1
A.SATHIYALEELA,Independent,1
A.S.CHANDARASEKARAN,Indian National Congress,1
A SEGU ALI UDUMAN,Independent,1
A. SELVA KUMAR,Thakkam Katchi,1
A.SELVARAJ,Mannin Maithargal Kazhagam,1
A. SENTHIL KUMAR,Independent,1
A SHANMUGAVEL,Independent,1
ASHLIN BELMEN .A.S,Tamilnadu Mahatma Gandhi Makkal Katchi,1
ASHOKAN G,Indian National Congress,1
ASHOK KUMAR,Independent,1
ASHOK KUMAR A,Independent,1
ASHOK KUMAR C.A,Independent,1
ASHOK KUMAR G,Tamilaga Vettri Kazhagam,1
ASHOKKUMAR. G,Independent,1
ASHOKKUMAR.K,All India Anna Dravida Munnetra Kazhagam,1
ASHOKKUMAR. N,Dravida Munnetra Kazhagam,1
ASHOKKUMAR R,Bharatiya Janata Party,1
ASHOK. M,Independent,1
ASHOK. M.K,All India Anna Dravida Munnetra Kazhagam,1
ASHOK PRIYADARSHAN,Desiya Makkal Sakthi Katchi,1
ASIYA BEGUM,All India Puratchi Thalaivar Makkal Munnettra Kazhagam,1
A.SONIYA,Naam Tamilar Katchi,1
A. SOZHAN,Pattali Makkal Katchi,1
A S THANGARASU,Independent,1
A. SUBARESH RAJA,Independent,1
A SUBASH  CHANDRA BOSE,Thakkam Katchi,1
A. SUDHAHAR,Independent,1
A. SUDHAKAR,Republican Party of India (Athawale),1
ASWINI B,Naam Tamilar Katchi,1
A.THANGARAJ,Puthiya Tamilagam,1
ATHIKUMAR KUDUMBAR.B,Independent,1
ATHIMULAM,Independent,1
ATHISAYA PNDIYAN. V.,Independent,1
ATHIYAMAAN.M,Independent,1
A UDHAYAKUMAR,Puthiya Tamilagam,1
A. USHA,Independent,1
AUSTIN,Dravida Munnetra Kazhagam,1
AVADAINATHAN  V,Independent,1
AVARANGADU KARTHIK RAJA,Naam Tamilar Katchi,1
A.VASUDEVAN,Independent,1
A.VEERAMANI,Samaniya Makkal Nala Katchi,1
A.VELUSAMY,Puthiya Tamilagam,1
A. VISWANATHAN,All India Anna Dravida Munnetra Kazhagam,1
A.VISWANATHAN,Tamizhaga Vaazhvurimai Katchi,1
AYISHA,Independent,1
AYOOB RIYAS,Independent,1
AYSHA,Naam Tamilar Katchi,1
AYYANAN.P,Independent,1
AYYANAR E,Independent,1
AYYANAR N,Anti Corruption Dynamic Party,1
AYYANAR.R,Tamilaga Vettri Kazhagam,1
AYYAPPAN. P,All India Puratchi Thalaivar Makkal Munnettra Kazhagam,1
AZARUDEEN UDUMAN ALI,Tamilaga Vettri Kazhagam,1
AZARUTHEEN. M,Independent,1
AZARUTHEEN.M,Independent,1
AZHAGESAN V.R.,Desiya Makkal Sakthi Katchi,1
AZIZ ABDUL RAHMAN. J,Samaniya Makkal Nala Katchi,1
BABU .B,Rashtriya Samaj Dal (R),1
BABU. G,Independent,1
BABU P.,Independent,1
BABU. S,Independent,1
BABUSANKAR.R,Our Mahathma National Party,1
BABU SINGH,Independent,1
BABY. P,Independent,1
BABY RAJ. P,Independent,1
BACKIYALAKSHMI C,Thakkam Katchi,1
BADRI S,Independent,1
BAIJU T,Viro Ke Vir Indian Party,1
BAKIYALAKSHMI. M,Independent,1
BAKKIAM P,Anaithinthiya Anna Dravida Makkal Seyal katchi,1
BAKKIYARAJ R,Independent,1
BALABHARATHI. S.V,Independent,1
BALACHANDRAN. M,Independent,1
BALAGANAPATHY.V,Bharatiya Janata Party,1
BALAJI.A,Thakkam Katchi,1
BALAJI CHEZHIAN P,Independent,1
BALAJI. P,Independent,1
BALAJI R,Dravida Munnetra Kazhagam,1
BALAJI R,Independent,1
BALAJI RAMACHANDRAN,Naam Tamilar Katchi,1
BALAJI S,Independent,1
BALAJI. V,Bahujan Samaj Party,1
BALAKRISHNAN,Independent,1
BALAKRISHNAN,Tamilaga Vettri Kazhagam,1
BALAKRISHNAN A,Bahujan Samaj Party,1
BALAKRISHNAN (A) AMOOR BALU,Bahujan Samaj Party,1
BALAKRISHNAN K,Anna Makkal Katchi,1
BALAKRISHNAN. P,Bahujan Samaj Party,1
BALAKRISHNAN.S.P,Bharatiya Janata Party,1
BALAKRISHNAREDDY. P,All India Anna Dravida Munnetra Kazhagam,1
BALAMANI.V,Independent,1
BALAMURALI G,Independent,1
BALAMURUGAN.C,Independent,1
BALAMURUGAN.G,Tamilaga Vettri Kazhagam,1
BALAMURUGAN . G. C,Independent,1
BALAMURUGAN.K,All India Puratchi Thalaivar Makkal Munnettra Kazhagam,1
BALAMURUGAN . M. R,Independent,1
BALAMURUGAN N,Independent,1
BALAMURUGAN.P,Naam Indiar Party,1
BALAMURUGAN.R,Independent,1
BALAMURUGAN. S,Tamilaga Vettri Kazhagam,1
BALAMURUGAN. V,Independent,1
BALAN R,Independent,1
BALARAMAN.P,All India Anna Dravida Munnetra Kazhagam,1
BALARUBAN,Independent,1
BALASUBRAMANIAM M,Puthiya Tamilagam,1
BALASUBRAMANIAN. K.K,Independent,1
BALASUBRAMANIAN. M,Independent,1
BALASUBRAMANIAN.S,Tamilaga Vettri Kazhagam,1
BALASUBRAMANI.R,Independent,1
BALATHANDAYUTHAM.U,All India Anna Dravida Munnetra Kazhagam,1
BALAVEL MURUGESAN. T,Independent,1
BALSAMY. B,Naadaalum Makkal Katchi,1
BALU. M,Puthiya Tamilagam,1
BALU.P,Independent,1
BALU. P.M.,Independent,1
B.ANAND,Thakkam Katchi,1
BANUKUMAR R,Independent,1
BANUPRIYA. D,Republican Party of India (Athawale),1
BANUPRIYA M,Naam Tamilar Katchi,1
BANUPRIYA. M,Naam Tamilar Katchi,1
BARATHIRAJA.K,Independent,1
BARISHA BANU. M,Independent,1
BASKARAN. C,Independent,1
BASKARAN. C. R,Pattali Makkal Katchi,1
BASKARAN. R,Independent,1
BASKARAN. S,Independent,1
BASKAR. P,Independent,1
BAS MADHESWARAN,Tamizhaga Vaazhvurimai Katchi,1
B. BALAJI,Independent,1
B.CHITRA,Bahujan Samaj Party,1
B. DHAMODHARAN,Tamizhaga Vaazhvurimai Katchi,1
B. DHANDAPANI,New Generation Peoples Party,1
BENNY RAJAN. C.J,Republican Party of India (Athawale),1
BERRILA. L,Independent,1
BERVIN KINGS G,Tamilaga Vettri Kazhagam,1
BE  VEE RAMANAH,All India Anna Dravida Munnetra Kazhagam,1
BHARANITHARAN.D.K,Independent,1
BHARATHI.B,Puthiya Tamilagam,1
BHARATHIDASAN.S,Independent,1
BHARATHIMOHAN.  K.S,Independent,1
BHARATHI. P,Independent,1
BHARATHIRAJA A,Puthiya Tamilagam,1
BHARATHIRAJA. B,Independent,1
BHARATHISELVAN.R,Naam Tamilar Katchi,1
BHARATHKUMAR. G,Independent,1
BHARATH. M,Naam Indiar Party,1
BHARATH.M,Independent,1
BHARATH  MATHIRUBAN,Independent,1
BHARATH.S,Independent,1
BHASKAR. G,Independent,1
BHOJARAJAN.M,Bharatiya Janata Party,1
BHUVANA MANIYARASAN,Naam Tamilar Katchi,1
BHUVANESHWARI.A,Independent,1
BISHOP DR GODFREY NOBLE,Independent,1
B.KAJAHMOHIDEEN,Independent,1
B. KALYANARAMKUMAR,Naam Indiar Party,1
B.M.SUMATHY,Naam Tamilar Katchi,1
B.NAVIN,Tamizhaga Vaazhvurimai Katchi,1
BOOMIRAJAN K,Tamizhaga Vaazhvurimai Katchi,1
BOOMIRAJ. K,Samaniya Makkal Nala Katchi,1
BOOPATHI. R.,Naam Tamilar Katchi,1
BOOPATHI RAJARAJA CHOZHAN. M,Independent,1
BOOPATHY. S,Independent,1
BOWDHARAJ,Independent,1
B.PALANISWAMY,Bahujan Samaj Party,1
B.RAJENDRAN,Independent,1
B. RAJESH KUMAR,Bahujan Samaj Party,1
B.RAJESWARI,Naadaalum Makkal Katchi,1
B.RAJKUMAR,Tamilaga Vettri Kazhagam,1
BRAMAMOORTHI. M,Tamizhaga Vaazhvurimai Katchi,1
B.SAMPATHKUMAR,Independent,1
B. SATHISH KUMAR,Independent,1
B.SELVAM,Independent,1
B SIKKANDAR,Independent,1
B. VEERALAKSHMI,Tamilaga Makkal Nala Katchi,1
B. VENKATESAN,Independent,1
B.VIJAYARAJ,Tamilaga Vettri Kazhagam,1
B. YUVARAJ,Independent,1
C. ARUNA DEVI,Nam Naadu Nam Makkal Nam Ethirkaalam Katchi,1
C CHANDRASEKARAN,All India Anna Dravida Munnetra Kazhagam,1
C. CHANDRASEKARAN,Thamizh Desiya Munnetra Kazhagam,1
C. CHRISTY,All India Puratchi Thalaivar Makkal Munnettra Kazhagam,1
C. DILLIBABU,Independent,1
C. DINESH KUMAR,Independent,1
C. GOVINDASAMY,Independent,1
C. GUNASEKARAN,Thamizh Desiya Munnetra Kazhagam,1
CHANDARAN. A,Independent,1
CHANDRAJOTHI. M,Independent,1
CHANDRAKUMAR. P,Independent,1
CHANDRA.M,All India Puratchi Thalaivar Makkal Munnettra Kazhagam,1
CHANDRAMOHAN.K.M.,Independent,1
CHANDRA MOULISWARAN A,Independent,1
CHANDRAN .S.S,Naam Tamilar Katchi,1
CHANDRA P,Independent,1
CHANDRA PRABHA JEYAPAL,Naam Tamilar Katchi,1
CHANDRAPRABHA.M,All India Anna Dravida Munnetra Kazhagam,1
CHANDRASEKAR,Tamizhaga Murpokku Makkal Katchi,1
CHANDRASEKARAN,Independent,1
CHANDRASEKARAN B,Tamilaga Vettri Kazhagam,1
CHANDRASEKARAN.G,Independent,1
CHANDRASEKARAN  GOVI,Bharatiya Janata Party,1
CHANDRASEKARAN. M,All India Jananayaka Makkal Kazhagam,1
CHANDRASEKARAN.S,Independent,1
CHANDRA SEKAR.K,Independent,1
CHANDRASEKAR. K.A,Dravida Munnetra Kazhagam,1
CHANDRASEKAR. P,Independent,1
CHANDRASEKAR.P,Independent,1
CHANTHIRASEKAR S.,Independent,1
CHARAVANAN M.P,Independent,1
CHARLES. S,Independent,1
CHELLADURAI. M,Independent,1
CHELLADURAI. R,Naam Indiar Party,1
CHELLAKUMAR.A,Indian National Congress,1
CHELLAM.K,Independent,1
CHELLAMUTHU. K,Independent,1
CHELLAPANDIAN S.T.,All India Anna Dravida Munnetra Kazhagam,1
CHELLAPANDIYAN. K.K,Dravida Munnetra Kazhagam,1
CHELLAPANDIYAN.S,All India Puratchi Thalaivar Makkal Munnettra Kazhagam,1
CHELLASWAMY. R,Communist Party of India (Marxist),1
CHENDUR MAHARAJAN,Puthiya Makkal Tamil Desam Katchi,1
CHENNA KESAVAN C,Independent,1
CHENNA KESAVAN.P,Independent,1
CHENNAKRISHNAN. V,All India Puratchi Thalaivar Makkal Munnettra Kazhagam,1
CHENRAYAN A,Independent,1
CHEZHIYAN.G,Independent,1
CHEZHIYAN P,Pattali Makkal Katchi,1
CHIDAMBARAM. A,Independent,1
CHINNADURAI ALIAS DIMITRO S,Communist Party of India (Marxist-Leninist) (Liberation),1
CHINNADURAI. K,Dravida Munnetra Kazhagam,1
CHINNADURAI S.,Bahujan Samaj Party,1
CHINNAIYAN POOSARI,Bahujan Samaj Party,1
CHINNA MAHARAJA.K,Independent,1
CHINNASAMY. G,Independent,1
CHINNASAMY. N.,Independent,1
CHINNASAMY. P,Independent,1
CHINNASAMY.V,Tamizhaga Vaazhvurimai Katchi,1
CHINNATHAMBI K,Republican Party of India (Athawale),1
CHINNATHAMBI.P,Independent,1
CHINTHAMANI.C,Tamilaga Vettri Kazhagam,1
CHITHIRAI SELVAN,Tamizhaga Vaazhvurimai Katchi,1
CHRIST MILLER. S,All India Puratchi Thalaivar Makkal Munnettra Kazhagam,1
CITTIBABU.R,Independent,1
C JAGANATHAN,All India Puratchi Thalaivar Makkal Munnettra Kazhagam,1
C. JAGAN MOHAN,Independent,1
C.JANARTHANAN,Independent,1
C. KARUPPAIAH,Independent,1
C.KENGUSAMY,Independent,1
C. KRISHNAMURALI,All India Anna Dravida Munnetra Kazhagam,1
C.MAHENDRAN,Independent,1
C.MALAISELVAM,Puthiya Tamilagam,1
C.MALATHI,Tamizhaga Vaazhvurimai Katchi,1
C.M. ARUCHAMY,Bahujan Samaj Party,1
C.MOHANRAM,Independent,1
C.MOORTHY,Independent,1
C.NAGARAJ,Party for the Rights of Other backward Classes,1
C. NANDA KUMAR,All India Puratchi Thalaivar Makkal Munnettra Kazhagam,1
C.PALANICHAMY,Independent,1
C.PALANISAMY,Tamizhaga Vaazhvurimai Katchi,1
C. PARIRAJAN,Veerath Thiyagi Viswanathadoss Thozhilalarkal Katchi,1
C. PONPANDI,All India Puratchi Thalaivar Makkal Munnettra Kazhagam,1
C. RAJAMANICKAM,Independent,1
C. RAJENDRAN,Independent,1
C.RAJENDRAN,All India Anna Dravida Munnetra Kazhagam,1
C. RAMACHANDRAN,Independent,1
C. RAMARAJAN,Tamilaga Vettri Kazhagam,1
C.RAMESH,Independent,1
C. RAVI,Tamilaga Makkal Nala Katchi,1
C.SATHISHKUMAR,Independent,1
C .SELVAKUMAR,Tamizhaga Vaazhvurimai Katchi,1
C SELVAN,Republican Party of India (Athawale),1
C SHANMUGAVELU,Amma Makkal Munnettra Kazagam,1
C.S. Karnan,Anti Corruption Dynamic Party,1
C. SRIDHAR,Independent,1
C SUTHAN,Independent,1
C. THANGARAJU,Tamilaga Vettri Kazhagam,1
C.THIYAGARAJAN,Independent,1
C. UTHAYAKUMAR,Bharatiya Janata Party,1
C.VIJAYALAKSHMI,Tamilaga Vettri Kazhagam,1
C.VIMALRAJ,Independent,1
D. AJITH KUMAR,Independent,1
DAMODARAN S,All India Anna Dravida Munnetra Kazhagam,1
D. ANANDAN,Independent,1
DANIEL.A,Independent,1
DANIYA. P,Independent,1
DAVID SAHAYA BASCAR,Independent,1
DAVID T,Independent,1
D.CHANDRAKANDEEBAN,Tamilaga Vettri Kazhagam,1
D DHILIPKUMAR,Independent,1
D.DINESH,Independent,1
DEEPA.G.S,Independent,1
DEEPAK. P,Independent,1
DEEPAKRAJAN V,Independent,1
DEEPAK RAVI,Independent,1
DEEPAK SAI KISHORE.A,Tamilaga Vettri Kazhagam,1
DEIVEEGADASS.M,Independent,1
DEIVEEGAN. P,Independent,1
DEVADASS.K,Independent,1
DEVAKUMARAN. E,Independent,1
DEVAPPA. Y,Independent,1
DEVAPPA.Y,Independent,1
DEVARAJAN.C,Independent,1
DEVARAJAN G,Independent,1
DEVASITHAM,Independent,1
DEVASTIN AUGUSTIN. G,Independent,1
DEVENDHIRAPRABU. M,Independent,1
DEVENDIRAN M,Independent,1
DEVENDRAN.J,Tamizhaga Vaazhvurimai Katchi,1
DEVENDRAN. R,Tamizhaga Murpokku Makkal Katchi,1
DEVENTHIRAMOORTHY.S,Independent,1
DEVIALAKSHMI SARANYA.K,Independent,1
DEV.P.JEGADEESAN,Independent,1
D. GOVINDARAJAN,Independent,1
DHAMODHARAN. S,Tamizhaga Vaazhvurimai Katchi,1
DHAMOTHARAN. M,Independent,1
DHAMOTHARANV.,All India Puratchi Thalaivar Makkal Munnettra Kazhagam,1
DHANABAL.C,Independent,1
DHANABAL. D,Independent,1
DHANABAL.R,Independent,1
DHANAKESAVAMOORTHY A.C.T,Independent,1
DHANAMOORTHY .R,Independent,1
DHANANCHEZHIYAN,Independent,1
DHANAPAL,Independent,1
DHANAPAL.K,Independent,1
DHANAPAL. S,Independent,1
DHANAPAL SUBRAMANIYAM,Anaithinthiya Anna Dravida Makkal Seyal katchi,1
DHANARASU,Namadhu Makkal Katchi,1
DHANASEKARAN. M,All India Puratchi Thalaivar Makkal Munnettra Kazhagam,1
DHANASEKARAN. T,Independent,1
DHANASEKARAN.V,Independent,1
DHANA VIMAL,All India Anna Dravida Munnetra Kazhagam,1
DHANDABANI K,Independent,1
DHARMARAJ. M,Naam Tamilar Katchi,1
DHARMARAJ. P,All India Puratchi Thalaivar Makkal Munnettra Kazhagam,1
DHASARATHAN.R,Independent,1
DHAVAMANI. P,Anti Corruption Dynamic Party,1
DHAVAMANI. R,Naam Tamilar Katchi,1
DHAYANIDHI D,Independent,1
DHERPOKI V.PANDI,Amma Makkal Munnettra Kazagam,1
DHETCHNA MOORTHY. DOCTOR. S,Independent,1
DHILIPKUMAR.D,Independent,1
DHINAKARAN S.T.R.M.,Independent,1
DHINESH KARIKALAN,Independent,1
DHIVAKAR. A,Independent,1
DHIVYA,Naam Tamilar Katchi,1
DHRAVIDAMANI.M,Dravida Munnetra Kazhagam,1
DILIP C S,Tamilaga Vettri Kazhagam,1
DILLI KUMAR. R,Democratic National Allegiance,1
DINESH,Independent,1
DINESH. B,Independent,1
DINESH. K,Independent,1
DINESHKUMAR,Independent,1
DINESH KUMAR.A,Independent,1
DINESH KUMAR. K,Independent,1
DINESH KUMAR. N,Independent,1
DINESHKUMAR. N,Dravida Munnetra Kazhagam,1
DINESHKUMAR.N,Independent,1
DINESHKUMAR. V,Independent,1
DINESH. P.N,Naam Tamilar Katchi,1
DINO T,Naadaalum Makkal Katchi,1
DIVESH. S,Independent,1
DIVYA P,Naam Indiar Party,1
DIWAKAR. R,Independent,1
D. JANARTHANAN,Independent,1
D. JAYAKUMAR,All India Anna Dravida Munnetra Kazhagam,1
D. JAYAKUMAR,Independent,1
D. JEYAGANESH,Naam Indiar Party,1
D KABILAN,Independent,1
D.KARTHIKEYAN,Samata Party,1
D.K.MESHACK KIRUBAKARAN,Independent,1
D.KRISHNAMURTHY,Desiya Murpokku Dravida Kazhagam,1
D. KUMARAN,Independent,1
D. MATHIAZHAGAN,Dravida Munnetra Kazhagam,1
D.MOHAMED ISMAIL,Independent,1
D.MURUGESAN,Desiya Murpokku Dravida Kazhagam,1
D. NAGARAJ,Independent,1
DORAI. SHANMUGA PRABU,All India Anna Dravida Munnetra Kazhagam,1
D. PANNEERSELVAM,Independent,1
D.PRABHU,Independent,1
D.PURUSHOTHAMAN,All India Puratchi Thalaivar Makkal Munnettra Kazhagam,1
D. PUSHPA,Independent,1
D.PUSHPARAJ,All India Puratchi Thalaivar Makkal Munnettra Kazhagam,1
D. RAMESH,Independent,1
D. RAMU,Independent,1
DR A.P. POORNIMA,Dravida Munnetra Kazhagam,1
DR. A. SIMON JUSTIN,Naam Tamilar Katchi,1
DR. A. SUBAIR KHAN,Dravida Munnetra Kazhagam,1
DR.A.V.NARENDRAN,Independent,1
DR. DHILIPAN JAISHANKAR,All India Anna Dravida Munnetra Kazhagam,1
DR. DHIVYA. S,All India Anna Dravida Munnetra Kazhagam,1
DR.D. MADAN,Independent,1
DR. DNV SENTHILKUMAR. S.,Dravida Munnetra Kazhagam,1
Dr.D.VINOTH KUMAR,Bahujan Samaj Party,1
DR. ELANGOVAN. V.,Desiya Murpokku Dravida Kazhagam,1
DR.ESAKKI SUBAYA,All India Anna Dravida Munnetra Kazhagam,1
DR.G. MOORTHY,Independent,1
DR. GOKILAMANI.V,Dravida Munnetra Kazhagam,1
DR. GURUNATHAN. S,Indhu Dravida Makkal Katchi,1
DR.HANUMAIAH.C,Independent,1
DR.J. ABUBAKKAR SITHICK,Anna Puratchi Thalaivar Amma Dravida Munnetra Kazhagam,1
DR. JAYALAKSHMI. S.T,Dravida Munnetra Kazhagam,1
DR.JAYANTHI.R,Independent,1
DR. J.SAILAS,Bahujan Samaj Party,1
DR.KAILAI RAJAN.D,Naam Tamilar Katchi,1
DR.KALAI KATHIRAVAN,Dravida Munnetra Kazhagam,1
DR. KARTHIKEYAN. T.E.,Naam Tamilar Katchi,1
DR. K. ARVIND,Tamilaga Vettri Kazhagam,1
DR KATHIRKAMU K.,Amma Makkal Munnettra Kazagam,1
DR.K. KRISHNASAMY,Puthiya Tamilagam,1
DR.K.RAJKUMAR,Independent,1
DR. KRISHNA PRASAD. B,Independent,1
DR.KRISHNASAMY .V,Naam Tamilar Katchi,1
DR. L. MURUGAN,Bharatiya Janata Party,1
DR. MOHANA CHELVAN. P,Independent,1
DR. MOHANRAJ A.C. (P.T),Independent,1
DR M SUDHAKAR,Tamilaga Vettri Kazhagam,1
DR.MURUGU K,Independent,1
DR. MUTHIAH. S,All India Anna Dravida Munnetra Kazhagam,1
DR.NAGESH KUMAR. C,Bharatiya Janata Party,1
DR.NAKAJOTHI. N,Tamilaga Vettri Kazhagam,1
DR.N. GUNASEKAR,Republican Party of India (Athawale),1
DR.PADMARAJAN. K,Independent,1
DR.PANDIKUMAR.S,Communist Party of India (Marxist-Leninist) (Liberation),1
DR. PL. VIJAYAKUMAR,All India Anna Dravida Munnetra Kazhagam,1
DR PON GAUTHAMSIGAMANI,Dravida Munnetra Kazhagam,1
DR.POOVALAGI. P,Independent,1
DR.PRABHU. TK,Tamilaga Vettri Kazhagam,1
DR. PRAVEEN KUMAR. M,Tamilaga Vettri Kazhagam,1
DR. RAJESWARI. R,Dravida Munnetra Kazhagam,1
DR. RAMACHANDRAN. M,Independent,1
DR. RAMAKRISHNAN. S,Independent,1
DR.RAVI.M.S,Tamilaga Vettri Kazhagam,1
DR.R.KARTHIKEYAN,Naam Tamilar Katchi,1
DR.R.RAMKUMAR,All India Puratchi Thalaivar Makkal Munnettra Kazhagam,1
DR.R. SARAVANA PERUMAL,Makkal Nalvaazhvuk Katchi,1
DR.SATHISH CHRISTOPHER,Tamilaga Vettri Kazhagam,1
DR.SHANMUGAM.A.R.,Independent,1
DR. SHYAM KRISHNASAMY,Puthiya Tamilagam,1
DR.SHYAM KRISHNASAMY,Puthiya Tamilagam,1
DR. S.PRAVEEN,Independent,1
DR.S.RAJASEKARAN,Naam Tamilar Katchi,1
DR. SRIDHARAN. A,Tamilaga Vettri Kazhagam,1
DR.S.VELLAI DURAI,All India Puratchi Thalaivar Makkal Munnettra Kazhagam,1
DR. TAMILISAI SOUNDARARAJAN,Bharatiya Janata Party,1
DR.TAMIZHARASI.P,Pattali Makkal Katchi,1
DR. T. ARUNKUMAR,Tamilaga Vettri Kazhagam,1
DR.THIRUPATHI. N,Tamilaga Vettri Kazhagam,1
DR.VINAYAGA MEYYARASU. T,Independent,1
DR.V.SIVASANKARAN,Naam Tamilar Katchi,1
D. SANKAR,Naadaalum Makkal Katchi,1
D.SANTHIYAGAPPAR ANTONY,Independent,1
D.SARATHKUMAR,Tamilaga Vettri Kazhagam,1
D. SATHISH KUMAR,Independent,1
D.SHANMUGAN,Tamilaga Vettri Kazhagam,1
D. SIVASANKARAN,Bahujan Samaj Party,1
D. SRINIVASAN,Independent,1
D.SUDHAKAR,Independent,1
D. THIRUNAVUKKARASAR,Tamizhaga Vaazhvurimai Katchi,1
DURAI ARASAN.K,Independent,1
DURAI CHANDRASEKAR,Indian National Congress,1
DURAI. CHANDRASEKARAN,Dravida Munnetra Kazhagam,1
DURAI EZHILAN P,Independent,1
DURAI.K,Independent,1
DURAIMURUGAN,Dravida Munnetra Kazhagam,1
DURAIRAJ,Independent,1
DURAIRAJAN.M,Independent,1
DURAIRAJ. C,Independent,1
DURAI RAJ. S,Independent,1
DURAIRAJ. V,Independent,1
DURAISAMY. J,Independent,1
DURAI. SENTHAMIL SELVAN B.E,Dravida Munnetra Kazhagam,1
DURAI. SENTHILNATHAN,Naam Tamilar Katchi,1
DURKALI. N,Independent,1
DURUGAN. M,Vanchit Bahujan Aaghadi,1
DUSI K MOHAN,Tamilaga Vettri Kazhagam,1
D.VELAZHAGAN,All India Anna Dravida Munnetra Kazhagam,1
D. VIDHYASAGAR,Independent,1
D. VIGNESHWARAN,Independent,1
D.V. VENUGOPAL,Tamizhaga Vaazhvurimai Katchi,1
EASAN NATARAJAN T,Independent,1
EASAN NATARAJAN. T,Independent,1
EASWARAMURTHI.K,Tamizhaga Vaazhvurimai Katchi,1
E.C. GOVINDARAJE,Independent,1
E.C. GOVINDARASAN,All India Anna Dravida Munnetra Kazhagam,1
ECR P SARAVANAN,Tamilaga Vettri Kazhagam,1
EDAPPADI PALANISWAMI. K,All India Anna Dravida Munnetra Kazhagam,1
E. DHAKSHNAMOORTHY,Independent,1
EDWIN ABINESH A,Independent,1
E.FAROOK ALI,Independent,1
E.GURUBARAN,Independent,1
EKAMBARAM. V,Independent,1
E.KOTHANDAN,Independent,1
E.KRITHIKA,Naam Tamilar Katchi,1
ELAIYARAJA C,Independent,1
ELAMATHI. S,Independent,1
ELAMATHI SUBRAMANIAN,All India Anna Dravida Munnetra Kazhagam,1
ELANGO. G,Ezhuchi Tamilargal Munnetra Kazhagam,1
ELANGO. R,Dravida Munnetra Kazhagam,1
ELANGOVAN. A.R,Desiya Murpokku Dravida Kazhagam,1
ELANGOVAN.D,Tamilaga Vettri Kazhagam,1
ELANGOVAN. K,Naadaalum Makkal Katchi,1
ELANGOVAN SIVAKUMAR,Independent,1
ELAVARSAN. A.,Independent,1
ELAYARAJA.M,Puthiya Tamilagam,1
ELSY C.,Independent,1
ELUMALAI. A S/O ARUMUGAM,Independent,1
ELUMALAI. C,Bharatiya Janata Party,1
ELUMALAI. C  S/O CHINNAKUZHANTHAI,Independent,1
ELUMALAI. C S/O CHINNARASU,Independent,1
ELUMALAI. P,Independent,1
ELUMALAI. P,Tamilaga Vettri Kazhagam,1
ELUMALAI. S,Independent,1
ELUMALAI. T,Independent,1
ELUMALAI.T.A,Amma Makkal Munnettra Kazagam,1
E. MANI,Republican Party of India (Athawale),1
E MANIKANDAN,Independent,1
E. MURALI B.A,Independent,1
E. MURALIDHARAN,Tamilaga Vettri Kazhagam,1
E. MURUGAN,Independent,1
E. RAJA,Dravida Munnetra Kazhagam,1
E. RAJARATHINAM,Tamizhaga Vaazhvurimai Katchi,1
ERAMAKRISHNAN N,Dravida Munnetra Kazhagam,1
E. RAMALINGAM,Party for the Rights of Other backward Classes,1
ER. JAYAKKUMAR. R,Independent,1
ER.PRABAKARAN.S,Independent,1
ER.S. ARJUN,Independent,1
ESAI MATHIVANAN,Naam Tamilar Katchi,1
ESAKKIAMMAL.M,Bahujan Samaj Party,1
ESAKKI. K,Independent,1
ESAKKIMUTHU,Puthiya Makkal Tamil Desam Katchi,1
ESAKKIMUTHUNADAR.P,Independent,1
ESAKKI PANDI. K,Independent,1
ESAKKIRAJA. K,All India Puratchi Thalaivar Makkal Munnettra Kazhagam,1
ESAKKIRAJA. V.,Independent,1
E.SAROJA,All India Anna Dravida Munnetra Kazhagam,1
E.SAROJA,Independent,1
ESHWARAN.C,Independent,1
ESSAKKIAMMAL.E,Bahujan Samaj Party,1
ESTHER MARY DIANA A,Naam Tamilar Katchi,1
E.SURESH,Independent,1
ESWARAN E R,Dravida Munnetra Kazhagam,1
ESWARAN M,Independent,1
ESWARAN. P,Bahujan Samaj Party,1
ESWARAPPAN.M,Independent,1
ESWARA VADIVU. S.,Naam Indiar Party,1
ESWAR.S,Independent,1
E. UDHAYA KUMAR,Independent,1
E. VIJAY,Independent,1
E.V.S.RAJAKUMAR NAIDU,Tamil Telugu National Party,1
E. YESUDOSS,Tamilaga Makkal Nala Katchi,1
EZHILAN NAGANATHAN,Dravida Munnetra Kazhagam,1
EZHILARASI VIJAYENDRAN,Naam Tamilar Katchi,1
EZHIL ARASU. M M.A. L.L.M.,Independent,1
EZHIL CAROLINE,Viduthalai Chiruthaigal Katchi,1
EZHIL. E,Independent,1
EZHIL ELAVARASI. R,Naam Tamilar Katchi,1
EZHIL KATHARINE EZHILMALAI,Tamilaga Vettri Kazhagam,1
EZHILKUMAR.K,Independent,1
EZHILRAJ.D,Independent,1
EZHILVENTHAN . P,Independent,1
FARMER JAYARAMAN S K J,Independent,1
FARMER JAYARAMAN. S K J.,Independent,1
FATHIMA FARHANA.S,Naam Tamilar Katchi,1
FIRDOSE AHMED. M,Independent,1
GAJENDRAN.KANAGA,Bahujan Samaj Party,1
GAJENDRAN. S.,Tamilaga Vettri Kazhagam,1
GANAPATHY. K,Dravida Munnetra Kazhagam,1
GANAPATHY. S,Thamizhaka Padaippalar Makkal Katchi,1
GANDHIAN RAMESH T,Ahimsa Socialist Party,1
GANDHI M R,Bharatiya Janata Party,1
GANESAN C.V,Dravida Munnetra Kazhagam,1
GANESAN. K,Independent,1
GANESAN M,All India Puratchi Thalaivar Makkal Munnettra Kazhagam,1
GANESAN. M,Independent,1
GANESAN .P,Indhu Dravida Makkal Katchi,1
GANESAN. P,Independent,1
GANESAN S,Independent,1
GANESAN. S,Vishwa Tamil Kazhagam,1
GANESAN V,Independent,1
GANESAN. V,Puthiya Makkal Tamil Desam Katchi,1
GANESAN V.G.,All India Anna Dravida Munnetra Kazhagam,1
GANESHAN. S,Independent,1
GANESHKUMAR A,Pattali Makkal Katchi,1
GANESH.M,Independent,1
GANESH. N,Thamizhaka Padaippalar Makkal Katchi,1
GANESH PERUMAL. D,Independent,1
GANESH. R,Naam Tamilar Katchi,1
GANESH S.,Independent,1
GANGADHARAN. R,Independent,1
GANGADURAI. K,Tamizhaga Vaazhvurimai Katchi,1
GANGASEKAR A,MAKKAL SAKTHI KATCHI,1
GANISHKAR,Independent,1
G. ARIVAZHAGAN,Independent,1
G. BABU,Independent,1
G. BAKIYALAKSHMI,Naam Tamilar Katchi,1
G.BALAKRISHNAN,Independent,1
G.BALASUBRAMANI,Tamilaga Vettri Kazhagam,1
G. BOTHI RAJAN,Independent,1
GBS K.NAGENDRAN,Bharatiya Janata Party,1
G.CHITHIRAVELU,Puthiya Tamilagam,1
G. CHRISTOPHER,Independent,1
G.DANIEL ANTONYRAJ,Independent,1
G.D. ARUNKUMAR,Independent,1
G. DHINESHKUMAR,Independent,1
G.D. KRISHNAKUMAR,Independent,1
G. DURAISARAVANAN,Independent,1
GEORGE STEPHEN. A,Independent,1
G.HARI,All India Anna Dravida Munnetra Kazhagam,1
GINGEE MASTHAN K S,Dravida Munnetra Kazhagam,1
GINGSTON. M,Independent,1
GIRIJA THAMARAIPANDIAN.D,Naam Tamilar Katchi,1
GIRISHKUMAR.A,Independent,1
G.JANAKIRAMAN,Naam Tamilar Katchi,1
G. J. DHARANIRAJ,Independent,1
G.JOHN PANDIAN,Independent,1
G. KALYANA SUNDARAM,All India Jananayaka Makkal Kazhagam,1
G.KAPIL,Tamilaga Vettri Kazhagam,1
G. KARTHIKEYAN,Independent,1
G. K. M. TAMILKUMARAN,Indian National Congress,1
G. MADHAN KUMAR,Independent,1
G. MAHESHWARAN,Tamizhaga Murpokku Makkal Katchi,1
G. MANIMEGALAI,Communist Party of India (Marxist-Leninist) (Liberation),1
G. MOHAN,Independent,1
G. MUNIYASAMY,Independent,1
G .MURUGAN,Independent,1
G. MUTHURAJ,Independent,1
GNANAMOORTHY,Independent,1
GNANASEKAR. A,Amma Makkal Munnettra Kazagam,1
GNANASEKARAN G,Independent,1
GNANASEKARAN. M,Independent,1
GNANASEKARAN. R,Independent,1
GNANASELVAM. S.,Independent,1
GNANASUNDARI.M,Aanaithinthiya Jananayaka Pathukappu Kazhagam,1
GNANAVETTIYAN SIVAPERUMAL .K,Tamizhaga Vaazhvurimai Katchi,1
GOBALA KRISHNAN. S,Independent,1
GOBAL.S.C.R,Aanaithinthiya Jananayaka Pathukappu Kazhagam,1
GOBINATHAN. R,Independent,1
GOKILAMANI. M,Independent,1
GOKULA KRISHNAN.S,Tamizhaga Vaazhvurimai Katchi,1
GOKUL RAJ B,Independent,1
GOKULRAJ S,Independent,1
GOMATHI .M,Naam Tamilar Katchi,1
GOMATHI. M,Bahujan Samaj Party,1
GOMATHI SANKAR,Tamizhaga Vaazhvurimai Katchi,1
G OMPRAKASH,Independent,1
GOPALAKRISHNAN,All India Puratchi Thalaivar Makkal Munnettra Kazhagam,1
GOPALA KRISHNAN. A,Independent,1
GOPALAKRISHNAN. V,Independent,1
GOPALAN G,Independent,1
GOPALAN.M,Independent,1
GOPAL.K,Independent,1
GOPAL R,Independent,1
GOPAL.S,Independent,1
GOPI. C,Communist Party of India (Marxist-Leninist) (Liberation),1
GOPI. K,Independent,1
GOPIKRISHNA. D,Independent,1
GOPI KRISHNAN PILLAI. S,Rashtriya Samaj Dal (R),1
GOPINATH. B,Independent,1
GOPINATH.G,Independent,1
GOPINATH.P,Independent,1
GOPINATH PALANIYAPPAN,Indian National Congress,1
GOPINATH.S,Tamilaga Vettri Kazhagam,1
GOPI. R,Independent,1
GOPI. R.,Tamilaga Vettri Kazhagam,1
GOPIRAJAN. G,Tamilaga Vettri Kazhagam,1
GOPU V S,Independent,1
GOVI.CHEZHIAAN,Dravida Munnetra Kazhagam,1
GOVI.ELANGO,All India Anna Dravida Munnetra Kazhagam,1
GOVINDAN.P,Bahujan Samaj Party,1
GOVINDARAJ.G,Tamizhaga Vaazhvurimai Katchi,1
GOVINDARAJ.G.J,Independent,1
GOVINDARAJ.V,Tamizhaga Vaazhvurimai Katchi,1
GOVINDHAKANNAN M,Bahujan Samaj Party,1
GOVINDHAN. A,All India Youth Development Party,1
GOVIND. T.G,Independent,1
GOWRI CHITRA,Tamilaga Vettri Kazhagam,1
GOWRI.P,Independent,1
GOWTHAM,Independent,1
GOWTHAMAN. M,Independent,1
GOWTHAM C,Independent,1
GOWTHAM D,Dravida Munnetra Kazhagam,1
GOWTHAM.R,Independent,1
GOWTHAM S,Independent,1
G. POORANA SELVAN,Independent,1
G.PRABU,Independent,1
G.P. SEKAR,Independent,1
G. RAJASEKARAN,All India Anna Dravida Munnetra Kazhagam,1
G. RAJATHI,Independent,1
G. RAJENDIRAN,Independent,1
G. RAJKUMAR,Independent,1
G.RAMAMOORTHI,Tamilaga Vettri Kazhagam,1
G.RAMANAN,Independent,1
G. RAMANATHAN,Tamilaga Vettri Kazhagam,1
G.RAMESHBABU,Indhu Dravida Makkal Katchi,1
G.RANJITH B.SC.L.L.B,Independent,1
G.R. RAJENDRAN,National Maha Sabha Party,1
G. RUTHRA KUMAR,Independent,1
G. SAMPATH,Independent,1
G. SAMUELRAJ,Independent,1
G. SEBASTIAN ANAND,Independent,1
G. SELVARAJ,Puthiya Makkal Tamil Desam Katchi,1
G.SELVARAJ,Independent,1
G.SIVA KUMAR,Independent,1
G SURESH KUMAR,Independent,1
G.THALAPATHI,Dravida Munnetra Kazhagam,1
GUNAPRAKASH. D,Independent,1
GUNASEELA. M,Naam Tamilar Katchi,1
GUNASEKARAN.G,Puthiya Tamilagam,1
GUNASEKARAN. K,Tamizhaga Vaazhvurimai Katchi,1
GUNASEKARAN .R,Bahujan Samaj Party,1
GUNASEKARAN S,Independent,1
GUNASEKAR.V,Independent,1
GUNASUNDARAM R,Independent,1
GURU KARTHICK T,Independent,1
GURUMOORTHY M,Puthiya Tamilagam,1
GURUNATHAN N.,Independent,1
GURUSAMY.K,Independent,1
GURUSAMY S,Independent,1
GURUSAMY.T,Independent,1
G. VIJAY,Independent,1
G.VIJAY MOHAN,Tamilaga Vettri Kazhagam,1
G VISU,Independent,1
HABEEB RAHAMAN. H,Independent,1
HARI BALAKRISHNAN.G,Puthiya Makkal Tamil Desam Katchi,1
HARIBASKAR.P,All India Anna Dravida Munnetra Kazhagam,1
HARIHARAN. S,Independent,1
HARI RAAJ. B,Independent,1
HARISH. A,All India Puratchi Thalaivar Makkal Munnettra Kazhagam,1
HAROON RASHEED BADU,All India Puratchi Thalaivar Makkal Munnettra Kazhagam,1
HAROON RASHEED. S.S,Tamilaga Vettri Kazhagam,1
HARUN RASHEETH J,Independent,1
H. DHANASEKAR,Independent,1
HEMARAJAN K,Naam Tamilar Katchi,1
HIMLAR,Naam Tamilar Katchi,1
H. MOHAMED ABDUL KHADIR,Tamizhaga Vaazhvurimai Katchi,1
H.MOHAMED GAIPEER,Independent,1
IBRAHIM.R,Tamilaga Vettri Kazhagam,1
I JAYAPRAKASH,Independent,1
ILAYANAGULAN. K,Naam Tamilar Katchi,1
IMTHIYAS,Independent,1
IMTHIYAZ PANDARATTUDU ABDU,Tamilaga Vettri Kazhagam,1
INBARAJ. T,Independent,1
INBARASAN G,Bahujan Samaj Party,1
INDHIRANI.C,Independent,1
INDHUJA R,Naam Tamilar Katchi,1
INDIRANI.T,Dravida Munnetra Kazhagam,1
INDRAGANDHI. P,Independent,1
INDRAJITH GUPTHA. G,Independent,1
INDU .W,Tamil Manila Murpokku Dravida Kazhagam,1
INGUR. C. LOGANATHAN,Naam Tamilar Katchi,1
I. PERIASAMY,Dravida Munnetra Kazhagam,1
I.RAFFIK,Naadaalum Makkal Katchi,1
IRFAN BASHA,Tamizhaga Vaazhvurimai Katchi,1
IRUDAYARAJ V,Independent,1
IRUMBORAI.G,Communist Party of India (Marxist-Leninist) Red Star,1
ISAC NEWTAN J.,Independent,1
ISAKI PANDIAN,Bahujan Samaj Party,1
I. SARAVANAN,Independent,1
I VINOD,Independent,1
IYAPPAN.L,Tamizhaga Vaazhvurimai Katchi,1
IYYAPPAN PERUMAL. P,Independent,1
IYYAPPAN . S,Independent,1
JACOB DEVADOSS ABISHEAK R.,Naam Tamilar Katchi,1
JAGADEESAN.P,Independent,1
JAGADESAN A,Tamilaga Vettri Kazhagam,1
JAGADESH CHANDER .M,Naam Tamilar Katchi,1
JAGADISH.S,Republican Party of India (Athawale),1
JAGANATHAN. A,Independent,1
JAGAN. M,Independent,1
JAGAN. T.,Independent,1
J.AGNI SELVARASU,Naadaalum Makkal Katchi,1
JAIKUMAR BALACHANDRAN,Independent,1
JAISANKAR. M,Independent,1
JAIVISHNUDEVI. M,Independent,1
JAKIRUSAN.D,Tamizhaga Vaazhvurimai Katchi,1
JAKKAIYAN S.T.K.,All India Anna Dravida Munnetra Kazhagam,1
JAMAL MOHAMED,Independent,1
JAMAL MOHAMED YOUNOOS. Y.N,Indian National Congress,1
JAMBU.B,Independent,1
JAMUNARANI. M,Naadaalum Makkal Katchi,1
JANAGARAJ,Independent,1
JANAGARAJ RAVI GUNASEELAN,Independent,1
JANAKIRAMAN.R,Aanaithinthiya Jananayaka Pathukappu Kazhagam,1
JANANI.D,Independent,1
JANARTHANAN P,Independent,1
JAYABALAN G.,Vada Tamil Nadu Munnetra Katchi,1
JAYA BHARATH. J,Independent,1
JAYACHANDRAN. B,Independent,1
JAYACHANDRAN. P,Independent,1
JAYAGANDHI. R,Independent,1
JAYAGOPAL. P,Bahujan Samaj Party,1
JAYAGOPI. M,Independent,1
JAYAINDHRAESWARAN,Independent,1
JAYA K,Tamizhaga Vaazhvurimai Katchi,1
JAYAKUMAR M.,Dravida Munnetra Kazhagam,1
JAYAKUMAR R,Independent,1
JAYAKUMAR. S,All India Anna Dravida Munnetra Kazhagam,1
JAYAKUMAR. T,Independent,1
JAYANTHI. E,Independent,1
JAYANTHI M,Independent,1
JAYANTHI. M,Independent,1
JAYAPRAKASH K,Independent,1
JAYAPRAKASH. K,Independent,1
JAYAPRAKASH.S,Independent,1
JAYARAJ. S,Independent,1
JAYARAMAN M,Independent,1
JAYARAMAN. M,Independent,1
JAYARAMAN N,Bahujan Dravida Party,1
JAYARAMAN PERUMAL. P.,Tamizhaga Vaazhvurimai Katchi,1
JAYARAM. N,Anna Makkal Katchi,1
JAYASANGAR.A,Independent,1
JAYASANKARAN. A.P.,All India Anna Dravida Munnetra Kazhagam,1
JAYASHANKAR. J,Independent,1
JAYASUDHA. L,All India Anna Dravida Munnetra Kazhagam,1
JAYAVEL,Independent,1
JAYAVEL. M,Independent,1
JAYA ZEBA C,Independent,1
JEBARSON S,Tamizhaga Vaazhvurimai Katchi,1
JEEVANANTHAM.M,Independent,1
JEEVITHA. A,Independent,1
JEEVITHA NACHIYAR.B,All India Puratchi Thalaivar Makkal Munnettra Kazhagam,1
JEGADESHWARI. K,Tamilaga Vettri Kazhagam,1
JEGANATHAN. A,Independent,1
JEGANATHMISHRA PLA,Tamilaga Vettri Kazhagam,1
JEGAN. M,Independent,1
JEGAN MOORTHY. M,All India Anna Dravida Munnetra Kazhagam,1
JEGATHISHWARI. N,Independent,1
J.EMALAN,Naam Tamilar Katchi,1
JESURAJENDRAN.J,Naam Indiar Party,1
JEYACHITRA,Independent,1
JEYAMURUGAN.M.P,Veerath Thiyagi Viswanathadoss Thozhilalarkal Katchi,1
JEYANTHI,Independent,1
JEYARAJ.P V S,Independent,1
J. HASSAIN,Independent,1
JINNAH JAKEER HUSSAIN,Independent,1
J.JENIFERJANET,Bahujan Samaj Party,1
J. JOHN EBENEZER,Dravida Munnetra Kazhagam,1
J.KAMATCHI,Tamilaga Vettri Kazhagam,1
J KARTHI,Vishwa Tamil Kazhagam,1
J.KESAVARAJAH,Independent,1
J.L.ESWARAPPAN,Dravida Munnetra Kazhagam,1
J.MADHAVAN,Independent,1
J M NIRAIMOZHI,Independent,1
J. MOHAN,Independent,1
J.MURALI KRISHNAN,Independent,1
J. MURUGAN,Tamilaga Vettri Kazhagam,1
J.MUTHU BAVA,Independent,1
J NAGARAJ,Independent,1
J. NITHYA,Independent,1
JOHN BASHA. A,Tamizhaga Vaazhvurimai Katchi,1
JOHN CHRISTOPHER T,Rashtriya Janata Dal,1
JOSELAL L.V,Independent,1
JOSEPHIN,All India Puratchi Thalaivar Makkal Munnettra Kazhagam,1
JOSEPH. L,Samaniya Makkal Nala Katchi,1
JOTHIBASU K,Independent,1
JOTHILAKSHMI. R.S,Vishwa Tamil Kazhagam,1
JOTHI.M,Independent,1
JOTHIMURUGAN.V,Bahujan Samaj Party,1
JOTHI. O,Dravida Munnetra Kazhagam,1
JOTHIRAJ G M,Independent,1
JOTHIVEL. A,Independent,1
J. PANDI,Bharatha Makkal Katchi,1
J.PRADHAP,Independent,1
J. PRAVEENKUMAR,Independent,1
J. RAMESH,Bahujan Samaj Party,1
J. ROBERT CHRISTY,Independent,1
J.SANTHOSH KUMAR,Independent,1
J.SARAVANAKUMAR,Independent,1
J. SEBASTIN,Socialist Unity Centre Of India (COMMUNIST),1
J. SELVAKUMAR,Independent,1
J SHANMUGAPRIYAN,Independent,1
J.SHOBA,Naam Tamilar Katchi,1
J. SURIYAKUMAR,Independent,1
J. SURIYA MUTHU,Independent,1
JUSTIN. M,Independent,1
JUSTIN. T,Indian Christian Front,1
J.V.DURAI,All India Youth Development Party,1
J. VENKATESAN,All India Puratchi Thalaivar Makkal Munnettra Kazhagam,1
J.VIJAYAN,Independent,1
KADAMBUR RAJU.C,All India Anna Dravida Munnetra Kazhagam,1
KADARKARAIRAJ. A,Dravida Munnetra Kazhagam,1
KAJA MAIDEEN,Independent,1
K. AJAY KUMAR,Independent,1
KALAIARASU.S,Naam Tamilar Katchi,1
KALAIMANI. V,Aanaithinthiya Jananayaka Pathukappu Kazhagam,1
KALAIRAJ. K,Independent,1
KALAISELVI.R,Ahila India Dhayaga Makkal Munnetra Katchi,1
KALAIVANAN POONDI  K,Dravida Munnetra Kazhagam,1
KALAIVANI.S,Independent,1
KALAIYENTHIRI. R,Naam Tamilar Katchi,1
KALAMANI JAGANATHAN,Naam Tamilar Katchi,1
KALANCHIYAM.MU,Naam Tamilar Katchi,1
KALA PETHACHI,Independent,1
KALASTHIRI S,All India Uzhavargal Uzhaippalargal Katchi,1
KALASTHIRI. S,All India Uzhavargal Uzhaippalargal Katchi,1
KALEESWARAN M,Independent,1
KALIDASS. R,Independent,1
KALIMUTHU. A,All India Puratchi Thalaivar Makkal Munnettra Kazhagam,1
KALIMUTHU. K,All India Forward Bloc,1
KALIMUTHU. P,Independent,1
KALIMUTHU. R,Independent,1
KALIMUTHU S.,Independent,1
KALIMUTHU.S,Independent,1
KALIMUTHU. V,Samaniya Makkal Nala Katchi,1
KALIRAJ. M,Independent,1
KALIYAPPAN. A,Independent,1
KAMALAKANNAN.K,Independent,1
KAMALA VEL SELVAN. P,Bahujan Samaj Party,1
KAMALI.S,Tamilaga Vettri Kazhagam,1
KAMARAJ.A,Independent,1
KAMARAJ. G,Independent,1
KAMARAJ.K,Samaniya Makkal Nala Katchi,1
KAMARAJ. R,All India Anna Dravida Munnetra Kazhagam,1
KAMARAJ. S,Amma Makkal Munnettra Kazagam,1
KAMARAJ.S,Bahujan Samaj Party,1
KAMATCHI S,Independent,1
KANAGARAJ. P,Independent,1
KANAGARAJ. S,Independent,1
KANAGARAJ.T,Independent,1
KANAKARAJ K,Independent,1
K.ANAND,Independent,1
KANCHANA. R,Tamizhaga Murpokku Makkal Katchi,1
KANDASAMY,Tamilaga Vettri Kazhagam,1
KANDASAMY.A.,Independent,1
KANDASAMY. P,Independent,1
KANDASAMY.R.,Independent,1
KANDASAMY.V.,Independent,1
KANDHASAMY. R (ALIAS) BABU,Independent,1
KANGATHARAN .P,Independent,1
KAN ILANGO,Independent,1
KANIMOZHI.K,Independent,1
KANIMOZHI SANTHOSH,Tamilaga Vettri Kazhagam,1
KANIPANDI M,Puthiya Tamilagam,1
K. ANNADURAI,Independent,1
KANNAIYAN. T,Communist Party of India (Marxist-Leninist) (Liberation),1
K. ANNAMALAI,Independent,1
KANNAN. G.,Aanaithinthiya Jananayaka Pathukappu Kazhagam,1
KANNAN.G,Ezhuchi Tamilargal Munnetra Kazhagam,1
KANNAN K.,Independent,1
KANNAN. K,Independent,1
KANNAN. K.,Tamilar Makkal Katchi,1
KANNAN KA.SO.KA.,Dravida Munnetra Kazhagam,1
KANNAN M,Independent,1
KANNAN. P,Veerath Thiyagi Viswanathadoss Thozhilalarkal Katchi,1
KANNAN. R,Independent,1
KANNAN .S,Independent,1
KANNAN S,Naam Tamilar Katchi,1
KANNAN. S,Independent,1
KANNAN.S,All India Puratchi Thalaivar Makkal Munnettra Kazhagam,1
KANNIYAPPAN. S,Independent,1
KANTHAN A,Tamizhaga Vaazhvurimai Katchi,1
KANTHASAMY.K.,Anna Puratchi Thalaivar Amma Dravida Munnetra Kazhagam,1
KAREEM BASHA. A,All India Majlis-E-Inquilab-E-Millat,1
KARIKALAN B,Naam Tamilar Katchi,1
KARIKALAPANDIYAN.A,Naam Tamilar Katchi,1
KARMEGAM. R,Independent,1
KARMEGAN.M,Naam Tamilar Katchi,1
KARTHE.M,Pattali Makkal Katchi,1
KARTHI,Independent,1
KARTHICK. A,Samaniya Makkal Nala Katchi,1
KARTHICK.A,Independent,1
KARTHICK NARAYANAN S.,Independent,1
KARTHICK P,Independent,1
KARTHICK.R,Independent,1
KARTHICK.S,Independent,1
KARTHICK. T,Naam Tamilar Katchi,1
KARTHICK.V,Independent,1
KARTHI G,Independent,1
KARTHIGAI PANDI,Independent,1
KARTHIK,Independent,1
KARTHIK.A,Tamilaga Vettri Kazhagam,1
KARTHIKADEVI. K,Independent,1
KARTHIKA. M,Naam Tamilar Katchi,1
KARTHIKA PRAKASH,All India Puratchi Thalaivar Makkal Munnettra Kazhagam,1
KARTHIKDHANDAPANI,Dravida Munnetra Kazhagam,1
KARTHIKEYAN,Independent,1
KARTHIKEYAN A,Independent,1
KARTHIKEYAN.C.M,Independent,1
KARTHIKEYAN G,Independent,1
KARTHIKEYAN K,Dravida Munnetra Kazhagam,1
KARTHIKEYAN.M,Independent,1
KARTHIKEYAN. N,Independent,1
KARTHIKEYAN. P,Tamilaga Vettri Kazhagam,1
KARTHIKEYAN.R,Independent,1
KARTHIKEYAN.R-POOLUVAPATTI,Independent,1
KARTHIKEYAN.R-THONDAMUTHUR,Independent,1
KARTHIKEYAN S,Tamilaga Vettri Kazhagam,1
KARTHIKEYAN.S,Independent,1
KARTHIKEYAN V,Independent,1
KARTHIK KUMAR. K,Tamilaga Vettri Kazhagam,1
KARTHIK M,Independent,1
KARTHIK. M,Independent,1
KARTHIK MOHAN,Dravida Munnetra Kazhagam,1
KARTHIK. N,Independent,1
KARTHIKPERUMAL. R,Independent,1
KARTHIK R,Independent,1
KARTHIK.R,Naam Tamilar Katchi,1
KARTHIK VANI. B,Independent,1
KARTHI.M,Independent,1
KARTHI. R,Independent,1
K.ARUMUGAM,Independent,1
KARUNAAS S,Dravida Munnetra Kazhagam,1
KARUNAMOORTHY. S,Independent,1
KARUNANITHI.K,Dravida Munnetra Kazhagam,1
K ARUNKUMAR,Independent,1
KARUPPAIAH.G,Independent,1
KARUPPAIAH.M.V,Tamilaga Vettri Kazhagam,1
KARUPPAIAH.S,Independent,1
KARUPPAIYA,Independent,1
KARUPPAIYA. R,Naam Tamilar Katchi,1
KARUPPANAN. K.C,All India Anna Dravida Munnetra Kazhagam,1
KARUPPIAH. K,Republican Party of India (Athawale),1
KARUPPU MURUGANANTHAM,Bharatiya Janata Party,1
KARUPPUSAMI.V,Independent,1
KARUTHAMMAL. S,Naadaalum Makkal Katchi,1
KARVANNAN K,Independent,1
K.ASHA,Puthiya Tamilagam,1
KASI. C,Dravida Munnetra Kazhagam,1
KASIRAMAN. K,Naam Tamilar Katchi,1
KATHARBATCHA MUTHURAMALINGAM,Dravida Munnetra Kazhagam,1
KATHIRAVAN. A.C,Independent,1
KATHIRAVAN .M,Independent,1
KATHIRAVAN. P,Independent,1
KATHIRAVAN. R,Independent,1
KATHIRAVAN S,New Generation Peoples Party,1
KATHIRAVAN. S,Dravida Munnetra Kazhagam,1
KATHIRESAN. M,Independent,1
KATHIRVEL. K,Independent,1
KAVIARASAN. T.T,Tamizhaga Vaazhvurimai Katchi,1
KAVIBHARATHI.K,Bahujan Samaj Party,1
KAVIKUIL V,Independent,1
KAVINKUMAR. S,Naam Tamilar Katchi,1
KAVITHA C,Independent,1
KAVITHADHANDAPANI,Dravida Munnetra Kazhagam,1
KAVITHA. M.P,Independent,1
KAVITHA. R,Puthiya Tamilagam,1
KAVITHA RAJENDRAN G.,Tamilaga Vettri Kazhagam,1
KAVITHA RENGANATHAN,Naam Tamilar Katchi,1
KAVITHA SRIKANTH,Bharatiya Janata Party,1
KAVITHA T,Independent,1
KAVIYARASAN.SUBIRAMANI,Independent,1
KAVIYARASU. T,Independent,1
K. BALAKRISHNAN,Independent,1
K. BALU,Pattali Makkal Katchi,1
K BHARATHIDHASAN,Tamilaga Vettri Kazhagam,1
K.BHUVANESWARI,Naam Tamilar Katchi,1
K.B.PRADAP,Desiya Murpokku Dravida Kazhagam,1
K. CHANDRA SEKAR,Veerath Thiyagi Viswanathadoss Thozhilalarkal Katchi,1
K. DEENU,Naam Tamilar Katchi,1
K.DHANABAL,Independent,1
K. DHANAGOPAL,Independent,1
K. DHARMARAJ,Independent,1
K.DHAVASIAPPAN,Tamilaga Makkal Nala Katchi,1
K.DHIVYA,Rashtriya Samaj Dal (R),1
K. DINESH KUMAR,Independent,1
K DURAISAMY,Ganasangam Party of India,1
KEERTHANA. M,Naam Tamilar Katchi,1
KEERTHANA S,Tamilaga Vettri Kazhagam,1
KEERTHIGA. K,Independent,1
KEERTHIVASAN. R,Naam Tamilar Katchi,1
K. ELUMALAI,Veerath Thiyagi Viswanathadoss Thozhilalarkal Katchi,1
K E MANOHAR,Independent,1
KERTHIVARUNNAN .R,Independent,1
KESAVAMURTHI. N,Independent,1
K. GANAPATHY,Independent,1
K.GANGAI AMARAN,Independent,1
KHAJA HUSSAIN AHAMED. A,Naam Tamilar Katchi,1
K.HAKKIM,Independent,1
KIDAR SAMSDEEN N.A.,Tamizhaga Vaazhvurimai Katchi,1
K. IMMACULATE MARY,Samaniya Makkal Nala Katchi,1
KINGSLY GERALD. A,Tamilaga Vettri Kazhagam,1
KINGSLY ISACC JEBARAJ.S,Independent,1
KIRANYA. S,Independent,1
KIRUBANANTH. S,Independent,1
KIRUTHIGA THANGAPANDI,Dravida Munnetra Kazhagam,1
K. JAYAPRAKASH,Puthiya Tamilagam,1
K.JEYA,Independent,1
K.J. SIVAKUMAR,Independent,1
K. KAILASAKUMAR,Independent,1
K. KALAIYARASAN,Party for the Rights of Other backward Classes,1
K KALEESWARAN,Tamizhaga Vaazhvurimai Katchi,1
K. KATHIRESAN,Independent,1
K.KUMAR BABU,Independent,1
K.LENIN,Tamizhaga Vaazhvurimai Katchi,1
K. MALESWARAN,Independent,1
K MANIKANDAN,Makkal Sananayaga Kudiyarasu Katchi,1
K.MANIKANDAN,Independent,1
K.MANIKANDAPRABU,Independent,1
K.MANIKANNAN,Samaniya Makkal Nala Katchi,1
K.MANOHARAN,Independent,1
K. MASILAMANI,Communist Party of India (Marxist-Leninist) (Liberation),1
K.M. DEVAN,Makkal Murasu Katchi,1
K.MEYYAR,Communist Party of India (Marxist-Leninist) (Liberation),1
K.M.KALIAPPAN,Independent,1
K.M. SHARIFF,Tamilaga Vettri Kazhagam,1
K.MUNISAMY,Independent,1
K.MUNIYAPPAN,ALL PENSIONERS PARTY,1
K.MUNIYAPPAN,Bahujan Samaj Party,1
K. MURALI,Independent,1
K.MURUGAN,Independent,1
K. MURUGESAN,Independent,1
K.MURUGESAN,Independent,1
K.MUTHU,Independent,1
K.M.VINAAYAGAM,Viro Ke Vir Indian Party,1
K. NAGARAJAN,Independent,1
K. NITHYANANDAN,Independent,1
K. NITHYANANDHAN,Dravida Munnetra Kazhagam,1
K.N.NEHRU,Dravida Munnetra Kazhagam,1
K.N. SEKAR,Pattali Makkal Katchi,1
KOIL RAJ. R,Naam Indiar Party,1
KOTTAIKUMAR,Naam Tamilar Katchi,1
KOTTEESWARAN. K,Tamizhaga Vaazhvurimai Katchi,1
KOWSALYA.V,Independent,1
K. PALANI,All India Anna Dravida Munnetra Kazhagam,1
K. PALANIVEL,Independent,1
K. PANNEER SELVAM,Independent,1
K. PAULRAJ,Puthiya Tamilagam,1
K.P.KANDAN,All India Anna Dravida Munnetra Kazhagam,1
K.P.PARAMASIVAM,All India Anna Dravida Munnetra Kazhagam,1
K. PRASATH,Independent,1
K. RAGHUL GANDHI,All India Puratchi Thalaivar Makkal Munnettra Kazhagam,1
K.RAJAKUMAR,Independent,1
K. RAJAPANDIAN,Independent,1
K.RAJASEKAR,Puthiya Tamilagam,1
K. RAJENDRAN,Independent,1
K. RAJENDRAN,Puthiya Makkal Tamil Desam Katchi,1
K. RAJKUMAR,Naam Tamilar Katchi,1
K. RAMACHANDRAN,Independent,1
K RAMESH,Independent,1
K.RAMKUMAR,Tamilaga Vettri Kazhagam,1
K.RATHINASAMY,Bahujan Samaj Party,1
K. RAVIKUMAR,Independent,1
K. RENGAN,Puthiya Tamilagam,1
KRISH.MARIAPPAN,Thamizhaka Padaippalar Makkal Katchi,1
KRISHNAKANTH. E,Independent,1
KRISHNAKUMAR.A,Independent,1
KRISHNAKUMAR. K,Independent,1
KRISHNA KUMAR. S,Tamilaga Vettri Kazhagam,1
KRISHNAMOORTHI P,Tamizhaga Vaazhvurimai Katchi,1
KRISHNAMOORTHY C,Independent,1
KRISHNAMOORTHY D,Makkal Nala Kazhagam,1
KRISHNAMOORTHY. D,Tamizhaga Vaazhvurimai Katchi,1
KRISHNAMOORTHY.D,Independent,1
KRISHNAMOORTHY.K,Independent,1
KRISHNAMOORTHY.M,Independent,1
KRISHNAMOORTHY. P,Independent,1
KRISHNAMOORTHY V,Independent,1
KRISHNAMURTHY K,Independent,1
KRISHNAMURTHY. M,Independent,1
KRISHNAMURTHY. R,Independent,1
KRISHNAMURTHY. S,Independent,1
KRISHNAN. L.,Independent,1
KRISHNAN M,Independent,1
KRISHNASAMY.P,Independent,1
KRISHNASWAMY.A,Dravida Munnetra Kazhagam,1
K.R.JAYARAM,All India Anna Dravida Munnetra Kazhagam,1
K R M RADHAKRISHNAN,Bharatiya Janata Party,1
K R P PRABAKARAN,All India Anna Dravida Munnetra Kazhagam,1
K. SAKTHIVEL,Anna Puratchi Thalaivar Amma Dravida Munnetra Kazhagam,1
K.SAKTHIVEL,Anna Puratchi Thalaivar Amma Dravida Munnetra Kazhagam,1
K. SAKTHIVEL NATHAN,Independent,1
K. SAMPATH KUMAR,Independent,1
K.SARAVANAN,Pattali Makkal Katchi,1
K.SAROJA,Independent,1
K. SEKAR,Independent,1
K.SELVAM,Independent,1
K. SELVAPERUNTHAGAI,Indian National Congress,1
K.SELVARAJ,Dravida Munnetra Kazhagam,1
K. SENTHILKUMAR,Samaniya Makkal Nala Katchi,1
K. SENTHILKUMAR,Independent,1
K. SENTHILKUMAR,Naam Tamilar Katchi,1
K.SENTHIL MALLAR,Tamizhaga Vaazhvurimai Katchi,1
K.SETHURAMAN,Independent,1
K SHANMUGAVEL,Independent,1
K.SHEIKANWARDEEN,Independent,1
K.SINDU,Tamilaga Vettri Kazhagam,1
K.S. RAJAGOPAL,Independent,1
K. S. RAVICHANDRAN,Dravida Munnetra Kazhagam,1
K.S.SRI GIRI PRASATH,Tamilaga Vettri Kazhagam,1
K. SUBBURAJ,Independent,1
K. SUJITH,Independent,1
K.SURESH,Independent,1
K.THABITHAL,All India Puratchi Thalaivar Makkal Munnettra Kazhagam,1
K. THANGAVEL,Puthiya Makkal Tamil Desam Katchi,1
K THAVARAJ,Tamizhaga Vaazhvurimai Katchi,1
K. UDHAYAKUMAR,Thamizhaka Padaippalar Makkal Katchi,1
KULANTHAI RANI A,Tamilaga Vettri Kazhagam,1
KUMARAGURU R,All India Anna Dravida Munnetra Kazhagam,1
KUMARAN. G.P,Bahujan Samaj Party,1
KUMARAN R,Tamizhaga Vaazhvurimai Katchi,1
KUMAR.A.P,Independent,1
KUMARAVEL,Independent,1
KUMARAVEL. P,Independent,1
KUMARAVEL. T,Thamizhaka Padaippalar Makkal Katchi,1
KUMARAVELU . M,Bahujan Samaj Party,1
KUMAR. D.J,Independent,1
KUMARESAN. L,Independent,1
KUMARESAN. M,Independent,1
KUMARESAN.M,Independent,1
KUMAR K,Independent,1
KUMAR. K,Independent,1
KUMAR. M,Independent,1
KUMAR. P,All India Anna Dravida Munnetra Kazhagam,1
KUMAR. P,Akila Inthiya Makkal Marumalarchi Kazhakam,1
KUMAR. P,Independent,1
KUMAR. R,Tamilaga Vettri Kazhagam,1
KUMARRATHINAM. M,Independent,1
KUMAR S.,Independent,1
KUMAR.S,Independent,1
KUMAR SRI SRI B,Independent,1
KUMAR. V.,Independent,1
KU PA KRISHNAN,Tamilaga Vettri Kazhagam,1
KUPPAN. K,All India Anna Dravida Munnetra Kazhagam,1
KUPPURAJ. K,Tamilar Makkal Katchi,1
KUTTAIAN,Independent,1
KUTTIMANI. S,Veerath Thiyagi Viswanathadoss Thozhilalarkal Katchi,1
KUTTY (ALIAS) SUDHAKAR. A,Dravida Munnetra Kazhagam,1
K VADIVAZHAGAN BALAJI,Independent,1
K.VEERAMALAI,Independent,1
K.VELAYUDHAM,Independent,1
K. VELMURUGAN,Independent,1
K.VELMURUGAN,Bahujan Samaj Party,1
K.VELU,Independent,1
K.VENKADASWAMY,Independent,1
K. VENKATESAN,Veerath Thiyagi Viswanathadoss Thozhilalarkal Katchi,1
K. VIJAYAN,Independent,1
K.VIMALA,Naam Indiar Party,1
K. VISHWANATHAN,All India Puratchi Thalaivar Makkal Munnettra Kazhagam,1
K. VISVANATHAN,Independent,1
K.V.THAMILINIYAN,Naam Tamilar Katchi,1
K.V. VIJAY DAMU,Tamilaga Vettri Kazhagam,1
LAKSHMANAN,Naam Tamilar Katchi,1
LAKSHMANAN K,Independent,1
LAKSHMANAN R,Dravida Munnetra Kazhagam,1
LAKSHMANAN R,Independent,1
LAKSHMANAN. R,Independent,1
LAKSHMANAN.S,Tamilaga Vettri Kazhagam,1
LAKSHMI. A,Samata Party,1
LAKSHMI JANARTHANAN. J,Tamilaga Vettri Kazhagam,1
LAKSHMI. N,Independent,1
LAKSHMI SRINIVASAN,Naam Tamilar Katchi,1
LATHA A,Independent,1
LATHA BALU,Dravida Munnetra Kazhagam,1
LATHA. T,Communist Party of India (Marxist),1
L.BHARATHI,Independent,1
LEEMAROSE MARTIN,All India Anna Dravida Munnetra Kazhagam,1
L.E. JOTHIMANI,Viduthalai Chiruthaigal Katchi,1
LEKSHMANA SINGH. D,All India Anna Dravida Munnetra Kazhagam,1
L. HAKKIM,Independent,1
LINGESWARAN. M,All India Puratchi Thalaivar Makkal Munnettra Kazhagam,1
L.JAMES REYNOLD,Bahujan Samaj Party,1
L KASINATHAN,Independent,1
L NARENDRAN,Independent,1
LOGANATHAN. M,Dravida Munnetra Kazhagam,1
LOGANATHAN. M,Independent,1
LOGANATHAN.V,Naam Tamilar Katchi,1
LOGESH TAMILSELVAN D,Tamilaga Vettri Kazhagam,1
LOGESHWARI S,Naam Tamilar Katchi,1
LOGIRAJAN.A,All India Anna Dravida Munnetra Kazhagam,1
LOKESHWARAN.R,Anti Corruption Dynamic Party,1
L.PRABAKARAN,Independent,1
L.SARAVANAN,Independent,1
LUKMANBABU.S,Independent,1
M.ABDUL WAHAB,Dravida Munnetra Kazhagam,1
MADASAMY,All India Puratchi Thalaivar Makkal Munnettra Kazhagam,1
MADHAPPAN. P.,Independent,1
MADHAR BADHURUDEEN,Tamilaga Vettri Kazhagam,1
MADHAVAN.S.R,Tamilaga Vettri Kazhagam,1
MADHAVARAM V.MOORTHY,All India Anna Dravida Munnetra Kazhagam,1
MADHESWARI. R,Independent,1
MADHU. P.,Naadaalum Makkal Katchi,1
MADURAI VEERAN S,Tamizhaga Vaazhvurimai Katchi,1
MAGESHKUMAR.P,Pattali Makkal Katchi,1
MAGESH KUMAR.T,Independent,1
MAHABUB JOHN. K,Independent,1
MAHALAKSHMI,Puthiya Makkal Tamil Desam Katchi,1
MAHALAKSHMI. G,Independent,1
MAHALAKSHMI GOVARTHANAN,Dravida Munnetra Kazhagam,1
MAHALAKSHMI V,Naam Tamilar Katchi,1
MAHALINGAM.P,Communist Party of India,1
MAHALINGAM . T,Tamilaga Vettri Kazhagam,1
MAHALINGAM. V,Independent,1
M AHAMED ALI,Independent,1
MAHAMUNI. A,Independent,1
MAHARAJAN.A,Dravida Munnetra Kazhagam,1
MAHARAJAN. M,Puthiya Makkal Tamil Desam Katchi,1
MAHENDIRAN. K,Independent,1
MAHENDRA KUMAR. D,Bahujan Samaj Party,1
MAHENDRAN A.,Independent,1
MAHENDRAN. I,All India Anna Dravida Munnetra Kazhagam,1
MAHENDRAN K,All India Anna Dravida Munnetra Kazhagam,1
MAHENDRAN. M,Independent,1
MAHENDRAN P,Anaithinthiya Anna Dravida Makkal Seyal katchi,1
MAHESH KUMAR,Independent,1
MAHESHKUMAR. M,Independent,1
MAHESHKUMAR N,Independent,1
MAHESH.R,Dravida Munnetra Kazhagam,1
MAHESWARI.J,Independent,1
MAHESWARI. R,Independent,1
MAILVAGANAN. B,Independent,1
MALAI ALAGU.M,Independent,1
MALARMANNAN.M,Samaniya Makkal Nala Katchi,1
MALARVIZHI,Party for the Rights of Other backward Classes,1
MALARVIZHI. B,Tamilaga Vettri Kazhagam,1
MALARVIZHI. G,Indhu Dravida Makkal Katchi,1
MALATHI.A,All India Puratchi Thalaivar Makkal Munnettra Kazhagam,1
MALATHI K,Independent,1
MALATHI K,Viduthalai Chiruthaigal Katchi,1
MALATHI.S,Tamizhaga Murpokku Makkal Katchi,1
M. ALEXANDAR,Naam Indiar Party,1
MALLIGA.M,All India Puratchi Thalaivar Makkal Munnettra Kazhagam,1
MALLIKA. A,Independent,1
MALLI. S,Tamizhaga Vaazhvurimai Katchi,1
M. A. MUTHUKUMAR,Independent,1
M.ANANDAN,Independent,1
M. ANANTH,Independent,1
MANAVAI KANNAN. M,Communist Party of India (Marxist-Leninist) Red Star,1
MANAVALAN A,Anna MGR Dravida Makkal Kalgam,1
MANEESHANKAR. M.G.,Independent,1
MANGAMMAL,Tamilar Makkal Katchi,1
MANGUDI. S,Indian National Congress,1
MANIAN. O.S,All India Anna Dravida Munnetra Kazhagam,1
MANIAN.R,Independent,1
MANICKAM. K.,Independent,1
MANICKAM.K,All India Anna Dravida Munnetra Kazhagam,1
MANICKAVEL. R,Independent,1
MANI G,Independent,1
MANI GOUNDER,Tamilaga Vettri Kazhagam,1
MANI. K,All India Youth Development Party,1
MANIKANDAN,Independent,1
MANIKANDAN.A.I,Independent,1
MANIKANDAN. D,Independent,1
MANIKANDAN.H,Independent,1
MANIKANDAN. K,Independent,1
MANIKANDAN.L,Independent,1
MANIKANDAN. M,Tamilaga Vettri Kazhagam,1
MANIKANDAN. M,Dravida Munnetra Kazhagam,1
MANIKANDAN. M,Independent,1
MANIKANDAN. M.,Independent,1
MANIKANDAN N,Independent,1
MANIKANDAN. P,Independent,1
MANIKANDAN.P,Independent,1
MANIKANDAN R,Independent,1
MANIKANDAN. R,Aanaithinthiya Jananayaka Pathukappu Kazhagam,1
MANIKANDAN. S.,Vishwa Tamil Kazhagam,1
MANIKANDAN.S,Independent,1
MANIKANDAN T,Independent,1
MANIKANDAN. T,Independent,1
MANIKANDAN V,Independent,1
MANIKANDAPRABHU. N C,Independent,1
MANIKANNAN. A,Independent,1
MANIKKAM. P,Independent,1
MANILA. S,Tamizhaga Vaazhvurimai Katchi,1
MANI. M,Veerath Thiyagi Viswanathadoss Thozhilalarkal Katchi,1
MANIMALA  R,Independent,1
MANIMARAN,Veerath Thiyagi Viswanathadoss Thozhilalarkal Katchi,1
MANIMARAN. A.,Independent,1
MANIMARAN. D,Independent,1
MANIMARAN. G,Naam Tamilar Katchi,1
MANIMARAN.M,Dravida Munnetra Kazhagam,1
MANIMARAN P,Independent,1
MANIMARAN.P,Independent,1
MANIMARAN. R,Independent,1
MANI. R,All India Anna Dravida Munnetra Kazhagam,1
MANI. V,Independent,1
MANIVANNAN,Independent,1
MANIVANNAN. S,Independent,1
MANIVANNAN. S.,Independent,1
MANIVASAGAM.S,Independent,1
MANJUNATH.K,Independent,1
MANMATHAN. M,Independent,1
MANOHARAN,Independent,1
MANOHARAN. K. A.,Independent,1
MANOHARAN.K.A,Independent,1
MANOHARAN.M,Independent,1
MANOHAR.C,Independent,1
MANOJKUMAR M,Independent,1
MANOJ KUMAR R,Independent,1
MANOJ. P,Independent,1
MANOJ.S,Independent,1
MANOKARAN. A,Independent,1
MANOKARAN.K,Independent,1
MANSOOR ALIKHAN,Independent,1
M. ANUSIYA,Naam Tamilar Katchi,1
MARAGATHAM KUMARAVEL.K,All India Anna Dravida Munnetra Kazhagam,1
MARAGATHAM VETRIVEL,All India Anna Dravida Munnetra Kazhagam,1
MARAM MASILAMANI.B.S,Naam Tamilar Katchi,1
MARIA AROCKIAM S,Independent,1
MARIA JENNIFER,Naam Tamilar Katchi,1
MARIA JOHN,Tamilaga Vettri Kazhagam,1
MARIAMMAL. P.M,Independent,1
MARIA STELLA,Naam Tamilar Katchi,1
MARIKANNU. C,Republican Party of India (Athawale),1
MARIKKANNU A,Independent,1
MARIKKANNU. E,Independent,1
MARIMUTHU.A.V.M,Independent,1
MARIMUTHU K,Bahujan Samaj Party,1
MARIMUTHU.K,Communist Party of India,1
MARIMUTHU.M,Independent,1
MARIMUTHU. S,Puthiya Tamilagam,1
MARISAMY V.,Puthiya Tamilagam,1
MARIVEL. K,Independent,1
MARIYA FRANCIS.S,Independent,1
MARIYAPPAN R,Ganasangam Party of India,1
MARKANDAYAN G V,Dravida Munnetra Kazhagam,1
MARNADU.M,Independent,1
M. ARUNA,Independent,1
M. ARUNAGIRI,Naam Tamilar Katchi,1
M.ARUNKUMAR,Independent,1
M.ARUNKUMAR,Naam Tamilar Katchi,1
MARUTHU PANDIAN P.,Independent,1
M.ASHOK KUMAR,Independent,1
MASOOD.S,Independent,1
M.A.T. ARCHUNAN,Independent,1
MATHAN C,Tamilaga Vettri Kazhagam,1
MATHANRAJ. P,Independent,1
MATHESH. R,Independent,1
MATHESWARAN C,Puthiya Tamilagam,1
MATHI. MANIKANDAN,Tamilaga Vettri Kazhagam,1
MATHIVENTHAN M DR,Dravida Munnetra Kazhagam,1
MATHIYALAGAN. G,Independent,1
MATHIYALAGAN. P,Independent,1
MATHIYALAGAN  V.P,Tamilaga Vettri Kazhagam,1
MAYAKANNAN. N,Independent,1
MAYAKKANNAN. R,Independent,1
MAYAKKANNAN. V,Independent,1
MAYAKRISHNAN.K,Veerath Thiyagi Viswanathadoss Thozhilalarkal Katchi,1
MAYA VENKATESAN. M,Independent,1
MAYILAMPARAI MARI A,Independent,1
MAYILKUMAR. M,Independent,1
M. BALAJI,Independent,1
M. BALASUBRAMANIAN,Independent,1
M.BOOMINATHAN,Dravida Munnetra Kazhagam,1
M.BOOMINATHAN (A) M.K.VAIYAVAN,Independent,1
M.CHANDRASEKARAN,Independent,1
M. CHINNADURAI,Communist Party of India (Marxist),1
M.CHINNAIYAN,Puthiya Tamilagam,1
M. CHRISTHU DASS,Dravida Jananayaga Makkal Katchi,1
M.C.SAMPATH,All India Anna Dravida Munnetra Kazhagam,1
M.DHARANI KUMAR,Independent,1
M DHINAKARAN,Independent,1
M.DINESH,Independent,1
M.DIVYA BHARATHI,Naam Tamilar Katchi,1
MEERA SAHIB,Independent,1
MEKALA,Naam Tamilar Katchi,1
MEKALA.J,Naam Tamilar Katchi,1
MENAKA. V,Naam Tamilar Katchi,1
M. ERAJASIMMAN,Independent,1
M.GAJENDRAN,All India Anna Dravida Munnetra Kazhagam,1
M.GAYATHIRI,Independent,1
M. GEETA,Thakkam Katchi,1
M.GIRIDHARAN,Bahujan Samaj Party,1
M.G.RAMU,Jebamani Janata,1
M.HARISH,Independent,1
M.HARISH,Tamilaga Vettri Kazhagam,1
M HARISHANKAR,Independent,1
M.H.JAWAHIRULLAH,Dravida Munnetra Kazhagam,1
MICHAEL KUMAR K,Tamilaga Vettri Kazhagam,1
MICHAELRAJ. M. A,Independent,1
MIDHUN CHAKRAVARTHY. M,Dravida Munnetra Kazhagam,1
MILANY. P,Independent,1
M. IRULANDI,Naadaalum Makkal Katchi,1
MIRZA SAFDER ALI,Independent,1
M.I. THAHIRA BANU,Independent,1
M.IYYANKALAI,Independent,1
M. JACOB,Independent,1
M.JAGADEESAN,Bahujan Samaj Party,1
M. JAMES,Independent,1
M. JAYAPRATHAP,Independent,1
M. JAYARAJKUMAR,Bahujan Samaj Party,1
M. JAYARAM,Independent,1
M. JAYARAMAN,Independent,1
M. JOHN BOSCO,Independent,1
M.JOHN BOSCO,Independent,1
M. JOSEPH,Independent,1
M J VOLTAIRE,Socialist Unity Centre Of India (COMMUNIST),1
M. KADHIRAVAN,Independent,1
M.KADIRVEL,Independent,1
M.KALAIMANI,Independent,1
M KALAIVENTHAN,Independent,1
M.KAMAL KUMAR,Vishwa Tamil Kazhagam,1
M  KANAGARAJ,Bahujan Samaj Party,1
M. KANAGARAJ,Independent,1
M. KANNADASAN,Independent,1
M. KARUPPAN,Independent,1
M.KARUPPA SAMY,Independent,1
M. KAVITHA,Naam Tamilar Katchi,1
M.KEERTHIKA,All India Anna Dravida Munnetra Kazhagam,1
M.K. NAGENDRAN,Aanaithinthiya Jananayaka Pathukappu Kazhagam,1
M. KOLANJI,Independent,1
M. KRISHNAN,Independent,1
M. K. STALIN,Dravida Munnetra Kazhagam,1
M. KUMAR,Independent,1
M.KUMARAN,Independent,1
M .LAKSHMANAN,Independent,1
M. LAKSHMANAN,Independent,1
M.LENIN PRASATH,Indian National Congress,1
M.LOGANATHAN,Independent,1
M. LOKESH,Independent,1
M.L.RAVI,Desiya Makkal Sakthi Katchi,1
M.L.VIJAYPRABHU,Tamilaga Vettri Kazhagam,1
M. MAHALAKSHMI,Independent,1
M. MANIKANDAN,Independent,1
M.MANIKANDAN,Independent,1
M MANOHARAN,Independent,1
M.MAYILVAGANAN,Independent,1
M. MEGANATHAN,Independent,1
M.M.GOPISON,Tamilaga Vettri Kazhagam,1
M. MOHAN,Independent,1
M.MUGILARASAN,Independent,1
M.MURUGAN,Independent,1
M.MURUGESAN,Independent,1
M.M.VINOTH KANNAN,Tamilaga Vettri Kazhagam,1
M. NAGARAJAN,Independent,1
M.NAGARAJAN,Independent,1
M. NANDHAKUMAR,Anti Corruption Dynamic Party,1
M.NANDHA KUMAR,Independent,1
M. NATARAJ,Vishwa Tamil Kazhagam,1
M. NEDUNCHEZLIAN,Periyar Ambedkar Munnetra Kazhagam (PAMK),1
MOHAMAD ISMAIL. M,Independent,1
MOHAMED ABUBAKKAR SIDDIQ,Independent,1
MOHAMED ALI JINNA M,Independent,1
MOHAMED DHARIK. I,Independent,1
MOHAMED FARVAS. J,Tamilaga Vettri Kazhagam,1
MOHAMED GHOUSE.H,Tamizhaga Vaazhvurimai Katchi,1
MOHAMED MEERA. A,Independent,1
MOHAMED MUBARAK,Dravida Munnetra Kazhagam,1
MOHAMED MUBARAK ALI,Ganasangam Party of India,1
MOHAMED MUSTHAFA. M,Independent,1
MOHAMED SHARIF M,Independent,1
MOHAMED YASEEN. I,Thakkam Katchi,1
MOHAMMED BILAL FATHICK,Independent,1
MOHAMMED RUKMAN.M,Tamizhaga Vaazhvurimai Katchi,1
MOHAMMED SAFI. A,Independent,1
MOHAMMED YASSER,Bahujan Samaj Party,1
MOHAN A,Independent,1
MOHAN. A,MAKKAL SAKTHI KATCHI,1
MOHANADEVI. R,Naam Tamilar Katchi,1
MOHAN C,Independent,1
MOHAN. K,All India Anna Dravida Munnetra Kazhagam,1
MOHANKUMAR. K,Independent,1
MOHAN KUMAR M,All India Jananayaka Makkal Kazhagam,1
MOHAN M,Independent,1
MOHAN P,Independent,1
MOHAN RAJA.M.G.K,Tamilaga Vettri Kazhagam,1
MOHANRAJ. J,Jebamani Janata,1
MOHANRAJ. K,Bahujan Samaj Party,1
MOHANRAJ.M,Independent,1
MOHANRAJ N,Tamilaga Vettri Kazhagam,1
MOHANRAJ. P.M,Independent,1
MOHANRAJ R,Independent,1
MOHANRAJ. S,Tamizhaga Vaazhvurimai Katchi,1
MOHAN S,Independent,1
MOHAN. S,Tamilaga Vettri Kazhagam,1
MOHIDEEN FAIGEE ALIAS SOORANKUDY FAIGEE,Independent,1
MOHUMED RIYAS. K,Independent,1
MONISHA CHINNADURAI.,Naam Tamilar Katchi,1
MOOKKAYEE. C.,Ezhuchi Tamilargal Munnetra Kazhagam,1
MOORTHI M,Independent,1
MOORTHI P.,Independent,1
MOORTHI. P,Independent,1
MOORTHI.R,Independent,1
MOORTHIY K S,Dravida Munnetra Kazhagam,1
MOORTHY N,Independent,1
MOORTHY P,Dravida Munnetra Kazhagam,1
MOORTHY. P,Independent,1
MOORTHY. S,Thamizhaga Dravidar Katchi,1
M.PALANICHAMI,Independent,1
M.PANNEERSELVAM,Puthiya Tamilagam,1
M. PERIYASAMY,Independent,1
M.P.GIRI,Dravida Munnetra Kazhagam,1
M. PONNUDURAI,Independent,1
M. PONNUSAMY,Independent,1
M. POORNIMA,Independent,1
M.POOSA DURAI,All India Puratchi Thalaivar Makkal Munnettra Kazhagam,1
M.P.SAMINATHAN,Dravida Munnetra Kazhagam,1
M.P.SANKARAPANDI,Independent,1
M RADHAMANI,Naam Tamilar Katchi,1
M. RAJ,Independent,1
M.RAJA,Bahujan Samaj Party,1
M.RAJALINGAM,Independent,1
M.RAJASEKARAN,Amma Makkal Munnettra Kazagam,1
M. RAJESHKUMAR,Independent,1
M. RAJKUMAR,Tamizhaga Vaazhvurimai Katchi,1
M. RAJU,Dravida Munnetra Kazhagam,1
M.RAMAN MASILAMANI,Independent,1
M.RAMESH,Namathu Kongu Munnetra Kalagam,1
M. RAMESHKUMAR,Independent,1
M.RANGASAMY,Independent,1
M.RAVI ALIAS M.SUBRAMANIAN,Communist Party of India,1
M.RAVIKUMAR,Ganasangam Party of India,1
M.RAVIKUMAR,Naam Tamilar Katchi,1
M.R.K.PANNEERSELVAM,Dravida Munnetra Kazhagam,1
M. R. PALLAVI,Tamilaga Vettri Kazhagam,1
M. RUKMANI,Samaniya Makkal Nala Katchi,1
M.R. VIJAYABHASKAR,All India Anna Dravida Munnetra Kazhagam,1
MS ABDUL BAKKI,Independent,1
M.SANKAR,Independent,1
M. SANTHANAM,Independent,1
M. SANTHOSH,Independent,1
M.S. ARUMUGAM,Independent,1
M. SATHISH,Independent,1
M.SATHYA KUMAR,Tamilaga Vettri Kazhagam,1
M. SEKAR,All India Anna Dravida Munnetra Kazhagam,1
M SELVAMUTHUKUMAR,Independent,1
M. SELVARAJ,Party for the Rights of Other backward Classes,1
M. SELVARAJ,Independent,1
M. SENTHILKUMAR,Independent,1
M. SHANMUGAM,Independent,1
M SHANUGAVEL,Independent,1
M. SINDHU EZHILARASAN,Naam Tamilar Katchi,1
M.SIVAKUMAR,Independent,1
M.S.M.ANANDAN,All India Anna Dravida Munnetra Kazhagam,1
M. SOMASUNDARAM,Independent,1
M.SUGUMAR,Tamilaga Vettri Kazhagam,1
M.SUMATHI,Independent,1
M SURESH,Bahujan Samaj Party,1
M. SURESH,Independent,1
M. SUTHAKAR,Independent,1
M SWAMINATHAN,Independent,1
M.TAMILARASAN,Communist Party of India (Marxist-Leninist) (Liberation),1
M.TAMILMARAN,Independent,1
M. TAMILSELVAM,Independent,1
M.TAMILSELVAN,Independent,1
M. THILAGABAMA,Pattali Makkal Katchi,1
MUGESHKUMAR M,Independent,1
MUGESH SUBRAMANIAN,Independent,1
MUJIBUR RAHMAN. E.M.M,Independent,1
MUKKUR N. SUBRAMANIAN,All India Anna Dravida Munnetra Kazhagam,1
MUKUNDHAN.P,Tamilaga Vettri Kazhagam,1
MUNDASAMY.  K,Vishwa Tamil Kazhagam,1
MUNEESWARA MOORTHY S.,Independent,1
MUNEESWARAN.R,Independent,1
MUNIRAJ,Independent,1
MUNIRATHINAM.J,Tamilaga Vettri Kazhagam,1
MUNISAMY C,Tamilaga Vettri Kazhagam,1
MUNISANKAR. K,Anna Puratchi Thalaivar Amma Dravida Munnetra Kazhagam,1
MUNISH.N,Naam Tamilar Katchi,1
MUNIYANDI. M,Independent,1
MUNIYAN.E,Independent,1
MUNIYAPPAN M,Puthiya Tamilagam,1
MUNIYAPPAN. M,Independent,1
MUNIYASAMY.R,Independent,1
MUNUSAMY A,Independent,1
MUNUSAMY A T,Samaniya Makkal Nala Katchi,1
MUNUSAMY.K.P,All India Anna Dravida Munnetra Kazhagam,1
MURALI M,Independent,1
MURALI. M,Tamizhaga Vaazhvurimai Katchi,1
MURALI. M,Independent,1
MURALI .N,Tamizhaga Vaazhvurimai Katchi,1
MURALI R,Independent,1
MURALI. S,Naam Indiar Party,1
MURALI VINODH  M,Independent,1
MURTHI,Independent,1
MURUGALAKSHMANAN,Independent,1
MURUGAN A,Independent,1
MURUGANANDHAM. P.K,Independent,1
MURUGANANDHA PRASAD T,Independent,1
MURUGANANTHAM. G,Independent,1
MURUGANANTHAM GURU,All India Puratchi Thalaivar Makkal Munnettra Kazhagam,1
MURUGANANTHAM.V,Independent,1
MURUGAN C,Independent,1
MURUGAN. C,Independent,1
MURUGAN. D,Independent,1
MURUGAN K,Independent,1
MURUGAN. K.P,Independent,1
MURUGAN M,Independent,1
MURUGAN.M,Independent,1
MURUGAN.O,Ganasangam Party of India,1
MURUGAN P,All India Anna Dravida Munnetra Kazhagam,1
MURUGAN. P.,Thamizhaka Padaippalar Makkal Katchi,1
MURUGAN.P,Thamizhaka Padaippalar Makkal Katchi,1
MURUGAN S,Bahujan Samaj Party,1
MURUGAN.S,Independent,1
MURUGAN.S.,Independent,1
MURUGAN. V,Independent,1
MURUGARAJ. P,Bahujan Samaj Party,1
MURUGARETHINAM. T,Independent,1
MURUGAVEL. A,All India Puratchi Thalaivar Makkal Munnettra Kazhagam,1
MURUGESAN A,Independent,1
MURUGESAN C,Independent,1
MURUGESAN.G,Naam Tamilar Katchi,1
MURUGESAN.N.,Independent,1
MURUGESAN. P,Tamilaga Vettri Kazhagam,1
MURUGESAN. R,Independent,1
MURUGESAN.S,Independent,1
MURUGESAPANDIAN.T,All India Puratchi Thalaivar Makkal Munnettra Kazhagam,1
MURUGESH.R.,Independent,1
MURUGESWARI. B,Naam Tamilar Katchi,1
MURUGHAN.R.S.,Tamilaga Vettri Kazhagam,1
MURUGUMARAN N,All India Anna Dravida Munnetra Kazhagam,1
MUSHTAQ AHMED KUTLAPPAI,Independent,1
MUTHAMILSELVAN. D,Independent,1
MUTHAMIZHAN . SEVA,Tamizhaga Vaazhvurimai Katchi,1
MUTHARASAN,Independent,1
MUTHARASAN. M,Independent,1
MUTHARASAN S,Independent,1
MUTHARASI. S,Naam Tamilar Katchi,1
MUTHAZHAGAN  N,Independent,1
MUTHTHIAH. M,Independent,1
MUTHU BAGAVATHI M.,Tamizhaga Vaazhvurimai Katchi,1
MUTHUKANNU. C,Tamilaga Makkal Nala Katchi,1
MUTHUKARUPPAN.CN,Party for the Rights of Other backward Classes,1
MUTHU. K.R,Independent,1
MUTHUKUMAR. K,Independent,1
MUTHUKUMAR M,Naam Tamilar Katchi,1
MUTHUKUMAR.P,Independent,1
MUTHUKUMAR S,Independent,1
MUTHULAKSHMI. R,Independent,1
MUTHULAKSHMI. S,Naam Tamilar Katchi,1
MUTHULAKSHMI VEERAPPAN,Tamizhaga Vaazhvurimai Katchi,1
MUTHU. N,Independent,1
MUTHUPANDI R,Vishwa Tamil Kazhagam,1
MUTHUPERUMAL. K,Aanaithinthiya Jananayaka Pathukappu Kazhagam,1
MUTHURAJA.M,Independent,1
MUTHURAJ.G,Bahujan Samaj Party,1
MUTHURAJ.T,Tamizhaga Vaazhvurimai Katchi,1
MUTHURAJ.U,Independent,1
MUTHURAMALINGAM. S,All India Forward Bloc,1
MUTHURAMAN. S,Anna MGR Dravida Makkal Kalgam,1
MUTHUSAMY S,Independent,1
MUTHUSELVAM G.,Independent,1
MUTHUSELVAM. V,Anti Corruption Dynamic Party,1
MUTHUVEL S,Independent,1
MUTHUVEL.V,Tamilaga Makkal Nala Katchi,1
M.VADIVELAN,Independent,1
M.VASANTHAKUMAR,Bahujan Samaj Party,1
M.VIGNESH,Tamilaga Vettri Kazhagam,1
M.VIJAY,Independent,1
M. VIJAYA KUMAR,Independent,1
M.VIJAYAN,Independent,1
M.VIJAY BALAJI,Tamilaga Vettri Kazhagam,1
M.VINOTHKUMAR,Anna MGR Dravida Makkal Kalgam,1
M.V.KARTHY,Independent,1
MYTHILI C,Independent,1
M. YUVARAJA,Bharatiya Janata Party,1
N. ABILAZAN,Independent,1
NACHIMUTHU. S,Bahujan Samaj Party,1
NADARAJAN K,All India Puratchi Thalaivar Makkal Munnettra Kazhagam,1
NAGAIYAN.G,Independent,1
NAGAJOTHI.S,Dravida Munnetra Kazhagam,1
NAGALAKSHMI THIRUMARAN.T,Naam Tamilar Katchi,1
NAGALAKSHMI V,Independent,1
NAGAMMAL RAJKODI,Naam Tamilar Katchi,1
NAGANANTHINI.V,Independent,1
NAGAPRABU,Independent,1
NAGARAJAN. D.,Independent,1
NAGARAJAN K,Independent,1
NAGARAJAN L,Thamizhaka Padaippalar Makkal Katchi,1
NAGARAJAN. L,Independent,1
NAGARAJAN P,Veerath Thiyagi Viswanathadoss Thozhilalarkal Katchi,1
NAGARAJAN. S,All India Jananayaka Makkal Kazhagam,1
NAGARAJAN. V,Independent,1
NAGARAJ.K.,Ganasangam Party of India,1
NAGARAJ. N,Independent,1
NAGARAJ.R,Naam Tamilar Katchi,1
NAGOOR.M,Independent,1
NAGOOR MEERAN PEER MOHAMED U,Independent,1
NAGUL PRAKASH. A,Independent,1
NAINAR NAGENTHRAN,Bharatiya Janata Party,1
NAKKIRAN. A,Thamizhaka Padaippalar Makkal Katchi,1
NALLAMARUTHU.K,Independent,1
NALLASIVAM.N,Dravida Munnetra Kazhagam,1
NALLATHAMBI. A,All India Anna Dravida Munnetra Kazhagam,1
NALLATHAMBI. A,Dravida Munnetra Kazhagam,1
NALLATHAMBI. P,Independent,1
NALLATHAMBI. R,Independent,1
NALLUSAMY. K.M,Bahujan Samaj Party,1
N.A. MANI,Independent,1
NAMASIVAYAM.N,Independent,1
N ANBU BAGURUDEEN,Independent,1
NANDA KUMAR,Independent,1
NANDAKUMAR A,Tamilaga Vettri Kazhagam,1
NANDHAKUMAR. A,Independent,1
NANJUNDAN.M,Independent,1
NANTHAKUMAR A.,Independent,1
NARASIMMA REDDY ALIAS NARASIMMAN. R,Naam Tamilar Katchi,1
NARAYANAN L,Independent,1
NARAYANASAMY V.T.,All India Anna Dravida Munnetra Kazhagam,1
NARENDRAKUMAR. G,Independent,1
NAREN. S,Naam Tamilar Katchi,1
NARMADA NANDHAKUMAR,Independent,1
NARMADHA. G.,Naam Tamilar Katchi,1
NASRIN BANU. T,Republican Party of India (Athawale),1
NATARAJAN M,Independent,1
NATARAJAN. P,Independent,1
NATARAJAN. R,Independent,1
NATCHIMUTHU. R,Independent,1
NATCHIMUTHU. V,Independent,1
NATHAM VISWANATHAN R,All India Anna Dravida Munnetra Kazhagam,1
NATHIYA,Naam Tamilar Katchi,1
NATHIYA.S,Independent,1
NAVANITHAM. S,Independent,1
NAVEEN.R,Independent,1
NAVEENTH. M,Independent,1
NAZEER RAJA. G,Tamilaga Vettri Kazhagam,1
NAZIM KHAN. M,Tamizhaga Vaazhvurimai Katchi,1
N. BALAKRISHNAN,Independent,1
N.BHARATHI,Bahujan Samaj Party,1
N.CHITRARASU,Dravida Munnetra Kazhagam,1
NEDUNCHEZHIYAN,Tamilaga Vettri Kazhagam,1
NEELAKANNAN.T,Independent,1
NEELAM E.RAMKUMAR,Bahujan Samaj Party,1
NEHRU. G,Bahujan Samaj Party,1
NEHRUJI GUNASEKARAN,Naam Tamilar Katchi,1
NEIVELI SASIKUMAR,Tamizhaga Vaazhvurimai Katchi,1
N ELAIYARAJA,Tamilaga Vettri Kazhagam,1
NELSON.W.,Tamilaga Makkal Nala Katchi,1
NEPPOLIYAN K,Independent,1
NETAJIKAVIARASU V,Independent,1
NEWTON.A,Puthiya Tamilagam,1
NEWTON BABU. C,Puthiya Tamilagam,1
N. GOBINATH,Puthiya Tamilagam,1
N.GOPALAKRISHNAN,Independent,1
N.HARI KRISHNAN,All India Puratchi Thalaivar Makkal Munnettra Kazhagam,1
NIRMALKUMAR. R.,Tamilaga Vettri Kazhagam,1
NIRMALKUMAR.R,Independent,1
NITHYA. A,Naam Tamilar Katchi,1
NITHYA SUGUMAR,Dravida Munnetra Kazhagam,1
NIVEDHA M MURUGAN,Dravida Munnetra Kazhagam,1
NIVETHA,Independent,1
NIVIN SIMON. J,Bharatiya Janata Party,1
N.JANAKIRAMAN,Bahujan Samaj Party,1
N.KALABERUMAL,Independent,1
N. KALAISELVI,Tamilaga Vettri Kazhagam,1
N. KRISHNAKUMAR,Naam Tamilar Katchi,1
N.KUPPUSAMY,Independent,1
N. LAKSHMIPATHY,Tamizhaga Vaazhvurimai Katchi,1
N. MADHAN,Naam Tamilar Katchi,1
N.MANI,Independent,1
N. MARIE WILSON,Tamilaga Vettri Kazhagam,1
NM.SUKUMAR,Tamilaga Vettri Kazhagam,1
N. MUTHAZHAGU,Independent,1
N. NAGENDRABABU,Independent,1
NOOR NISHA. M,Independent,1
N P BHASHGARAN,Independent,1
N.P.RAJHA,Naam Indiar Party,1
N.PRASHANTHA RAO,Independent,1
N. PRAVEENKUMAR,Independent,1
N PREMNATH,Naam Tamilar Katchi,1
N.RAJASEKARAN,Independent,1
N. RAMACHANDRAN,Bharatiya Janata Party,1
N.RAMAKRISHNAN,Independent,1
N.RAMKUMAR,Independent,1
N.R.APPATHURAI,All India Puratchi Thalaivar Makkal Munnettra Kazhagam,1
N.R.KARTHIKEYAN,Dravida Munnetra Kazhagam,1
N.SARAVANA KUMAR,Independent,1
N.SELVAM,Naam Indiar Party,1
N. SENTHIL KUMAR,Naam Tamilar Katchi,1
N.S.KARUNAIRAAJA,Dravida Munnetra Kazhagam,1
NSN NATARAJ,All India Anna Dravida Munnetra Kazhagam,1
N. SUBRAMANIAN,Tamilaga Vettri Kazhagam,1
N. SUGUMAR,Independent,1
N. VENKATESAN,Aanaithinthiya Jananayaka Pathukappu Kazhagam,1
N. VIJAY,Naam Tamilar Katchi,1
N.VIJAYARAGAVAN,Independent,1
N.VISWANATHAN,Tamizhaga Vaazhvurimai Katchi,1
N.YOGANATHAN,All India Anna Dravida Munnetra Kazhagam,1
O.KATHALINGAM,Independent,1
O.K.CHINNARAJ,All India Anna Dravida Munnetra Kazhagam,1
OLIVER ANTON NAVAMONI. S,Independent,1
OORMILA,Tamizhaga Vaazhvurimai Katchi,1
OORVASI AMIRTHARAJ. S,Indian National Congress,1
OPHILIYA,Naam Tamilar Katchi,1
P. ABDUL SAMED,Dravida Munnetra Kazhagam,1
PACHAIYAPPAN.E,Independent,1
PACHAIYAPPAN K,Independent,1
PACHIMUTHU. P,Naam Tamilar Katchi,1
PACKIARAJ.S,Independent,1
PACKIA SAM. T,Naam Indiar Party,1
PADMANABHAN.N,All India Puratchi Thalaivar Makkal Munnettra Kazhagam,1
PADMANAPAN. M,Independent,1
PADMANATHAN V,Independent,1
PADMENDRAPRAKASH A.,Independent,1
PADMINI NARASIMHAN,Independent,1
PAGUTHARIVALAN A.,Tamizhaga Vaazhvurimai Katchi,1
PALAMUTHIR SELVAN. O,Independent,1
PALANI,Independent,1
PALANIAPPAN. M,Independent,1
PALANIAPPAN. P,Dravida Munnetra Kazhagam,1
PALANIAPPAN. R,Independent,1
PALANICHAMY T.,Independent,1
PALANI. K.,Independent,1
PALANIKUMAR. M,Independent,1
PALANIKUMAR. V.,Independent,1
PALANI. M,Tamizhaga Vaazhvurimai Katchi,1
PALANI. N,Independent,1
PALANI R,Thakkam Katchi,1
PALANIRAJAN. K,Independent,1
PALANISAMY,Independent,1
PALANISAMY,Samaniya Makkal Nala Katchi,1
PALANISAMY. A,Independent,1
PALANISAMY. A   M.COM.,Pattali Makkal Katchi,1
PALANISAMY E,Independent,1
PALANISAMY K,Independent,1
PALANISAMY. K,Bahujan Samaj Party,1
PALANISAMY. K,Veerath Thiyagi Viswanathadoss Thozhilalarkal Katchi,1
PALANISAMY. M,Naam Tamilar Katchi,1
PALANISAMY. M,Independent,1
PALANISAMY.M.,Party for the Rights of Other backward Classes,1
PALANISAMY M P,All India Puratchi Thalaivar Makkal Munnettra Kazhagam,1
PALANISAMY. P,Independent,1
PALANISAMY. P.K,Tamizhaga Vaazhvurimai Katchi,1
PALANISAMY. R,Independent,1
PALANISAMYRAAJ.M,Independent,1
PALANISAMY S,Independent,1
PALANISAMY S,All India Anna Dravida Munnetra Kazhagam,1
PALANIVEL. M.S,Tamilaga Vettri Kazhagam,1
PALANIVEL. P,Independent,1
PALANIVEL R,All India Puratchi Thalaivar Makkal Munnettra Kazhagam,1
PALANIVEL THIAGA RAJAN,Dravida Munnetra Kazhagam,1
PALANIYAMMAL. M.,Tamilar Makkal Katchi,1
PALANIYAMMAL. S.,Desiya Makkal Sakthi Katchi,1
PALANIYAMMAL. T.,Naam Tamilar Katchi,1
PALANIYANDI.M,Independent,1
PANCHAVARNAM. M,Independent,1
PANDIAN. K.A,All India Anna Dravida Munnetra Kazhagam,1
PANDIDURAI.P,Independent,1
PANDIMUNEESWARI.K,Independent,1
PANDI. N,Communist Party of India (Marxist),1
PANDI.P,Naam Tamilar Katchi,1
PANDI. S,Independent,1
PANDI.V,Tamilaga Vettri Kazhagam,1
PANDIYAMMAL.M,Independent,1
PANDIYAN.C.R,Indhu Dravida Makkal Katchi,1
PANDIYAN.S,Tamilaga Vettri Kazhagam,1
PANNEERSELVAM.O,Dravida Munnetra Kazhagam,1
PANNEERSELVAM.P,Independent,1
PANNERSELVAM,Anaithinthiya Anna Dravida Makkal Seyal katchi,1
PAPPA MUTHULAKSHMI.P.,All India Puratchi Thalaivar Makkal Munnettra Kazhagam,1
PARAMASIVAM,Independent,1
PARAMASIVAM. R,Independent,1
PARAMASIVAM. V.P.B.,All India Anna Dravida Munnetra Kazhagam,1
PARAMASIVAN.S,Independent,1
PARAMESHWARI S,Independent,1
PARAMESWARAN. M,Independent,1
PARAMESWARI,Independent,1
PARASAKTHI. P,Samaniya Makkal Nala Katchi,1
PARITHA PURUSHOTHAMAN.G,All India Anna Dravida Munnetra Kazhagam,1
PARTHIBAN. A,Independent,1
PARTHIBAN. S,MGR Makkal Katchi,1
PARTHIBAN V,Independent,1
PARTHIBAN. V,Independent,1
PARTHIPAN. G,Independent,1
PARTHIPAN. P,Independent,1
PARTHIPAN. V,Independent,1
P. ARUMUGAM,Independent,1
PASUMAIBHOOMI NATARAJAN,Independent,1
PATTABIRAMA. C,Independent,1
PAUL MANOJ PANDIAN,Dravida Munnetra Kazhagam,1
PAULRAJ.V,Independent,1
PAULSAMY,Independent,1
PAVENDHAN.Y.R,Tamizhaga Vaazhvurimai Katchi,1
PAVUNRAJ. S,All India Anna Dravida Munnetra Kazhagam,1
PAZHANIVEL. K,Independent,1
P. BENJAMIN,All India Anna Dravida Munnetra Kazhagam,1
P.CHANDRA KANTH,Independent,1
P CHANDRASEKAR,Tamilaga Vettri Kazhagam,1
P. CHARLES SAGAYARAJ,Independent,1
P. CHELLAPANDIAN,Independent,1
P. CHINNAN,Independent,1
P. ELANCHEZHIYAN,Puthiya Tamilagam,1
PERARIVALAN. V,Naam Tamilar Katchi,1
PERIAKARUPPAN. KR,Dravida Munnetra Kazhagam,1
PERINBAM D,Independent,1
PERIYAKKA,Independent,1
PERIYAPONNU. O,Tamizhaga Vaazhvurimai Katchi,1
PERUMAL. A,Independent,1
PERUMAL. K,Independent,1
PERUMAL MUNUSAMY. M.,Independent,1
PERUMAL N,Aanaithinthiya Jananayaka Pathukappu Kazhagam,1
PERUMAL.N,Independent,1
PERUMAL. S,Independent,1
PERUMAL. V.M,Independent,1
P. ESAKKI MUTHU,Independent,1
PETHAPERUMAL.K,Tamizhaga Vaazhvurimai Katchi,1
P. GEETHA JEEVAN,Dravida Munnetra Kazhagam,1
P.GEORGE DEVADOSS,Independent,1
P. GOVINDARAJ,Independent,1
P. GUNASEKAR,Independent,1
PICHANDI.D,Independent,1
PICHANDI.R,Independent,1
PICHANDI.V,Independent,1
PIRAMAN. P,Independent,1
PITCHAIMUTHU. A,Puthiya Tamilagam,1
PITCHAI V,Independent,1
PITCHANDI.K,Dravida Munnetra Kazhagam,1
P.JAYAKUMAR,Samaniya Makkal Nala Katchi,1
P.JAYASEELAN,Puthiya Tamilagam,1
P. JEYAKUMAR,Independent,1
P. KARPAGAVALLI,Independent,1
P.KARTHIKEYAN,Dravida Munnetra Kazhagam,1
P. KASIRAM,Tamilaga Vettri Kazhagam,1
P. KATHIRAVAN,Independent,1
P. KRISHNASAMY,Bahujan Samaj Party,1
P K SEKARBABU,Dravida Munnetra Kazhagam,1
P.LOGANATHAN M.SC.M.PHIL.,Independent,1
P.L.SUNDARAM,Communist Party of India,1
P.MADASAMY,Puthiya Tamilagam,1
P.MANI,Independent,1
P.MANIKANDAN,Independent,1
P. MANIVEL,Independent,1
P. MANOJ,Independent,1
P. MARIMUTHU,Independent,1
P .MATHANRAJA,Tamilaga Vettri Kazhagam,1
P. MEENA,Puthiya Tamilagam,1
P. MILANY,Independent,1
P.M.RAMAJEYAM,Dravida Munnetra Kazhagam,1
P.MURUGAN,Ganasangam Party of India,1
P MUTHUSAMY,Independent,1
P. NAGARAJ,Independent,1
P.NAGASUNDARAM,Independent,1
P.NATARAJAN,Bahujan Samaj Party,1
P.NOBLE KRISHNA,Independent,1
POLLACHI V. JAYARAMAN,All India Anna Dravida Munnetra Kazhagam,1
PON.JAYASEELAN,All India Anna Dravida Munnetra Kazhagam,1
PONKUMARAN P.P.M.T,Nam Naadu Nam Makkal Nam Ethirkaalam Katchi,1
PONMUTHU RAMESH,Independent,1
PONNAMBALAM. P,Independent,1
PONNUMANI C,Naam Tamilar Katchi,1
PONNUMANI.R,Tamilar Makkal Katchi,1
PONNUSAMY.M,Independent,1
PON SANTHANA KUMARAN.R,Independent,1
PON.SIVAKUMAR,Independent,1
POOMALAI. C.,Independent,1
POOMANI. P.,Independent,1
POOVARASAN. S,Independent,1
POOVARASU,Tamilar Makkal Katchi,1
PORKODI ARMSTRONG,All India Anna Dravida Munnetra Kazhagam,1
PORSELVAN. B.S,Independent,1
POULOSH. D,Independent,1
POUNDURAI.K,Independent,1
POUNRAJ. N.,Independent,1
POYYAMOZHI. M,Proutist Sarva Samaj,1
POYYATHAPPAN K,Independent,1
P. PALANIVEL,Independent,1
P.PARTHIBAN,Independent,1
P.PERIYAPULLAN (A) SELVAM,All India Anna Dravida Munnetra Kazhagam,1
P. PONRAJ,Independent,1
P.PON RAJA,Tamizhaga Vaazhvurimai Katchi,1
P POOMALAR,Dravida Munnetra Kazhagam,1
P. PUSHPALATHA,Naam Tamilar Katchi,1
PRABAHARAN. M,Independent,1
PRABAKARAN,Puthiya Tamilagam,1
PRABAKARAN M,Independent,1
PRABAKARAN .R,Independent,1
PRABAKARAN. S,Independent,1
PRABAKARAN S.T,Independent,1
PRABAKARAN.T,Independent,1
PRABAKARAN. V,Bahujan Samaj Party,1
PRABHAKARAN.B,Independent,1
PRABHAKARAN D,Independent,1
PRABHAKARAN. M.,Independent,1
PRABHAKARAN. S,Tamilaga Vettri Kazhagam,1
PRABHAKARAN.T,Independent,1
PRABHAKARAN.V,Independent,1
PRABHAKARAN V J,Independent,1
PRABHAKARA RAJA.A.M.V,Dravida Munnetra Kazhagam,1
PRABHAKAR.J.C.D,Tamilaga Vettri Kazhagam,1
PRABHU. S,Independent,1
PRABHU. S,Thamizhaka Padaippalar Makkal Katchi,1
PRABHU. V,Independent,1
PRABHU.V.B,All India Anna Dravida Munnetra Kazhagam,1
PRABU C,Independent,1
PRABU. G,Independent,1
PRABU .K,Vishwa Tamil Kazhagam,1
PRADEEP. M,Puthiya Tamilagam,1
PRAJAPATHI VIJAY.C,Tamilar Makkal Katchi,1
P. RAJASEKARAN,Independent,1
P. RAJENDRAN,Independent,1
P.RAJENDRAN,Independent,1
PRAKASAM.R,Tamilaga Vettri Kazhagam,1
PRAKASH ARUNACHALAM,Independent,1
PRAKASH. N,Independent,1
PRAKASH P.,Independent,1
PRAKASH. R,Thamizhaka Padaippalar Makkal Katchi,1
PRAKASH.S,Tamilaga Vettri Kazhagam,1
P RAMASAMY,Tamizhaga Vaazhvurimai Katchi,1
PRASAD. N,Independent,1
PRASANNA KUMAR M.,Makkal Nalvaazhvuk Katchi,1
PRASANTH. DBJ.,Tamizhaga Vaazhvurimai Katchi,1
PRASANTH. S,Independent,1
PRASATH D,Independent,1
PRATHAP K,Independent,1
PRATHEEBA,Bahujan Samaj Party,1
PRAVEENA. S,Independent,1
PRAVEEN KUMAR,Independent,1
PRAVEENKUMAR. J,Independent,1
PRAVEENKUMAR K,Naam Tamilar Katchi,1
PRAVEEN KUMAR. M,Independent,1
PRAVEEN KUMAR R,Independent,1
PRAVEENKUMAR. R,Independent,1
PRAVEEN. S,Independent,1
PRAVEEN THIYAGARAJAN,Independent,1
PRAVEEN T.T,Indian National Congress,1
P.RAVI,Independent,1
PRAVINA. G,Independent,1
PREM ALEX LAWRENCE,Tamilaga Vettri Kazhagam,1
PREMALLATHA VIJAYAKANT,Desiya Murpokku Dravida Kazhagam,1
PREMKUMAR. K,Independent,1
PREMKUMAR.K,Independent,1
PREMKUMAR S D,Bharatiya Janata Party,1
PRINCE S,Republican Party of India (Athawale),1
PRISCILLA PANDIAN. J,Bharatiya Janata Party,1
PRITHVIRAJ. A,Independent,1
PRIYADHARSHINI. A,Naam Tamilar Katchi,1
PRIYA K,Independent,1
P. SANGARARAJ,Independent,1
P. SANTHANA KRISHNAN,All India Anna Dravida Munnetra Kazhagam,1
P. SARAVANAN,Tamizhaga Vaazhvurimai Katchi,1
P. SARAVANAN,Independent,1
P.SARAVANAN,All India Anna Dravida Munnetra Kazhagam,1
P.SAROJA,Independent,1
P.SELVAKUMAR,Independent,1
P.SELVAM,Independent,1
P.SENTHILKUMAR,Independent,1
P.SRINIVASAN,Bahujan Samaj Party,1
P. SUDHAKAR,Bahujan Samaj Party,1
P. SUMATHI,Independent,1
P.TAMILSELVI,Independent,1
P. THANGAMANI,Independent,1
P.THANGAMANI,All India Anna Dravida Munnetra Kazhagam,1
P THANGARAJ,Independent,1
P.THIRUGNANASAMBANTHAM,Party for the Rights of Other backward Classes,1
PUGAZHENDHI D,Naam Tamilar Katchi,1
PUGAZHENDI. M,Dravida Munnetra Kazhagam,1
PULLANI,Independent,1
PUNITHA SHANMUGAM,Naam Tamilar Katchi,1
PURATCHIDASAN. T,Anaithinthiya Anna Dravida Makkal Seyal katchi,1
PURUSHOTHAMAN.B,Independent,1
PURUSHOTHAMAN K,Desiya Makkal Sakthi Katchi,1
PURUSHOTHAMAN P,Independent,1
PURUSOTHAMAN. M,Independent,1
P. VEDHAGIRI,Independent,1
P. VENKATESAN,All India Puratchi Thalaivar Makkal Munnettra Kazhagam,1
P.VENKATESAN,Tamizhaga Vaazhvurimai Katchi,1
P VIJAYAKUMAR,Independent,1
P. VIJAYAKUMAR,Independent,1
P.VISWANATHAN,Indian National Congress,1
PY.DHATCHINAMURTHY,Tamizhaga Vaazhvurimai Katchi,1
RAAMA SREENIVASAN,Bharatiya Janata Party,1
R.ABINAYA,Naam Tamilar Katchi,1
RADHAKRISHNAN. D.R,Independent,1
RADHA KRISHNAN. G,Independent,1
RADHAKRISHNAN. G,Independent,1
RADHAKRISHNAN K.,All India Anna Dravida Munnetra Kazhagam,1
RADHAKRISHNAN. R,Independent,1
RADHAKRISHNAN. S,Independent,1
RADHIKA P,Naam Tamilar Katchi,1
RADHIKA S,Independent,1
RAFEEQ.A.M.,Independent,1
RAGHU.K,Puthiya Tamilagam,1
RAGHUL R,Independent,1
RAGHUNATH. K,Independent,1
RAGUJOSEPH. J,Independent,1
RAGUPATHI. K,Puthiya Tamilagam,1
RAGUPATHI. P,Naam Tamilar Katchi,1
RAGUPATHI. S,Anti Corruption Dynamic Party,1
RAGUPATHI. S,Independent,1
RAGUPATHY.B,Naam Tamilar Katchi,1
RAGURAMAN MURUGANANTHAM,Independent,1
RAHAMADULLAH S,Independent,1
RAJA. A,Independent,1
RAJA ANBAZHAGAN,Dravida Munnetra Kazhagam,1
RAJAA.T.R.B,Dravida Munnetra Kazhagam,1
RAJABU NISHA.Z,Naam Tamilar Katchi,1
RAJA. C.K,Dravida Munnetra Kazhagam,1
RAJA.D,Tamilaga Vettri Kazhagam,1
RAJADURAI S,Independent,1
RAJA. G.,Independent,1
RAJAGURU.M,Samaniya Makkal Nala Katchi,1
RAJA K,Independent,1
RAJA. K,Independent,1
RAJA.K,All India Puratchi Thalaivar Makkal Munnettra Kazhagam,1
RAJA. K. B.SC. B.TECH. EX.INAS,Independent,1
RAJA. K.P.M,Independent,1
RAJAKUMAR P,Independent,1
RAJALAKSHMI.M,Bahujan Samaj Party,1
RAJALINGAM. M,Independent,1
RAJA. M,Tamizhaga Vaazhvurimai Katchi,1
RAJA. M,Independent,1
RAJA.M,Vishwa Tamil Kazhagam,1
RAJAMANICKAM M,Desiya Makkal Sakthi Katchi,1
RAJAMANIKKAM.A,Puthiya Tamilagam,1
RAJAMARAVAN. S,Independent,1
RAJAMOHAMMED T,Independent,1
RAJA. N,Independent,1
RAJAN. B. S,Aanaithinthiya Jananayaka Pathukappu Kazhagam,1
RAJANCHELLAPPA. V.V.,All India Anna Dravida Munnetra Kazhagam,1
RAJANGAM.C,Independent,1
RAJAN.P,Independent,1
RAJAN. S,Independent,1
RAJA. P,Independent,1
RAJAPANDIAN. K,Independent,1
RAJA R,Independent,1
RAJA. R,Independent,1
RAJARAJAN.U,Tamilaga Vettri Kazhagam,1
RAJARAM M,Independent,1
RAJA S,Independent,1
RAJA. S,All India Puratchi Thalaivar Makkal Munnettra Kazhagam,1
RAJA.S,Vanchit Bahujan Aaghadi,1
RAJASEHAR. R,Independent,1
RAJASEKAR A,Tamilaga Vettri Kazhagam,1
RAJASEKARAN. B.,Tamizhaga Vaazhvurimai Katchi,1
RAJASEKARAN.K,Bahujan Samaj Party,1
RAJASEKARAN. N,Independent,1
RAJASEKARAN P,Aanaithinthiya Jananayaka Pathukappu Kazhagam,1
RAJASEKARAN. S,Independent,1
RAJASEKAR. E,All India Anna Dravida Munnetra Kazhagam,1
RAJA SEKAR . G,Independent,1
RAJASEKAR.I,Independent,1
RAJASEKAR.J,Independent,1
RAJASEKAR.P,Tamizhaga Vaazhvurimai Katchi,1
RAJASIMHA MAHENDRA,Bharatiya Janata Party,1
RAJASIMMAN. D,Independent,1
RAJASINGH. C,Bahujan Samaj Party,1
RAJA. S.P,Tamizhaga Vaazhvurimai Katchi,1
RAJASUTHAN. N,Puthiya Tamilagam,1
RAJATHI.M,Naam Tamilar Katchi,1
RAJA. V,Independent,1
RAJAVARMAN.M.S.R,All India Anna Dravida Munnetra Kazhagam,1
RAJAVARMAN .R,Tamizhaga Vaazhvurimai Katchi,1
RAJEEV,Tamilaga Vettri Kazhagam,1
RAJEEVGANDHI S,All India Anna Dravida Munnetra Kazhagam,1
RAJENDARAN. N,Independent,1
RAJENDIRAN NAIDU,Independent,1
RAJENDRAN. A,Independent,1
RAJENDRAN. G,Independent,1
RAJENDRAN.P,Independent,1
RAJENDRAN R,Independent,1
RAJENDRAN. R,Dravida Munnetra Kazhagam,1
RAJENDRAN.R,All India Anna Dravida Munnetra Kazhagam,1
RAJENDRAN S,All India Anna Dravida Munnetra Kazhagam,1
RAJENDRAN. T. M,Dravida Munnetra Kazhagam,1
RAJENTHRABHALAJI K T,All India Anna Dravida Munnetra Kazhagam,1
RAJESH,Independent,1
RAJESH E,Independent,1
RAJESHKANNAN. K.,Independent,1
RAJESHKANNAN R,Independent,1
RAJESHKUMAR. K,Independent,1
RAJESH KUMAR. S,Indian National Congress,1
RAJESHKUMAR. S,Naam Tamilar Katchi,1
RAJESH .M,Independent,1
RAJESH. S,Tamizhaga Vaazhvurimai Katchi,1
RAJESH.T,Independent,1
RAJESH T R,Independent,1
RAJESH X,Tamizhaga Vaazhvurimai Katchi,1
RAJESSH. T,Naam Tamilar Katchi,1
RAJI M,Independent,1
RAJIVGANDHI P,Independent,1
RAJIV GANDHI. S,Bahujan Samaj Party,1
RAJIVGANDHI S,Independent,1
RAJKUMAR,Tamizhaga Vaazhvurimai Katchi,1
RAJKUMAR,Independent,1
RAJKUMAR C,Party for the Rights of Other backward Classes,1
RAJKUMAR D,Tamilaga Vettri Kazhagam,1
RAJKUMAR.D,Tamizhaga Vaazhvurimai Katchi,1
RAJ KUMAR .G,Tamizhaga Vaazhvurimai Katchi,1
RAJKUMAR K,Independent,1
RAJKUMAR.M,Independent,1
RAJKUMAR.R,Independent,1
RAJKUMAR S,All India Puratchi Thalaivar Makkal Munnettra Kazhagam,1
RAJMOHAN,Independent,1
RAJMOHAN,Tamilaga Vettri Kazhagam,1
RAJ. P.,Independent,1
RAJ. S,Bahujan Samaj Party,1
RAJ.S.K,Veerath Thiyagi Viswanathadoss Thozhilalarkal Katchi,1
RAJU. A,Independent,1
RAJU.J.M,Independent,1
RAJU. V,Independent,1
RAKESH. K,Tamilaga Vettri Kazhagam,1
RAKESH KUMAR. M,Thamizhaka Padaippalar Makkal Katchi,1
RAKESH R,All India Anna Dravida Munnetra Kazhagam,1
RAKESH SHARMA. R,Thakkam Katchi,1
RAKKI,All India Puratchi Thalaivar Makkal Munnettra Kazhagam,1
RAMACHANDIRAN M,Tamizhaga Vaazhvurimai Katchi,1
RAMACHANDIRAN.R,Independent,1
RAMACHANDRAN A,Independent,1
RAMACHANDRAN. A,Ganasangam Party of India,1
RAMACHANDRAN.B,Indian National Congress,1
RAMACHANDRAN .C,Independent,1
RAMACHANDRAN.K,Independent,1
RAMACHANDRAN. K.K.S.S.R,Dravida Munnetra Kazhagam,1
RAMACHANDRAN O N,Independent,1
RAMACHANDRAN P,Anti Corruption Dynamic Party,1
RAMACHANDRAN.R,Bahujan Samaj Party,1
RAMACHANDRAN.S,All India Anna Dravida Munnetra Kazhagam,1
RAMACHANDRAN . T,Indian National Congress,1
RAMACHANDRAN. T,Communist Party of India,1
RAMACHANDRAN. V,Independent,1
RAMADASS D,Samaniya Makkal Nala Katchi,1
RAMADEVI. T,Puthiya Tamilagam,1
RAMADOSS.C,Indhu Dravida Makkal Katchi,1
RAMA JANARTHANAN S,Independent,1
RAMAKRISHNAN,Independent,1
RAMAKRISHNAN.C,Independent,1
RAMAKRISHNAN M,Independent,1
RAMAKRISHNAN R,Independent,1
RAMAKRISHNAN. S,Independent,1
RAMALINGAM. A,Independent,1
RAMALINGAM. V,Independent,1
RAMAMOORTHI. G,Rashtriya Samaj Dal (R),1
RAMAMOORTHI R,Independent,1
RAMAMOORTHY E,Independent,1
RAMAMOORTHY. G,Independent,1
RAMANATHAN M,Independent,1
RAMANATHAN. S.V,Independent,1
RAMAN K,Independent,1
RAMAN. M.,Independent,1
RAMAN V,Bahujan Samaj Party,1
RAMAR PANDI  T,Bahujan Samaj Party,1
RAMASAMY.G.C,Independent,1
RAMASAMY N,Independent,1
RAMASAMY P,Bahujan Samaj Party,1
RAMASAMY S.,Independent,1
RAMASAMY.S,Samaniya Makkal Nala Katchi,1
RAMESH,Tamilaga Vettri Kazhagam,1
RAMESH A,Independent,1
RAMESH. G.,Tamizhaga Vaazhvurimai Katchi,1
RAMESH K,Independent,1
RAMESH K,Naam Tamilar Katchi,1
RAMESH KUMAR. B,Independent,1
RAMESH KUMAR. G,Independent,1
RAMESHKUMAR. V,Independent,1
RAMESH L N,Tamilaga Vettri Kazhagam,1
RAMESH. P,Bharatiya Janata Party,1
RAMESH. P.,Naadaalum Makkal Katchi,1
RAMESH.P,Independent,1
RAMESH.R,Independent,1
RAMESH S,Independent,1
RAMESH. T,Tamizhaga Vaazhvurimai Katchi,1
RAMESH. V,Independent,1
RAMESHWARI,Bharat Jan Chikitsa Party,1
RAMKUMAR. D.M,Independent,1
RAMKUMAR L,Independent,1
RAM KUMAR M.,Naam Tamilar Katchi,1
RAMKUMAR. S BBA.LLB,Independent,1
RAMNATH.T,Independent,1
RAMNESHWARAN. V,Thakkam Katchi,1
RAMPRASAD. N,Independent,1
RAMSINGH.SK,Tamizhaga Vaazhvurimai Katchi,1
RAMU. M,Independent,1
R. AMUTHARANI,Tamilaga Vettri Kazhagam,1
RAMUTHEVAR. P,All India Puratchi Thalaivar Makkal Munnettra Kazhagam,1
RAMYA MOHAN,Naam Tamilar Katchi,1
R. ANANDAN,Independent,1
R.ANANTHI,Independent,1
RANGANATHAN. D,Independent,1
RANGANATHAN N,All India Puratchi Thalaivar Makkal Munnettra Kazhagam,1
RANGARAJAN E,Bahujan Samaj Party,1
RANGARAJ.G,Independent,1
RANGASAMYP.,Independent,1
RANGASAMY. S,Bahujan Samaj Party,1
RANI. A,Independent,1
RANI P,Dravida Munnetra Kazhagam,1
RANI. P,All India Anna Dravida Munnetra Kazhagam,1
RANJEETH KUMAR J.,Socialist Unity Centre Of India (COMMUNIST),1
RANJITHAM.M,Independent,1
RANJITHA V,Independent,1
RANJITH K,Independent,1
RANJITHKUMAR BALUSAMY,Bahujan Samaj Party,1
RANJITH KUMAR  M,Bahujan Samaj Party,1
RANJITH KUMAR.S,Independent,1
RANJITH KUMAR. V,Independent,1
RANJITH S,Independent,1
RANJITH. S,Tamizhaga Vaazhvurimai Katchi,1
R.ARUNKUMAR,Independent,1
RASANAYAGAM N,Tamizhaga Vaazhvurimai Katchi,1
RASIK MUSSAMMIL. K,Tamizhaga Vaazhvurimai Katchi,1
RASUPILLAI.S,All India Puratchi Thalaivar Makkal Munnettra Kazhagam,1
RATHINA PRAKASH. K,Puthiya Tamilagam,1
RATHINARAJA S,Nam Naadu Nam Makkal Nam Ethirkaalam Katchi,1
RATHINAVEL. M,Independent,1
RAVANAN M.,Naadaalum Makkal Katchi,1
RAVI. AG,Tamizhaga Vaazhvurimai Katchi,1
RAVICHANDIRAN.N,Independent,1
RAVICHANDRAN G,Independent,1
RAVICHANDRAN K.P,Bahujan Samaj Party,1
RAVICHANDRAN. R,Independent,1
RAVI GOVINTHAN,Independent,1
RAVIKUMAR,Independent,1
RAVIKUMAR.M,Independent,1
RAVIKUMAR.R,Bahujan Samaj Party,1
RAVIMANOHARAN. K,All India Anna Dravida Munnetra Kazhagam,1
RAVI M L,Desiya Makkal Sakthi Katchi,1
RAVI. R,Communist Party of India (Marxist-Leninist) (Liberation),1
RAVISANKAR.M,Tamilaga Vettri Kazhagam,1
RAVISANKAR N.,Aanaithinthiya Jananayaka Pathukappu Kazhagam,1
RAVI. V,Independent,1
RAYAR K,Independent,1
R. BAKTHAVATCHALAM,All India Puratchi Thalaivar Makkal Munnettra Kazhagam,1
R. BALAJI,Independent,1
R.BALAMURUGAN,Independent,1
R.CHINNARAJ,Independent,1
R.DEVAKUMAR,Independent,1
R.DHANDAPANI,Veerath Thiyagi Viswanathadoss Thozhilalarkal Katchi,1
R DINESH,Independent,1
R. DINESHKUMAR,Independent,1
R.D. SHEKAR,Dravida Munnetra Kazhagam,1
REAGON ANTO.J,Tamizhaga Vaazhvurimai Katchi,1
REDDIARPATTI V. NARAYANAN,Tamilaga Vettri Kazhagam,1
R.Edmund Jayendren,Tamizhaga Vaazhvurimai Katchi,1
REEGAN PRABHU,Independent,1
REGUPATHY.S,Dravida Munnetra Kazhagam,1
R. ELANGOVAN,Bahujan Samaj Party,1
RENGANATHAN DORAISAMY,Rashtriya Samaj Dal (R),1
RENGANAYAGALU.S,Independent,1
R.ESAIKANNAN,Bahujan Samaj Party,1
R. ESAKKIMUTHU,Amma Makkal Munnettra Kazagam,1
R.ETHIRAJ,Independent,1
RETNA MONY S,Independent,1
REVANTH S N,Independent,1
REVATHI K,Naam Tamilar Katchi,1
REVATHI K.,Naam Tamilar Katchi,1
REVATHI L,Naam Tamilar Katchi,1
REVATHI MUTHAMILSELVAN,Tamilaga Vettri Kazhagam,1
REVATHI. S,Akila Inthiya Makkal Marumalarchi Kazhakam,1
REVATHI. T.M,Dravida Munnetra Kazhagam,1
R FOUZAN SHARIFF,Naam Tamilar Katchi,1
R. GANDHI,Dravida Munnetra Kazhagam,1
RHEVANTH CHARAN,Tamilaga Vettri Kazhagam,1
R ILAIYARAJA,Indhu Dravida Makkal Katchi,1
R. IMMANUVEL,Independent,1
R.INDHUMATHI,Independent,1
RITISH,Independent,1
R. JANARTHANAN,Bahujan Samaj Party,1
R.JAWAHAR,Independent,1
R JAYALAKSHMI,Naam Tamilar Katchi,1
R JAYARAMAKRISHNAN,Dravida Munnetra Kazhagam,1
R. JAYASEELAN,Independent,1
R. KATHIRAVAN,Tamilaga Vettri Kazhagam,1
R KOTHERIMOHIDEEN,Independent,1
R.KRISHNAN,Independent,1
R. KUMAR,Independent,1
R. KUMARAVEL,Independent,1
R.KUMARESAN,Independent,1
R KUPPUSAMY,Indian National Congress,1
R. MAHESH,Independent,1
R. MANIAN,Independent,1
R.MANIKANDABRABHU,Independent,1
R. MANIKANDAN,Independent,1
R MANOHAR,All India Anna Dravida Munnetra Kazhagam,1
R.MAYAVAN,Independent,1
RM. KARUMANICKAM,Indian National Congress,1
R.MOOVENDRAN,Independent,1
R. MURALIDHARAN,Independent,1
R. MURUGAN,Independent,1
R. MUTHU CHELLA BHARATHI,Independent,1
R. MUTHUKUMAR,Samaniya Makkal Nala Katchi,1
R.MUTHUKUMAR,Independent,1
R.NATARAJAN,Independent,1
ROHINI.S,Independent,1
ROKESH KUMAR. V,Tamizhaga Vaazhvurimai Katchi,1
ROMANRAJ. A,Independent,1
ROSHINI S,Naam Tamilar Katchi,1
ROYAL RAJA,Tamizhaga Vaazhvurimai Katchi,1
ROY GEORGE,Anna Puratchi Thalaivar Amma Dravida Munnetra Kazhagam,1
R. PANNEERDOSS,Viduthalai Chiruthaigal Katchi,1
R PAULRAJ,Naam Tamilar Katchi,1
R. PERUMAL,Naam Indiar Party,1
R. PONSILAMBU,Independent,1
R.PRABU,Tamizhaga Vaazhvurimai Katchi,1
R.RAJA,Independent,1
R.RAJARAM,Naam Tamilar Katchi,1
R. RAJ GURU,Independent,1
R RAJKUMAR,Naam Indiar Party,1
R.RAJKUMAR,All India Puratchi Thalaivar Makkal Munnettra Kazhagam,1
R. RAMACHANDRAN,Independent,1
R.RAMACHANDRAN,Independent,1
R. RAMANAN,Independent,1
R.RAMESH,Independent,1
R. RAMESHKUMAR,Bahujan Samaj Party,1
R.RAMESH KUMAR,Tamilaga Vettri Kazhagam,1
R. RAMKUMAR,Independent,1
R.RAVI,All India Puratchi Thalaivar Makkal Munnettra Kazhagam,1
R RAVICHANDRAN,Independent,1
R. RAVIKUMAR,Independent,1
R.RAVIKUMAR,Independent,1
R. SABTHAGIRI,Independent,1
R. SAMPATH KUMAR,Independent,1
R.SANGEETHA,Naadaalum Makkal Katchi,1
R.SARAVANAN,Independent,1
R.SARAVANAN,Namadhu Makkal Katchi,1
R. SATHISH KUMAR,Independent,1
R. SATHIYANARAYANAN,Independent,1
R. SATHYA,All India Anna Dravida Munnetra Kazhagam,1
R.S.BALAJI,Independent,1
R. SELVAKUMAR,Naam Indiar Party,1
R.SELVAKUMAR,Independent,1
R. SENTHIL KUMAR,Independent,1
R.SESU,Independent,1
R.SETHUPATHI,Independent,1
R. SETHURAGUNATHAN,Independent,1
R. SIVA,Independent,1
R. SIVAKUMAR,Independent,1
R.S.KIRUTHIKA DEVI,Dravida Munnetra Kazhagam,1
R.S.RAAJESH,All India Anna Dravida Munnetra Kazhagam,1
R.S.RAJAKANNAPPAN,Dravida Munnetra Kazhagam,1
R.SRIDAR. B.L.,Naam Tamilar Katchi,1
R  SRINIVASAN,Tamil Telugu National Party,1
R.SUGAN,All India Puratchi Thalaivar Makkal Munnettra Kazhagam,1
R SUNDARARAJ,Amma Makkal Munnettra Kazagam,1
R.SURESH,Independent,1
R.SURESH,Party for the Rights of Other backward Classes,1
R. TAMILARASAN,Independent,1
R.TAMILARASAN,Independent,1
R THILAGESWARAN,Independent,1
R THIRUMALAI,Tamilaga Vettri Kazhagam,1
RUBIN ANTONY,Tamizhaga Vaazhvurimai Katchi,1
RUBY.R.MANOHARAN,Indian National Congress,1
R.VAIRAM,Independent,1
R. VAITHILINGAM,Dravida Munnetra Kazhagam,1
R.V. BHARATHAN,All India Anna Dravida Munnetra Kazhagam,1
R. VEERAMANI,Independent,1
R.VELMURUGAN,Tamilaga Vettri Kazhagam,1
R.VELUSAMY,Independent,1
R.VIJAYALAKSHMI,Ganasangam Party of India,1
R. VIJAYSARAVANAN,Tamilaga Vettri Kazhagam,1
R.VINOTH,Veerath Thiyagi Viswanathadoss Thozhilalarkal Katchi,1
R. VINOTHKUMAR,Naam Indiar Party,1
R.VISHNUMOORTHY,Independent,1
R.V. RANJITHKUMAR,Tamilaga Vettri Kazhagam,1
R.YOGESHWARAN,Independent,1
R. YUVARAJ,Independent,1
SAAMY. S.K. DR,Independent,1
SABA.RAJENDRAN,Dravida Munnetra Kazhagam,1
SABAREESAN. D,Independent,1
SABARI IYNGARAN G.,Tamilaga Vettri Kazhagam,1
SABARI KARTHIKEYAN K.V.K.S,Dravida Munnetra Kazhagam,1
SABARINATHAN.P,Independent,1
SABARINATHAN.R,Tamilaga Vettri Kazhagam,1
S.ABDUL RAHIMAN,Veerath Thiyagi Viswanathadoss Thozhilalarkal Katchi,1
SABIN. S,Tamilaga Vettri Kazhagam,1
SADHASIVAM. S,Pattali Makkal Katchi,1
SAHAYAM T.,Communist Party of India (Marxist-Leninist) (Liberation),1
SAHUL HAMEED M,Independent,1
SAKKARAPANI. R,Dravida Munnetra Kazhagam,1
SAKKARAVARTHY P,All India Puratchi Thalaivar Makkal Munnettra Kazhagam,1
SAKKARAVARTHY.P,Independent,1
SAKTHIK KUMAR,Independent,1
SAKTHI.M,All India Anna Dravida Munnetra Kazhagam,1
SAKTHIVEL,Independent,1
SAKTHIVEL A,Independent,1
SAKTHIVEL A,Thakkam Katchi,1
SAKTHIVEL. A,Independent,1
SAKTHIVEL. D,Independent,1
SAKTHIVEL. G,Independent,1
SAKTHIVEL.G,Independent,1
SAKTHIVEL. M,Naadaalum Makkal Katchi,1
SAKTHIVEL. M.,Independent,1
SAKTHIVEL P.,Viduthalai Chiruthaigal Katchi,1
SAKTHIVEL. R,Viduthalai Kalam Katchi,1
SAKTHIVEL S,Tamizhaga Vaazhvurimai Katchi,1
SAKTHIVEL. S,Tamilaga Vettri Kazhagam,1
SALAM .M,Independent,1
SALATE KANAGARAJ A,Naam Indiar Party,1
S. ALBERT FRANCIS XAVIER,Tamizhaga Vaazhvurimai Katchi,1
SALEEM,Independent,1
SALMAN. E,Independent,1
SAMAYAN.S,Tamilaga Vettri Kazhagam,1
SAMIKKANNU M,Independent,1
SAMINATHAN. C,Independent,1
SAMINATHAN. T,Dravida Munnetra Kazhagam,1
SAMPANGI.S.R,Tamilaga Vettri Kazhagam,1
SAMPATH,Independent,1
SAMPATH. C,Independent,1
SAMPATH. K,Independent,1
SAMPATHKUMAR. V,All India Anna Dravida Munnetra Kazhagam,1
SAMPATH. L,Independent,1
SAMPATHRAJ.M,Independent,1
SAMPATH. S,Independent,1
SAMUEL J.,Independent,1
SAMUEL RAJ,Independent,1
S.AMULU PONMALAR,Dravida Munnetra Kazhagam,1
S.ANANDHAKUMAR,Independent,1
SANGAI. GANESAN,Indian National Congress,1
SANJAY GANDHI.  V,Desa Makkal Munnetrak Kazhagam,1
SANKAR A,Independent,1
SANKARA NARAYANAN ALIAS SARAN,Naam Tamilar Katchi,1
SANKAR.E,Independent,1
SANKAR K.,Tamilaga Vettri Kazhagam,1
SANKARKUMAR.K.A,Independent,1
SANKARKUMAR .S,Independent,1
SANKAR M.,Rashtriya Samaj Dal (R),1
SANKAR.P,Puthiya Tamilagam,1
SANKAR R,Tamizhaga Vaazhvurimai Katchi,1
SANKAR. R,Independent,1
SANKAR S,Independent,1
SANKAR. S,Independent,1
SANKAR T.K,Tamizhaga Vaazhvurimai Katchi,1
SANMUGAM B,Independent,1
SANMUGAVEL K.,Independent,1
SANNIYASI N,Veerath Thiyagi Viswanathadoss Thozhilalarkal Katchi,1
S ANSAR ALI,Independent,1
SANTHAKUMARAN. A,Independent,1
SANTHALINGAM. C,Independent,1
SANTHANAM,Independent,1
SANTHANAM.R,Independent,1
SANTHOSH,Naam Tamilar Katchi,1
SANTHOSHKUMAR.E,Independent,1
SANTHOSHKUMAR.J,Bahujan Samaj Party,1
SANTHOSH KUMAR R,Independent,1
S.APPU,Independent,1
SARABESHWAR SISU. P,Independent,1
SARANYA. A,All India Anna Dravida Munnetra Kazhagam,1
SARANYA IMRAN,Naam Tamilar Katchi,1
SARANYA. M,Independent,1
SARATHKUMAR. R,Independent,1
SARAVANAKUMAR. M,Independent,1
SARAVANAKUMAR. S,Independent,1
SARAVANAKUMAR. T,Indian National Congress,1
SARAVANAKUMAR.V,Independent,1
SARAVANAN,Independent,1
SARAVANAN. A.,Aanaithinthiya Jananayaka Pathukappu Kazhagam,1
SARAVANAN .D,Independent,1
SARAVANAN. DURAI . K,Dravida Munnetra Kazhagam,1
SARAVANAN. G,Tamilaga Vettri Kazhagam,1
SARAVANAN. G,Independent,1
SARAVANAN. G.,Independent,1
SARAVANAN . J,Independent,1
SARAVANAN. K,Tamizhaga Vaazhvurimai Katchi,1
SARAVANAN. K,Independent,1
SARAVANAN KUMAR,Independent,1
SARAVANAN. P,Desiya Murpokku Dravida Kazhagam,1
SARAVANAN. P.S.T,Dravida Munnetra Kazhagam,1
SARAVANAN. R,Independent,1
SARAVANAN. S,Independent,1
SARAVANAN.S,Thamizh Perarasu Katchi,1
SARAVANAN S.R.,Independent,1
SARAVANASUNDARAM S,Independent,1
S. ARAVIND RAMESH,Dravida Munnetra Kazhagam,1
SARPHUDIN,Independent,1
S.ARULRAJ,Independent,1
S.ARUMUGAM,Independent,1
SARVESWARAN,Party for the Rights of Other backward Classes,1
SASIKALA S,Naam Tamilar Katchi,1
SASIKUMAR. M,Independent,1
SASIKUMAR N,Independent,1
SASIKUMAR P,Independent,1
SASIKUMAR.P,Independent,1
SASIKUMAR.S,Independent,1
SASI REKA Y,Makkal Arasial Katchi,1
SASI REKA. Y,Makkal Arasial Katchi,1
SASIREKHA K,Naam Tamilar Katchi,1
SASIREKHA. M,Veerath Thiyagi Viswanathadoss Thozhilalarkal Katchi,1
SATHAM USAIN M,Independent,1
SATHEESHKUMAR .M,Bahujan Samaj Party,1
SATHEESH. S,Independent,1
SATHEESKUMAR. K,Independent,1
SATHEESKUMAR P,Independent,1
SATHISH,Independent,1
SATHISH. A,Independent,1
SATHISH.B,Independent,1
SATHISH KUMAR B,Independent,1
SATHISHKUMAR.M,Independent,1
SATHISHKUMAR.N,Tamilaga Vettri Kazhagam,1
SATHISH KUMAR. S,Independent,1
SATHISH. P,Independent,1
SATHISH RAJU (ALIAS) K.P.R. SATHISH,Tamilaga Vettri Kazhagam,1
SATHISH. S,Independent,1
SATHISH.T,Independent,1
SATHIYA.B,Anna Makkal Katchi,1
SATHIYAM C.SARAVANAN,Independent,1
SATHIYAMOORTHY. S,Makkal Nala Kazhagam,1
SATHIYANARAYANAN B,All India Anna Dravida Munnetra Kazhagam,1
SATHIYARASU. R,Independent,1
SATHIYASEELAN. M,Independent,1
SATHIYASEELAN.M,Independent,1
SATHIYA. V,Naam Tamilar Katchi,1
SATHYA.A,Independent,1
SATHYA. B,Naam Tamilar Katchi,1
SATHYA. B.,Naam Tamilar Katchi,1
SATHYABAMA.P,All India Anna Dravida Munnetra Kazhagam,1
SATHYADEVI. T.,Naam Tamilar Katchi,1
SATHYALAKSHMI. K,Naam Tamilar Katchi,1
SATHYA M,Aanaithinthiya Jananayaka Pathukappu Kazhagam,1
SATHYA. M,Tamilaga Vettri Kazhagam,1
SATHYARAMAN P,Independent,1
SATHYA.S.A.,Dravida Munnetra Kazhagam,1
SATHYA. V,Naadaalum Makkal Katchi,1
SAVEETHA.R,Tamizhaga Vaazhvurimai Katchi,1
S. BALACHANDAR,Independent,1
S. BALAJI,Tamil Nadu Ilangyar Katchi,1
S. BALA MURUGAN,Tamizhaga Vaazhvurimai Katchi,1
S.BALASUBRAMANIAN,Independent,1
S.BALU,Dravida Munnetra Kazhagam,1
S.BALUSAMY,Puthiya Tamilagam,1
S. BENJAMIN MOSES,Independent,1
S.BOOPATHI,Independent,1
S. CHARLES,Bahujan Samaj Party,1
S.DELHI BABU,Independent,1
S. DHANA RAJ,Independent,1
S.DHARMARAJ,Tamilaga Makkal Nala Katchi,1
S.DHAYALAN,Thamizhaga Munnetra Congress,1
SDK SANKAR,Aanaithinthiya Jananayaka Pathukappu Kazhagam,1
S. DURAIRAJ,Independent,1
S. DURAIRAJ,Dravida Munnetra Kazhagam,1
SEELAN,Naam Tamilar Katchi,1
SEEMAN,Naam Tamilar Katchi,1
SEENIVASAN. L,Independent,1
SEENIVASAN. P,Independent,1
SEENIVASAN. S,Independent,1
SEENIVASA SETHUPATHY. R,Tamilaga Vettri Kazhagam,1
SEETHA LAKSHMI. D,Independent,1
SEETHALAKSHMI.M.K,Naam Tamilar Katchi,1
SEETHA.R,Independent,1
SEETHA SIVANANDAM. P,Naam Tamilar Katchi,1
SEKAR C,Independent,1
SEKAR.C,Independent,1
SEKAR C V,All India Anna Dravida Munnetra Kazhagam,1
SEKAR. K,Bahujan Samaj Party,1
SEKAR. N,All India Youth Development Party,1
SEKAR NAYAKAR I M,All India Puratchi Thalaivar Makkal Munnettra Kazhagam,1
SEKAR S,All India Anna Dravida Munnetra Kazhagam,1
SEKAR V,Independent,1
SELLAMMAL. V.M.,Bahujan Samaj Party,1
SELLUR K RAJU,All India Anna Dravida Munnetra Kazhagam,1
SELVABHARATHI. R.,Tamilaga Vettri Kazhagam,1
SELVADHAYANITHI. M,Independent,1
SELVAKANNAN. L.,Independent,1
SELVAKOTTI. E,Veerath Thiyagi Viswanathadoss Thozhilalarkal Katchi,1
SELVAKUMAR. A,Independent,1
SELVAKUMAR K,Dravida Munnetra Kazhagam,1
SELVAKUMAR. K,All India Anna Dravida Munnetra Kazhagam,1
SELVAKUMAR.R,Independent,1
SELVAKUMAR S,Independent,1
SELVAKUMAR SINGH,Bahujan Dravida Party,1
SELVAM ( ALIAS ) HARINARAYANAN,Independent,1
SELVAM ( ALIAS ) VENKATESH,Independent,1
SELVAM. D,Tamilaga Vettri Kazhagam,1
SELVAM .G,Independent,1
SELVAM K,Naam Tamilar Katchi,1
SELVAM K,Veerath Thiyagi Viswanathadoss Thozhilalarkal Katchi,1
SELVAM. K,Independent,1
SELVAM. K,Tamilaga Vettri Kazhagam,1
SELVAM P,Tamilaga Vettri Kazhagam,1
SELVAM.P B.A. B.L.,Republican Party of India (A),1
SELVAM.R,Independent,1
SELVAMURUGAN.P,Independent,1
SELVAMUTHU. S,Independent,1
SELVAM. V.,Pattali Makkal Katchi,1
SELVAM. V.,Independent,1
SELVA.NANMAARAN,Naam Tamilar Katchi,1
SELVAN.T,Independent,1
SELVARAJ,Independent,1
SELVARAJ. A,Puthiya Tamilagam,1
SELVARAJ .C,Independent,1
SELVARAJ M,Independent,1
SELVARAJ. M,Independent,1
SELVARAJ.M,Independent,1
SELVARAJ P,Independent,1
SELVARAJ R.,Independent,1
SELVARAJU. M,Independent,1
SELVARAJ. V,Independent,1
SELVARANI. S,Independent,1
SELVARASU S,Anna Puratchi Thalaivar Amma Dravida Munnetra Kazhagam,1
SELVI.A,Independent,1
SELVI STEFFI. V. M,Independent,1
SEMMALAI T,Independent,1
S.EMMANUVEL,Independent,1
SENBAGAKUMAR. L,Independent,1
SENDHIL KUMAR.G,All India Anna Dravida Munnetra Kazhagam,1
SENDRAYAN. G.,Independent,1
SENGOTTAIYAN.K.A,Tamilaga Vettri Kazhagam,1
SENKODI VIJAYALAKSHMI,Independent,1
SENTHAMILSELVAN M,Naadaalum Makkal Katchi,1
SENTHAMILSELVI S,Independent,1
SENTHAMIZHAN. G,Amma Makkal Munnettra Kazagam,1
SENTHIKUMAR V N,Independent,1
SENTHILKUMAR. G,Independent,1
SENTHILKUMAR. G.,Independent,1
SENTHILKUMAR. I.P,Dravida Munnetra Kazhagam,1
SENTHILKUMAR. K,Independent,1
SENTHILKUMAR. K,Tamilaga Vettri Kazhagam,1
SENTHIL KUMAR. N,Tamilaga Vettri Kazhagam,1
SENTHILKUMAR N,Independent,1
SENTHILKUMAR.R,Tamil Nadu Ilangyar Katchi,1
SENTHILKUMAR. R.S.,Tamizhaga Vaazhvurimai Katchi,1
SENTHILKUMAR. S,Anna Puratchi Thalaivar Amma Dravida Munnetra Kazhagam,1
SENTHILKUMAR. S,Independent,1
SENTHILNATHAN .B,Independent,1
SENTHILNATHAN PR,All India Anna Dravida Munnetra Kazhagam,1
SENTHIL P,Independent,1
SENTHIL PANDIAN. P,Tamilaga Vettri Kazhagam,1
SENTHIL. P.M,Independent,1
SENTHILSELVAN.R,Dravida Munnetra Kazhagam,1
SETHU. P,Independent,1
SETHUPATHY. S,All India Anna Dravida Munnetra Kazhagam,1
SETHURAMALINGAM.S,Independent,1
SETHURAMAN. A.,Puthiya Tamilagam,1
SETHURAMA SASTHRI. G,Independent,1
SETTU C,Tamizhaga Vaazhvurimai Katchi,1
SETTUMUTHU. V,Bahujan Samaj Party,1
SEVVANTHA G K,Anna Makkal Katchi,1
SEZHIYAN K,Independent,1
S GANESH,Independent,1
S.GIRIDHARA PRASAD,Party for the Rights of Other backward Classes,1
S. GNANASEKARAN,Independent,1
S.GOKULA INDIRA,All India Anna Dravida Munnetra Kazhagam,1
S.GOPALAKRISHNAN,Naam Tamilar Katchi,1
S.GOVINDHAN,Independent,1
SHAHIN FATHIMA. A,Tamizhaga Vaazhvurimai Katchi,1
SHAHUL HAMEED,Tamilaga Vettri Kazhagam,1
SHAHUL HAMEED,Independent,1
SHAHUL HAMEED . N,Independent,1
SHAIK ABDUL KADER. P.S.J,Independent,1
SHAILAJA,Tamizhaga Vaazhvurimai Katchi,1
SHAJAGAN. A,Independent,1
SHAJAHAN,Independent,1
SHAJAHAN.S,Tamizhaga Vaazhvurimai Katchi,1
SHANGAMITHTHIRAN. A,Independent,1
SHANKARGANESAN.S,Independent,1
SHANKAR.V,Independent,1
SHANMUGACHANDRA VELAVAN. C.C,Independent,1
SHANMUGA D,Independent,1
SHANMUGAM,Independent,1
SHANMUGAM. A,Dravida Munnetra Kazhagam,1
SHANMUGAM.A,Thamizhaka Padaippalar Makkal Katchi,1
SHANMUGAM C VE,All India Anna Dravida Munnetra Kazhagam,1
SHANMUGAM.G,Independent,1
SHANMUGAM M.,Independent,1
SHANMUGAM. M,Independent,1
SHANMUGAM P,Independent,1
SHANMUGAM.P,Independent,1
SHANMUGAM R,Independent,1
SHANMUGAM. V.T,Independent,1
SHANMUGANATHAN. S. P,All India Anna Dravida Munnetra Kazhagam,1
SHANMUGAPRIYA.M,Naam Tamilar Katchi,1
SHANMUGARAJA. D,Independent,1
SHANMUGAVELU. A,Veerath Thiyagi Viswanathadoss Thozhilalarkal Katchi,1
SHAN. RAMANATHAN,Dravida Munnetra Kazhagam,1
SHANTHALAKSHMI. K.,Naam Tamilar Katchi,1
SHANTHI. B,Independent,1
SHANTHOSH KRISHNAN. S,Tamizhaga Vaazhvurimai Katchi,1
SHARAVANAN A K,Tamizhaga Vaazhvurimai Katchi,1
SHASHI KIRAN .K .N,Independent,1
SHEIK BAREETH.B,Tamizhaga Vaazhvurimai Katchi,1
SHEIK DAVOOD.A.M,Independent,1
SHETTU.S,Independent,1
SHIBU AMOSE,Independent,1
SHIYAMALA. M,Independent,1
SHUNMUGASUNDARAM. S,Naam Tamilar Katchi,1
SIDHARTHAN.S,Desiya Makkal Sakthi Katchi,1
SILAMBARASAN,Naam Tamilar Katchi,1
SILAMBARASAN. C,Independent,1
SILAMBARASAN J,Independent,1
SILAMBARASAN. P,Independent,1
S.ILAYARAJA,Independent,1
S.IMRANKHAN,Independent,1
SINGARAVELAN VISWANATHAN,Vishwa Tamil Kazhagam,1
S. INIGO IRUDAYARAJ,Dravida Munnetra Kazhagam,1
SINORA P S ASHOK,Tamilaga Vettri Kazhagam,1
SINTHANAI SELVAN,Viduthalai Chiruthaigal Katchi,1
S.IRUTHYARAJ,Tamizhaga Vaazhvurimai Katchi,1
SIVABALAN.M,Dravida Munnetra Kazhagam,1
SIVAGAMI. G.,Tamilar Makkal Katchi,1
SIVAGNANASAM,Desiya Makkal Sakthi Katchi,1
SIVAJI PERUMAL,Bahujan Samaj Party,1
SIVAJOTHI .M,Naam Tamilar Katchi,1
SIVAKUMAR A,Independent,1
SIVAKUMAR. A,Independent,1
SIVAKUMAR.A,Desiya Makkal Sakthi Katchi,1
SIVAKUMAR C,Pattali Makkal Katchi,1
SIVAKUMAR M,Tamilaga Vettri Kazhagam,1
SIVAKUMAR. N,Independent,1
SIVAKUMAR R,Independent,1
SIVAKUMAR S,Independent,1
SIVAKUMAR.S,Bahujan Samaj Party,1
SIVAKUMAR.S,Independent,1
SIVAKUMAR. T,Bharatiya Janata Party,1
SIVAKUMAR. V,Independent,1
SIVAKUMAR.V,Tamil Telugu National Party,1
SIVAKUMAR V C,Bahujan Samaj Party,1
SIVALINGAM ASHOK,Independent,1
SIVALINGAM.C,Naam Indiar Party,1
SIVALINGAM. T,Independent,1
SIVAM. R.,Independent,1
SIVAN. A.,Independent,1
SIVAN.C,Independent,1
SIVAN. M.,Tamilaga Vettri Kazhagam,1
SIVAPERUMAL V,Independent,1
SIVAPRAKASAM.V,Bahujan Samaj Party,1
SIVAPRAKASAM.V,Independent,1
SIVARAJ,Independent,1
SIVARAJR.,Anna Puratchi Thalaivar Amma Dravida Munnetra Kazhagam,1
SIVARAMAN.C,Independent,1
SIVARAMAN.S,Veerath Thiyagi Viswanathadoss Thozhilalarkal Katchi,1
SIVARAMAN. T,Tamizhaga Vaazhvurimai Katchi,1
SIVA S,Independent,1
SIVASAKTHI. M,Naam Tamilar Katchi,1
SIVASANKARAN.K,Independent,1
SIVASANKARAN. P,Independent,1
SIVASANKAR. S.S,Dravida Munnetra Kazhagam,1
SIVA.V.MEYYANATHAN,Dravida Munnetra Kazhagam,1
S. JANARTHANAN,Independent,1
S JAYAKALPANA,Republican Party of India (Athawale),1
S.JAYAPRAKASH,Independent,1
S JAYAVEL,Independent,1
S. JEYARAM,Independent,1
S. JOSEPH,Independent,1
S. KARIKALA CHOLAN,Independent,1
S. KARTHIGAISELVAN,Bahujan Samaj Party,1
S. KARTHIK,Independent,1
S.KARTHIK,Independent,1
S.KARUNAKARAN,All India Anna Dravida Munnetra Kazhagam,1
S.KAVITHA,Independent,1
S.KIRTHIKA,Bharatiya Janata Party,1
S  KOWSALYA,Naam Tamilar Katchi,1
S.LAKSHMANATHAN,Independent,1
S.MADHAN KUMAR,Independent,1
S. MADHAVAN,Independent,1
S MALAIYANDI,Akila Inthiya Makkal Marumalarchi Kazhakam,1
S. MALATHI,Veerath Thiyagi Viswanathadoss Thozhilalarkal Katchi,1
S.MANOGARAN,Kamarajar Deseeya Congress,1
S. MARIAPPAN,Bahujan Samaj Party,1
S.MARIYAPPAN,Independent,1
S. MEENAKSHI SUNDARAM,Tamizhaga Murpokku Makkal Katchi,1
S. MESHAK,Independent,1
S. MICHAEL,Independent,1
S.M.IRSHAD,Tamizhaga Vaazhvurimai Katchi,1
S.M. MUTHU KESAVAN,Naam Tamilar Katchi,1
S.M.NASAR,Dravida Munnetra Kazhagam,1
S.M.SUKUMAR,All India Anna Dravida Munnetra Kazhagam,1
SMT.KAVITHA KALYANASUNDARAM,Dravida Munnetra Kazhagam,1
S.MUNISAMY,Anti Corruption Dynamic Party,1
S. MURALI,Aanaithinthiya Jananayaka Pathukappu Kazhagam,1
S. MURUGABOOPATHY,Communist Party of India (Marxist-Leninist) (Liberation),1
S. MURUGANANTHAM,Independent,1
S. MUTHUSAMY,Dravida Munnetra Kazhagam,1
S .MUTHUSELVAM,Independent,1
S. MUTHUSELVAN,Independent,1
S. MUTHUVEL,Bahujan Dravida Party,1
S. NATARAJAN,Independent,1
S. NIYAZ AHAMED,Tamizhaga Vaazhvurimai Katchi,1
SOFIA. S,Naam Tamilar Katchi,1
SOLOMON  J.R,Independent,1
SONIAGANDHI,All India Puratchi Thalaivar Makkal Munnettra Kazhagam,1
SOUNDARA PANDIAN LUDER SETH,Naam Tamilar Katchi,1
SOUNDARARAJAN. N,Naam Indiar Party,1
SOUNDARA RAJAN. R,Independent,1
SOUNDARYAN. K,Independent,1
SOUNDRAPANDIAN. S,Ganasangam Party of India,1
SOWMIYA ANBUMANI,Pattali Makkal Katchi,1
SOWMIYA. R,Independent,1
S.PALANISWAMY,Independent,1
S.PANDI,All India Anna Dravida Munnetra Kazhagam,1
S. PANNEER SELVAM,Independent,1
S. PARTHIBAN,Independent,1
S.PARTHIBAN,Democratic National Allegiance,1
S. PICHAMUTHU,Independent,1
SP MAHENDRAN,Independent,1
S.PRABAKARAN,Tamilaga Vettri Kazhagam,1
S.PREM,Independent,1
S.P.SHANMUGAM,Aanaithinthiya Jananayaka Pathukappu Kazhagam,1
S.PUNNIYAKOTTI,Tamizhaga Vaazhvurimai Katchi,1
S.PUSHNA KUMAR,Bahujan Samaj Party,1
S.P.VELUMANI,All India Anna Dravida Munnetra Kazhagam,1
S.RAHAMATHULLA,Tamizhaga Vaazhvurimai Katchi,1
S.RAJAGOPAL,Tamilaga Vettri Kazhagam,1
S.RAJAMOHAN,Independent,1
S. RAJESH KUMAR,Independent,1
S.RAJKAMAL,Independent,1
S. RAJU,Independent,1
S. RAMAN,Independent,1
S. RAMASAMY,All India Puratchi Thalaivar Makkal Munnettra Kazhagam,1
S. RAMESH,Independent,1
S. RANGARAJ,Independent,1
S. RAVI,All India Anna Dravida Munnetra Kazhagam,1
SREENIVASAN. C,All India Anna Dravida Munnetra Kazhagam,1
SRI BALAJI SUGUMAR. S,All India Anna Dravida Munnetra Kazhagam,1
SRIDEVI MOHAN P S,All India Anna Dravida Munnetra Kazhagam,1
SRIDHAR G,Independent,1
SRIDHAR. M,Independent,1
SRIKANTH M.V.,Naam Indiar Party,1
SRIKANTHU. S,Bahujan Samaj Party,1
SRIKRISHNAKUMAR.K,Thamizhaka Padaippalar Makkal Katchi,1
SRINATH,Independent,1
SRINATH,Tamilaga Vettri Kazhagam,1
SRINIVASAN.A,Independent,1
SRINIVASAN. K,Aanaithinthiya Jananayaka Pathukappu Kazhagam,1
SRINIVASAN.K,Independent,1
SRINIVASAN.M,Independent,1
SRINIVASAN.P.S,Dravida Munnetra Kazhagam,1
SRINIVASAN.R,Independent,1
SRINIVASAN V,Independent,1
SRINIVASH,Independent,1
SRISABARINATHAN,Independent,1
SRIVIDYA. G,Naam Tamilar Katchi,1
S R K APPU,All India Anna Dravida Munnetra Kazhagam,1
SRMT SEKAR (A) CHANDRASEKAR R,All India Anna Dravida Munnetra Kazhagam,1
S.ROYAPPAN,Tamizhaga Vaazhvurimai Katchi,1
S. SAMPATHKUMAR,Independent,1
S.SARASU,Naam Tamilar Katchi,1
S. SARAVANAN,Bahujan Samaj Party,1
S.SARAVANAN,All India Anna Dravida Munnetra Kazhagam,1
S.SARAVANAN,Independent,1
S. SASIKUMAR,Independent,1
S.SATHEESH,Independent,1
S SATHISH KUMAR,Independent,1
S.SATHIYARAJ,Independent,1
S. SEENUVASAN,Tamilaga Vettri Kazhagam,1
S. SELVAM,Naam Tamilar Katchi,1
S.SELVAM (A) CHELLA,Tamizhaga Vaazhvurimai Katchi,1
S.SELVA MOHANDAS PANDIAN,All India Anna Dravida Munnetra Kazhagam,1
S.SELVAMOORTHY,Independent,1
S. SELVARAJ,Independent,1
S. SENTHAMIZHAN,Independent,1
S. SENTHILKUMAR,Samaniya Makkal Nala Katchi,1
S. SENTHILKUMAR,Independent,1
S.SENTHILKUMAR,Independent,1
S.SENTHILKUMAR,Vanchit Bahujan Aaghadi,1
S.SENTHILNATHAN,Dravida Munnetra Kazhagam,1
S.SHANKAR,Naam Tamilar Katchi,1
S SHANMUGAVEL,Independent,1
S. SHARAN,Independent,1
S. SHUNMUGA SUNDARAM,Naam Indiar Party,1
S.SIVAKUMAR,Independent,1
S.SOUNDARYA,Naam Tamilar Katchi,1
S.S.SUNDHARAM,Rashtriya Samaj Dal (R),1
S.SUDHARSANAM,Dravida Munnetra Kazhagam,1
S.SUNDARAMOORTHY PANDIYAR,Independent,1
S SURESH KASINI VENTHAN,All India Forward Bloc,1
S. SURESHKUMAR,Makkalatchi Katchi,1
STALIN D,Aanaithinthiya Jananayaka Pathukappu Kazhagam,1
STALIN MA KA,Independent,1
STALIN R,Independent,1
STALIN.R,Naam Tamilar Katchi,1
STALIN V,Bahujan Samaj Party,1
S.TAMILCHELVI,Naam Tamilar Katchi,1
STEPHENRAJ. L,Independent,1
S.THAMARAI KANNAN,Party for the Rights of Other backward Classes,1
S.THANDAVAMOORTHY,Naam Tamilar Katchi,1
S.THANGADURAI,Naam Indiar Party,1
S. THANGAPALAM,Independent,1
S. THIRUKKUMARAN,Naam Tamilar Katchi,1
S.THIRUMALAI KUMAR,Puthiya Tamilagam,1
S.THIRUMURUGAN,Naam Tamilar Katchi,1
S. THIYAGARAJAN,Tamilaga Vettri Kazhagam,1
STUDENTS FRIEND MURUGAN. M,Independent,1
SUBAKARAN.A,Independent,1
SUBARAMANIAN.N,Independent,1
SUBASHINI,Bahujan Samaj Party,1
SUBASH MALAYALAM. T,Independent,1
SUBASH.R,Naam Tamilar Katchi,1
SUBBAIAH. R,Independent,1
SUBBIAH.A,Puthiya Tamilagam,1
SUBBULAKSHMI. R,Independent,1
SUBBULAKSHMI. S,Naam Indiar Party,1
SUBBURAJ K,Independent,1
SUBHA. A,Independent,1
SUBHA CHANDRASEKARAN A,Naam Tamilar Katchi,1
SUBRAMANIAN. E.,Independent,1
SUBRAMANIAN. M,Puthiya Makkal Tamil Desam Katchi,1
SUBRAMANIAN. MA,Dravida Munnetra Kazhagam,1
SUBRAMANIAN.P,Independent,1
SUBRAMANIAN. R,Independent,1
SUBRAMANIAN.S,Dravida Munnetra Kazhagam,1
SUBRAMANI.C.K,Independent,1
SUBRAMANI K,Independent,1
SUBRAMANI. P,Independent,1
SUBRAMANI.P,Bahujan Samaj Party,1
SUBRAMANIYAM L R,Independent,1
SUDALAIMANI. A,Nam Naadu Nam Makkal Nam Ethirkaalam Katchi,1
SUDANDIRADOSS.M,Independent,1
SUDAROLI S.MURUGAN YADHAV B.COM,Independent,1
SUDARSANAM,Independent,1
SUDHAGAR.R,Independent,1
SUDHAKAR.K,Tamizhaga Vaazhvurimai Katchi,1
SUDHAKAR M,Tamizhaga Vaazhvurimai Katchi,1
SUDHAKAR M,Tamilaga Vettri Kazhagam,1
SUDHAKAR.V,All India Anna Dravida Munnetra Kazhagam,1
SUDHA M,Bahujan Samaj Party,1
SUDHARSAN K,Independent,1
SUDHA. S,Independent,1
SUGANTHI,Naam Tamilar Katchi,1
SUGANYA. J,Naam Tamilar Katchi,1
SUGANYA. S,Bahujan Samaj Party,1
SUJATHA. V,Tamilaga Vettri Kazhagam,1
SUKUMAR .S,Thamizhaka Padaippalar Makkal Katchi,1
SUMAN. M,Aanaithinthiya Jananayaka Pathukappu Kazhagam,1
SUMAN SINGH.R.,Tamizhaga Vaazhvurimai Katchi,1
SUMATHI.G,Independent,1
SUMATHI. P,Independent,1
SUMATHI . S,Naam Tamilar Katchi,1
SUNDAR . A,Independent,1
SUNDARAJAN.S,Independent,1
SUNDARAMAHALINGAM. A,Independent,1
SUNDARAMMAL,Makkal Arasial Katchi,1
SUNDARAMOORTHI. S,Independent,1
SUNDARAMOORTHY. M.,Independent,1
SUNDARAM. R,Independent,1
SUNDARAPANDIYARAJA,Independent,1
SUNDARARAJ. L,Communist Party of India (Marxist),1
SUNDARA RAJU.A,Independent,1
SUNDAR  C,All India Anna Dravida Munnetra Kazhagam,1
SUNDAR G,Thamizh Desiya Munnetra Kazhagam,1
SUNDAR.K,Dravida Munnetra Kazhagam,1
SUNILANAND,Tamilaga Vettri Kazhagam,1
SURENDAR. R,Tamizhaga Vaazhvurimai Katchi,1
SURENTHAR. K,Puthiya Tamilagam,1
SURESH. B,Independent,1
SURESHBABU.T.M,Tamil Telugu National Party,1
SURESH C V,Independent,1
SURESH. G,Tamilaga Vettri Kazhagam,1
SURESH K,Bahujan Samaj Party,1
SURESH K,Independent,1
SURESHKANNAN P,Ganasangam Party of India,1
SURESHKUMAR. K,Independent,1
SURESH KUMAR.R,Naam Tamilar Katchi,1
SURESH KUMAR S,Indhia Kudiarasu Katchi,1
SURESHKUMAR. S,Aanaithinthiya Jananayaka Pathukappu Kazhagam,1
SURESHKUMAR. S,Naam Indiar Party,1
SURESH. L,All India Puratchi Thalaivar Makkal Munnettra Kazhagam,1
SURESH M R,Independent,1
SURESH P,Tamilaga Vettri Kazhagam,1
SURESH. S,Tamizhaga Vaazhvurimai Katchi,1
SURIYAKUMAR. J,Independent,1
SURIYAKUMAR.K,Independent,1
SURIYANUR. A. CHANDRAN,Dravida Munnetra Kazhagam,1
SURYA PRAKASH K.P,Indian National Congress,1
SURYAPRAKASH.R,Independent,1
SURYAPRAKASH.S,Independent,1
SURYA. Y,Republican Party of India (Athawale),1
SUYAMBULINGAM A,Independent,1
SUYAMBULINGAM P,Independent,1
S.VANMEGANADHAN,Independent,1
S VEERABATHRAN,Independent,1
S.VELU,All India Anna Dravida Munnetra Kazhagam,1
S.VENKATESHWARAN,Anti Corruption Dynamic Party,1
S. VETRI THAMIZHAN,Naam Tamilar Katchi,1
S.VETRI VEL,Independent,1
S. VIJAYAKUMAR,Anna Puratchi Thalaivar Amma Dravida Munnetra Kazhagam,1
S.VIJAYAKUMAR,Tamilaga Vettri Kazhagam,1
S VINESH KUMAR,Independent,1
S. VINOTH KUMAR,Independent,1
S. VISHNU VARTHAN,Independent,1
SWATHILAKSHMI SEKAR,Naam Tamilar Katchi,1
SYEDALI. A,Our Mahathma National Party,1
SYED BHURHANUDEEN,Tamilaga Vettri Kazhagam,1
SYED FAROOQ BASHA SSB,Indian Union Muslim League,1
SYED IBRAHIM. M.,Tamizhaga Vaazhvurimai Katchi,1
SYED MUKRAM. R. N,Tamizhaga Vaazhvurimai Katchi,1
SYED SULTHAN SAMSUDEEN,All India Anna Dravida Munnetra Kazhagam,1
SYEED LAYAK BHASHA,Independent,1
S.Y. SYED YUSUF,Republican Party of India (Athawale),1
TAMILAN PRASANNA,Dravida Munnetra Kazhagam,1
TAMILARASAN. D,Independent,1
TAMILARASAN. M,Independent,1
TAMILARASAN. M.,Independent,1
TAMILARASAN. T,Independent,1
TAMILARASI.A,Dravida Munnetra Kazhagam,1
TAMILAZHAGAN M,Independent,1
TAMILMANI,Independent,1
TAMILMANNAN. D,Samaniya Makkal Nala Katchi,1
TAMILRAJ. K,Independent,1
TAMILSELVAM R,Tamizhaga Vaazhvurimai Katchi,1
TAMILSELVAN,Independent,1
TAMILSELVAN C,Independent,1
TAMILSELVAN D,Independent,1
TAMILSELVAN. M,Puthiya Tamilagam,1
TAMILSELVAN. M,Naam Tamilar Katchi,1
TAMILSELVI,Puthiya Tamilagam,1
TAMILSELVI. S.,Independent,1
TAMILVENTHAN.R,Independent,1
T.AMIRTHA KANTHAN,Naam Indiar Party,1
T.AMIRTHALINGAM,Independent,1
TAMIZHARASAN M,Independent,1
T.ARULMURUGAN,Independent,1
T.A.UMAR,Tamizhaga Vaazhvurimai Katchi,1
T.DHIVAKARAN,Independent,1
T. GANGAI ULAGANATHAN,Independent,1
T.GOVINDAN,Independent,1
THAARIKHA SALMAN,Naam Tamilar Katchi,1
THACHAI GANESARAJA,All India Anna Dravida Munnetra Kazhagam,1
THAHIRA,Tamilaga Vettri Kazhagam,1
THAHIR HUSSAIN,Independent,1
THALABATHI MURUGAN. M.,Independent,1
THALAPATHY MURUGESAN,Dravida Munnetra Kazhagam,1
THALAVAI SUNDARAM. N,All India Anna Dravida Munnetra Kazhagam,1
THAMARAI SELVI. S,Tamizhaga Vaazhvurimai Katchi,1
THAMBIRAJ.E,Naam Indiar Party,1
THAMILALAGAN. A,Independent,1
THAMIMUN ANSARI. M,Dravida Munnetra Kazhagam,1
THAMIZH,Naam Tamilar Katchi,1
THAMIZHSELVAN. R,All India Anna Dravida Munnetra Kazhagam,1
THAMIZHVENGAI KA,Desiya Makkal Sakthi Katchi,1
THANAPANDIAN. T.,All India Puratchi Thalaivar Makkal Munnettra Kazhagam,1
THANASEKAR. R,Independent,1
THANGADURAI. N,Independent,1
THANGA DURAI. P,Puthiya Makkal Tamil Desam Katchi,1
THANGAMANI S,Independent,1
THANGA MARIAPPAN. J,Independent,1
THANGAM THENARASU,Dravida Munnetra Kazhagam,1
THANGAPANDIAN. S,Dravida Munnetra Kazhagam,1
THANGAPANDI. B,Independent,1
THANGAPANDI.P,Tamizhaga Vaazhvurimai Katchi,1
THANGAPANDI SR,Tamilaga Vettri Kazhagam,1
THANGARAJ P,Independent,1
THANGARAJ. S,Bharatiya Janata Party,1
THANGARASU M,Independent,1
THANGARASU N,Independent,1
THANGA. SHANMUGA SUNDARAM,Naadaalum Makkal Katchi,1
THANGAVEL. K,Independent,1
THANGAVELRAJ. S,Independent,1
THANIGAIMALAI R,Anti Corruption Dynamic Party,1
THANIKASALAM. B,Independent,1
THANITHANGAM,Independent,1
THANKA.KATHIRAVAN,All India Anna Dravida Munnetra Kazhagam,1
THANNASIAPPAN. P,Independent,1
THANUNEELAN . S,Independent,1
THARAHAI CUTHBERT,Indian National Congress,1
THARMA PRABU V S,Independent,1
THARUN. A.K,Dravida Munnetra Kazhagam,1
THASTHAKEER I,Independent,1
THAVAMANI. C.,Tamizhaga Vaazhvurimai Katchi,1
THENMOZHI DILIPKUMAR,Naam Tamilar Katchi,1
THENMOZHI. R,Naam Tamilar Katchi,1
THENMOZHI.S,All India Anna Dravida Munnetra Kazhagam,1
THENNARASU.K,Tamilaga Vettri Kazhagam,1
THENNARASU P,Independent,1
THENRAL KUMAR. E,Tamilaga Vettri Kazhagam,1
THIAGARAJAN. O. V,Independent,1
THILAGARAJ.K,All India Puratchi Thalaivar Makkal Munnettra Kazhagam,1
THILAGARAJ.N,Independent,1
THILAGAVATHI. S,Tamilaga Vettri Kazhagam,1
THIMOTHY. T,Independent,1
THIRUGNANAM. K,Independent,1
THIRUGNANAM. M,Independent,1
THIRUKKUMARAN P,Makkal Munnetra Katchi,1
THIRUMALAISAMY. B,Independent,1
THIRUMALVALAVAN.T,Tamizhaga Vaazhvurimai Katchi,1
THIRUMARAN. K.C,Bharatiya Janata Party,1
THIRUMOORTHY. A,Independent,1
THIRUMURUGAN. A,Independent,1
THIRUMURUGAN. K,Independent,1
THIRUMURUGAN. P.,Naadaalum Makkal Katchi,1
THIRUPATHI. C,Independent,1
THIRUPATHI. M.,Independent,1
THIRUPATHI. N,Independent,1
THIRUPATHI. S,Independent,1
THIRUVENDRAN. V,Independent,1
THIRUVENGATESH.M,Tamizhaga Vaazhvurimai Katchi,1
THIVASKAR. B,Independent,1
THIYAGARAJAN .M,Puthiya Tamilagam,1
THIYAGARAJAN. M,Independent,1
THIYAGARAJAN.M,Independent,1
THIYAGARAJAN R,Samaniya Makkal Nala Katchi,1
THOPPU VENKATACHALAM (ALIAS) N.D. VENKATACHALAM,Dravida Munnetra Kazhagam,1
THOZHAR.N.ARUNKUMAR,Tamizhaga Vaazhvurimai Katchi,1
THULASIMANI. P,Independent,1
THULASI SUDALAI,Puthiya Makkal Tamil Desam Katchi,1
T.J.GOVINDARAJAN,Dravida Munnetra Kazhagam,1
T  KANNAN,Tamizhaga Vaazhvurimai Katchi,1
T.KATHIRAVAN,Independent,1
T. KAVIYARASU,Independent,1
T.KRISHNASWAMY,Anna Puratchi Thalaivar Amma Dravida Munnetra Kazhagam,1
T. LINGADURAI,Independent,1
T. MAGIZHAN,Independent,1
T. MAGIZHANBAN,All India Puratchi Thalaivar Makkal Munnettra Kazhagam,1
T. MAHESHKUMAR,Bahujan Samaj Party,1
T.M.ANBARASAN,Dravida Munnetra Kazhagam,1
T  MARIKUMAR,Independent,1
T.M.PURATCHI MANI,Bahujan Samaj Party,1
T M  TAMILSELVAM,All India Anna Dravida Munnetra Kazhagam,1
T. MURALIDHARAN,Independent,1
T.MURUGANANTHAM,Independent,1
T. MURUGESAN,Independent,1
T.NATARAJ,Independent,1
T. NITHYANANTHAM,Independent,1
T. PARIVALLAL,Dravida Munnetra Kazhagam,1
T.POOVARASAN,Bahujan Samaj Party,1
T. PREM BALAJI,Independent,1
T. RAJAMANICKAM,Puthiya Tamilagam,1
T.RAJENDRAN,Independent,1
T. RAJESH,Independent,1
T. RAJKUMAR,Independent,1
T.R.SHANMUGASUNDARAM,Independent,1
T. SANKAR,Independent,1
T.SELVARAJ,Independent,1
T S HABEEB MOHAMMAD,Independent,1
T.THIRUMARAN,Independent,1
T. VIJAYAKUMAR,Independent,1
T VIJAYARAJ,Independent,1
U ARAVIND,Independent,1
UDAIYAPPAN. M,Independent,1
UDHAYAKUMAR. M,Tamilaga Vettri Kazhagam,1
UDHAYAKUMAR. N,Independent,1
UDHAYAKUMAR R,All India Puratchi Thalaivar Makkal Munnettra Kazhagam,1
UDHAYAKUMAR.R.B,All India Anna Dravida Munnetra Kazhagam,1
UDHAYANIDHI STALIN,Dravida Munnetra Kazhagam,1
UDHAYASURIYAN T,Dravida Munnetra Kazhagam,1
UDHAYASURIYAN. T,Independent,1
UDHUMAN ALI. M.S,Independent,1
UKKRA PANDIAN. S.,Independent,1
UMADEVI. A,Naam Tamilar Katchi,1
UMADEVI. P,Naam Tamilar Katchi,1
UMADEVI. S,All India Puratchi Thalaivar Makkal Munnettra Kazhagam,1
UMA PARAMASIVAM,Independent,1
UMAR ALI D.,Independent,1
UMAR ALI. R,Independent,1
UNIESH RAJ. M,Independent,1
USHARANI. P,All India Anna Dravida Munnetra Kazhagam,1
U.UTHAYAKUMAR,Independent,1
UVARANI SURESH,Naam Tamilar Katchi,1
U.VIJAYA KUMAR,Independent,1
VADIVEL K,Independent,1
VADIVEL RAVANAN. S,Pattali Makkal Katchi,1
VAIDESSWARA PRASAD. N,Independent,1
VAIKUNDAMANI. N,Tamizhaga Vaazhvurimai Katchi,1
VAIRAM PILLAI S,Independent,1
VAIRAMUTHU D.,Independent,1
VAIRAMUTHU.PK,All India Anna Dravida Munnetra Kazhagam,1
VAITHILINGAM G.,Pattali Makkal Katchi,1
VALARMATHI.B,All India Anna Dravida Munnetra Kazhagam,1
VALARMATHI.E,Independent,1
VALARMATHI. P,Independent,1
VALARMATHI. P,Samaniya Makkal Nala Katchi,1
VALARMATHY.D,Independent,1
VALLABADAS.E,Tamizhaga Vaazhvurimai Katchi,1
VALLARASAN. K.,Independent,1
VALLIMAYIL P,Communist Party of India (Marxist-Leninist) Red Star,1
V.ANANDKUMAR,Independent,1
VANATHI SRINIVASAN,Bharatiya Janata Party,1
V.ANBARASAN,Independent,1
VANITHA. K.M,Independent,1
VANJINATHAN. C,Tamizhaga Vaazhvurimai Katchi,1
VANNI ARASU,Viduthalai Chiruthaigal Katchi,1
VARATHARAJAN.A,Naam Indiar Party,1
VARATHARAJAN. S.P,Independent,1
VARATHARAJ. G.,Independent,1
VASANTHAKUMAR S,Independent,1
VASANTHAMANI. K,Independent,1
VASANTHAVEL G R,Dravida Munnetra Kazhagam,1
VASANTH FERNANDO. T,Independent,1
VASANTHI,Independent,1
VASANTHI MURUGESAN,All India Puratchi Thalaivar Makkal Munnettra Kazhagam,1
VASANTHI. R,Independent,1
V. A. SUDHAKAR,Independent,1
VAYKKALDURAI. K,Puthiya Tamilagam,1
V.BALAMURUGAN,Independent,1
V. BHAGATH SINGH,Independent,1
V. CHANDRAN,All India Puratchi Thalaivar Makkal Munnettra Kazhagam,1
V.CHINNASAMY,Independent,1
V. DESAPPAN,Samata Party,1
V. DHANALAKSHMI,Tamizhaga Vaazhvurimai Katchi,1
V. DHARMENDIRAN,Independent,1
VEDAPRAKASH. A,Independent,1
VEDHA MUKUNDHAN,Aanaithinthiya Jananayaka Pathukappu Kazhagam,1
VEERABAGHU. M.,Independent,1
VEERAIYA. C,Tamizhaga Vaazhvurimai Katchi,1
VEERAKUMAR. V,Independent,1
VEERAMANI.B,Naam Tamilar Katchi,1
VEERAMANI H,Independent,1
VEERAMANIKANDAN. V,Independent,1
VEERAMANI K.C.,All India Anna Dravida Munnetra Kazhagam,1
VEERAMANI. M,Independent,1
VEERAMANI V,Tamilaga Vettri Kazhagam,1
VEERAN.K,Independent,1
VEERAPANDI.V,Independent,1
VEERAPPAN. M.,Independent,1
VEERAPPA. T,Independent,1
VEERARAJ. R,Independent,1
VEERASAMY. T,Independent,1
VELAYUTHAM. P.,Independent,1
VELLADURAI A,Independent,1
VELLAIPANDI. V,Bahujan Samaj Party,1
VELLAISAMY.P,Ahimsa Socialist Party,1
VELMANIKANDAN. S,Independent,1
VELMURUGAN G,Independent,1
VELMURUGAN. S,Puthiya Tamilagam,1
VELRAJ.K,Independent,1
VELRAJ .S,Tamizhaga Vaazhvurimai Katchi,1
VELU. A,Vada Tamil Nadu Munnetra Katchi,1
VELU. DHA,Dravida Munnetra Kazhagam,1
VELU. E.V,Dravida Munnetra Kazhagam,1
VELU. KARTHIKEYAN,Amma Makkal Munnettra Kazagam,1
VELU.S,Independent,1
VELU. V,Anti Corruption Dynamic Party,1
VENDARKARASAN.S,Tamilaga Vettri Kazhagam,1
VENGATESHSAN. T,Tamizhaga Vaazhvurimai Katchi,1
VENGATESWARAN.B,Independent,1
VENKADASAMY. K,Independent,1
VENKADEASAN. K,Thamizhaka Padaippalar Makkal Katchi,1
VENKATACHALAM. C,Independent,1
VENKATACHALAM. G,Independent,1
VENKATACHALAM. G,All India Anna Dravida Munnetra Kazhagam,1
VENKATACHALAM PARAMASIVAM,Independent,1
VENKATACHALAPATHY. A,Bahujan Samaj Party,1
VENKATAJALAPATHI R.,Independent,1
VENKATARAMANAN. J,Tamizhaga Vaazhvurimai Katchi,1
VENKATARAMANAN. P,Tamilaga Vettri Kazhagam,1
VENKATARAMAN. B,Independent,1
VENKATASALAM. G,Independent,1
VENKATESAN.A,Dravida Munnetra Kazhagam,1
VENKATESAN. D,Independent,1
VENKATESAN G,Independent,1
VENKATESAN. K,Bahujan Samaj Party,1
VENKATESAN. K,Independent,1
VENKATESAN L,Desiya Murpokku Dravida Kazhagam,1
VENKATESAN M,Independent,1
VENKATESAN. P,Independent,1
VENKATESAN. P.S,Independent,1
VENKATESAN. R,All India Anna Dravida Munnetra Kazhagam,1
VENKATESAN. S,Independent,1
VENKATESAN.S,Independent,1
VENKATESAN. V,Anaithindia Samudaya Munnetra Kazhagam,1
VENKATESH (A) DR. V.K. SWAMY,Bharat Jan Chikitsa Party,1
VENKATESH. K,Independent,1
VENKATESH KUMAR. D,Tamilaga Vettri Kazhagam,1
VENKATESH P,Independent,1
VENKATESH. P,Independent,1
VENKATESH PERUMAL. S,Independent,1
VENKATESHRAJA.E,Independent,1
VENKATESH V,Independent,1
VENKATRAMAN J,Naadaalum Makkal Katchi,1
VENNILA.T,Naam Tamilar Katchi,1
VETRISELVI,Naam Tamilar Katchi,1
VETRIVEL K,Independent,1
VETRIVEL KANNA. P,Independent,1
VETRIVEL. M,Aanaithinthiya Jananayaka Pathukappu Kazhagam,1
VETRIVEL. S,All India Anna Dravida Munnetra Kazhagam,1
VETRI VEL SELVAM,Bahujan Samaj Party,1
VEZHAVENTHAN D.,Independent,1
V.GANDHI,Vanchit Bahujan Aaghadi,1
V. GANDHIRAJ,Tamilaga Vettri Kazhagam,1
V. GANESAN,Independent,1
V.GEORGE,Independent,1
V.G. RAAJENDRAN,Dravida Munnetra Kazhagam,1
V.HEMACHANDIRAN,Independent,1
VIBIN CHAKKARAVARTHY,Tamilaga Vettri Kazhagam,1
VIDHYA VEERAPPAN,Naam Tamilar Katchi,1
VIDIYAL S. SEKAR,Bharatiya Janata Party,1
VIDJAIVIKRAM S,Naam Tamilar Katchi,1
VIGIRDHAN,Independent,1
VIGNESH. A,Independent,1
VIGNESH G,Independent,1
VIGNESH K,Tamilaga Vettri Kazhagam,1
VIGNESHKUMAR S,Naam Tamilar Katchi,1
VIGNESH NANDAGOPAL,Independent,1
VIGNESH R,Independent,1
VIGNESH. R,Independent,1
VIGNESH. S,Naam Tamilar Katchi,1
VIGNESHWARAN. D,Independent,1
VIJAIA MOHANAAJI .MA,Vidial Valarchi Perani,1
VIJAI VADIVEL A,Tamilaga Vettri Kazhagam,1
VIJAY,All India Jananayaka Makkal Kazhagam,1
VIJAY .A,All India Puratchi Thalaivar Makkal Munnettra Kazhagam,1
VIJAY. A,Independent,1
VIJAYA BABU,Tamizhaga Vaazhvurimai Katchi,1
VIJAYABASKAR. C,All India Anna Dravida Munnetra Kazhagam,1
VIJAYA BASKAR. R.V,Independent,1
VIJAYA D,Independent,1
VIJAYADHARANI S,Bharatiya Janata Party,1
VIJAYAGANTH K,Independent,1
VIJAYA K,Independent,1
VIJAYA.K,Independent,1
VIJAYA KRISHNA. V,Independent,1
VIJAYAKUMAR,Independent,1
VIJAYAKUMAR A,Independent,1
VIJAYAKUMAR (A) NAVALPATTU S. VIJI,Tamilaga Vettri Kazhagam,1
VIJAYA KUMAR. B,Independent,1
VIJAYAKUMAR C,Independent,1
VIJAYAKUMAR. C,Independent,1
VIJAYAKUMAR  D,Independent,1
VIJAYAKUMAR. G,Aanaithinthiya Jananayaka Pathukappu Kazhagam,1
VIJAYAKUMAR. M,Anna Puratchi Thalaivar Amma Dravida Munnetra Kazhagam,1
VIJAYAKUMAR. M,Independent,1
VIJAYAKUMAR S,Independent,1
VIJAYAKUMAR S,Puthiya Tamilagam,1
VIJAYAKUMAR. S,Independent,1
VIJAYAKUMAR. S,Naadaalum Makkal Katchi,1
VIJAYAKUMAR  S.R,All India Anna Dravida Munnetra Kazhagam,1
VIJAYALAIYAN. J,Tamilaga Vettri Kazhagam,1
VIJAYALAKSHMI. P,Independent,1
VIJAYA M,Independent,1
VIJAYAMOORTHI E,Independent,1
VIJAYAN. K,Independent,1
VIJAYAPANDIYAN.M,Independent,1
VIJAYAPRABHAKAR,Desiya Murpokku Dravida Kazhagam,1
VIJAYARAJ.R,Independent,1
VIJAYASURESHBABU,All India Anna Dravida Munnetra Kazhagam,1
VIJAY.D,Independent,1
VIJAY. G,Independent,1
VIJAY J,Independent,1
VIJAY .K,All India Jananayaka Makkal Kazhagam,1
VIJAY. M,Tamilaga Vettri Kazhagam,1
VIJAY NIRANJAN A,Tamilaga Vettri Kazhagam,1
VIJAY R BARANIBALAAJI,Tamilaga Vettri Kazhagam,1
VIJAY.S,Tamilaga Vettri Kazhagam,1
VIJAY SURYABHALAAJI K R,All India Puratchi Thalaivar Makkal Munnettra Kazhagam,1
VIJAY TAMILAN PARTHIBAN. A,Tamilaga Vettri Kazhagam,1
VIJAY VENKATESH.M,Tamilaga Vettri Kazhagam,1
VIJIYAL,Aanaithinthiya Jananayaka Pathukappu Kazhagam,1
VIKRAMAN N,Desa Makkal Munnetrak Kazhagam,1
VILKRISHNAN. R.,Independent,1
VILWANATHAN. A.C.,Dravida Munnetra Kazhagam,1
VIMALA.A,Bahujan Samaj Party,1
VIMALA R.,Naam Tamilar Katchi,1
VIMALRAJ. R,Makkal Munnetra Katchi,1
VIMALRAJ. S,Independent,1
VINAYAGAMOORTHY M,Bahujan Samaj Party,1
VINAYAGAMOORTHY.R,Independent,1
VINCENTRAJ. A,Independent,1
VINEETH. B,Independent,1
VINOTH,Tamilaga Vettri Kazhagam,1
VINOTH. A,Independent,1
VINOTHINI.R,Naam Tamilar Katchi,1
VINOTH. J,All India Anna Dravida Munnetra Kazhagam,1
VINOTHKUMAR. M,Independent,1
VINOTHKUMAR.  N,Independent,1
VINOTH KUMAR R,Independent,1
VINOTH R,Thakkam Katchi,1
VINOTH S,Independent,1
VINOTH. S,Independent,1
VINOTHSAVARIREMIJEAS C.,Independent,1
VINU PRADHA. A,Independent,1
VIRUGAI V.N.RAVI,All India Anna Dravida Munnetra Kazhagam,1
VISHWANATHAN. S,Independent,1
VISITHRA. S,Bahujan Samaj Party,1
VISWANATHAN. J,Independent,1
VISWANATHAN.M,Independent,1
VISWANATHAN P,Independent,1
VISWANATHAN. S.A,Independent,1
VIVEK. T,Independent,1
VIYANARASU. A,Tamizhaga Vaazhvurimai Katchi,1
V JAGADEESAN,Independent,1
V. KAMALA KANNAN,Independent,1
V. KANDHAN,Independent,1
V.KANNADASSAN,Independent,1
V. KARTHIKEYAN,Independent,1
V.K.RAMKUMAR,Tamilaga Vettri Kazhagam,1
V. KRISHNAN,Independent,1
V. KULANDHAIVELU,Independent,1
V. LINGARAJA,Independent,1
V. MADHAN MOHAN,Independent,1
V M CHANDIRAN,Independent,1
V.M. KARTHIKEYAN,Bharatiya Janata Party,1
V.MOHANRAJ,Independent,1
V.MUNIRATHINAM,Independent,1
V.MURTHY,Independent,1
V. MUTHURAJA,Dravida Munnetra Kazhagam,1
V. MUTHUSAMY,Independent,1
V. NARESH,Tamizhaga Vaazhvurimai Katchi,1
V. NARESH BABU,Independent,1
V . PALANI,Bahujan Samaj Party,1
V.PANDI,Independent,1
V. PAULPANDIAN,Independent,1
V.P.DURAI,Indian National Congress,1
V.P.KANDASAMY,All India Anna Dravida Munnetra Kazhagam,1
V.P.TAMILSELVI,Tamilaga Vettri Kazhagam,1
V.PUSHPANANTHAM,Tamizhaga Murpokku Makkal Katchi,1
V. RAJI,Independent,1
V. RAMAKRISHNAN,Independent,1
V. RAMKUMAR,India Suyarajya Party,1
V. RAMU,All India Anna Dravida Munnetra Kazhagam,1
V.R. JAYAKUMAR,Independent,1
V.SADHASIVAM,Independent,1
V. SAMPATHKUMAR,Tamilaga Vettri Kazhagam,1
V.SARAVANAN,Tamilaga Vettri Kazhagam,1
V.SATHYABAMA,Tamilaga Vettri Kazhagam,1
V. S. BABU,Tamilaga Vettri Kazhagam,1
V.SEETHARAMAN,Anti Corruption Dynamic Party,1
V SENTHILBALAJI,Dravida Munnetra Kazhagam,1
V. SENTHILKUMAR,Independent,1
V. SENTHILKUMAR,Tamilaga Vettri Kazhagam,1
V.SENTHIL KUMAR,Independent,1
V.SHANKAR,Independent,1
V.SHANTHI,Independent,1
V. SOMASUNDARAM,All India Anna Dravida Munnetra Kazhagam,1
V. SOMASUNDARAM,Independent,1
V.SRINIDHI,Indian National Congress,1
V. SUGANTHI,Independent,1
V. SURESH,Independent,1
V.S.VENKATESH,Aanaithinthiya Jananayaka Pathukappu Kazhagam,1
V THIRUNAVUKKARASU,Naam Tamilar Katchi,1
V. THIYAGARAJAN,Independent,1
V. VELMURUGAN,Independent,1
V.VENKATESAN,All India Anna Dravida Munnetra Kazhagam,1
V. VENU,Puthiya Tamilagam,1
V.VINOTHKANNA,Tamizhaga Vaazhvurimai Katchi,1
WAZEER AHMED. J,Bahujan Samaj Party,1
W JAYSON,Independent,1
YEASURAJA M,Independent,1
YESADURAI S.,All India Puratchi Thalaivar Makkal Munnettra Kazhagam,1
YESURAJ. I,Independent,1
Y.G.MAHALAKSHMI,Naam Tamilar Katchi,1
YOGAPRAKASH. B,Independent,1
YOONUS ALI. R,Independent,1
YUVARAJ.K.P.U,Independent,1
YUVARAJ S,Independent,1
ZIAUDEEN A J,Independent,1
