constituency_code,candidate,party,constituency,state,votes
S04154,MURARI PASAVAN,Bharatiya Janata Party,PIRPAINTI,BIHAR,140608
S0461,LESHI SINGH,Janata Dal (United),DHAMDAHA,BIHAR,138750
S0470,NARENDRA NARAYAN YADAV,Janata Dal (United),ALAMNAGAR,BIHAR,138401
S04155,SHUBHANAND MUKESH,Janata Dal (United),KAHALGAON,BIHAR,130767
S04184,RATNESH KUMAR,Bharatiya Janata Party,PATNA SAHIB,BIHAR,130366
S04124,SANJAY KUMAR SINGH,Bharatiya Janata Party,LALGANJ,BIHAR,127650
S0462,VIJAY KUMAR KHEMKA,Bharatiya Janata Party,PURNIA,BIHAR,127614
S04188,SHYAM RAJAK,Janata Dal (United),PHULWARI,BIHAR,126470
S0460,KALADHAR PRASAD MANDAL,Janata Dal (United),RUPAULI,BIHAR,124826
S04241,SHREYASI SINGH,Bharatiya Janata Party,JAMUI,BIHAR,123868
S0424,ANIL KUMAR,Bharatiya Janata Party,BATHNAHA,BIHAR,123698
S0469,KAVITA DEVI,Bharatiya Janata Party,KORHA,BIHAR,123495
S04139,BIRENDRA KUMAR,Bharatiya Janata Party,ROSERA,BIHAR,122773
S0459,KRISHNA KUMAR RISHI,Bharatiya Janata Party,BANMANKHI,BIHAR,122494
S0445,NIRAJ KUMAR SINGH,Bharatiya Janata Party,CHHATAPUR,BIHAR,122491
S04164,SAMRAT CHOUDHARY,Bharatiya Janata Party,TARAPUR,BIHAR,122480
S04168,VIJAY KUMAR SINHA,Bharatiya Janata Party,LAKHISARAI,BIHAR,122408
S0446,DEVANTI YADAV,Bharatiya Janata Party,NARPATGANJ,BIHAR,120557
S0448,MANOJ BISHWAS,Indian National Congress,FORBESGANJ,BIHAR,120114
S0448,VIDYA SAGAR KESHARI,Bharatiya Janata Party,FORBESGANJ,BIHAR,119893
S04186,RAM KRIPAL YADAV,Bharatiya Janata Party,DANAPUR,BIHAR,119877
S04146,KUNDAN KUMAR,Bharatiya Janata Party,BEGUSARAI,BIHAR,119506
S0441,ANIRUDDHA PRASAD YADAV,Janata Dal (United),NIRMALI,BIHAR,118904
S04151,BABULAL SHORYA,Lok Janshakti Party (Ram Vilas),PARBATTA,BIHAR,118677
S04128,TEJASHWI PRASAD YADAV,Rashtriya Janata Dal,RAGHOPUR,BIHAR,118597
S04131,MAHESHWAR HAZARI,Janata Dal (United),KALYANPUR,BIHAR,118162
S04158,MITHUN KUMAR,Lok Janshakti Party (Ram Vilas),NATHNAGAR,BIHAR,118143
S04144,NARENDRA KUMAR SINGH ALIAS BOGO SINGH,Rashtriya Janata Dal,MATIHANI,BIHAR,117789
S0423,BAIDYANATH PRASAD,Bharatiya Janata Party,RIGA,BIHAR,117393
S0495,AJIT KUMAR,Janata Dal (United),KANTI,BIHAR,117299
S0471,NIRANJAN KUMAR MEHTA,Janata Dal (United),BIHARIGANJ,BIHAR,116622
S04163,MANOJ YADAV,Janata Dal (United),BELHAR,BIHAR,115393
S042,NAND KISHOR RAM,Bharatiya Janata Party,RAMNAGAR,BIHAR,115214
S0475,INDRAJEET PRASAD GUPTA,Indian Inclusive Party,SAHARSA,BIHAR,115036
S0467,MANOHAR PRASAD SINGH,Indian National Congress,MANIHARI,BIHAR,114754
S0490,AJAY KUMAR,Janata Dal (United),MINAPUR,BIHAR,113411
S04123,AWADHESH SINGH,Bharatiya Janata Party,HAJIPUR,BIHAR,113221
S04160,MANISH KUMAR,Janata Dal (United),DHORAIYA,BIHAR,113011
S0475,ALOK RANJAN,Bharatiya Janata Party,SAHARSA,BIHAR,112998
S04143,RAJNISH KUMAR,Bharatiya Janata Party,TEGHRA,BIHAR,112770
S0421,FAISAL RAHMAN,Rashtriya Janata Dal,DHAKA,BIHAR,112727
S0421,PAWAN KUMAR JAISWAL,Bharatiya Janata Party,DHAKA,BIHAR,112549
S04144,RAJ KUMAR SINGH,Janata Dal (United),MATIHANI,BIHAR,112499
S0440,SATISH KUMAR SAH,Janata Dal (United),LAUKAHA,BIHAR,111761
S0447,AVINASH MANGLAM,Rashtriya Janata Dal,RANIGANJ,BIHAR,111590
S0451,VIJAY KUMAR MANDAL,Bharatiya Janata Party,SIKTI,BIHAR,111342
S04181,SANJIV CHAURASIA,Bharatiya Janata Party,DIGHA,BIHAR,111001
S04187,BHAI BIRENDRA,Rashtriya Janata Dal,MANER,BIHAR,110798
S0417,SHYAM BABU PRASAD YADAV,Bharatiya Janata Party,PIPRA,BIHAR,110422
S0476,SANJAY KUMAR SINGH,Lok Janshakti Party (Ram Vilas),SIMRI BAKHTIARPUR,BIHAR,109699
S04172,DR. SUNIL KUMAR,Bharatiya Janata Party,BIHARSHARIF,BIHAR,109304
S0443,BIJENDRA PRASAD YADAV,Janata Dal (United),SUPAUL,BIHAR,109085
S04132,MANJARIK MRINAL,Janata Dal (United),WARISNAGAR,BIHAR,108968
S04157,LALIT NARAYAN MANDAL,Janata Dal (United),SULTANGANJ,BIHAR,108712
S04153,SHAILESH KUMAR ALIAS BULO MANDAL,Janata Dal (United),GOPALPUR,BIHAR,108630
S0466,NISHA SINGH,Bharatiya Janata Party,PRANPUR,BIHAR,108565
S0473,CHANDRA SHEKHAR,Rashtriya Janata Dal,MADHEPURA,BIHAR,108464
S04125,SIDDHARTH PATEL,Janata Dal (United),VAISHALI,BIHAR,108377
S0437,SUJEET KUMAR,Bharatiya Janata Party,RAJNAGAR,BIHAR,108362
S04130,LAKHENDRA KUMAR RAUSHAN,Bharatiya Janata Party,PATEPUR,BIHAR,108356
S04242,DAMODAR RAWAT,Janata Dal (United),JHAJHA,BIHAR,108317
S04228,JYOTI DEVI,Hindustani Awam Morcha (Secular),BARACHATTI,BIHAR,108271
S0491,BABY KUMARI,Lok Janshakti Party (Ram Vilas),BOCHAHAN,BIHAR,108186
S0488,KOMAL SINGH,Janata Dal (United),GAIGHAT,BIHAR,108104
S04165,KUMAR PRANAY,Bharatiya Janata Party,MUNGER,BIHAR,108028
S0438,NITISH MISHRA,Bharatiya Janata Party,JHANJHARPUR,BIHAR,107958
S0468,BIJAY SINGH,Janata Dal (United),BARARI,BIHAR,107842
S0493,KEDAR PD GUPTA,Bharatiya Janata Party,KURHANI,BIHAR,107811
S04173,KAUSHAL KISHORE,Janata Dal (United),RAJGIR,BIHAR,107811
S041,SURENDRA PRASAD,Indian National Congress,VALMIKI NAGAR,BIHAR,107730
S04224,PRAMOD KUMAR SINGH,Janata Dal (United),RAFIGANJ,BIHAR,107515
S0442,RAMBILASH KAMAT,Janata Dal (United),PIPRA,BIHAR,107041
S04177,HARI NARAYAN SINGH,Janata Dal (United),HARNAUT,BIHAR,106954
S044,RAM SINGH,Bharatiya Janata Party,BAGAHA,BIHAR,106875
S0410,PRAMOD KUMAR SINHA,Bharatiya Janata Party,RAXAUL,BIHAR,106765
S04189,ARUN MANJHI,Janata Dal (United),MASAURHI,BIHAR,106505
S0472,RAMESH RISHI,Janata Dal (United),SINGHESHWAR,BIHAR,106416
S0498,RAJU KUMAR SINGH,Bharatiya Janata Party,SAHEBGANJ,BIHAR,106322
S0445,DR. VIPIN KUMAR SINGH,Rashtriya Janata Dal,CHHATAPUR,BIHAR,106313
S04150,PANNA LAL SINGH PATEL,Janata Dal (United),BELDAUR,BIHAR,106262
S0419,PRAMOD KUMAR,Bharatiya Janata Party,MOTIHARI,BIHAR,106080
S041,DHIRENDRA PRATAP SINGH ALIAS RINKU SINGH,Janata Dal (United),VALMIKI NAGAR,BIHAR,106055
S04111,DEVESH KANT SINGH,Bharatiya Janata Party,GORIAKOTHI,BIHAR,105909
S04176,SHRAWON KUMAR,Janata Dal (United),NALANDA,BIHAR,105432
S0444,SONAM RANI,Janata Dal (United),TRIVENIGANJ,BIHAR,105262
S04208,SNEHLATA,Rashtriya Lok Morcha,SASARAM,BIHAR,105006
S04227,DEEPA KUMARI,Hindustani Awam Morcha (Secular),IMAMGANJ,BIHAR,104861
S0412,VISHAL KUMAR,Janata Dal (United),NARKATIA,BIHAR,104450
S0428,SUNIL KUMAR PINTU,Bharatiya Janata Party,SITAMARHI,BIHAR,104226
S0426,PROF. NAGENDRA RAUT,Janata Dal (United),SURSAND,BIHAR,104157
S0499,MITHILESH TIWARI,Bharatiya Janata Party,BAIKUNTHPUR,BIHAR,104133
S0489,RAMA NISHAD,Bharatiya Janata Party,AURAI,BIHAR,104085
S04128,SATISH KUMAR,Bharatiya Janata Party,RAGHOPUR,BIHAR,104065
S04242,JAY PRAKASH NARAYAN YADAV,Rashtriya Janata Dal,JHAJHA,BIHAR,104055
S04212,RAJEEV RANJAN SINGH,Lok Janshakti Party (Ram Vilas),DEHRI,BIHAR,104022
S04159,JAYANT RAJ,Janata Dal (United),AMARPUR,BIHAR,103944
S0472,CHANDRAHAS CHAUPAL,Rashtriya Janata Dal,SINGHESHWAR,BIHAR,103434
S0447,ACHMIT RISHIDEV,Janata Dal (United),RANIGANJ,BIHAR,103060
S0412,SHAMIM AHMAD,Rashtriya Janata Dal,NARKATIA,BIHAR,103007
S04136,VIJAY KUMAR CHOUDHARY,Janata Dal (United),SARAIRANJAN,BIHAR,102792
S04134,ALOK KUMAR MEHTA,Rashtriya Janata Dal,UJIARPUR,BIHAR,102707
S04233,ROMIT KUMAR,Hindustani Awam Morcha (Secular),ATRI,BIHAR,102102
S04167,RAMANAND MANDAL,Janata Dal (United),SURYAGARHA,BIHAR,101968
S046,NARAYAN PRASAD,Bharatiya Janata Party,NAUTAN,BIHAR,101952
S0476,YUSUF SALAHUDDIN,Rashtriya Janata Dal,SIMRI BAKHTIARPUR,BIHAR,101769
S04103,SUNIL KUMAR,Janata Dal (United),BHOREY,BIHAR,101469
S04102,AMRENDRA KUMAR PANDEY,Janata Dal (United),KUCHAIKOTE,BIHAR,101425
S0469,PUNAM KUMARI,Indian National Congress,KORHA,BIHAR,101238
S04191,SIDDHARTH SAURAV,Bharatiya Janata Party,BIKRAM,BIHAR,101189
S0433,ARUN SHANKAR PRASAD,Bharatiya Janata Party,KHAJAULI,BIHAR,101151
S0456,AKHTARUL IMAN,All India Majlis-E-Ittehadul Muslimeen,AMOUR,BIHAR,100836
S0466,ISHRAT PARWEEN,Rashtriya Janata Dal,PRANPUR,BIHAR,100813
S0435,ASIF AHMAD,Rashtriya Janata Dal,BISFI,BIHAR,100771
S04156,ROHIT PANDEY,Bharatiya Janata Party,BHAGALPUR,BIHAR,100770
S0473,KAVITA KUMARI SAHA,Janata Dal (United),MADHEPURA,BIHAR,100655
S044,JAYESH MANGALAM SINGH,Indian National Congress,BAGAHA,BIHAR,100562
S0487,JIBESH KUMAR,Bharatiya Janata Party,JALE,BIHAR,100496
S04174,RUHAIL RANJAN,Janata Dal (United),ISLAMPUR,BIHAR,100487
S04183,SANJAY KUMAR,Bharatiya Janata Party,KUMHRAR,BIHAR,100485
S0494,RANJAN KUMAR,Bharatiya Janata Party,MUZAFFARPUR,BIHAR,100477
S04142,SURENDRA MEHTA,Bharatiya Janata Party,BACHHWARA,BIHAR,100343
S0463,TARKISHORE PRASAD,Bharatiya Janata Party,KATIHAR,BIHAR,100255
S04229,KUMAR SARVJEET,Rashtriya Janata Dal,BODH GAYA,BIHAR,100236
S043,SANJAY KUMAR PANDEY,Bharatiya Janata Party,NARKATIAGANJ,BIHAR,100044
S04225,UPENDRA PRASAD,Bharatiya Janata Party,GURUA,BIHAR,99758
S0417,RAJMANGAL PRASAD,Communist Party of India (Marxist),PIPRA,BIHAR,99677
S0467,SHAMBHU KUMAR SUMAN,Janata Dal (United),MANIHARI,BIHAR,99586
S0444,SANTOSH KUMAR,Rashtriya Janata Dal,TRIVENIGANJ,BIHAR,99579
S04179,SIYARAM SINGH,Bharatiya Janata Party,BARH,BIHAR,99446
S04228,TANUSHREE KUMARI,Rashtriya Janata Dal,BARACHATTI,BIHAR,99378
S04229,SHYAMDEO PASWAN,Lok Janshakti Party (Ram Vilas),BODH GAYA,BIHAR,99355
S0464,DULAL CHANDRA GOSWAMI,Janata Dal (United),KADWA,BIHAR,99274
S0427,RAMESHWAR KUMAR MEHTO,Rashtriya Lok Morcha,BAJPATTI,BIHAR,99144
S0411,RAJESH KUMAR ALIAS BABLU GUPTA,Lok Janshakti Party (Ram Vilas),SUGAULI,BIHAR,98875
S04189,REKHA DEVI,Rashtriya Janata Dal,MASAURHI,BIHAR,98862
S0492,ADITYA KUMAR,Janata Dal (United),SAKRA,BIHAR,98723
S0428,SUNIL KUMAR,Rashtriya Janata Dal,SITAMARHI,BIHAR,98664
S04147,SANJAY KUMAR,Lok Janshakti Party (Ram Vilas),BAKHRI,BIHAR,98511
S04182,NITIN NABIN,Bharatiya Janata Party,BANKIPUR,BIHAR,98299
S0434,MINA KUMARI,Janata Dal (United),BABUBARHI,BIHAR,98221
S0493,SUNIL KUMAR SUMAN,Rashtriya Janata Dal,KURHANI,BIHAR,98093
S04129,UMESH SINGH KUSHWAHA,Janata Dal (United),MAHNAR,BIHAR,98050
S0436,MADHAW ANAND,Rashtriya Lok Morcha,MADHUBANI,BIHAR,97956
S04239,ANITA,Rashtriya Janata Dal,WARSALIGANJ,BIHAR,97833
S0474,RATNESH SADA,Janata Dal (United),SONBARSHA,BIHAR,97833
S04231,AJAY KUMAR,Rashtriya Janata Dal,TIKARI,BIHAR,97550
S04168,AMARESH KUMAR,Indian National Congress,LAKHISARAI,BIHAR,97468
S0483,SANJAY SARAOGI,Bharatiya Janata Party,DARBHANGA,BIHAR,97453
S0422,SHWETA GUPTA,Janata Dal (United),SHEOHAR,BIHAR,97269
S049,SAMMRIDH VARMA,Janata Dal (United),SIKTA,BIHAR,97173
S04101,SUBHASH SINGH,Bharatiya Janata Party,GOPALGANJ,BIHAR,96892
S04196,VISHAL PRASHANT,Bharatiya Janata Party,TARARI,BIHAR,96887
S0496,ARUN KUMAR SINGH,Bharatiya Janata Party,BARURAJ,BIHAR,96879
S0413,KRISHNANANDAN PASWAN,Bharatiya Janata Party,HARSIDHI,BIHAR,96864
S0468,TAUQUIR ALAM,Indian National Congress,BARARI,BIHAR,96858
S04166,NACHIKETA,Janata Dal (United),JAMALPUR,BIHAR,96683
S045,VINAY BIHARI,Bharatiya Janata Party,LAURIYA,BIHAR,96510
S0485,MADAN SAHNI,Janata Dal (United),BAHADURPUR,BIHAR,96300
S04127,MAHENDRA RAM,Janata Dal (United),RAJA PAKAR,BIHAR,96258
S0414,RAJU TIWARI,Lok Janshakti Party (Ram Vilas),GOVINDGANJ,BIHAR,96034
S04175,KRISHNA MURARI SHARAN,Janata Dal (United),HILSA,BIHAR,96009
S04236,ANIL SINGH,Bharatiya Janata Party,HISUA,BIHAR,95885
S04199,SHAMBHU NATH YADAV,Rashtriya Janata Dal,BRAHAMPUR,BIHAR,95828
S0427,MUKESH KUMAR YADAV,Rashtriya Janata Dal,BAJPATTI,BIHAR,95749
S04133,ASHWAMEDH DEVI,Janata Dal (United),SAMASTIPUR,BIHAR,95728
S04232,MANORMA DEVI,Janata Dal (United),BELAGANJ,BIHAR,95685
S04115,KEDAR NATH SINGH,Bharatiya Janata Party,BANIAPUR,BIHAR,95606
S04191,ANIL KUMAR,Indian National Congress,BIKRAM,BIHAR,95588
S04161,RAM NARAYAN MANDAL,Bharatiya Janata Party,BANKA,BIHAR,95588
S04207,MURARI PRASAD GAUTAM,Lok Janshakti Party (Ram Vilas),CHENARI,BIHAR,95579
S04224,GHULAM SHAHID,Rashtriya Janata Dal,RAFIGANJ,BIHAR,95559
S04231,ANIL KUMAR,Hindustani Awam Morcha (Secular),TIKARI,BIHAR,95492
S04124,SHIVANI SHUKLA,Rashtriya Janata Dal,LALGANJ,BIHAR,95483
S0497,SHANKAR PRASAD,Rashtriya Janata Dal,PAROO,BIHAR,95272
S0446,MANISH YADAV,Rashtriya Janata Dal,NARPATGANJ,BIHAR,95204
S04123,DEO KUMAR CHAURASIA,Rashtriya Janata Dal,HAJIPUR,BIHAR,94712
S04234,BIRENDRA SINGH,Bharatiya Janata Party,WAZIRGANJ,BIHAR,94574
S0462,JITENDRA KUMAR,Indian National Congress,PURNIA,BIHAR,94392
S04162,PURAN LAL TUDU,Bharatiya Janata Party,KATORIA,BIHAR,94260
S04194,SANJAY SINGH (TIGER),Bharatiya Janata Party,ARRAH,BIHAR,94201
S04149,BABLU KUMAR,Janata Dal (United),KHAGARIA,BIHAR,93988
S04188,GOPAL RAVI DAS,Communist Party of India (Marxist-Leninist) (Liberation),PHULWARI,BIHAR,93813
S0477,GAUTAM KRISHNA,Rashtriya Janata Dal,MAHISHI,BIHAR,93752
S0439,SHEELA KUMARI,Janata Dal (United),PHULPARAS,BIHAR,93677
S0429,PANKAJ KUMAR,Janata Dal (United),RUNNISAIDPUR,BIHAR,93672
S04219,AMRENDRA KUMAR,Rashtriya Janata Dal,GOH,BIHAR,93624
S04110,INDRADEV SINGH,Janata Dal (United),BARHARIA,BIHAR,93600
S04111,ANWARUL HAQUE,Rashtriya Janata Dal,GORIAKOTHI,BIHAR,93524
S04148,RAM CHANDRA SADA,Janata Dal (United),ALAULI,BIHAR,93208
S04211,NAGENDRA CHANDRAVANSHI,Janata Dal (United),NOKHA,BIHAR,93193
S04197,SRIBHAGWAN SINGH KUSHWAHA,Janata Dal (United),JAGDISHPUR,BIHAR,92974
S04232,VISHVANATH KUMAR SINGH,Rashtriya Janata Dal,BELAGANJ,BIHAR,92803
S0498,PRITHWINATH RAY,Rashtriya Janata Dal,SAHEBGANJ,BIHAR,92800
S0457,GHULAM SARWAR,All India Majlis-E-Ittehadul Muslimeen,BAISI,BIHAR,92766
S04158,SHEIKH ZEYAUL HASSAN,Rashtriya Janata Dal,NATHNAGAR,BIHAR,92719
S0435,HARIBHUSHAN THAKUR,Bharatiya Janata Party,BISFI,BIHAR,92664
S04199,HULAS PANDE,Lok Janshakti Party (Ram Vilas),BRAHAMPUR,BIHAR,92608
S0419,DEWA GUPTA,Rashtriya Janata Dal,MOTIHARI,BIHAR,92517
S04209,BASHISTH SINGH,Janata Dal (United),KARGAHAR,BIHAR,92485
S04105,MANGAL PANDEY,Bharatiya Janata Party,SIWAN,BIHAR,92379
S04104,RAMSEWAK SINGH,Janata Dal (United),HATHUA,BIHAR,92121
S0451,HARI NARAYAN PRAMANIK,Vikassheel Insaan Party,SIKTI,BIHAR,92020
S048,RENU DEVI,Bharatiya Janata Party,BETTIAH,BIHAR,91907
S04220,PRAKASH CHANDRA,Lok Janshakti Party (Ram Vilas),OBRA,BIHAR,91638
S04240,PRAPHULL KUMAR MANJHI,Hindustani Awam Morcha (Secular),SIKANDRA,BIHAR,91603
S0449,ABIDUR RAHMAN,Indian National Congress,ARARIA,BIHAR,91529
S0495,MOHAMMAD ISRAIL MANSURI,Rashtriya Janata Dal,KANTI,BIHAR,91504
S04184,SHASHANT SHEKHAR,Indian National Congress,PATNA SAHIB,BIHAR,91466
S04152,KUMAR SHAILENDRA,Bharatiya Janata Party,BIHPUR,BIHAR,91458
S04178,ANANT KUMAR SINGH,Janata Dal (United),MOKAMA,BIHAR,91416
S04119,SURENDRA RAM,Rashtriya Janata Dal,GARKHA,BIHAR,91134
S04140,RAJ KUMAR RAY,Janata Dal (United),HASANPUR,BIHAR,90961
S04230,PREM KUMAR,Bharatiya Janata Party,GAYA TOWN,BIHAR,90878
S04122,VINAY KUMAR SINGH,Bharatiya Janata Party,SONEPUR,BIHAR,90842
S04187,JITENDRA YADAV,Lok Janshakti Party (Ram Vilas),MANER,BIHAR,90764
S04186,RIT LAL ROY,Rashtriya Janata Dal,DANAPUR,BIHAR,90744
S04160,TRIBHUWAN PRASAD,Rashtriya Janata Dal,DHORAIYA,BIHAR,90585
S0420,LAL BABU PRASAD GUPTA,Bharatiya Janata Party,CHIRAIA,BIHAR,90572
S04185,DR. RAMANAND YADAV,Rashtriya Janata Dal,FATUHA,BIHAR,90558
S04171,JITENDRA KUMAR,Janata Dal (United),ASTHAWAN,BIHAR,90542
S04239,ARUNA  DEVI,Bharatiya Janata Party,WARSALIGANJ,BIHAR,90290
S04235,VIMAL RAJBANSHI,Lok Janshakti Party (Ram Vilas),RAJAULI,BIHAR,90272
S0477,GUNJESHWAR SAH,Janata Dal (United),MAHISHI,BIHAR,90012
S0413,RAJENDRA KUMAR,Rashtriya Janata Dal,HARSIDHI,BIHAR,89769
S0454,MD. QAMRUL HODA,Indian National Congress,KISHANGANJ,BIHAR,89669
S04219,DR. RANVIJAY KUMAR,Bharatiya Janata Party,GOH,BIHAR,89583
S04165,AVINASH KUMAR VIDYARTHI,Rashtriya Janata Dal,MUNGER,BIHAR,89278
S04137,RAJESH KUMAR SINGH,Bharatiya Janata Party,MOHIUDDINNAGAR,BIHAR,89208
S0486,MURARI MOHAN JHA,Bharatiya Janata Party,KEOTI,BIHAR,89123
S04121,KARISHMA,Rashtriya Janata Dal,PARSA,BIHAR,89093
S0416,SACHINDRA PRASAD SINGH,Bharatiya Janata Party,KALYANPUR,BIHAR,89057
S0410,SHYAM BIHARI PRASAD,Indian National Congress,RAXAUL,BIHAR,88887
S04146,AMITA BHUSHAN,Indian National Congress,BEGUSARAI,BIHAR,88874
S04100,MANJEET KUMAR SINGH,Janata Dal (United),BARAULI,BIHAR,88657
S04198,RAKESH RANJAN,Bharatiya Janata Party,SHAHPUR,BIHAR,88655
S04180,ARUN KUMAR S/O SATRUGHAN SAO,Lok Janshakti Party (Ram Vilas),BAKHTIARPUR,BIHAR,88520
S04108,OSAMA SHAHAB,Rashtriya Janata Dal,RAGHUNATHPUR,BIHAR,88278
S0433,BRAJ KISHOR YADAV,Rashtriya Janata Dal,KHAJAULI,BIHAR,88025
S0491,AMAR KUMAR PASWAN,Rashtriya Janata Dal,BOCHAHAN,BIHAR,87870
S04126,SANJAY KUMAR SINGH,Lok Janshakti Party (Ram Vilas),MAHUA,BIHAR,87641
S04180,ANIRUDDH KUMAR,Rashtriya Janata Dal,BAKHTIARPUR,BIHAR,87539
S047,ABHISHEK RANJAN,Indian National Congress,CHANPATIA,BIHAR,87538
S04154,RAM VILASH PASAVAN,Rashtriya Janata Dal,PIRPAINTI,BIHAR,87501
S04237,VIBHA DEVI,Janata Dal (United),NAWADA,BIHAR,87423
S0452,MD TAUSEEF ALAM,All India Majlis-E-Ittehadul Muslimeen,BAHADURGANJ,BIHAR,87315
S04156,AJEET SHARMA,Indian National Congress,BHAGALPUR,BIHAR,87296
S04223,TRIVIKRAM NARAYAN SINGH,Bharatiya Janata Party,AURANGABAD,BIHAR,87200
S0499,PREM SHANKAR PRASAD,Rashtriya Janata Dal,BAIKUNTHPUR,BIHAR,87180
S0432,VINOD NARAYAN JHA,Bharatiya Janata Party,BENIPATTI,BIHAR,87153
S04109,KARNJEET SINGH ALIAS VYAS SINGH,Bharatiya Janata Party,DARAUNDA,BIHAR,87047
S047,UMAKANT SINGH,Bharatiya Janata Party,CHANPATIA,BIHAR,86936
S0458,NITESH KUMAR SINGH,Lok Janshakti Party (Ram Vilas),KASBA,BIHAR,86877
S04118,CHHOTI KUMARI,Bharatiya Janata Party,CHAPRA,BIHAR,86845
S04112,HEM NARAYAN SAH,Janata Dal (United),MAHARAJGANJ,BIHAR,86813
S04134,PRASHANT KUMAR PANKAJ,Rashtriya Lok Morcha,UJIARPUR,BIHAR,86424
S04216,RAHUL KUMAR,Rashtriya Janata Dal,JEHANABAD,BIHAR,86402
S04235,PINKI BHARTI,Rashtriya Janata Dal,RAJAULI,BIHAR,86319
S0440,BHARAT BHUSHAN MANDAL,Rashtriya Janata Dal,LAUKAHA,BIHAR,86250
S04117,JITENDRA KUMAR RAI,Rashtriya Janata Dal,MARHAURA,BIHAR,86118
S04122,DR. RAMANUJ PRASAD,Rashtriya Janata Dal,SONEPUR,BIHAR,86075
S0418,RANA RANDHIR,Bharatiya Janata Party,MADHUBAN,BIHAR,86002
S04130,PREMA CHAUDHARY,Rashtriya Janata Dal,PATEPUR,BIHAR,85976
S0478,ATIREK KUMAR,Janata Dal (United),KUSHESHWAR ASTHAN,BIHAR,85685
S04216,CHANDESHWAR PRASAD,Janata Dal (United),JEHANABAD,BIHAR,85609
S04116,JANAK SINGH,Bharatiya Janata Party,TARAIYA,BIHAR,85564
S0431,SUDHANSHU SHEKHAR,Janata Dal (United),HARLAKHI,BIHAR,85486
S04196,MADAN SINGH  S/O-KUMI SINGH,Communist Party of India (Marxist-Leninist) (Liberation),TARARI,BIHAR,85423
S04103,DHANANJAY,Communist Party of India (Marxist-Leninist) (Liberation),BHOREY,BIHAR,85306
S0453,GOPAL KUMAR AGARWAL,Janata Dal (United),THAKURGANJ,BIHAR,85243
S0471,RENU KUMARI,Rashtriya Janata Dal,BIHARIGANJ,BIHAR,85000
S0481,MAITHILI THAKUR,Bharatiya Janata Party,ALINAGAR,BIHAR,84915
S04200,ANAND MISHRA,Bharatiya Janata Party,BUXAR,BIHAR,84901
S04222,LALAN RAM,Hindustani Awam Morcha (Secular),KUTUMBA,BIHAR,84727
S0488,NIRANJAN ROY,Rashtriya Janata Dal,GAIGHAT,BIHAR,84687
S04151,DOCTOR SANJEEV KUMAR,Rashtriya Janata Dal,PARBATTA,BIHAR,84638
S04142,SHIV PRAKASH GARIB DAS,Indian National Congress,BACHHWARA,BIHAR,84502
S0474,SARITA DEVI,Indian National Congress,SONBARSHA,BIHAR,84379
S0485,BHOLA YADAV,Rashtriya Janata Dal,BAHADURPUR,BIHAR,84289
S0423,AMIT KUMAR,Indian National Congress,RIGA,BIHAR,84268
S04116,SHAILENDRA PRATAP,Rashtriya Janata Dal,TARAIYA,BIHAR,84235
S0480,BINAY KUMAR CHOUDHARY,Janata Dal (United),BENIPUR,BIHAR,84207
S04113,MANORANJAN SINGH,Janata Dal (United),EKMA,BIHAR,84077
S0450,MOHAMMAD MURSHID ALAM,All India Majlis-E-Ittehadul Muslimeen,JOKIHAT,BIHAR,83737
S0492,UMESH KUMAR RAM,Indian National Congress,SAKRA,BIHAR,83673
S0461,SANTOSH KUMAR,Rashtriya Janata Dal,DHAMDAHA,BIHAR,83591
S04162,SWEETY SIMA HEMBROM,Rashtriya Janata Dal,KATORIA,BIHAR,83274
S04140,MALA PUSHPAM,Rashtriya Janata Dal,HASANPUR,BIHAR,83047
S04107,VISHNU DEO PASWAN,Lok Janshakti Party (Ram Vilas),DARAULI,BIHAR,83014
S04105,AWADH BIHARI CHOUDHARY,Rashtriya Janata Dal,SIWAN,BIHAR,83009
S0470,NABIN KUMAR,Vikassheel Insaan Party,ALAMNAGAR,BIHAR,82936
S04169,RANDHIR KUMAR SONI,Janata Dal (United),SHEIKHPURA,BIHAR,82922
S0425,GAYETRI DEVI,Bharatiya Janata Party,PARIHAR,BIHAR,82644
S04185,RUPA KUMARI,Lok Janshakti Party (Ram Vilas),FATUHA,BIHAR,82566
S0430,AMIT KUMAR,Lok Janshakti Party (Ram Vilas),BELSAND,BIHAR,82076
S04136,ARBIND KUMAR SAHANI,Rashtriya Janata Dal,SARAIRANJAN,BIHAR,81994
S0455,MD. SARWAR ALAM,All India Majlis-E-Ittehadul Muslimeen,KOCHADHAMAN,BIHAR,81860
S04133,AKHTARUL ISLAM SHAHIN,Rashtriya Janata Dal,SAMASTIPUR,BIHAR,81853
S04234,AWADHESH KUMAR SINGH,Indian National Congress,WAZIRGANJ,BIHAR,81841
S0486,FARAZ FATMI,Rashtriya Janata Dal,KEOTI,BIHAR,81818
S0441,BAIDYANATH MEHTA,Rashtriya Janata Dal,NIRMALI,BIHAR,81594
S04110,ARUN KUMAR GUPTA,Rashtriya Janata Dal,BARHARIA,BIHAR,81464
S04147,SURYAKANT PASWAN,Communist Party of India,BAKHRI,BIHAR,81193
S04190,SANDEEP SAURAV,Communist Party of India (Marxist-Leninist) (Liberation),PALIGANJ,BIHAR,81105
S0464,SHAKEEL AHMAD KHAN,Indian National Congress,KADWA,BIHAR,80906
S04217,RITURAJ KUMAR,Janata Dal (United),GHOSI,BIHAR,80740
S04202,SANTOSH KUMAR NIRALA,Janata Dal (United),RAJPUR,BIHAR,80701
S04155,RAJNISH BHARTI,Rashtriya Janata Dal,KAHALGAON,BIHAR,80655
S0434,ARUN KUMAR SINGH,Rashtriya Janata Dal,BABUBARHI,BIHAR,80653
S0482,RAJESH KUMAR MANDAL,Janata Dal (United),DARBHANGA RURAL,BIHAR,80624
S04192,RADHA CHARAN SAH,Janata Dal (United),SANDESH,BIHAR,80598
S04192,DIPU SINGH,Rashtriya Janata Dal,SANDESH,BIHAR,80571
S0418,SANDHYA RANI,Rashtriya Janata Dal,MADHUBAN,BIHAR,80510
S0426,SYED ABU DOJANA,Rashtriya Janata Dal,SURSAND,BIHAR,80490
S0465,SANGITA DEVI,Lok Janshakti Party (Ram Vilas),BALRAMPUR,BIHAR,80459
S04223,ANAND SHANKAR SINGH,Indian National Congress,AURANGABAD,BIHAR,80406
S04221,CHETAN ANAND,Janata Dal (United),NABINAGAR,BIHAR,80380
S04243,SAVITRI DEVI,Rashtriya Janata Dal,CHAKAI,BIHAR,80357
S04221,AMOD KUMAR SINGH,Rashtriya Janata Dal,NABINAGAR,BIHAR,80268
S04115,CHANDNI DEVI,Rashtriya Janata Dal,BANIAPUR,BIHAR,80170
S04172,OMAIR KHAN,Indian National Congress,BIHARSHARIF,BIHAR,80136
S0465,MOHAMMAD ADIL HASAN,All India Majlis-E-Ittehadul Muslimeen,BALRAMPUR,BIHAR,80070
S04205,BHARAT BIND,Bharatiya Janata Party,BHABUA,BIHAR,80039
S04175,ATRI MUNI URF SHAKTI SINGH YADAV,Rashtriya Janata Dal,HILSA,BIHAR,79997
S046,AMIT KUMAR,Indian National Congress,NAUTAN,BIHAR,79880
S04214,MANOJ KUMAR,Bharatiya Janata Party,ARWAL,BIHAR,79854
S04104,RAJESH KUMAR SINGH,Rashtriya Janata Dal,HATHUA,BIHAR,79773
S04220,RISHI KUMAR,Rashtriya Janata Dal,OBRA,BIHAR,79625
S04193,RAGHVENDRA PRATAP SINGH,Bharatiya Janata Party,BARHARA,BIHAR,79593
S0439,SUBODH MANDAL,Indian National Congress,PHULPARAS,BIHAR,79578
S04131,RANJEET KUMAR RAM,Communist Party of India (Marxist-Leninist) (Liberation),KALYANPUR,BIHAR,79576
S04208,SATENDRA SAH,Rashtriya Janata Dal,SASARAM,BIHAR,79563
S042,SUBODH KUMAR,Rashtriya Janata Dal,RAMNAGAR,BIHAR,79534
S04201,RAHUL KUMAR SINGH,Janata Dal (United),DUMRAON,BIHAR,79411
S04138,AJAY KUMAR,Communist Party of India (Marxist),BIBHUTIPUR,BIHAR,79246
S04118,SHATRUGHAN YADAV,Rashtriya Janata Dal,CHAPRA,BIHAR,79245
S0490,RAJEEV KUMAR URF MUNNA YADAV,Rashtriya Janata Dal,MINAPUR,BIHAR,79173
S0465,MAHBOOB ALAM,Communist Party of India (Marxist-Leninist) (Liberation),BALRAMPUR,BIHAR,79141
S04108,VIKASH KUMAR SINGH,Janata Dal (United),RAGHUNATHPUR,BIHAR,79030
S04227,RITU PRIYA CHAUDHARY,Rashtriya Janata Dal,IMAMGANJ,BIHAR,79005
S0449,SHAGUFTA AZIM,Janata Dal (United),ARARIA,BIHAR,78788
S0487,RISHI MISHRA,Indian National Congress,JALE,BIHAR,78634
S04210,ALOK KUMAR SINGH,Rashtriya Lok Morcha,DINARA,BIHAR,78338
S04119,SIMANT MRINAL,Lok Janshakti Party (Ram Vilas),GARKHA,BIHAR,78330
S0443,MINNATULLAH RAHMANI,Indian National Congress,SUPAUL,BIHAR,78282
S0415,SHALINI MISHRA,Janata Dal (United),KESARIA,BIHAR,78192
S04163,CHANAKYA PRAKASH RANJAN,Rashtriya Janata Dal,BELHAR,BIHAR,78187
S04167,PREMSAGAR CHOUDHARY,Rashtriya Janata Dal,SURYAGARHA,BIHAR,78107
S0463,SAURAV KUMAR AGARWAL,Vikassheel Insaan Party,KATIHAR,BIHAR,78101
S04135,RANVIJAY SAHU,Rashtriya Janata Dal,MORWA,BIHAR,77770
S0479,SUJIT KUMAR,Bharatiya Janata Party,GAURA BAURAM,BIHAR,77682
S04157,CHANDAN KUMAR ALIAS CHANDAN KUMAR SINHA,Rashtriya Janata Dal,SULTANGANJ,BIHAR,77576
S04137,EJYA YADAV,Rashtriya Janata Dal,MOHIUDDINNAGAR,BIHAR,77526
S04143,RAM RATAN SINGH,Communist Party of India,TEGHRA,BIHAR,77406
S0436,SAMIR KUMAR MAHASETH,Rashtriya Janata Dal,MADHUBANI,BIHAR,77404
S04201,DR. AJIT KUMAR SINGH,Communist Party of India (Marxist-Leninist) (Liberation),DUMRAON,BIHAR,77306
S04226,UDAY KUMAR SINGH,Lok Janshakti Party (Ram Vilas),SHERGHATI,BIHAR,77270
S0484,RAM CHANDRA PRASAD,Bharatiya Janata Party,HAYAGHAT,BIHAR,77222
S0459,DEO NARAYAN RAJAK,Indian National Congress,BANMANKHI,BIHAR,77198
S04102,HARI NARAYAN SINGH,Indian National Congress,KUCHAIKOTE,BIHAR,76934
S0454,SWEETY SINGH,Bharatiya Janata Party,KISHANGANJ,BIHAR,76875
S04145,SATTANAND SAMBUDDHA ALIAS LALAN JEE,Rashtriya Janata Dal,SAHEBPUR KAMAL,BIHAR,76798
S04164,ARUN KUMAR,Rashtriya Janata Dal,TARAPUR,BIHAR,76637
S0453,GHULAM HASNAIN,All India Majlis-E-Ittehadul Muslimeen,THAKURGANJ,BIHAR,76421
S04233,BAIJAYANTI DEVI,Rashtriya Janata Dal,ATRI,BIHAR,76325
S04204,SANGITA KUMARI,Bharatiya Janata Party,MOHANIA,BIHAR,76290
S04100,DILIP KUMAR SINGH,Rashtriya Janata Dal,BARAULI,BIHAR,76283
S04125,AJAY KUMAR KUSHWAHA,Rashtriya Janata Dal,VAISHALI,BIHAR,75787
S04225,VINAY KUMAR,Rashtriya Janata Dal,GURUA,BIHAR,75564
S04120,KRISHAN KUMAR MANTOO,Bharatiya Janata Party,AMNOUR,BIHAR,75525
S04141,ABHISHEK ANAND,Janata Dal (United),CHERIA,BIHAR,75081
S04197,KISHORE KUNAL,Rashtriya Janata Dal,JAGDISHPUR,BIHAR,74781
S04218,SUBEDAR DAS,Rashtriya Janata Dal,MAKHDUMPUR,BIHAR,74769
S04179,KARNVEER SINGH YADAV,Rashtriya Janata Dal,BARH,BIHAR,74633
S04194,QUYAMUDDIN ANSARI,Communist Party of India (Marxist-Leninist) (Liberation),ARRAH,BIHAR,74620
S04132,PHOOLBABU SINGH,Communist Party of India (Marxist-Leninist) (Liberation),WARISNAGAR,BIHAR,74532
S04215,PAPPU KUMAR VERMA,Janata Dal (United),KURTHA,BIHAR,74466
S04190,SUNIL KUMAR,Lok Janshakti Party (Ram Vilas),PALIGANJ,BIHAR,74450
S04213,ARUN SINGH (VILL-AJNAP TOLA),Communist Party of India (Marxist-Leninist) (Liberation),KARAKAT,BIHAR,74157
S0458,MD. IRFAN ALAM,Indian National Congress,KASBA,BIHAR,74002
S0429,CHANDAN KUMAR,Rashtriya Janata Dal,RUNNISAIDPUR,BIHAR,73935
S04207,MANGAL RAM,Indian National Congress,CHENARI,BIHAR,73591
S043,DEEPAK YADAV,Rashtriya Janata Dal,NARKATIAGANJ,BIHAR,73586
S0416,MANOJ KUMAR YADAV,Rashtriya Janata Dal,KALYANPUR,BIHAR,73489
S04107,SATYADEO RAM,Communist Party of India (Marxist-Leninist) (Liberation),DARAULI,BIHAR,73442
S04198,RAHUL TIWARY,Rashtriya Janata Dal,SHAHPUR,BIHAR,73430
S0481,BINOD MISHRA,Rashtriya Janata Dal,ALINAGAR,BIHAR,73185
S04218,RANI KUMARI,Lok Janshakti Party (Ram Vilas),MAKHDUMPUR,BIHAR,72939
S0483,UMESH SAHANI,Vikassheel Insaan Party,DARBHANGA,BIHAR,72860
S04203,SATISH KUMAR SINGH YADAV,Bahujan Samaj Party,RAMGARH,BIHAR,72689
S04203,ASHOK KUMAR SINGH,Bharatiya Janata Party,RAMGARH,BIHAR,72659
S04238,BINITA MEHTA,Lok Janshakti Party (Ram Vilas),GOBINDPUR,BIHAR,72581
S04176,KAUSHALENDRA KUMAR,Indian National Congress,NALANDA,BIHAR,72424
S04139,BRAJ KISHORE RAVI,Indian National Congress,ROSERA,BIHAR,72240
S0479,AFZAL ALI KHAN,Rashtriya Janata Dal,GAURA BAURAM,BIHAR,72013
S0424,NAVIN KUMAR,Indian National Congress,BATHNAHA,BIHAR,71929
S04161,SANJAY KUMAR,Communist Party of India,BANKA,BIHAR,71824
S04120,SUNIL KUMAR,Rashtriya Janata Dal,AMNOUR,BIHAR,71717
S04202,VISHWANATH RAM,Indian National Congress,RAJPUR,BIHAR,71565
S04213,MAHABALI SINGH,Janata Dal (United),KARAKAT,BIHAR,71321
S04150,MITHILESH KUMAR NISHAD,Indian National Congress,BELDAUR,BIHAR,71087
S04141,SUSHIL KUMAR,Rashtriya Janata Dal,CHERIA,BIHAR,70962
S04206,MD. ZAMA KHAN,Janata Dal (United),CHAINPUR,BIHAR,70876
S04159,JITENDRA SINGH,Indian National Congress,AMARPUR,BIHAR,70723
S0480,MITHILESH KUMAR CHOUDHARY,Indian National Congress,BENIPUR,BIHAR,70604
S04149,CHANDAN KUMAR ALIAS DR. CHANDAN YADAV,Indian National Congress,KHAGARIA,BIHAR,70573
S045,RAN KAUSHAL PRATAP SINGH,Vikassheel Insaan Party,LAURIYA,BIHAR,69544
S048,WASHI AHMAD,Indian National Congress,BETTIAH,BIHAR,69534
S04195,MAHESH PASWAN,Bharatiya Janata Party,AGIAON,BIHAR,69412
S04241,MOHAMMAD SHAMSAD ALAM,Rashtriya Janata Dal,JAMUI,BIHAR,69370
S04195,SHIV PRAKASH RANJAN,Communist Party of India (Marxist-Leninist) (Liberation),AGIAON,BIHAR,69317
S0442,ANIL KUMAR,Communist Party of India (Marxist-Leninist) (Liberation),PIPRA,BIHAR,69265
S04211,ANITA DEVI,Rashtriya Janata Dal,NOKHA,BIHAR,69139
S04135,VIDYA SAGAR SINGH NISHAD,Janata Dal (United),MORWA,BIHAR,69099
S04215,KUMAR KRISHNA MOHAN URF SUDAY YADAV,Rashtriya Janata Dal,KURTHA,BIHAR,68985
S04138,RAVINA KUSHWAHA,Janata Dal (United),BIBHUTIPUR,BIHAR,68965
S04217,RAMBALI SINGH YADAV,Communist Party of India (Marxist-Leninist) (Liberation),GHOSI,BIHAR,68811
S04109,AMARNATH YADAV,Communist Party of India (Marxist-Leninist) (Liberation),DARAUNDA,BIHAR,68680
S04114,RANDHIR KUMAR SINGH,Janata Dal (United),MANJHI,BIHAR,68455
S04174,RAKESH KUMAR RAUSHAN,Rashtriya Janata Dal,ISLAMPUR,BIHAR,68248
S04212,GUDDU KUMAR CHANDRAWANSI,Rashtriya Janata Dal,DEHRI,BIHAR,68054
S04236,NITU KUMARI,Indian National Congress,HISUA,BIHAR,68036
S04101,OM PRAKASH GARG,Indian National Congress,GOPALGANJ,BIHAR,67920
S0496,RAKESH KUMAR,Vikassheel Insaan Party,BARURAJ,BIHAR,67827
S0494,BIJENDRA CHAUDHARY,Indian National Congress,MUZAFFARPUR,BIHAR,67820
S04240,UDAY NARAIN CHOUDHARY,Rashtriya Janata Dal,SIKANDRA,BIHAR,67696
S04210,SHASHI SHANKAR KUMAR ALIAS RAJESH YADAV,Rashtriya Janata Dal,DINARA,BIHAR,67504
S04243,SUMIT KUMAR SINGH,Janata Dal (United),CHAKAI,BIHAR,67385
S0497,MADAN CHAUDHARY,Rashtriya Lok Morcha,PAROO,BIHAR,66445
S04106,BHISM PRATAP SINGH,Janata Dal (United),ZIRADEI,BIHAR,66227
S0437,BISHNU DEO MOCHI,Rashtriya Janata Dal,RAJNAGAR,BIHAR,66177
S0422,NAVNEET KUMAR,Rashtriya Janata Dal,SHEOHAR,BIHAR,65871
S04214,MAHANAND SINGH,Communist Party of India (Marxist-Leninist) (Liberation),ARWAL,BIHAR,65761
S04112,VISHAL KUMAR JAISWAL,Rashtriya Janata Dal,MAHARAJGANJ,BIHAR,65714
S0457,VINOD KUMAR,Bharatiya Janata Party,BAISI,BIHAR,65515
S0425,RITU JAISWAL,Independent,PARIHAR,BIHAR,65455
S0484,SHYAM BHARTI,Communist Party of India (Marxist),HAYAGHAT,BIHAR,65383
S04193,ASHOK KUMAR SINGH,Rashtriya Janata Dal,BARHARA,BIHAR,65190
S04230,AKHAURY ONKAR NATH,Indian National Congress,GAYA TOWN,BIHAR,64455
S04226,PRAMOD KUMAR VERMA,Rashtriya Janata Dal,SHERGHATI,BIHAR,63746
S04106,AMARJEET KUSHWAHA,Communist Party of India (Marxist-Leninist) (Liberation),ZIRADEI,BIHAR,63601
S0414,SHASHI BHUSHAN RAI ALIAS GAPPU RAI,Indian National Congress,GOVINDGANJ,BIHAR,63351
S04121,CHHOTE LAL RAI,Janata Dal (United),PARSA,BIHAR,63321
S0432,NALINI RANJAN JHA ALIAS RUPAN JHA,Indian National Congress,BENIPATTI,BIHAR,63221
S04178,VEENA DEVI,Rashtriya Janata Dal,MOKAMA,BIHAR,63210
S04222,RAJESH KUMAR,Indian National Congress,KUTUMBA,BIHAR,63202
S04206,BRIJ KISHOR BIND,Rashtriya Janata Dal,CHAINPUR,BIHAR,62514
S0482,LALIT KUMAR YADAV,Rashtriya Janata Dal,DARBHANGA RURAL,BIHAR,62232
S0456,SABA ZAFAR,Janata Dal (United),AMOUR,BIHAR,61908
S04170,DR. KUMAR PUSPANJAY,Janata Dal (United),BARBIGHA,BIHAR,61882
S0415,VARUN VIJAY,Vikassheel Insaan Party,KESARIA,BIHAR,61852
S04152,ARPANA KUMARI,Vikassheel Insaan Party,BIHPUR,BIHAR,61433
S04113,SRIKANT YADAV,Rashtriya Janata Dal,EKMA,BIHAR,61369
S04145,SURENDRA KUMAR ALIAS SURENDRA VIVEK,Lok Janshakti Party (Ram Vilas),SAHEBPUR KAMAL,BIHAR,61077
S04166,NARENDRA KUMAR,Indian Inclusive Party,JAMALPUR,BIHAR,60455
S04169,VIJAY KUMAR S/O GANGA KUMAR YADAV,Rashtriya Janata Dal,SHEIKHPURA,BIHAR,60375
S0453,SAUD ALAM,Rashtriya Janata Dal,THAKURGANJ,BIHAR,60036
S04237,KAUSHAL YADAV,Rashtriya Janata Dal,NAWADA,BIHAR,59829
S04129,RAVINDRA KUMAR SINGH,Rashtriya Janata Dal,MAHNAR,BIHAR,59492
S0430,SANJAY KUMAR GUPTA,Rashtriya Janata Dal,BELSAND,BIHAR,59391
S0455,MUJAHID ALAM,Rashtriya Janata Dal,KOCHADHAMAN,BIHAR,58839
S04114,DR. SATYENDRA YADAV,Communist Party of India (Marxist),MANJHI,BIHAR,58668
S04177,ARUN KUMAR,Indian National Congress,HARNAUT,BIHAR,58619
S0452,MOHAMMED MASAWAR ALAM,Indian National Congress,BAHADURGANJ,BIHAR,58589
S04117,NAVEEN KUMAR SINGH URAF ABHAY SINGH,Jan Suraaj Party,MARHAURA,BIHAR,58190
S04204,RAVI SHANKAR PASWAN,Independent,MOHANIA,BIHAR,57538
S04148,RAMBRIKSH SADA,Rashtriya Janata Dal,ALAULI,BIHAR,57476
S0452,MOHAMMAD KALIMUDDIN,Lok Janshakti Party (Ram Vilas),BAHADURGANJ,BIHAR,57195
S04209,UDAY PRATAP SINGH,Bahujan Samaj Party,KARGAHAR,BIHAR,56809
S04200,SANJAY KUMAR TIWARI URF MUNNA TIWARI,Indian National Congress,BUXAR,BIHAR,56548
S0457,ABDUS SUBAHAN,Rashtriya Janata Dal,BAISI,BIHAR,56000
S04205,BIRENDRA KUMAR SINGH,Rashtriya Janata Dal,BHABUA,BIHAR,55624
S0450,MANZAR ALAM,Janata Dal (United),JOKIHAT,BIHAR,54934
S0449,MD. MANZOOR ALAM,All India Majlis-E-Ittehadul Muslimeen,ARARIA,BIHAR,53421
S0438,RAM NARAYAN YADAV,Communist Party of India,JHANJHARPUR,BIHAR,53109
S04183,INDRADEEP KUMAR CHANDRAVANSHI,Indian National Congress,KUMHRAR,BIHAR,52961
S0456,ABDUL JALIL MASTAN,Indian National Congress,AMOUR,BIHAR,52791
S04173,BISHWANATH CHAUDHARY,Communist Party of India (Marxist-Leninist) (Liberation),RAJGIR,BIHAR,52383
S04181,DIVYA GAUTAM,Communist Party of India (Marxist-Leninist) (Liberation),DIGHA,BIHAR,51922
S0454,SHAMS AGHAZ,All India Majlis-E-Ittehadul Muslimeen,KISHANGANJ,BIHAR,51370
S0460,BIMA BHARTI,Rashtriya Janata Dal,RUPAULI,BIHAR,51254
S0420,LAKSHMI NARAYAN PRASAD YADAV,Rashtriya Janata Dal,CHIRAIA,BIHAR,51212
S04206,DHIRAJ KUMAR SINGH,Bahujan Samaj Party,CHAINPUR,BIHAR,51200
S04153,PREM SAGAR ALIAS DABLU YADAV,Vikassheel Insaan Party,GOPALPUR,BIHAR,50495
S049,KHURSHID FIROZ AHMAD,Independent,SIKTA,BIHAR,50029
S04171,RAVI RANJAN KUMAR,Rashtriya Janata Dal,ASTHAWAN,BIHAR,49834
S04238,PURNIMA YADAV,Rashtriya Janata Dal,GOBINDPUR,BIHAR,49675
S0431,RAKESH KUMAR PANDEY,Communist Party of India,HARLAKHI,BIHAR,49250
S0478,GANESH BHARTI,Independent,KUSHESHWAR ASTHAN,BIHAR,49244
S0425,SMITA GUPTA,Rashtriya Janata Dal,PARIHAR,BIHAR,48534
S04127,PRATIMA KUMARI,Indian National Congress,RAJA PAKAR,BIHAR,48069
S04243,SANJAY PRASAD,Independent,CHAKAI,BIHAR,48065
S0489,BHOGENDRA SAHNI,Vikassheel Insaan Party,AURAI,BIHAR,46879
S04182,REKHA KUMARI,Rashtriya Janata Dal,BANKIPUR,BIHAR,46363
S0455,BINA DEVI,Bharatiya Janata Party,KOCHADHAMAN,BIHAR,44858
S04126,MUKESH KUMAR RAUSHAN,Rashtriya Janata Dal,MAHUA,BIHAR,42644
S04203,AJIT KUMAR,Rashtriya Janata Dal,RAMGARH,BIHAR,41480
S0411,SHYAM KISHOR CHAUDHARY,Janshakti Janta Dal,SUGAULI,BIHAR,40684
S0497,ASHOK KUMAR SINGH,Independent,PAROO,BIHAR,40661
S04238,MOHAMMED KAMRAN,Independent,GOBINDPUR,BIHAR,39813
S04205,VIKASH SINGH,Bahujan Samaj Party,BHABUA,BIHAR,39711
S04209,SANTOSH KUMAR MISHRA,Indian National Congress,KARGAHAR,BIHAR,39333
S04167,RAVISHANKER  PRASAD SINGH,Independent,SURYAGARHA,BIHAR,38175
S049,BIRENDRA PRASAD GUPTA,Communist Party of India (Marxist-Leninist) (Liberation),SIKTA,BIHAR,37431
S047,TRIPURARI KUMAR TIWARI ALIAS MANISH KASHYAP,Jan Suraaj Party,CHANPATIA,BIHAR,37172
S04170,TRISHULDHARI SINGH,Indian National Congress,BARBIGHA,BIHAR,36389
S04126,TEJ PRATAP YADAV,Janshakti Janta Dal,MAHUA,BIHAR,35703
S0450,SARAFARAJ ALAM,Jan Suraaj Party,JOKIHAT,BIHAR,35354
S0458,MD SHAHNAWAZ ALAM,All India Majlis-E-Ittehadul Muslimeen,KASBA,BIHAR,35309
S0420,ACHCHHELAL PRASAD,Independent,CHIRAIA,BIHAR,34874
S04145,SHASHIKANT KUMAR SHASHI ALIAS AMAR KUMAR SINGH,Independent,SAHEBPUR KAMAL,BIHAR,34781
S04204,OMPRAKASH NARAYAN,Bahujan Samaj Party,MOHANIA,BIHAR,32263
S0489,MD. AFTAB ALAM,Aazad Samaj Party (Kanshi Ram),AURAI,BIHAR,31430
S0466,MD AFTAB ALAM,All India Majlis-E-Ittehadul Muslimeen,PRANPUR,BIHAR,30163
S04135,ABHAY KUMAR SINGH,Independent,MORWA,BIHAR,30046
S0460,SHANKAR SINGH,Independent,RUPAULI,BIHAR,29986
S0450,SHAHNAWAZ,Rashtriya Janata Dal,JOKIHAT,BIHAR,29659
S04200,ABHIMNYU MAURY,Bahujan Samaj Party,BUXAR,BIHAR,29118
S04170,SUDARSHAN KUMAR,Independent,BARBIGHA,BIHAR,28411
S04236,DHARMENDRA KUMAR,Independent,HISUA,BIHAR,27871
S0411,ZULFIQUAR AFTAB,Bahujan Samaj Party,SUGAULI,BIHAR,25036
S0411,AJAY KUMAR JHA,Jan Suraaj Party,SUGAULI,BIHAR,24718
S048,ROHIT KUMAR SIKARIA,Independent,BETTIAH,BIHAR,24665
S04141,MRITUNJAY KUMAR,Jan Suraaj Party,CHERIA,BIHAR,24595
S04213,JYOTI SINGH,Independent,KARAKAT,BIHAR,23469
S04181,Ritesh Ranjan Singh Alias Bittu Singh,Jan Suraaj Party,DIGHA,BIHAR,22071
S0431,MD. SHABBIR,Independent,HARLAKHI,BIHAR,22041
S04142,ABDESH KUMAR RAI,Communist Party of India,BACHHWARA,BIHAR,21588
S04202,LAL JEE RAM,Bahujan Samaj Party,RAJPUR,BIHAR,20498
S04125,SANJEEV SINGH,Indian National Congress,VAISHALI,BIHAR,20395
S0496,HIRALAL KHARIA,Jan Suraaj Party,BARURAJ,BIHAR,19935
S04223,SHAKTI KUMAR MISHRA,Bahujan Samaj Party,AURANGABAD,BIHAR,19776
S04178,PRIYADARSHI PIYUSH,Jan Suraaj Party,MOKAMA,BIHAR,19365
S04237,ANUJ SINGH,Jan Suraaj Party,NAWADA,BIHAR,19349
S04114,RANA PRATAP SINGH,Independent,MANJHI,BIHAR,19139
S0430,ARPNA SINGH,Jan Suraaj Party,BELSAND,BIHAR,19025
S04226,PAWAN KISHORE,Jan Suraaj Party,SHERGHATI,BIHAR,18982
S04210,JAI KUMAR SINGH,Independent,DINARA,BIHAR,17839
S04117,ANKIT KUMAR,Independent,MARHAURA,BIHAR,17310
S0482,MD JALALUDDIN SAHIL,All India Majlis-E-Ittehadul Muslimeen,DARBHANGA RURAL,BIHAR,17008
S04131,RAM BALAK PASWAN,Jan Suraaj Party,KALYANPUR,BIHAR,16574
S0422,MD SHARFUDDIN,Bahujan Samaj Party,SHEOHAR,BIHAR,16469
S04209,RITESH RANJAN,Jan Suraaj Party,KARGAHAR,BIHAR,16298
S04171,LATA SINGH,Jan Suraaj Party,ASTHAWAN,BIHAR,15962
S04126,AMIT KUMAR,All India Majlis-E-Ittehadul Muslimeen,MAHUA,BIHAR,15783
S045,SUNIL KUMAR,Jan Suraaj Party,LAURIYA,BIHAR,15722
S04166,SHIVDEEP W LANDE,Independent,JAMALPUR,BIHAR,15655
S0420,SANJAY KUMAR,Jan Suraaj Party,CHIRAIA,BIHAR,15590
S04183,KRISHNA CHANDRA SINHA,Jan Suraaj Party,KUMHRAR,BIHAR,15017
S04139,ROHIT KUMAR,Jan Suraaj Party,ROSERA,BIHAR,14913
S04226,SHANE ALI KHAN,All India Majlis-E-Ittehadul Muslimeen,SHERGHATI,BIHAR,14754
S0410,KAPIL DEV PRASAD,Jan Suraaj Party,RAXAUL,BIHAR,14656
S04138,RUPANJALI KUMARI,Independent,BIBHUTIPUR,BIHAR,14456
S04234,CHITRANJAN KUMAR,Bahujan Samaj Party,WAZIRGANJ,BIHAR,14303
S04148,YASH RAJ,Rashtriya Lok Janshakti Party,ALAULI,BIHAR,14261
S04101,ANASH SALAM,All India Majlis-E-Ittehadul Muslimeen,GOPALGANJ,BIHAR,14225
S04166,SHAILESH KUMAR,Independent,JAMALPUR,BIHAR,14218
S04129,SANJAY KUMAR RAY,Independent,MAHNAR,BIHAR,14153
S04204,GITA DEVI,Jan Suraaj Party,MOHANIA,BIHAR,14128
S0422,NIRAJ SINGH,Jan Suraaj Party,SHEOHAR,BIHAR,13952
S04138,VISHWANATH CHOUDHARY,Jan Suraaj Party,BIBHUTIPUR,BIHAR,13450
S04100,REYAZUL HAQUE URF RAJU,Bahujan Samaj Party,BARAULI,BIHAR,13397
S04132,SATYANARAYAN SAHANI,Jan Suraaj Party,WARISNAGAR,BIHAR,13081
S04127,MOHIT PASWAN,Communist Party of India,RAJA PAKAR,BIHAR,12990
S0436,RASHID KHALIL,All India Majlis-E-Ittehadul Muslimeen,MADHUBANI,BIHAR,12971
S04237,NASIMA KHATOON,All India Majlis-E-Ittehadul Muslimeen,NAWADA,BIHAR,12835
S0475,KISHOR KUMAR,Jan Suraaj Party,SAHARSA,BIHAR,12786
S04153,NARENDRA KUMAR NIRAJ,Independent,GOPALPUR,BIHAR,12686
S04243,CHANDAN KUMAR SINGH,Independent,CHAKAI,BIHAR,12502
S04202,DHANANJAY KUMAR,Jan Suraaj Party,RAJPUR,BIHAR,12491
S04240,SUBHASH CHANDRA BOSH,Jan Suraaj Party,SIKANDRA,BIHAR,12298
S046,SANTOSH CHAUDHARI,Jan Suraaj Party,NAUTAN,BIHAR,12082
S0442,LAXMI KANT BHARTI,Independent,PIPRA,BIHAR,12014
S04122,CHANDAN LAL MEHTA,Jan Suraaj Party,SONEPUR,BIHAR,11977
S04227,DR. AJEET KUMAR,Jan Suraaj Party,IMAMGANJ,BIHAR,11912
S0483,RAKESH KUMAR MISHRA,Jan Suraaj Party,DARBHANGA,BIHAR,11758
S0438,KESHAVCHANDRA BHANDARI,Jan Suraaj Party,JHANJHARPUR,BIHAR,11563
S0464,MD SHAKIR REZA,All India Majlis-E-Ittehadul Muslimeen,KADWA,BIHAR,11557
S04147,SANJAY KUMAR,Jan Suraaj Party,BAKHRI,BIHAR,11529
S04118,RAKHI GUPTA,Independent,CHAPRA,BIHAR,11488
S0458,PRADEEP KUMAR DAS,Independent,KASBA,BIHAR,11212
S0415,NAJ AHAMAD KHAN,Jan Suraaj Party,KESARIA,BIHAR,11206
S04109,GUDIYA DEVI,Independent,DARAUNDA,BIHAR,11133
S04201,DADAN YADAV,Bahujan Samaj Party,DUMRAON,BIHAR,11127
S04188,SHASHI KANT PRASAD,Jan Suraaj Party,PHULWARI,BIHAR,11100
S0488,ASHOK KUMAR SINGH,Jan Suraaj Party,GAIGHAT,BIHAR,10790
S04240,MANOJ KUMAR DAS,All India Majlis-E-Ittehadul Muslimeen,SIKANDRA,BIHAR,10701
S0442,NOTA,None of the Above,PIPRA,BIHAR,10691
S0446,ANIL KUMAR YADAV,Independent,NARPATGANJ,BIHAR,10669
S0432,DR. B JHA MRINAL,Independent,BENIPATTI,BIHAR,10643
S04208,ASHOK KUMAR,Bahujan Samaj Party,SASARAM,BIHAR,10261
S04155,PAWAN KUMAR YADAV,Independent,KAHALGAON,BIHAR,10244
S04229,NANDLAL KUMAR,Independent,BODH GAYA,BIHAR,10181
S0494,DR. A.K. DAS,Jan Suraaj Party,MUZAFFARPUR,BIHAR,10173
S04121,MOSAHEB MAHTO,Jan Suraaj Party,PARSA,BIHAR,10126
S04106,MUNNA PANDEY,Jan Suraaj Party,ZIRADEI,BIHAR,10125
S04155,PRAVIN SINGH,Indian National Congress,KAHALGAON,BIHAR,10083
S04173,SATYENDRA KUMAR,Jan Suraaj Party,RAJGIR,BIHAR,9916
S0414,KRISHNA KANT MISHRA,Jan Suraaj Party,GOVINDGANJ,BIHAR,9830
S04242,MOHAMMAD IRFAN,Independent,JHAJHA,BIHAR,9578
S0413,AWADHESH KUMAR,Jan Suraaj Party,HARSIDHI,BIHAR,9568
S04140,INDU DEVI,Jan Suraaj Party,HASANPUR,BIHAR,9553
S04134,DURGA PRASAD SINGH,Jan Suraaj Party,UJIARPUR,BIHAR,9502
S0417,SUBODH KUMAR,Jan Suraaj Party,PIPRA,BIHAR,9487
S04119,MUNESHWAR CHAUDHARY,Independent,GARKHA,BIHAR,9453
S04207,NEHA KUMARI,Jan Suraaj Party,CHENARI,BIHAR,9404
S04114,Y.V.GIRI,Jan Suraaj Party,MANJHI,BIHAR,9306
S04193,SURYA BHAN SINGH,Independent,BARHARA,BIHAR,9268
S0465,MD MOAZZAM HUSSAIN,Independent,BALRAMPUR,BIHAR,9195
S04150,TANISHA BHARTI,Indian Inclusive Party,BELDAUR,BIHAR,9188
S04125,SUNIL KUMAR,Jan Suraaj Party,VAISHALI,BIHAR,9108
S04193,SAROJ YADAV,Independent,BARHARA,BIHAR,8984
S0470,SUBODH KUMAR SUMAN,Jan Suraaj Party,ALAMNAGAR,BIHAR,8934
S0489,AKHILESH KUMAR,Independent,AURAI,BIHAR,8915
S04152,PAWAN CHOUDHARY,Jan Suraaj Party,BIHPUR,BIHAR,8821
S04168,SURAJ KUMAR,Jan Suraaj Party,LAKHISARAI,BIHAR,8722
S0489,RADHA RAMAN,Jan Suraaj Party,AURAI,BIHAR,8705
S04115,SHRAVAN KUMAR,Jan Suraaj Party,BANIAPUR,BIHAR,8638
S04131,NOTA,None of the Above,KALYANPUR,BIHAR,8634
S04103,PRITI KINAR,Jan Suraaj Party,BHOREY,BIHAR,8602
S04185,RAJU KUMAR,Jan Suraaj Party,FATUHA,BIHAR,8598
S0436,ANIL KUMAR MISHRA,Jan Suraaj Party,MADHUBANI,BIHAR,8453
S04143,RAM NANDAN SINGH,Jan Suraaj Party,TEGHRA,BIHAR,8442
S04167,AMIT SAGAR,Jan Suraaj Party,SURYAGARHA,BIHAR,8429
S04210,MALTI DEVI,Bahujan Samaj Party,DINARA,BIHAR,8382
S0421,DOCTOR L. B. PRASAD,Jan Suraaj Party,DHAKA,BIHAR,8347
S04226,SURENDRA KUMAR SUMAN,Independent,SHERGHATI,BIHAR,8284
S04225,RAGHVENDRA NARAYAN YADAV,Bahujan Samaj Party,GURUA,BIHAR,8242
S04158,MD ISMAIL,All India Majlis-E-Ittehadul Muslimeen,NATHNAGAR,BIHAR,8226
S049,UTKARSH SRIVASTAVA,Jan Suraaj Party,SIKTA,BIHAR,8181
S04112,SUNIL RAY,Jan Suraaj Party,MAHARAJGANJ,BIHAR,8165
S04101,INDIRA YADAV,Bahujan Samaj Party,GOPALGANJ,BIHAR,8079
S04219,SITARAM DUKHARI,Jan Suraaj Party,GOH,BIHAR,7996
S0431,RATNESHWAR THAKUR,Jan Suraaj Party,HARLAKHI,BIHAR,7982
S04150,NOTA,None of the Above,BELDAUR,BIHAR,7980
S0470,NOTA,None of the Above,ALAMNAGAR,BIHAR,7959
S04177,KAMLESH PASWAN,Jan Suraaj Party,HARNAUT,BIHAR,7927
S04200,TATHAGAT HARSH VARDHAN,Jan Suraaj Party,BUXAR,BIHAR,7920
S04220,SANJAY KUMAR,Bahujan Samaj Party,OBRA,BIHAR,7896
S0473,PRANAV PRAKASH,Independent,MADHEPURA,BIHAR,7894
S0495,NOTA,None of the Above,KANTI,BIHAR,7823
S0490,NOTA,None of the Above,MINAPUR,BIHAR,7805
S04146,SURENDRA KUMAR SAHANI,Jan Suraaj Party,BEGUSARAI,BIHAR,7773
S0434,ALOK KUMAR YADAV,Jan Suraaj Party,BABUBARHI,BIHAR,7740
S04182,VANDANA KUMARI,Jan Suraaj Party,BANKIPUR,BIHAR,7717
S04163,BRAJ KISHOR PANDIT,Jan Suraaj Party,BELHAR,BIHAR,7711
S0429,VIJAY KUMAR SAH,Jan Suraaj Party,RUNNISAIDPUR,BIHAR,7671
S04129,VIPIN KUMAR,Independent,MAHNAR,BIHAR,7657
S04142,RAMOD KUMAR,Jan Suraaj Party,BACHHWARA,BIHAR,7654
S0440,RAM LAKHAN YADAV,Independent,LAUKAHA,BIHAR,7652
S0467,BABLU SOREN,Jan Suraaj Party,MANIHARI,BIHAR,7647
S04113,DEO KUMAR SINGH,Jan Suraaj Party,EKMA,BIHAR,7642
S0430,RANA RANDHIR SINGH CHOUHAN,Bahujan Samaj Party,BELSAND,BIHAR,7600
S04141,RAM SAKHA MAHTO,Independent,CHERIA,BIHAR,7537
S04207,AMIT PASWAN,Aazad Samaj Party (Kanshi Ram),CHENARI,BIHAR,7536
S04103,NOTA,None of the Above,BHOREY,BIHAR,7517
S04213,YOGENDRA SINGH,Jan Suraaj Party,KARAKAT,BIHAR,7503
S0476,VIKASH RAJ,Independent,SIMRI BAKHTIARPUR,BIHAR,7493
S04148,ABHISHANK KUMAR,Jan Suraaj Party,ALAULI,BIHAR,7476
S0486,MOHAMMAD ANISUR RAHMAN,All India Majlis-E-Ittehadul Muslimeen,KEOTI,BIHAR,7474
S04126,ASHMA PARVEEN,Independent,MAHUA,BIHAR,7427
S0463,DR. RAM PRAKASH MAHTO,Independent,KATIHAR,BIHAR,7411
S04213,BANDANA RAJ,Bahujan Samaj Party,KARAKAT,BIHAR,7377
S0499,AJAY PRASAD,Jan Suraaj Party,BAIKUNTHPUR,BIHAR,7335
S04132,ABHINAV RAJ,Independent,WARISNAGAR,BIHAR,7255
S04221,LAV KUMAR SINGH,Independent,NABINAGAR,BIHAR,7075
S04212,PHATE BAHADUR SINGH,Aazad Samaj Party (Kanshi Ram),DEHRI,BIHAR,7003
S0412,LAL BABU PRASAD,Jan Suraaj Party,NARKATIA,BIHAR,7002
S042,PAPPU KUMAR RANJAN,Jan Suraaj Party,RAMNAGAR,BIHAR,6992
S0431,NOTA,None of the Above,HARLAKHI,BIHAR,6978
S04226,NOTA,None of the Above,SHERGHATI,BIHAR,6968
S04206,HEMANT KUMAR CHOUBEY,Jan Suraaj Party,CHAINPUR,BIHAR,6877
S0441,RAM PRAVESH KUMAR YADAV,Jan Suraaj Party,NIRMALI,BIHAR,6877
S04173,NOTA,None of the Above,RAJGIR,BIHAR,6870
S04243,ALIJAVETH SOREN,Independent,CHAKAI,BIHAR,6828
S0497,RANJANA KUMARI,Jan Suraaj Party,PAROO,BIHAR,6825
S0453,MD EKRAMUL HAQUE,Jan Suraaj Party,THAKURGANJ,BIHAR,6806
S0461,NOTA,None of the Above,DHAMDAHA,BIHAR,6781
S04205,JAINENDRA KUMAR ARYA,Jan Suraaj Party,BHABUA,BIHAR,6775
S04144,ARUN KUMAR,Jan Suraaj Party,MATIHANI,BIHAR,6774
S04202,SHIV KUMAR RAM,Suheldev Bharatiya Samaj Party,RAJPUR,BIHAR,6749
S04126,RIMJHIM DEVI,Bahujan Samaj Party,MAHUA,BIHAR,6739
S0493,DHARMENDRA KUMAR,Independent,KURHANI,BIHAR,6733
S04109,SATYANDRA YADAV,Jan Suraaj Party,DARAUNDA,BIHAR,6731
S0459,MANOJ KUMAR RISHI,Jan Suraaj Party,BANMANKHI,BIHAR,6676
S0458,SUBODH RISHIDEV,Independent,KASBA,BIHAR,6674
S0477,NOTA,None of the Above,MAHISHI,BIHAR,6671
S04161,KAUSHAL KUMAR SINGH,Jan Suraaj Party,BANKA,BIHAR,6649
S0490,TEJ NARAYAN SAHNI,Jan Suraaj Party,MINAPUR,BIHAR,6633
S04219,MD EKLAKHA,Aazad Samaj Party (Kanshi Ram),GOH,BIHAR,6631
S04190,SHYAM NANDAN SHARMA,Jan Suraaj Party,PALIGANJ,BIHAR,6612
S04221,VINOD KUMAR,Bahujan Samaj Party,NABINAGAR,BIHAR,6595
S0419,ATUL KUMAR,Jan Suraaj Party,MOTIHARI,BIHAR,6592
S04180,BALMIKI SINGH,Jan Suraaj Party,BAKHTIARPUR,BIHAR,6581
S0480,AMRESH KUMAR AMAR,Jan Suraaj Party,BENIPUR,BIHAR,6558
S04171,NOTA,None of the Above,ASTHAWAN,BIHAR,6550
S0479,SHYAM SUNDAR CHOUDHARY,Independent,GAURA BAURAM,BIHAR,6549
S0480,CHUN CHUN JHA,Independent,BENIPUR,BIHAR,6532
S04208,BINAY KUMAR SINGH,Jan Suraaj Party,SASARAM,BIHAR,6495
S0478,SHATRUDHAN PASWAN,Jan Suraaj Party,KUSHESHWAR ASTHAN,BIHAR,6488
S04134,UPENDRA KUMAR,Independent,UJIARPUR,BIHAR,6452
S0478,NOTA,None of the Above,KUSHESHWAR ASTHAN,BIHAR,6451
S0492,RENU KUMARI URF RENU PASWAN,Jan Suraaj Party,SAKRA,BIHAR,6414
S04210,SANJAY KUMAR,Jan Suraaj Party,DINARA,BIHAR,6406
S041,NOTA,None of the Above,VALMIKI NAGAR,BIHAR,6400
S04172,MANOJ KUMAR TANTI,Independent,BIHARSHARIF,BIHAR,6315
S0485,RAM CHATUR SAHNI,Independent,BAHADURPUR,BIHAR,6312
S048,ANIL KUMAR SINGH,Jan Suraaj Party,BETTIAH,BIHAR,6297
S04160,SUMAN PASWAN,Jan Suraaj Party,DHORAIYA,BIHAR,6284
S0439,JALENDRA MISHRA,Jan Suraaj Party,PHULPARAS,BIHAR,6274
S04112,NITISH KUMAR DIWEDI,Independent,MAHARAJGANJ,BIHAR,6254
S04205,VIKASH KUMAR TIWARI,Rashtriya Lok Janshakti Party,BHABUA,BIHAR,6244
S0441,NOTA,None of the Above,NIRMALI,BIHAR,6240
S04113,NOTA,None of the Above,EKMA,BIHAR,6217
S04170,NOTA,None of the Above,BARBIGHA,BIHAR,6197
S04133,CHETNA JHAMB,Independent,SAMASTIPUR,BIHAR,6193
S04136,KUNAL KUMAR,Independent,SARAIRANJAN,BIHAR,6182
S0427,AAJAM KHAN,Jan Suraaj Party,BAJPATTI,BIHAR,6174
S0488,SUBODH KUMAR SINGH,Independent,GAIGHAT,BIHAR,6157
S04242,NILENDU DUTTA MISHARA,Jan Suraaj Party,JHAJHA,BIHAR,6148
S04103,SURENDRA KUMAR RAM,Bahujan Samaj Party,BHOREY,BIHAR,6132
S04114,NOTA,None of the Above,MANJHI,BIHAR,6113
S0430,NOTA,None of the Above,BELSAND,BIHAR,6110
S04102,VIJAY KUMAR CHOUBEY,Jan Suraaj Party,KUCHAIKOTE,BIHAR,6077
S04222,SHYAMBALI RAM,Jan Suraaj Party,KUTUMBA,BIHAR,6065
S04163,LALAN PRASAD SINGH,Independent,BELHAR,BIHAR,6065
S0458,MD. AFAQUE ALAM,Independent,KASBA,BIHAR,6044
S04172,DINESH KUMAR,Jan Suraaj Party,BIHARSHARIF,BIHAR,6044
S04192,RAJIV RANJAN RAJ,Jan Suraaj Party,SANDESH,BIHAR,6040
S04120,RAHUL KUMAR SINGH,Jan Suraaj Party,AMNOUR,BIHAR,6031
S04222,RAM JANAM RAM,Aazad Samaj Party (Kanshi Ram),KUTUMBA,BIHAR,6022
S04159,NOTA,None of the Above,AMARPUR,BIHAR,6017
S0426,USHA KIRAN,Jan Suraaj Party,SURSAND,BIHAR,5993
S04229,NOTA,None of the Above,BODH GAYA,BIHAR,5960
S0471,NOTA,None of the Above,BIHARIGANJ,BIHAR,5915
S04241,ANIL PRASAD SAH,Jan Suraaj Party,JAMUI,BIHAR,5905
S0472,NOTA,None of the Above,SINGHESHWAR,BIHAR,5895
S0460,NOTA,None of the Above,RUPAULI,BIHAR,5862
S0468,MD MATIUR RAHMAN,All India Majlis-E-Ittehadul Muslimeen,BARARI,BIHAR,5846
S0473,NOTA,None of the Above,MADHEPURA,BIHAR,5828
S04194,DR. VIJAY KUMAR GUPTA,Jan Suraaj Party,ARRAH,BIHAR,5800
S044,NANDESH PANDEY URF CHUNNU PANDEY,Jan Suraaj Party,BAGAHA,BIHAR,5799
S04102,NOTA,None of the Above,KUCHAIKOTE,BIHAR,5783
S04213,NOTA,None of the Above,KARAKAT,BIHAR,5765
S04216,ABHIRAM SINGH,Jan Suraaj Party,JEHANABAD,BIHAR,5760
S0484,PRATIBHA SINGH,Jan Suraaj Party,HAYAGHAT,BIHAR,5759
S0440,NOTA,None of the Above,LAUKAHA,BIHAR,5755
S04127,AJAY KUMAR PASWAN,Independent,RAJA PAKAR,BIHAR,5748
S04168,NOTA,None of the Above,LAKHISARAI,BIHAR,5731
S0421,RANA RANJIT,All India Majlis-E-Ittehadul Muslimeen,DHAKA,BIHAR,5730
S04120,PUJA KUMARI,Bahujan Samaj Party,AMNOUR,BIHAR,5695
S0437,SURENDRA KUMAR DAS,Jan Suraaj Party,RAJNAGAR,BIHAR,5669
S0474,SATYENDRA KUMAR,Jan Suraaj Party,SONBARSHA,BIHAR,5655
S04154,GHANSHYAM DAS,Jan Suraaj Party,PIRPAINTI,BIHAR,5644
S04131,RAJEEV KUMAR,Independent,KALYANPUR,BIHAR,5631
S0464,HIMRAJ SINGH,Independent,KADWA,BIHAR,5615
S04132,NOTA,None of the Above,WARISNAGAR,BIHAR,5605
S0485,MOHAMMAD AMIR HAIDER,Jan Suraaj Party,BAHADURPUR,BIHAR,5579
S0439,RAM KUMAR YADAV,Independent,PHULPARAS,BIHAR,5553
S0434,UMESH KUMAR YADAV,Independent,BABUBARHI,BIHAR,5547
S04102,BALIRAM SINGH,Bahujan Samaj Party,KUCHAIKOTE,BIHAR,5542
S0474,NOTA,None of the Above,SONBARSHA,BIHAR,5522
S0442,INDRADEV SAH,Jan Suraaj Party,PIPRA,BIHAR,5519
S04149,MANISH KUMAR SINGH,Independent,KHAGARIA,BIHAR,5507
S04136,SAJAN KUMAR MISHRA,Jan Suraaj Party,SARAIRANJAN,BIHAR,5493
S04163,NOTA,None of the Above,BELHAR,BIHAR,5462
S04132,ZAHID IQBAL,Independent,WARISNAGAR,BIHAR,5430
S0480,AVADHESH KUMAR JHA,Independent,BENIPUR,BIHAR,5428
S0412,NOTA,None of the Above,NARKATIA,BIHAR,5425
S04192,MUKESH SINGH,Independent,SANDESH,BIHAR,5399
S043,SHASHWAT KEDAR,Indian National Congress,NARKATIAGANJ,BIHAR,5388
S0418,VIJAY KUMAR KUSHWAHA,Jan Suraaj Party,MADHUBAN,BIHAR,5383
S04177,NOTA,None of the Above,HARNAUT,BIHAR,5380
S0471,KARN KUMAR MISHRA,Independent,BIHARIGANJ,BIHAR,5372
S0465,BARUN KUMAR JHA,Independent,BALRAMPUR,BIHAR,5372
S04206,RAJA LAL SINGH,Bhagidari Party(P),CHAINPUR,BIHAR,5338
S04119,MANOHAR KUMAR RAM,Jan Suraaj Party,GARKHA,BIHAR,5314
S041,RAMESHWAR YADAV,Bahujan Samaj Party,VALMIKI NAGAR,BIHAR,5312
S04188,ARUN KUMAR RAJAK,Aam Aadmi Party,PHULWARI,BIHAR,5305
S04206,UTTAM PATEL,Independent,CHAINPUR,BIHAR,5302
S0424,NAWAL KISHOR CHOUDHARY,Jan Suraaj Party,BATHNAHA,BIHAR,5282
S04201,SHIVANG VIJAY SINGH,Jan Suraaj Party,DUMRAON,BIHAR,5273
S04184,VINITA MISHRA,Jan Suraaj Party,PATNA SAHIB,BIHAR,5263
S0491,UMESH KUMAR RAJAK,Jan Suraaj Party,BOCHAHAN,BIHAR,5255
S0434,NOTA,None of the Above,BABUBARHI,BIHAR,5248
S04150,GAJENDRA KUMAR SINGH,Jan Suraaj Party,BELDAUR,BIHAR,5235
S04158,AJAY KUMAR ROY,Jan Suraaj Party,NATHNAGAR,BIHAR,5233
S0411,NOTA,None of the Above,SUGAULI,BIHAR,5227
S0443,NOTA,None of the Above,SUPAUL,BIHAR,5221
S0416,MANTOSH KUMAR SAHNI,Jan Suraaj Party,KALYANPUR,BIHAR,5206
S04176,KUMARI POONAM SINHA,Jan Suraaj Party,NALANDA,BIHAR,5206
S04158,NOTA,None of the Above,NATHNAGAR,BIHAR,5203
S04162,NOTA,None of the Above,KATORIA,BIHAR,5187
S04141,NOTA,None of the Above,CHERIA,BIHAR,5151
S04109,NOTA,None of the Above,DARAUNDA,BIHAR,5151
S0487,RANJIT SHARMA,Jan Suraaj Party,JALE,BIHAR,5150
S04189,NOTA,None of the Above,MASAURHI,BIHAR,5146
S04206,GOVIND VIND,Vikassheel Insaan Party,CHAINPUR,BIHAR,5144
S0443,ANIL KUMAR SINGH,Jan Suraaj Party,SUPAUL,BIHAR,5139
S0478,SATYA NARAYAN PASWAN,Mazdoor Ekta Party,KUSHESHWAR ASTHAN,BIHAR,5127
S0461,MOHD ISHTIYAQUE ALAM,All India Majlis-E-Ittehadul Muslimeen,DHAMDAHA,BIHAR,5126
S0447,NOTA,None of the Above,RANIGANJ,BIHAR,5118
S04101,ANUP KUMAR SHRIVASTAVA,Independent,GOPALGANJ,BIHAR,5116
S04197,VIJAY SINGH,Jan Suraaj Party,JAGDISHPUR,BIHAR,5106
S04106,PRAMOD KUMAR MALL,Bahujan Samaj Party,ZIRADEI,BIHAR,5102
S04104,SANJAY KUMAR SUMAN,Jan Suraaj Party,HATHUA,BIHAR,5089
S04116,SATYENDRA KU SAHNI,Jan Suraaj Party,TARAIYA,BIHAR,5086
S04236,SURY DEV PRASAD,Jan Suraaj Party,HISUA,BIHAR,5063
S04187,NOTA,None of the Above,MANER,BIHAR,5041
S04215,RAMBALI SINGH,Jan Suraaj Party,KURTHA,BIHAR,5030
S0474,KIRAN DEVI,Bahujan Samaj Party,SONBARSHA,BIHAR,5019
S04234,SANTOSH KUMAR,Jan Suraaj Party,WAZIRGANJ,BIHAR,5017
S0476,NOTA,None of the Above,SIMRI BAKHTIARPUR,BIHAR,4996
S04241,AMRENDRA ALIAS KHOKHAN SINGH,Independent,JAMUI,BIHAR,4982
S04150,SUNITA SHARMA,Rashtriya Lok Janshakti Party,BELDAUR,BIHAR,4978
S04201,PRADIP KUMAR SHARAN,Suheldev Bharatiya Samaj Party,DUMRAON,BIHAR,4976
S0468,SHIVPUJAN PASWAN,Independent,BARARI,BIHAR,4962
S04224,NOTA,None of the Above,RAFIGANJ,BIHAR,4958
S04236,NOTA,None of the Above,HISUA,BIHAR,4941
S04133,MANOJ KUMAR SINGH,Jan Suraaj Party,SAMASTIPUR,BIHAR,4938
S04191,AJEET KUMAR,Janshakti Janta Dal,BIKRAM,BIHAR,4937
S0496,NOTA,None of the Above,BARURAJ,BIHAR,4926
S04145,MD. SHAHZADUZZAMA ALIAS SAIFY,Independent,SAHEBPUR KAMAL,BIHAR,4905
S04206,SUSHANK KUMAR SINGH,Suheldev Bharatiya Samaj Party,CHAINPUR,BIHAR,4900
S04115,NOTA,None of the Above,BANIAPUR,BIHAR,4876
S0417,RAJMANGAL PRASAD,Independent,PIPRA,BIHAR,4872
S0467,SAIF ALI KHAN,Nationalist Congress Party,MANIHARI,BIHAR,4865
S0496,AWADHESH KUMAR GUPTA,Independent,BARURAJ,BIHAR,4857
S04188,NOTA,None of the Above,PHULWARI,BIHAR,4844
S0422,NOTA,None of the Above,SHEOHAR,BIHAR,4842
S04211,NASRULLAH KHAN,Jan Suraaj Party,NOKHA,BIHAR,4831
S04176,NOTA,None of the Above,NALANDA,BIHAR,4829
S0486,BILTU SAHNI,Jan Suraaj Party,KEOTI,BIHAR,4816
S04117,NOTA,None of the Above,MARHAURA,BIHAR,4809
S04138,NOTA,None of the Above,BIBHUTIPUR,BIHAR,4807
S04100,SONU KUMAR,Independent,BARAULI,BIHAR,4804
S04218,SHANKAR SWARUP,Jan Suraaj Party,MAKHDUMPUR,BIHAR,4803
S04185,SANJEET KUMAR,Independent,FATUHA,BIHAR,4802
S04159,SUJATA VAIDYA,Jan Suraaj Party,AMARPUR,BIHAR,4789
S04153,NOTA,None of the Above,GOPALPUR,BIHAR,4782
S04174,TANUJA KUMARI,Jan Suraaj Party,ISLAMPUR,BIHAR,4779
S0445,NOTA,None of the Above,CHHATAPUR,BIHAR,4767
S0436,RAM SAGAR SHARMA,Jagrook Janta Party,MADHUBANI,BIHAR,4760
S04171,HIMANSHU KUMAR PASWAN,Aazad Samaj Party (Kanshi Ram),ASTHAWAN,BIHAR,4755
S0481,NOTA,None of the Above,ALINAGAR,BIHAR,4751
S0498,NOTA,None of the Above,SAHEBGANJ,BIHAR,4736
S04106,NOTA,None of the Above,ZIRADEI,BIHAR,4707
S04153,MANKESHWAR SINGH ALIAS MANTU SINGH,Jan Suraaj Party,GOPALPUR,BIHAR,4701
S04123,PRATIBHA SINHA,Jan Suraaj Party,HAJIPUR,BIHAR,4701
S04127,MUKESH KUMAR,Jan Suraaj Party,RAJA PAKAR,BIHAR,4701
S0470,RUBI KUMARI,Independent,ALAMNAGAR,BIHAR,4695
S0417,BIPUL KUMAR,Bahujan Samaj Party,PIPRA,BIHAR,4695
S04189,RAJESHWAR MANJHI,Jan Suraaj Party,MASAURHI,BIHAR,4693
S04110,SHYAM BAHADUR SINGH,Independent,BARHARIA,BIHAR,4692
S04170,MUKESH KUMAR SINGH,Jan Suraaj Party,BARBIGHA,BIHAR,4684
S04121,NOTA,None of the Above,PARSA,BIHAR,4677
S04140,MANOJ MUKHIYA,Independent,HASANPUR,BIHAR,4673
S0487,FAISHAL RAHMAN,All India Majlis-E-Ittehadul Muslimeen,JALE,BIHAR,4666
S04219,NOTA,None of the Above,GOH,BIHAR,4649
S0482,SHYAM PASWAN,Independent,DARBHANGA RURAL,BIHAR,4638
S0433,RUPAM KUMARI,Jan Suraaj Party,KHAJAULI,BIHAR,4637
S0473,SHASHI KUMAR,Jan Suraaj Party,MADHEPURA,BIHAR,4634
S04107,GANESH RAM,Jan Suraaj Party,DARAULI,BIHAR,4630
S04242,NOTA,None of the Above,JHAJHA,BIHAR,4619
S04178,NOTA,None of the Above,MOKAMA,BIHAR,4609
S0487,MASKOOR AHMAD USMANI,Independent,JALE,BIHAR,4605
S04199,MAHAVIR YADAV,Bahujan Samaj Party,BRAHAMPUR,BIHAR,4599
S0456,MOHD PARVEJ ALAM,Independent,AMOUR,BIHAR,4585
S0440,RENU YADAV,Jan Suraaj Party,LAUKAHA,BIHAR,4579
S04216,NOTA,None of the Above,JEHANABAD,BIHAR,4577
S049,NOTA,None of the Above,SIKTA,BIHAR,4568
S0415,SUNIL KUMAR,Independent,KESARIA,BIHAR,4567
S04220,MD TAUFIQUE ALAM,Independent,OBRA,BIHAR,4566
S04125,NOTA,None of the Above,VAISHALI,BIHAR,4562
S04202,ANIL KUMAR RAM,Aazad Samaj Party (Kanshi Ram),RAJPUR,BIHAR,4557
S04107,NOTA,None of the Above,DARAULI,BIHAR,4546
S04151,NOTA,None of the Above,PARBATTA,BIHAR,4543
S04174,NOTA,None of the Above,ISLAMPUR,BIHAR,4532
S04133,NOTA,None of the Above,SAMASTIPUR,BIHAR,4527
S04243,NOTA,None of the Above,CHAKAI,BIHAR,4522
S0482,NOTA,None of the Above,DARBHANGA RURAL,BIHAR,4516
S0438,KRISHNA KUMAR SAHU,Independent,JHANJHARPUR,BIHAR,4513
S04129,DR. RAJESH KUMAR,Jan Suraaj Party,MAHNAR,BIHAR,4512
S0497,VIJAY KUMAR,Bahujan Samaj Party,PAROO,BIHAR,4509
S0444,PRADEEP RAM,Jan Suraaj Party,TRIVENIGANJ,BIHAR,4490
S0416,MD BADIUZZAMAN,Bahujan Samaj Party,KALYANPUR,BIHAR,4490
S0471,AMLESH ROY,Jan Suraaj Party,BIHARIGANJ,BIHAR,4486
S04230,DHIRENDRA AGARWAL,Jan Suraaj Party,GAYA TOWN,BIHAR,4479
S04153,SANJIV KUMAR YADAV ALIAS MOTI YADAV,Independent,GOPALPUR,BIHAR,4472
S0422,VIJAYCHANDRA JHA,Independent,SHEOHAR,BIHAR,4466
S04234,NOTA,None of the Above,WAZIRGANJ,BIHAR,4460
S0480,MAHENDRA NARAYAN MAHTO,Independent,BENIPUR,BIHAR,4457
S04167,NOTA,None of the Above,SURYAGARHA,BIHAR,4456
S04163,RAJESH KUMAR PASWAN,Independent,BELHAR,BIHAR,4451
S04124,DHIRENDRA KUMAR MAHTO,Independent,LALGANJ,BIHAR,4441
S04224,SUMAN KUMARI,Bahujan Samaj Party,RAFIGANJ,BIHAR,4432
S04136,NOTA,None of the Above,SARAIRANJAN,BIHAR,4428
S04203,ANAND KUMAR SINGH,Jan Suraaj Party,RAMGARH,BIHAR,4426
S04137,RAJKAPOOR SINGH,Jan Suraaj Party,MOHIUDDINNAGAR,BIHAR,4414
S0417,RAVIRANJAN KUMAR,Independent,PIPRA,BIHAR,4410
S04238,NOTA,None of the Above,GOBINDPUR,BIHAR,4404
S04157,RAKESH KUMAR,Jan Suraaj Party,SULTANGANJ,BIHAR,4402
S04225,SANJEEVA SHYAM SINGH,Jan Suraaj Party,GURUA,BIHAR,4400
S04211,SUNITA KUMARI,Bahujan Samaj Party,NOKHA,BIHAR,4373
S04112,RAVINDRA KUMAR,Independent,MAHARAJGANJ,BIHAR,4358
S0475,DEVCHANDRA YADAV,Independent,SAHARSA,BIHAR,4353
S0415,CHANDRESHWAR MISHRA,Independent,KESARIA,BIHAR,4342
S04144,NOTA,None of the Above,MATIHANI,BIHAR,4337
S04216,RITESH KUMAR,Independent,JEHANABAD,BIHAR,4330
S04228,NOTA,None of the Above,BARACHATTI,BIHAR,4329
S04212,PRADEEP LALLAN SINGH,Jan Suraaj Party,DEHRI,BIHAR,4323
S04237,RAVISH KUMAR,Independent,NAWADA,BIHAR,4317
S0429,NOTA,None of the Above,RUNNISAIDPUR,BIHAR,4315
S04235,NOTA,None of the Above,RAJAULI,BIHAR,4286
S04157,AJIT KUMAR,Independent,SULTANGANJ,BIHAR,4286
S04231,NOTA,None of the Above,TIKARI,BIHAR,4268
S04207,SUKHARI RAM,Independent,CHENARI,BIHAR,4266
S0459,NOTA,None of the Above,BANMANKHI,BIHAR,4255
S04175,UMESH KUMAR VERMA,Jan Suraaj Party,HILSA,BIHAR,4252
S0495,SUDARSHAN MISHRA,Jan Suraaj Party,KANTI,BIHAR,4251
S0411,JITENDRA TIWARI,Kisan Suraj Dal,SUGAULI,BIHAR,4250
S0444,JITENDRA RAM,Rashtriya Jansambhavna Party,TRIVENIGANJ,BIHAR,4246
S044,DINESH AGRAWAL,Independent,BAGAHA,BIHAR,4239
S043,MD. WASIULLAH,Jan Suraaj Party,NARKATIAGANJ,BIHAR,4238
S04149,JAYANTI PATEL,Jan Suraaj Party,KHAGARIA,BIHAR,4232
S0432,PARVEZ ALAM,Jan Suraaj Party,BENIPATTI,BIHAR,4220
S04124,AMAR KUMAR SINGH,Jan Suraaj Party,LALGANJ,BIHAR,4215
S04224,SURYADEEP SINGH,Independent,RAFIGANJ,BIHAR,4215
S0439,NOTA,None of the Above,PHULPARAS,BIHAR,4206
S0498,THAKUR HARI KISHORE SINGH,Jan Suraaj Party,SAHEBGANJ,BIHAR,4197
S0498,VIKKY KUMAR,Independent,SAHEBGANJ,BIHAR,4187
S04169,RAJESH KUMAR,Jan Suraaj Party,SHEIKHPURA,BIHAR,4184
S04130,DASAI CHAUDHARY,Jan Suraaj Party,PATEPUR,BIHAR,4181
S04132,GOVIND KUMAR,Rashtriya Lok Janshakti Party,WARISNAGAR,BIHAR,4178
S04192,NOTA,None of the Above,SANDESH,BIHAR,4160
S04194,NOTA,None of the Above,ARRAH,BIHAR,4154
S0444,NOTA,None of the Above,TRIVENIGANJ,BIHAR,4153
S04161,JAWAHAR KUMAR JHA,Independent,BANKA,BIHAR,4145
S0499,PRADEEP KUMAR,Bahujan Samaj Party,BAIKUNTHPUR,BIHAR,4142
S0450,MD  ISMAIL,Bharatiya Momin Front,JOKIHAT,BIHAR,4137
S04135,JAGRITI,Jan Suraaj Party,MORWA,BIHAR,4131
S04125,BRISHIN PATEL,Independent,VAISHALI,BIHAR,4116
S04157,NOTA,None of the Above,SULTANGANJ,BIHAR,4108
S04239,NOTA,None of the Above,WARSALIGANJ,BIHAR,4102
S04103,DHARMENDRA KUMAR RAM,Aam Aadmi Party,BHOREY,BIHAR,4095
S04221,ARCHANA CHANDRA,Jan Suraaj Party,NABINAGAR,BIHAR,4085
S0449,SHIVDEEP W LANDE,Independent,ARARIA,BIHAR,4085
S04196,NOTA,None of the Above,TARARI,BIHAR,4078
S04189,MANOJ KUMAR,Bahujan Samaj Party,MASAURHI,BIHAR,4076
S0493,MOHAMMAD ALI IRFAN,Jan Suraaj Party,KURHANI,BIHAR,4075
S04136,RANJIT KUMAR PANDIT,Independent,SARAIRANJAN,BIHAR,4059
S0458,NOTA,None of the Above,KASBA,BIHAR,4050
S04168,VIJAY KUMAR,Independent,LAKHISARAI,BIHAR,4045
S04221,NOTA,None of the Above,NABINAGAR,BIHAR,4042
S0423,RAMASHISH RAY,Independent,RIGA,BIHAR,4041
S0474,RAJESH RAM,Independent,SONBARSHA,BIHAR,4038
S045,PAPPU KUMAR THAKUR,The Plurals Party,LAURIYA,BIHAR,4035
S04128,NOTA,None of the Above,RAGHOPUR,BIHAR,4033
S0469,NIRMAL KUMAR RAJ,Jan Suraaj Party,KORHA,BIHAR,4028
S04229,LAKSHMAN MANJHI,Jan Suraaj Party,BODH GAYA,BIHAR,4024
S04140,NOTA,None of the Above,HASANPUR,BIHAR,4013
S04100,NOTA,None of the Above,BARAULI,BIHAR,4006
S0450,NOTA,None of the Above,JOKIHAT,BIHAR,4003
S0474,PARMOD SADA,Independent,SONBARSHA,BIHAR,3998
S04201,HEMLATA,Independent,DUMRAON,BIHAR,3994
S0445,DEEPAK KUMAR,Independent,CHHATAPUR,BIHAR,3993
S04243,SOSANA MURMU,Independent,CHAKAI,BIHAR,3980
S04187,SANDIP KUMAR SINGH ALIAS GOPAL SANDEEP SINGH,Jan Suraaj Party,MANER,BIHAR,3980
S0472,VIRENDRA KUMAR SHARMA,Independent,SINGHESHWAR,BIHAR,3978
S04220,UDAY NARAYAN RAJBHAR,Suheldev Bharatiya Samaj Party,OBRA,BIHAR,3968
S04228,HEMANT KUMAR,Jan Suraaj Party,BARACHATTI,BIHAR,3967
S0444,SANJAY RAM,Bahujan Samaj Party,TRIVENIGANJ,BIHAR,3965
S04197,NOTA,None of the Above,JAGDISHPUR,BIHAR,3955
S04148,NOTA,None of the Above,ALAULI,BIHAR,3953
S04198,PADMA OJHA,Jan Suraaj Party,SHAHPUR,BIHAR,3948
S04225,NOTA,None of the Above,GURUA,BIHAR,3946
S04185,NOTA,None of the Above,FATUHA,BIHAR,3938
S04110,NOTA,None of the Above,BARHARIA,BIHAR,3932
S04238,POONAM KUMARI,Jan Suraaj Party,GOBINDPUR,BIHAR,3917
S04107,MANOJ RAM,Suheldev Bharatiya Samaj Party,DARAULI,BIHAR,3908
S04164,SANTOSH KUMAR SINGH,Jan Suraaj Party,TARAPUR,BIHAR,3898
S0486,DHIRENDRA KUMAR DHEERAJ,Independent,KEOTI,BIHAR,3895
S0452,NOTA,None of the Above,BAHADURGANJ,BIHAR,3887
S04139,RAJESH KUMAR PASWAN,Independent,ROSERA,BIHAR,3885
S04195,RAMESH KUMAR,Jan Suraaj Party,AGIAON,BIHAR,3882
S04214,VEERENDRA PRASAD,Independent,ARWAL,BIHAR,3879
S04236,SUNIL KUMAR NIRALA,Independent,HISUA,BIHAR,3870
S04193,RANVIJAY KUMAR SINGH,Independent,BARHARA,BIHAR,3863
S04166,LALAN JEE,Jan Suraaj Party,JAMALPUR,BIHAR,3863
S04175,NOTA,None of the Above,HILSA,BIHAR,3853
S0417,NOTA,None of the Above,PIPRA,BIHAR,3850
S04235,AKHLESH KUMAR,Bahujan Samaj Party,RAJAULI,BIHAR,3832
S04115,SHYAM KUMAR SINGH,Independent,BANIAPUR,BIHAR,3831
S043,ISHTEYAK AHAMAD,Independent,NARKATIAGANJ,BIHAR,3831
S04240,NOTA,None of the Above,SIKANDRA,BIHAR,3825
S04169,VIJAY KUMAR S/O SADHUSHARAN PRASAD,Independent,SHEIKHPURA,BIHAR,3819
S0464,NOTA,None of the Above,KADWA,BIHAR,3818
S0491,NOTA,None of the Above,BOCHAHAN,BIHAR,3815
S0482,SHOAIB AHMED KHAN,Jan Suraaj Party,DARBHANGA RURAL,BIHAR,3814
S0453,BASUDEV SINGH,Independent,THAKURGANJ,BIHAR,3814
S0491,RAJGEER PASWAN,Bajjikanchal Vikas Party,BOCHAHAN,BIHAR,3812
S0424,NOTA,None of the Above,BATHNAHA,BIHAR,3807
S04131,RATNESHWAR RAM,Bahujan Samaj Party,KALYANPUR,BIHAR,3805
S0456,AFAROJ,Jan Suraaj Party,AMOUR,BIHAR,3802
S04188,PUJA KUMARI,Independent,PHULWARI,BIHAR,3798
S0451,MD RAGHIB,Jan Suraaj Party,SIKTI,BIHAR,3789
S04104,SHABANM KHATUN,Bahujan Samaj Party,HATHUA,BIHAR,3789
S0488,NOTA,None of the Above,GAIGHAT,BIHAR,3788
S04220,SUDHIR KUMAR SHARMA,Jan Suraaj Party,OBRA,BIHAR,3779
S0442,HEMA BHARTI,Independent,PIPRA,BIHAR,3772
S0435,MD MOHIUDDIN,Independent,BISFI,BIHAR,3772
S0414,NITESH KUMAR SHRIVASTAVA,The Plurals Party,GOVINDGANJ,BIHAR,3770
S0467,RAM RATAN PRASAD,Rashtriya Lok Janshakti Party,MANIHARI,BIHAR,3761
S0446,SHRAVAN KUMAR DAS,Independent,NARPATGANJ,BIHAR,3761
S0440,SOMAN PANDIT,Independent,LAUKAHA,BIHAR,3754
S04110,SHEKH SHAHNAWAZ ALAM,Jan Suraaj Party,BARHARIA,BIHAR,3750
S04120,NOTA,None of the Above,AMNOUR,BIHAR,3749
S04190,SHAMBHU KUMAR,Independent,PALIGANJ,BIHAR,3747
S0429,SANJAY KUMAR,Independent,RUNNISAIDPUR,BIHAR,3737
S04231,SUBODH KUMAR SINGH,Independent,TIKARI,BIHAR,3730
S0439,VIJAY KUMAR CHAUDHARI,Independent,PHULPARAS,BIHAR,3728
S04214,SHEKHAR RAM,Bahujan Samaj Party,ARWAL,BIHAR,3719
S04217,ANURADHA SINHA,Bahujan Samaj Party,GHOSI,BIHAR,3715
S0462,SANTOSH KUMAR SINGH,Jan Suraaj Party,PURNIA,BIHAR,3701
S04112,NOTA,None of the Above,MAHARAJGANJ,BIHAR,3675
S04229,ASHOK KUMAR PASWAN,Vikas Vanchit Insan Party,BODH GAYA,BIHAR,3675
S04147,NOTA,None of the Above,BAKHRI,BIHAR,3673
S04221,MRITUNJAY KUMAR,Independent,NABINAGAR,BIHAR,3670
S04243,ALLAUDIN ANSARI,Rashtriya Lok Janshakti Party,CHAKAI,BIHAR,3667
S0484,MOHAMMAD MAHTAB ALAM,Independent,HAYAGHAT,BIHAR,3667
S0479,NOTA,None of the Above,GAURA BAURAM,BIHAR,3663
S04149,NOTA,None of the Above,KHAGARIA,BIHAR,3662
S04111,NOTA,None of the Above,GORIAKOTHI,BIHAR,3655
S0473,MUKESH KUMAR,Aam Aadmi Party,MADHEPURA,BIHAR,3652
S04162,REKHA SOREN,Independent,KATORIA,BIHAR,3652
S04126,RAM SAGAR SAHNI,Independent,MAHUA,BIHAR,3649
S04104,NAURAJ SAH,Independent,HATHUA,BIHAR,3640
S04180,NOTA,None of the Above,BAKHTIARPUR,BIHAR,3635
S0439,GAURI SHANKAR YADAV,Aam Aadmi Party,PHULPARAS,BIHAR,3635
S04179,NOTA,None of the Above,BARH,BIHAR,3631
S04195,NOTA,None of the Above,AGIAON,BIHAR,3631
S0426,RAJEEV NAND,Independent,SURSAND,BIHAR,3625
S04238,SURJEET KUMAR,Independent,GOBINDPUR,BIHAR,3611
S0449,NOTA,None of the Above,ARARIA,BIHAR,3610
S0453,NOTA,None of the Above,THAKURGANJ,BIHAR,3609
S04165,MONAZIR HASSAN,All India Majlis-E-Ittehadul Muslimeen,MUNGER,BIHAR,3598
S04227,NOTA,None of the Above,IMAMGANJ,BIHAR,3596
S0492,SATEESH KUMAR,Independent,SAKRA,BIHAR,3594
S04132,UPENDRA PRASAD ROY,Aam Aadmi Party,WARISNAGAR,BIHAR,3591
S04176,BAIJNATH PRASAD,Bharatheeya Jawan Kisan Party,NALANDA,BIHAR,3581
S0484,PROBHENDRA JHA,Independent,HAYAGHAT,BIHAR,3578
S04139,DEVENDRA KUMAR PASWAN,Bhartiya Mahasangh Party,ROSERA,BIHAR,3574
S04135,NOTA,None of the Above,MORWA,BIHAR,3571
S0437,RAMPARI DEVI,Aam Janta Pragati Party,RAJNAGAR,BIHAR,3568
S04146,NOTA,None of the Above,BEGUSARAI,BIHAR,3560
S0492,NOTA,None of the Above,SAKRA,BIHAR,3535
S0436,NOTA,None of the Above,MADHUBANI,BIHAR,3528
S04172,NOTA,None of the Above,BIHARSHARIF,BIHAR,3524
S0433,NOTA,None of the Above,KHAJAULI,BIHAR,3522
S04218,SUDHIR CHOUDHARY,Bahujan Samaj Party,MAKHDUMPUR,BIHAR,3517
S04208,MD SHAHZAD HUSSAIN,Aazad Samaj Party (Kanshi Ram),SASARAM,BIHAR,3517
S0472,PRAMOD KUMAR RAM,Jan Suraaj Party,SINGHESHWAR,BIHAR,3516
S04233,NOTA,None of the Above,ATRI,BIHAR,3516
S04225,SYED IMRAN NABI,Aazad Samaj Party (Kanshi Ram),GURUA,BIHAR,3514
S04207,SWETA DEVI,Bahujan Samaj Party,CHENARI,BIHAR,3511
S0499,RAM NARAYAN SINGH,Rashtrawadi Janlok Party (Satya),BAIKUNTHPUR,BIHAR,3497
S04105,MOHAMMAD KAIFI SAMSHIR,All India Majlis-E-Ittehadul Muslimeen,SIWAN,BIHAR,3493
S04217,WASIF HUSNAIN,Independent,GHOSI,BIHAR,3493
S0429,IMTIYAZ ALAM NASIR AHMED,Desh Janhit Party,RUNNISAIDPUR,BIHAR,3490
S04117,SANDEV KUMAR RAY,Independent,MARHAURA,BIHAR,3483
S04108,NOTA,None of the Above,RAGHUNATHPUR,BIHAR,3478
S04127,KAVITA KUMARI,Independent,RAJA PAKAR,BIHAR,3477
S04179,MAHESH PRASAD SINGH,Jan Suraaj Party,BARH,BIHAR,3473
S04193,NOTA,None of the Above,BARHARA,BIHAR,3471
S0414,ASHUTOSH KUMAR,Janshakti Janta Dal,GOVINDGANJ,BIHAR,3471
S0478,YOGI CHAUPAL,Aam Aadmi Party,KUSHESHWAR ASTHAN,BIHAR,3464
S04134,RANVEER KUMAR CHOURASIYA,Independent,UJIARPUR,BIHAR,3463
S0465,MD ZINNAH,Independent,BALRAMPUR,BIHAR,3446
S0489,NOTA,None of the Above,AURAI,BIHAR,3443
S045,MOHAMMAD HAROON,Bahujan Samaj Party,LAURIYA,BIHAR,3442
S0492,SACHINDRA KUMAR,Independent,SAKRA,BIHAR,3441
S04158,SHARADA DEVI,Independent,NATHNAGAR,BIHAR,3434
S04118,JAI PRAKASH SINGH,Jan Suraaj Party,CHAPRA,BIHAR,3433
S0458,MD. ITTEFAQUE ALAM,Jan Suraaj Party,KASBA,BIHAR,3430
S04130,SANJAY PASWAN,Independent,PATEPUR,BIHAR,3423
S04174,SITARAM SINGH,Independent,ISLAMPUR,BIHAR,3416
S04172,MOHIT KUMAR ALIAS KUNDAN KUMAR,Independent,BIHARSHARIF,BIHAR,3405
S04211,NOTA,None of the Above,NOKHA,BIHAR,3400
S04114,NASIM AHAMAD,Aazad Samaj Party (Kanshi Ram),MANJHI,BIHAR,3400
S04145,MD. ABDULLAH,Jan Suraaj Party,SAHEBPUR KAMAL,BIHAR,3396
S04155,RAMCHANDRA MANDAL,Independent,KAHALGAON,BIHAR,3385
S0415,NOTA,None of the Above,KESARIA,BIHAR,3382
S04214,KUNTI DEVI,Jan Suraaj Party,ARWAL,BIHAR,3376
S0493,MANISH KUMAR,Independent,KURHANI,BIHAR,3368
S0451,BHOLA PRASAD SINGH,Bahujan Samaj Party,SIKTI,BIHAR,3357
S04190,SATYA NARAYAN YADAV,Independent,PALIGANJ,BIHAR,3354
S04223,NOTA,None of the Above,AURANGABAD,BIHAR,3352
S04155,MANJAR ALAM,Jan Suraaj Party,KAHALGAON,BIHAR,3348
S04215,ASHOK KUMAR,Bahujan Samaj Party,KURTHA,BIHAR,3338
S04191,NOTA,None of the Above,BIKRAM,BIHAR,3338
S04175,SHUKESH KUMAR,Independent,HILSA,BIHAR,3337
S0489,SHEO SHANKAR GUPTA,Aam Aadmi Party,AURAI,BIHAR,3333
S04229,RAMSWRUP RISHIYASAN,Independent,BODH GAYA,BIHAR,3327
S04235,NARESH CHAUDHARI,Jan Suraaj Party,RAJAULI,BIHAR,3321
S0415,VINOD KUMAR,Janshakti Janta Dal,KESARIA,BIHAR,3313
S0466,NOTA,None of the Above,PRANPUR,BIHAR,3313
S04140,FULO SAHNI,Independent,HASANPUR,BIHAR,3294
S04187,SHANKAR KUMAR,Janshakti Janta Dal,MANER,BIHAR,3290
S04111,EJAZ AHMAD SIDDIQUE,Jan Suraaj Party,GORIAKOTHI,BIHAR,3281
S04119,AVINASH KUMAR,Bahujan Samaj Party,GARKHA,BIHAR,3278
S04242,AMARJEET KUMAR SINGH,National Peoples Party,JHAJHA,BIHAR,3278
S04197,RAJEEV RANJAN,Independent,JAGDISHPUR,BIHAR,3272
S04152,NOTA,None of the Above,BIHPUR,BIHAR,3269
S04237,NOTA,None of the Above,NAWADA,BIHAR,3268
S0488,MITHILESH MANJHI,Independent,GAIGHAT,BIHAR,3264
S0416,NOTA,None of the Above,KALYANPUR,BIHAR,3260
S04135,RANJEET KUMAR,Apna Kisan Party,MORWA,BIHAR,3259
S044,NOTA,None of the Above,BAGAHA,BIHAR,3259
S0463,MANISHA KUMARI,Peoples Party of India (Democratic),KATIHAR,BIHAR,3253
S04206,MAJNU GOND,Aazad Samaj Party (Kanshi Ram),CHAINPUR,BIHAR,3252
S04156,ABHAY KANT JHA,Jan Suraaj Party,BHAGALPUR,BIHAR,3251
S04173,VIJAY PASWAN,Independent,RAJGIR,BIHAR,3249
S04155,NOTA,None of the Above,KAHALGAON,BIHAR,3249
S0479,AKHTAR SHAHANSHA,All India Majlis-E-Ittehadul Muslimeen,GAURA BAURAM,BIHAR,3243
S04186,NOTA,None of the Above,DANAPUR,BIHAR,3242
S0431,ANIL JHA,Independent,HARLAKHI,BIHAR,3240
S04110,HARERAM SINGH,Independent,BARHARIA,BIHAR,3229
S046,NOTA,None of the Above,NAUTAN,BIHAR,3220
S0425,AWADHESH PRASAD,Jan Suraaj Party,PARIHAR,BIHAR,3217
S04121,SHRINIWAS SAH,Independent,PARSA,BIHAR,3211
S04107,HARILAL RAM,Bahujan Samaj Party,DARAULI,BIHAR,3208
S04151,VINAY KUMAR VARUN,Jan Suraaj Party,PARBATTA,BIHAR,3196
S0452,BARUN KUMAR SINGH,Jan Suraaj Party,BAHADURGANJ,BIHAR,3193
S04131,MANTESH KUMAR,Independent,KALYANPUR,BIHAR,3193
S04190,NOTA,None of the Above,PALIGANJ,BIHAR,3191
S04193,SAURABH SINGH YADAV,Jan Suraaj Party,BARHARA,BIHAR,3189
S0456,NOTA,None of the Above,AMOUR,BIHAR,3187
S0465,NOTA,None of the Above,BALRAMPUR,BIHAR,3185
S0447,KRITYANAND RAM,Jan Suraaj Party,RANIGANJ,BIHAR,3183
S0470,VIKRAM KUMAR GUPTA,Independent,ALAMNAGAR,BIHAR,3178
S04134,MAHA SHANKER CHOUDHARY,Independent,UJIARPUR,BIHAR,3177
S04233,SHAILENDRA KUMAR,Jan Suraaj Party,ATRI,BIHAR,3177
S04214,PANCHAM KUMAR,Suheldev Bharatiya Samaj Party,ARWAL,BIHAR,3176
S04125,RUBI KUMARI,Independent,VAISHALI,BIHAR,3174
S04143,SUDHA BHARTI,Independent,TEGHRA,BIHAR,3169
S0431,SANJEET KUMAR BADAL GUPTA,Independent,HARLAKHI,BIHAR,3164
S0490,KUMAR PUSHPENDRA,Bahujan Samaj Party,MINAPUR,BIHAR,3162
S0469,NOTA,None of the Above,KORHA,BIHAR,3162
S04122,RAMESH KUMAR,Independent,SONEPUR,BIHAR,3156
S04228,G S RAMCHANDRA DAS,Bahujan Samaj Party,BARACHATTI,BIHAR,3150
S0413,NOTA,None of the Above,HARSIDHI,BIHAR,3146
S04135,TUNTUN RAY,Aam Aadmi Party,MORWA,BIHAR,3145
S0477,SURAJ SAMRAT,Independent,MAHISHI,BIHAR,3142
S04242,RAVINDRA YADAV,Independent,JHAJHA,BIHAR,3141
S0426,NOTA,None of the Above,SURSAND,BIHAR,3134
S04132,CHANDAN KUMAR,Hindustani Awam Manch (United),WARISNAGAR,BIHAR,3130
S0447,AMAN RAJ,Independent,RANIGANJ,BIHAR,3126
S0435,SANJAY KUMAR MISHRA,Jan Suraaj Party,BISFI,BIHAR,3124
S04104,INDRAJIT GUPT JYOTISHKAR,Aam Aadmi Party,HATHUA,BIHAR,3117
S04219,SHIV SHANKER SINGH,Independent,GOH,BIHAR,3115
S0460,SHANKAR RAM,Independent,RUPAULI,BIHAR,3115
S0448,NOTA,None of the Above,FORBESGANJ,BIHAR,3114
S0438,NOTA,None of the Above,JHANJHARPUR,BIHAR,3112
S04237,ANITA KUMARI,Bhartiya Lok Chetna Party,NAWADA,BIHAR,3111
S0480,NOTA,None of the Above,BENIPUR,BIHAR,3108
S04114,SANJU YADAV,Independent,MANJHI,BIHAR,3107
S0427,MD. MUNNA MANSURI,Independent,BAJPATTI,BIHAR,3105
S04181,NOTA,None of the Above,DIGHA,BIHAR,3102
S04209,SHIV KUMAR SINGH,Independent,KARGAHAR,BIHAR,3097
S04104,NOTA,None of the Above,HATHUA,BIHAR,3094
S04114,OM PRAKASH PRASAD,Independent,MANJHI,BIHAR,3087
S04128,BALIRAM SINGH,Independent,RAGHOPUR,BIHAR,3086
S0427,RAKESH KUMAR,The Plurals Party,BAJPATTI,BIHAR,3080
S0423,KRISHNA MOHAN SINGH,Jan Suraaj Party,RIGA,BIHAR,3078
S04134,VIRENDRA KUMAR RAY,Independent,UJIARPUR,BIHAR,3077
S04165,NOTA,None of the Above,MUNGER,BIHAR,3075
S04232,NOTA,None of the Above,BELAGANJ,BIHAR,3074
S0457,NOTA,None of the Above,BAISI,BIHAR,3074
S04148,DASHRATH RAM,Bahujan Samaj Party,ALAULI,BIHAR,3073
S04217,NOTA,None of the Above,GHOSI,BIHAR,3073
S04217,SATYENDRA PRASAD YADAV,Independent,GHOSI,BIHAR,3073
S04108,RAHUL KIRTI,Jan Suraaj Party,RAGHUNATHPUR,BIHAR,3071
S04197,HIRALAL SINGH,Independent,JAGDISHPUR,BIHAR,3070
S04217,PRABHAT KUMAR,Jan Suraaj Party,GHOSI,BIHAR,3070
S0492,RAM SEWAK PASWAN,Socialist Unity Centre Of India (COMMUNIST),SAKRA,BIHAR,3059
S04201,NOTA,None of the Above,DUMRAON,BIHAR,3059
S0460,AMOD KUMAR,Jan Suraaj Party,RUPAULI,BIHAR,3048
S0421,NOTA,None of the Above,DHAKA,BIHAR,3047
S0468,NOTA,None of the Above,BARARI,BIHAR,3047
S04155,RUPAM DEVI,Independent,KAHALGAON,BIHAR,3040
S04163,MITHAN PRASAD YADAV,Independent,BELHAR,BIHAR,3038
S04191,MANTU KUMAR,Jan Suraaj Party,BIKRAM,BIHAR,3037
S0461,VINDESHWARI SHARMA,Independent,DHAMDAHA,BIHAR,3032
S04224,VIKASH KUMAR SINGH,Jan Suraaj Party,RAFIGANJ,BIHAR,3029
S0468,PRITAM PRASOON,Jan Suraaj Party,BARARI,BIHAR,3026
S04160,NOTA,None of the Above,DHORAIYA,BIHAR,3025
S04213,BANSHIDHAR SINGH,Independent,KARAKAT,BIHAR,3019
S04139,NOTA,None of the Above,ROSERA,BIHAR,3016
S04209,NOTA,None of the Above,KARGAHAR,BIHAR,3013
S0441,SIYA RAM MANDAL,Independent,NIRMALI,BIHAR,2992
S04113,LAKSHMAN MANJHI,Bahujan Samaj Party,EKMA,BIHAR,2992
S04127,PANKAJ KUMAR,Aazad Samaj Party (Kanshi Ram),RAJA PAKAR,BIHAR,2989
S04109,BALENDRA KUMAR RAY,Independent,DARAUNDA,BIHAR,2976
S04144,VIKASH KUMAR,Independent,MATIHANI,BIHAR,2976
S0488,KUNAL KUMAR,Jan Sahmati Party,GAIGHAT,BIHAR,2969
S04147,SANJIV KUMAR PASWAN,Independent,BAKHRI,BIHAR,2968
S0464,SADIQ HUSSAIN,Independent,KADWA,BIHAR,2967
S04238,MUKESH RAM,Suheldev Bharatiya Samaj Party,GOBINDPUR,BIHAR,2965
S0475,AMAR SHANKAR,Swadhinta Party,SAHARSA,BIHAR,2964
S04204,NOTA,None of the Above,MOHANIA,BIHAR,2952
S0496,NASIMA  KHATOON,Bahujan Samaj Party,BARURAJ,BIHAR,2944
S0467,NOTA,None of the Above,MANIHARI,BIHAR,2941
S0491,DEEPMALA DEVI,Independent,BOCHAHAN,BIHAR,2928
S04188,SUKESH KUMAR,Independent,PHULWARI,BIHAR,2928
S04198,DHARMENDRA KUMAR,Bahujan Samaj Party,SHAHPUR,BIHAR,2923
S04180,DEEPAK BHAI PATEL,Bahujan Samaj Party,BAKHTIARPUR,BIHAR,2923
S0420,MUKESH KUMAR,Janshakti Janta Dal,CHIRAIA,BIHAR,2920
S04208,REKHA DEVI,Suheldev Bharatiya Samaj Party,SASARAM,BIHAR,2918
S04146,MD SADDAM HUSAIN,Independent,BEGUSARAI,BIHAR,2912
S04100,FAIZ AHMAD,Jan Suraaj Party,BARAULI,BIHAR,2911
S0414,NOTA,None of the Above,GOVINDGANJ,BIHAR,2911
S04108,UPENDRA SINGH,Independent,RAGHUNATHPUR,BIHAR,2909
S04164,NOTA,None of the Above,TARAPUR,BIHAR,2907
S04112,RAJ KISHOR GUPTA,Independent,MAHARAJGANJ,BIHAR,2902
S0482,RAM SUKAMAR YADAV,Independent,DARBHANGA RURAL,BIHAR,2901
S04173,MANO DEVI,Moolniwasi Samaj Party,RAJGIR,BIHAR,2891
S0437,NOTA,None of the Above,RAJNAGAR,BIHAR,2889
S04187,VIKASH KUMAR ALIAS DIKESH SINGH,Independent,MANER,BIHAR,2889
S0495,SURESH KUMAR GUPTA,Independent,KANTI,BIHAR,2889
S04180,SHAMBHU SINGH,Independent,BAKHTIARPUR,BIHAR,2876
S0443,SHAMBHU BABU,Independent,SUPAUL,BIHAR,2873
S0439,BAIJU SAFI,Independent,PHULPARAS,BIHAR,2872
S0428,RAM KISHOR RAY,Independent,SITAMARHI,BIHAR,2867
S04150,SHIV NARAYAN SINGH,Independent,BELDAUR,BIHAR,2863
S04239,RAKESH KUMAR,Independent,WARSALIGANJ,BIHAR,2861
S04237,BIBHA KUMARI,Independent,NAWADA,BIHAR,2857
S04235,PRAKASH VIR,Janshakti Janta Dal,RAJAULI,BIHAR,2856
S0497,MANISH KUMAR SINGH,Independent,PAROO,BIHAR,2856
S04223,SURENDRA PRASAD,Independent,AURANGABAD,BIHAR,2854
S0463,DR. GHAZI SHARIQUE,Jan Suraaj Party,KATIHAR,BIHAR,2853
S04115,RAVI PRAKASH,Independent,BANIAPUR,BIHAR,2850
S04169,UMESH PRASAD SINGH,Aam Aadmi Party,SHEIKHPURA,BIHAR,2834
S04125,RAM NATH RAY,Socialist Unity Centre Of India (COMMUNIST),VAISHALI,BIHAR,2823
S04197,SANJAY KUMAR CHATURVEDI,Bahujan Samaj Party,JAGDISHPUR,BIHAR,2820
S04117,LALU PRASAD YADAV,Rashtriya Jansambhavna Party,MARHAURA,BIHAR,2820
S04220,RAM RAJ YADAV,Independent,OBRA,BIHAR,2820
S0473,SANJAY KUMAR,Independent,MADHEPURA,BIHAR,2819
S04233,MD. VAKIL VARISH,Bahujan Samaj Party,ATRI,BIHAR,2817
S0487,NOTA,None of the Above,JALE,BIHAR,2808
S04231,UDAY PASWAN,Bahujan Samaj Party,TIKARI,BIHAR,2807
S0481,SAIFUDDIN AHMED,Independent,ALINAGAR,BIHAR,2803
S0419,NOTA,None of the Above,MOTIHARI,BIHAR,2801
S0423,NOTA,None of the Above,RIGA,BIHAR,2799
S04111,ASHOK KUMAR VARMA,Independent,GORIAKOTHI,BIHAR,2797
S0446,NOTA,None of the Above,NARPATGANJ,BIHAR,2796
S0488,ISHRAT PERWEEN,Bahujan Samaj Party,GAIGHAT,BIHAR,2794
S04208,VIVEK KUMAR,Independent,SASARAM,BIHAR,2788
S04186,SHAILESH K.R DHIRAJ,Independent,DANAPUR,BIHAR,2786
S04177,PINTU PASWAN,Independent,HARNAUT,BIHAR,2785
S0415,RAM SHARAN PRASAD YADAV,Independent,KESARIA,BIHAR,2782
S04202,NOTA,None of the Above,RAJPUR,BIHAR,2778
S04119,RAGHUNANDAN MANJHI,Independent,GARKHA,BIHAR,2774
S04187,SANNU DEVI,Independent,MANER,BIHAR,2769
S04232,LALU YADAV,Independent,BELAGANJ,BIHAR,2769
S0484,NOTA,None of the Above,HAYAGHAT,BIHAR,2767
S04218,NOTA,None of the Above,MAKHDUMPUR,BIHAR,2760
S0485,PRANAY PRABHAKAR,Bahujan Samaj Party,BAHADURPUR,BIHAR,2759
S04218,SHAILENDRA CHAUDHARI,Independent,MAKHDUMPUR,BIHAR,2757
S04223,NAND KISHOR YADAV,Jan Suraaj Party,AURANGABAD,BIHAR,2755
S04157,LALAN KUMAR,Indian National Congress,SULTANGANJ,BIHAR,2754
S04211,SARVESHWAR TIWARY,Independent,NOKHA,BIHAR,2753
S04202,SURAJ PRAKASH RAM,Sanyukt Kisan Vikas Party,RAJPUR,BIHAR,2753
S04199,MANISH BHUSHAN OJHA,Independent,BRAHAMPUR,BIHAR,2751
S04116,MUMTAJ ANSARI,Independent,TARAIYA,BIHAR,2748
S04139,AMIT KUMAR BAITHA,Bahujan Samaj Party,ROSERA,BIHAR,2748
S04226,SHAILESH KUMAR MISHRA,Bahujan Samaj Party,SHERGHATI,BIHAR,2745
S04190,SUSHANT,Bahujan Samaj Party,PALIGANJ,BIHAR,2745
S0467,NALINEE MANDAL,Aam Aadmi Party,MANIHARI,BIHAR,2738
S04172,SHIV KUMAR YADAV,Communist Party of India,BIHARSHARIF,BIHAR,2736
S04154,NOTA,None of the Above,PIRPAINTI,BIHAR,2736
S0491,DR. ABHAY KUMAR,Aam Aadmi Party,BOCHAHAN,BIHAR,2731
S04135,CHANDRASHEKHAR RAI,Socialist Unity Centre Of India (COMMUNIST),MORWA,BIHAR,2728
S04214,SATYENDRA PRASAD SHARMA,Independent,ARWAL,BIHAR,2726
S04174,BIPIN MISTRI,Bahujan Samaj Party,ISLAMPUR,BIHAR,2717
S04126,NOTA,None of the Above,MAHUA,BIHAR,2717
S046,VIRENDRA RAO,Bahujan Samaj Party,NAUTAN,BIHAR,2714
S04132,MAHESH PRASAD,Independent,WARISNAGAR,BIHAR,2710
S04226,MUKESH KUMAR YADAV,Independent,SHERGHATI,BIHAR,2707
S0470,BINOD ASHISH,Independent,ALAMNAGAR,BIHAR,2707
S04118,NOTA,None of the Above,CHAPRA,BIHAR,2706
S04105,NOTA,None of the Above,SIWAN,BIHAR,2704
S0497,NOTA,None of the Above,PAROO,BIHAR,2701
S0497,VIJAY THAKUR,Independent,PAROO,BIHAR,2692
S04241,NOTA,None of the Above,JAMUI,BIHAR,2687
S04119,RAJKUMAR,Independent,GARKHA,BIHAR,2678
S0458,RAJENDRA YADAV,Independent,KASBA,BIHAR,2675
S0433,RAKESH KUMAR RAUSHAN,Independent,KHAJAULI,BIHAR,2670
S04164,RAKESH KUMAR,Independent,TARAPUR,BIHAR,2667
S04116,MITHILESH KUMAR,Independent,TARAIYA,BIHAR,2663
S042,AADITYA KUMAR,Bahujan Samaj Party,RAMNAGAR,BIHAR,2663
S0415,RAM ADHAR RAI,Aam Aadmi Party,KESARIA,BIHAR,2663
S04134,SUNITA KUMARI,Janshakti Vikas Party (Democratic),UJIARPUR,BIHAR,2661
S04228,MANOJ PASWAN,Peoples Party of India (Democratic),BARACHATTI,BIHAR,2661
S04201,BHEEM KAMKAR,Independent,DUMRAON,BIHAR,2661
S044,MAHFOOZ ALAM,Aazad Samaj Party (Kanshi Ram),BAGAHA,BIHAR,2659
S0490,SANJIV CHAUDHRI,Independent,MINAPUR,BIHAR,2654
S0418,SHASHI RANJAN KUMAR ALIAS SONU SINGH,Independent,MADHUBAN,BIHAR,2647
S04102,VISHWAKARMA SHARMA,Jagrook Janta Party,KUCHAIKOTE,BIHAR,2646
S04134,ANKIT KUMAR MISHRA,Aam Aadmi Party,UJIARPUR,BIHAR,2624
S04116,VIJESH RAY,Independent,TARAIYA,BIHAR,2621
S04119,NOTA,None of the Above,GARKHA,BIHAR,2617
S0465,ASHAB ALAM,Jan Suraaj Party,BALRAMPUR,BIHAR,2614
S04222,NOTA,None of the Above,KUTUMBA,BIHAR,2614
S0450,MUSARRAT,Rashtriya Jansambhavna Party,JOKIHAT,BIHAR,2609
S047,NOTA,None of the Above,CHANPATIA,BIHAR,2609
S0475,NOTA,None of the Above,SAHARSA,BIHAR,2607
S04122,NOTA,None of the Above,SONEPUR,BIHAR,2606
S0416,ASHOK KUMAR YADAV,Independent,KALYANPUR,BIHAR,2605
S0418,KUNAL BHUSHAN ALIAS BITTU,Aam Aadmi Party,MADHUBAN,BIHAR,2602
S04188,SUNIL PASWAN,Rashtriya Lok Janshakti Party,PHULWARI,BIHAR,2598
S04130,NOTA,None of the Above,PATEPUR,BIHAR,2598
S0495,KUMARI SHEETAL,Aazad Samaj Party (Kanshi Ram),KANTI,BIHAR,2594
S04191,RAM PRAVESH YADAV,Bahujan Samaj Party,BIKRAM,BIHAR,2582
S04222,VIRAMANU KUMAR BHUSHAN,Independent,KUTUMBA,BIHAR,2578
S0470,AKHATAR MANSURI,The National Road Map Party of India,ALAMNAGAR,BIHAR,2576
S04138,ARVIND KUMAR,Aam Aadmi Party,BIBHUTIPUR,BIHAR,2574
S0477,SHAMIM AKHTAR,Jan Suraaj Party,MAHISHI,BIHAR,2571
S04132,DILIP ROY,Independent,WARISNAGAR,BIHAR,2568
S0492,ASHOK KUMAR,Bahujan Samaj Party,SAKRA,BIHAR,2564
S04232,VIBHUTI NARAYAN SINGH,Independent,BELAGANJ,BIHAR,2562
S0430,AMBIKA SAH,Rashtriya Jansambhavna Party,BELSAND,BIHAR,2559
S0434,SHANTI DEVI,Janshakti Janta Dal,BABUBARHI,BIHAR,2556
S04129,ACHUTANAND,Rashtriya Lok Janshakti Party,MAHNAR,BIHAR,2554
S04231,SHASHI KUMAR,Jan Suraaj Party,TIKARI,BIHAR,2552
S04222,PRAKASH KUMAR,Bahujan Samaj Party,KUTUMBA,BIHAR,2549
S0458,HAYAT ASHRAF,Independent,KASBA,BIHAR,2546
S04149,LALAN KUMAR,Independent,KHAGARIA,BIHAR,2545
S0453,SUJEET KUMAR PURVEY,Independent,THAKURGANJ,BIHAR,2544
S04105,INTEKHAB AHMAD,Jan Suraaj Party,SIWAN,BIHAR,2543
S0498,BINDA MAHATO,Bahujan Samaj Party,SAHEBGANJ,BIHAR,2541
S04121,MD SAMIM ANSARI,Bahujan Samaj Party,PARSA,BIHAR,2540
S04198,MANAN SHAH,Independent,SHAHPUR,BIHAR,2536
S04154,RAHUL KUMAR PASWAN,Independent,PIRPAINTI,BIHAR,2533
S04152,MAMTA KUMARI,Independent,BIHPUR,BIHAR,2530
S04241,SANTOSH KUMAR YADAV,Independent,JAMUI,BIHAR,2528
S04202,SUBHASH RAM,Bhartiya Sarthak Party,RAJPUR,BIHAR,2517
S0416,SUBODH KUMAR,Independent,KALYANPUR,BIHAR,2512
S049,AURANGJEB,Aam Aadmi Party,SIKTA,BIHAR,2512
S0410,NOTA,None of the Above,RAXAUL,BIHAR,2510
S0441,CHANDAN KUMAR,Aam Aadmi Party,NIRMALI,BIHAR,2510
S04195,SHYAM BIHARI CHOUDHARY,Independent,AGIAON,BIHAR,2508
S0433,RAM BABU YADAV,Independent,KHAJAULI,BIHAR,2508
S0479,DR MD IFTEKHAR ALAM,Jan Suraaj Party,GAURA BAURAM,BIHAR,2506
S04209,GOVARDHAN SINGH,Independent,KARGAHAR,BIHAR,2499
S04176,PRIYADARSHI ASHOK,Bahujan Samaj Party,NALANDA,BIHAR,2498
S04131,MADHU KRISHNAJI RAM,Socialist Unity Centre Of India (COMMUNIST),KALYANPUR,BIHAR,2497
S0471,PANKAJ KUMAR JAISWAL,Socialist Unity Centre Of India (COMMUNIST),BIHARIGANJ,BIHAR,2493
S04141,VIJAY TANTI,Independent,CHERIA,BIHAR,2483
S0427,MOHD. ZEYAUR RAHMAN,Independent,BAJPATTI,BIHAR,2480
S04192,SAMARJAY SINGH,Independent,SANDESH,BIHAR,2474
S0420,NOTA,None of the Above,CHIRAIA,BIHAR,2474
S0466,KUNAL  NISHAD,Jan Suraaj Party,PRANPUR,BIHAR,2467
S04199,SUNIL KUMAR RAY,Suheldev Bharatiya Samaj Party,BRAHAMPUR,BIHAR,2465
S04107,PRADEEP MANJHI,Independent,DARAULI,BIHAR,2465
S0442,RAMDEV YADAV,Socialist Unity Centre Of India (COMMUNIST),PIPRA,BIHAR,2460
S04113,RAKESH KUMAR SINGH,Independent,EKMA,BIHAR,2460
S0486,NOTA,None of the Above,KEOTI,BIHAR,2454
S04104,SURENDRA GUPTA,Independent,HATHUA,BIHAR,2454
S04134,BULBUL KUMAR SAHNI,Bahujan Samaj Party,UJIARPUR,BIHAR,2452
S04147,NIRA DEVI,Rashtriya Lok Janshakti Party,BAKHRI,BIHAR,2450
S0457,MOHAMMAD MUZAMMIL,Peace Party,BAISI,BIHAR,2444
S04162,SALOMI MURMU,Jan Suraaj Party,KATORIA,BIHAR,2443
S0449,FARHAT ARA BEGUM,Jan Suraaj Party,ARARIA,BIHAR,2434
S049,LALGURAD MIYAN,Independent,SIKTA,BIHAR,2427
S041,MAHMAD JALIL,Independent,VALMIKI NAGAR,BIHAR,2426
S0439,KRISHNA MOHAN,Ekta Dal United,PHULPARAS,BIHAR,2423
S04169,NOTA,None of the Above,SHEIKHPURA,BIHAR,2422
S0428,UPENDRA SAHANI,Rashtriya Jansambhavna Party,SITAMARHI,BIHAR,2419
S0499,RAJ KISHOR SINGH,Independent,BAIKUNTHPUR,BIHAR,2408
S04159,RITESH KUMAR JHA,Independent,AMARPUR,BIHAR,2406
S04212,NOTA,None of the Above,DEHRI,BIHAR,2405
S04128,CHANCHAL KUMAR,Jan Suraaj Party,RAGHOPUR,BIHAR,2399
S04243,RANJIT KUMAR VERMA,Independent,CHAKAI,BIHAR,2394
S045,NOTA,None of the Above,LAURIYA,BIHAR,2394
S04150,RAHUL KUMAR BASU,Aam Aadmi Party,BELDAUR,BIHAR,2392
S04106,JAGLAL RAJBHAR,Suheldev Bharatiya Samaj Party,ZIRADEI,BIHAR,2390
S0457,MD SHAHNAWAZ ALAM,Jan Suraaj Party,BAISI,BIHAR,2389
S04177,DHARMENDRA KUMAR,Aam Aadmi Party,HARNAUT,BIHAR,2387
S04126,INDRAJEET PRADHAN,Jan Suraaj Party,MAHUA,BIHAR,2386
S04142,BIPEEN KUMAR,Independent,BACHHWARA,BIHAR,2383
S04123,NOTA,None of the Above,HAJIPUR,BIHAR,2381
S0485,VINAI KUMAR SINGH,Independent,BAHADURPUR,BIHAR,2379
S0425,NOTA,None of the Above,PARIHAR,BIHAR,2379
S0484,LAKSHMI DAS,Independent,HAYAGHAT,BIHAR,2379
S04112,MADAN YADAV,Aazad Samaj Party (Kanshi Ram),MAHARAJGANJ,BIHAR,2373
S04170,SATISH KUMAR,Independent,BARBIGHA,BIHAR,2373
S04169,SUNIL KUMAR,Independent,SHEIKHPURA,BIHAR,2368
S04196,RAJENDRA KUMAR PATHAK,Independent,TARARI,BIHAR,2364
S04209,MAHENDRA PRASAD GUPTA,Communist Party of India,KARGAHAR,BIHAR,2362
S04193,SAURAV NARANG,Independent,BARHARA,BIHAR,2361
S0449,MD. RASHID ANWER,Rashtriya Ulama Council,ARARIA,BIHAR,2351
S0438,DEO KANT JHA,Aam Aadmi Party,JHANJHARPUR,BIHAR,2347
S04117,PURUSHOTTAM KUMAR,Rashtriya Sab Janshakti Party,MARHAURA,BIHAR,2338
S043,MAYA DEVI,Independent,NARKATIAGANJ,BIHAR,2337
S04221,DHARMENDRA RAJWAR,Suheldev Bharatiya Samaj Party,NABINAGAR,BIHAR,2336
S0482,JAI KISHUN SAHNI,Independent,DARBHANGA RURAL,BIHAR,2330
S04199,NOTA,None of the Above,BRAHAMPUR,BIHAR,2329
S04207,NOTA,None of the Above,CHENARI,BIHAR,2328
S0434,AMIR KUMAR MAHTO,Independent,BABUBARHI,BIHAR,2327
S04215,BUDDHADEV SAV,Independent,KURTHA,BIHAR,2327
S0443,SATYANARAYAN SHARMA,Jagrook Janta Party,SUPAUL,BIHAR,2321
S04125,NISHA RAJ,Bahujan Samaj Party,VAISHALI,BIHAR,2321
S0485,RAM GULAM THAKUR,Independent,BAHADURPUR,BIHAR,2320
S04171,SHABNAM LATA,Independent,ASTHAWAN,BIHAR,2316
S0483,MD NAFISUL HAQUE,Independent,DARBHANGA,BIHAR,2314
S04227,TENGAR PASWAN,Independent,IMAMGANJ,BIHAR,2313
S04138,RAM LAL TANTI,Independent,BIBHUTIPUR,BIHAR,2313
S0426,PRABHAT KUMAR,Independent,SURSAND,BIHAR,2310
S0456,MD MUNTAZIR ALAM,Aam Aadmi Party,AMOUR,BIHAR,2310
S0475,MD AMIRUL HASAN,Rashtriya Jansambhavna Party,SAHARSA,BIHAR,2304
S041,RAJESH SHARMA,Lok Samaj Party,VALMIKI NAGAR,BIHAR,2303
S0427,NOTA,None of the Above,BAJPATTI,BIHAR,2303
S04154,ASHOK KUMAR PASWAN,Independent,PIRPAINTI,BIHAR,2303
S0497,NIRAJ KUMAR,Independent,PAROO,BIHAR,2301
S042,SANTOSH RAM,Independent,RAMNAGAR,BIHAR,2295
S04237,ASHOK KUMAR,Bahujan Samaj Party,NAWADA,BIHAR,2285
S0430,VIKASH KUMAR,Janshakti Janta Dal,BELSAND,BIHAR,2284
S0428,NOTA,None of the Above,SITAMARHI,BIHAR,2284
S0465,ROSHAN AGRAWAL,Independent,BALRAMPUR,BIHAR,2282
S0491,JAYMANGAL RAM,Rashtriya Jansambhavna Party,BOCHAHAN,BIHAR,2280
S04199,SHIV SHANKAR DAS,Independent,BRAHAMPUR,BIHAR,2276
S0481,BIPLAW KUMAR CHOUDHARY,Jan Suraaj Party,ALINAGAR,BIHAR,2275
S04196,CHANDRA SHEKHAR SINGH,Jan Suraaj Party,TARARI,BIHAR,2271
S0476,SURENDRA KUMAR YADAV,Jan Suraaj Party,SIMRI BAKHTIARPUR,BIHAR,2270
S04106,RAGHWENDRA KUMAR KHARWAR,Independent,ZIRADEI,BIHAR,2263
S04235,PRATIMA KUMARI,Rashtriya Lok Janshakti Party,RAJAULI,BIHAR,2262
S04120,LAKSHMAN YADAV,Independent,AMNOUR,BIHAR,2262
S04162,SHIV LAL HANSDA,Rashtriya Lok Janshakti Party,KATORIA,BIHAR,2257
S0423,UPENDRA SAHANI,Rashtriya Jansambhavna Party,RIGA,BIHAR,2256
S0415,CHUTUN KUMAR,Rashtriya Jansambhavna Party,KESARIA,BIHAR,2253
S04234,CHANDAN KUMAR,Independent,WAZIRGANJ,BIHAR,2251
S0416,ARVIND KUMAR PANDEY,Lohiya Janta Dal,KALYANPUR,BIHAR,2250
S04109,MADHUSUDAN SINGH,Bahujan Samaj Party,DARAUNDA,BIHAR,2250
S0497,ASHUTOSH KUMAR,Independent,PAROO,BIHAR,2248
S04179,SHARVAN PANDEY,Independent,BARH,BIHAR,2247
S0453,MOHAMMAD MUKTAR,Independent,THAKURGANJ,BIHAR,2246
S04161,VIKRAM ANAND,Independent,BANKA,BIHAR,2241
S04101,NOTA,None of the Above,GOPALGANJ,BIHAR,2237
S0475,AJABLAL MEHTA,Bahujan Samaj Party,SAHARSA,BIHAR,2236
S0445,ABHAY KUMAR SINGH,Jan Suraaj Party,CHHATAPUR,BIHAR,2236
S04137,VISHWANATH SAH,Independent,MOHIUDDINNAGAR,BIHAR,2230
S0442,ANJU KUMARI,Rashtriya Jansambhavna Party,PIPRA,BIHAR,2229
S04123,SUNIL ROY,Independent,HAJIPUR,BIHAR,2226
S049,MD. FAKHRUDDIN,Rashtriya Jansambhavna Party,SIKTA,BIHAR,2225
S04151,NARESH PRASAD SINGH,Rashtriya Jansambhavna Party,PARBATTA,BIHAR,2224
S0449,CHANDRA BHUSHAN,Aam Aadmi Party,ARARIA,BIHAR,2224
S04159,MD ZAKIR HOSSAIN,Aam Aadmi Party,AMARPUR,BIHAR,2221
S04147,GAUTAM SADA,Independent,BAKHRI,BIHAR,2221
S0445,RAMESH KUMAR MEHTA,Independent,CHHATAPUR,BIHAR,2212
S0451,MD SABIR ALAM,Peace Party,SIKTI,BIHAR,2211
S0451,DINESH KUMAR ARYA,Aam Aadmi Party,SIKTI,BIHAR,2210
S04204,NITU KUMARI,Independent,MOHANIA,BIHAR,2205
S04232,MADHUMALA KUMARI,Aam Aadmi Party,BELAGANJ,BIHAR,2204
S0451,JAYNARAYAN SADA,Prism,SIKTI,BIHAR,2204
S04100,SITA DEVI,Independent,BARAULI,BIHAR,2204
S043,NOTA,None of the Above,NARKATIAGANJ,BIHAR,2203
S04154,PRITAM KUMAR,Aam Aadmi Party,PIRPAINTI,BIHAR,2199
S0471,RABINDRA KUMAR,Bahujan Samaj Party,BIHARIGANJ,BIHAR,2199
S04137,NOTA,None of the Above,MOHIUDDINNAGAR,BIHAR,2197
S04108,KUMAR SANTOSH,Suheldev Bharatiya Samaj Party,RAGHUNATHPUR,BIHAR,2195
S0455,MD. SHAMSUL HAQUE,Independent,KOCHADHAMAN,BIHAR,2188
S0427,DEONANDAN RAM,Bahujan Samaj Party,BAJPATTI,BIHAR,2186
S042,NOTA,None of the Above,RAMNAGAR,BIHAR,2184
S04105,SUNITA DEVI,Bahujan Samaj Party,SIWAN,BIHAR,2183
S0490,SANTOSH KUMAR,Independent,MINAPUR,BIHAR,2179
S0463,NOTA,None of the Above,KATIHAR,BIHAR,2178
S04112,RAVI RANJAN TISU,Bahujan Samaj Party,MAHARAJGANJ,BIHAR,2176
S04110,JITENDRA YADAV,Aam Aadmi Party,BARHARIA,BIHAR,2175
S04124,NOTA,None of the Above,LALGANJ,BIHAR,2174
S0478,SACHIDANAND PASWAN,Independent,KUSHESHWAR ASTHAN,BIHAR,2171
S04231,MUNNA KUMAR,Independent,TIKARI,BIHAR,2170
S0470,CHANO RISHIDEV,Independent,ALAMNAGAR,BIHAR,2161
S04235,CHANDAN KUMAR,Suheldev Bharatiya Samaj Party,RAJAULI,BIHAR,2160
S0448,FATMA KHATUN,Rashtriya Jansambhavna Party,FORBESGANJ,BIHAR,2151
S0435,SOGARATH CHOUPAL,Independent,BISFI,BIHAR,2149
S04124,VIDYA PRAKASH,Independent,LALGANJ,BIHAR,2148
S0447,HIRANAND PASWAN,Independent,RANIGANJ,BIHAR,2146
S0478,SHREEMATI ANJU DEVI,Independent,KUSHESHWAR ASTHAN,BIHAR,2142
S04127,NOTA,None of the Above,RAJA PAKAR,BIHAR,2137
S0415,PUNAM DEVI,Independent,KESARIA,BIHAR,2131
S04112,DR. VIKAS KUMAR SINGH,Political Team India,MAHARAJGANJ,BIHAR,2129
S0459,SUBODH PASWAN,Bahujan Samaj Party,BANMANKHI,BIHAR,2128
S04140,MANMOHAN KUMAR,Aam Aadmi Party,HASANPUR,BIHAR,2127
S04235,VIJAY KAMESHWAR PASWAN,Independent,RAJAULI,BIHAR,2120
S0482,JAGAT NARAYAN NAYAK,Bahujan Samaj Party,DARBHANGA RURAL,BIHAR,2118
S0493,VIJAYESH KUMAR,Bahujan Samaj Party,KURHANI,BIHAR,2117
S0432,NOTA,None of the Above,BENIPATTI,BIHAR,2113
S04233,CHANDAN,Independent,ATRI,BIHAR,2112
S047,BIPIN TIWARI ALIAS BIPIN NATH TIWARI,Loktantrik Jan Swaraj Party,CHANPATIA,BIHAR,2108
S0413,RAJENDRA PASWAN,Independent,HARSIDHI,BIHAR,2100
S04178,DR. RAJESH KUMAR RATNAKAR,Aam Aadmi Party,MOKAMA,BIHAR,2100
S04184,NOTA,None of the Above,PATNA SAHIB,BIHAR,2099
S0440,BADRI MUKHIYA,Bahujan Samaj Party,LAUKAHA,BIHAR,2097
S04118,SHAK NAUSHAD,Aazad Samaj Party (Kanshi Ram),CHAPRA,BIHAR,2093
S047,MOHAMMAD SOAIB,Independent,CHANPATIA,BIHAR,2092
S0429,JITENDRA RAM,Bahujan Samaj Party,RUNNISAIDPUR,BIHAR,2092
S04125,DR. BIPIN CHANDRA,Samata Party,VAISHALI,BIHAR,2084
S0419,DIVYANSHU BHARDWAJ,Independent,MOTIHARI,BIHAR,2082
S04167,PRANAY KUMAR,Independent,SURYAGARHA,BIHAR,2081
S0465,MD NASRUL HAQUE,Independent,BALRAMPUR,BIHAR,2080
S04134,NOTA,None of the Above,UJIARPUR,BIHAR,2077
S0418,NOTA,None of the Above,MADHUBAN,BIHAR,2064
S04147,RAJESH KUMAR,Rashtriya Suraksha Party,BAKHRI,BIHAR,2060
S0475,RAMESH SAH,Independent,SAHARSA,BIHAR,2055
S0417,MD MUMTAZ ALAM,Independent,PIPRA,BIHAR,2054
S04227,BANARSI DAS,Peoples Party of India (Democratic),IMAMGANJ,BIHAR,2049
S04169,DEVENDRA KUMAR,Bhartiya Lok Chetna Party,SHEIKHPURA,BIHAR,2048
S0466,SUBHASHCHANDRA SAH,Independent,PRANPUR,BIHAR,2048
S0442,KALIM,Bahujan Samaj Party,PIPRA,BIHAR,2048
S04152,ABNISH KUMAR,Independent,BIHPUR,BIHAR,2043
S0417,AMIT KUMAR KUSHWAHA,Nationalist Congress Party,PIPRA,BIHAR,2041
S0455,NOTA,None of the Above,KOCHADHAMAN,BIHAR,2039
S04165,SANTOSH KUMAR MANDAL,Independent,MUNGER,BIHAR,2035
S0496,VIDHYALAL SAHANI,Lok Chetna Dal,BARURAJ,BIHAR,2035
S04167,SHARVAN KUMAR ANAND,Samata Party,SURYAGARHA,BIHAR,2035
S04168,VIKASH KUMAR JAGNANI,Independent,LAKHISARAI,BIHAR,2030
S04129,SUBODH SINGH,Independent,MAHNAR,BIHAR,2029
S04118,RANA YASHWANT PRATAP SINGH,Independent,CHAPRA,BIHAR,2026
S04102,BRAJ BIHARI BHATT,Janshakti Janta Dal,KUCHAIKOTE,BIHAR,2025
S04137,SUNIL KUMAR RAY,Independent,MOHIUDDINNAGAR,BIHAR,2025
S04143,NOTA,None of the Above,TEGHRA,BIHAR,2021
S0499,NOTA,None of the Above,BAIKUNTHPUR,BIHAR,2018
S0451,NOTA,None of the Above,SIKTI,BIHAR,2018
S0425,AKHILESH NARAYAN THAKUR,Aam Aadmi Party,PARIHAR,BIHAR,2013
S04114,SANOTSH PRASAD,Bahujan Samaj Party,MANJHI,BIHAR,2012
S0418,SYED MOHAMMAD IMAM,Independent,MADHUBAN,BIHAR,2007
S04242,SHIVARAJ YADAV,Bahujan Samaj Party,JHAJHA,BIHAR,2007
S04198,NOTA,None of the Above,SHAHPUR,BIHAR,2006
S04207,HARE RAM RAM,Independent,CHENARI,BIHAR,2006
S0480,PRAMOD PASWAN,Bahujan Samaj Party,BENIPUR,BIHAR,2001
S04105,SUSHIL KUMAR,Independent,SIWAN,BIHAR,1998
S04158,RAVISH CHANDRA RAVI KUSHWAHA,Bahujan Samaj Party,NATHNAGAR,BIHAR,1998
S04237,JITENDRA PRASAD,Independent,NAWADA,BIHAR,1995
S0485,NOTA,None of the Above,BAHADURPUR,BIHAR,1993
S0438,ABDUL IRFAN,Independent,JHANJHARPUR,BIHAR,1992
S046,BIPIN BIHARI PANDEY,Independent,NAUTAN,BIHAR,1990
S04127,SHIVNATH KUMAR PASWAN,Rashtriya Lok Janshakti Party,RAJA PAKAR,BIHAR,1983
S048,NOTA,None of the Above,BETTIAH,BIHAR,1981
S04234,SURESH RAJVANSHI,Moolniwasi Samaj Party,WAZIRGANJ,BIHAR,1980
S04206,RAM RAJ SHARMA,Aam Aadmi Party,CHAINPUR,BIHAR,1980
S04121,PAWAN TIWARI,Aam Aadmi Party,PARSA,BIHAR,1977
S0491,RAHUL KUMAR,Bahujan Samaj Party,BOCHAHAN,BIHAR,1976
S0455,ABU AFFAN FAROOQUEE,Jan Suraaj Party,KOCHADHAMAN,BIHAR,1976
S0443,BRAJ BHUSHAN NAVIN,Aam Aadmi Party,SUPAUL,BIHAR,1975
S04129,RAMESH SAHNI,Independent,MAHNAR,BIHAR,1974
S04156,NOTA,None of the Above,BHAGALPUR,BIHAR,1974
S0424,PRAMOD BAITHA,Independent,BATHNAHA,BIHAR,1972
S0467,UPENDRA MANDAL,Bahujan Samaj Party,MANIHARI,BIHAR,1967
S0442,NANDAN KUMAR,Independent,PIPRA,BIHAR,1966
S0432,PANKAJ KUMAR RAM,Independent,BENIPATTI,BIHAR,1964
S0425,RAM VINOD NAYAK,Independent,PARIHAR,BIHAR,1964
S049,SANTOSH RAM,Bahujan Samaj Party,SIKTA,BIHAR,1964
S04236,SONALI KUMARI,Independent,HISUA,BIHAR,1949
S04187,MANTOSH KUMAR SINGH,Insaniyat Party,MANER,BIHAR,1947
S04171,BANVARI KUMAR,Bahujan Samaj Party,ASTHAWAN,BIHAR,1946
S04219,SANJAY PRASAD ALIAS ER. SANJAY PRASAD KUSHWAHA,Bahujan Samaj Party,GOH,BIHAR,1946
S046,SIKANDAR RAM,Independent,NAUTAN,BIHAR,1943
S04189,VIJENDRA PASWAN,Independent,MASAURHI,BIHAR,1942
S0426,MANOJ KUMAR,Independent,SURSAND,BIHAR,1938
S04168,SUBODH KUMAR SUMAN,Independent,LAKHISARAI,BIHAR,1938
S0412,MD HARUN RASHID,Independent,NARKATIA,BIHAR,1937
S04199,NITISH KUMAR,Independent,BRAHAMPUR,BIHAR,1932
S04217,RAJESH RANJAN,Independent,GHOSI,BIHAR,1931
S04181,PRABHAKAR KR. SINGH,Bahujan Samaj Party,DIGHA,BIHAR,1930
S04205,NOTA,None of the Above,BHABUA,BIHAR,1927
S0442,AMARENDRA KUMAR BHASKAR,Proutist Bloc India,PIPRA,BIHAR,1927
S04191,CHANDAN KUMAR,Independent,BIKRAM,BIHAR,1926
S0472,SUBHASH KUMAR,Bahujan Samaj Party,SINGHESHWAR,BIHAR,1924
S0484,RAVINDRA NATH SINGH,Aam Aadmi Party,HAYAGHAT,BIHAR,1922
S0472,MANJU DEVI,Independent,SINGHESHWAR,BIHAR,1909
S0445,VINOD KUMAR,Aam Aadmi Party,CHHATAPUR,BIHAR,1908
S0431,JITENDER YADAV,Janshakti Janta Dal,HARLAKHI,BIHAR,1907
S04150,DR. RAVI KUMAR,Independent,BELDAUR,BIHAR,1907
S0454,MD. ISHAQUE ALAM,Jan Suraaj Party,KISHANGANJ,BIHAR,1904
S04173,UGRASEN PASWAN,Independent,RAJGIR,BIHAR,1904
S0440,NIRMAL KUMAR JHA,Independent,LAUKAHA,BIHAR,1899
S04243,RAHUL KUMAR,Jan Suraaj Party,CHAKAI,BIHAR,1898
S0439,VIJAY KUMAR,Bahujan Samaj Party,PHULPARAS,BIHAR,1896
S04142,NOTA,None of the Above,BACHHWARA,BIHAR,1893
S04225,NAGDEV PASWAN,Independent,GURUA,BIHAR,1892
S0440,SHASHI KUMAR BHARTI,Suheldev Bharatiya Samaj Party,LAUKAHA,BIHAR,1882
S0424,AMRITA SONI,Rashtriya Lok Janshakti Party,BATHNAHA,BIHAR,1877
S04116,BRAJ BIHARI SINGH,Bahujan Samaj Party,TARAIYA,BIHAR,1875
S04241,SUSHANT KUMAR SINGH,Independent,JAMUI,BIHAR,1873
S04138,SHASHI BHUSHAN DAS,Independent,BIBHUTIPUR,BIHAR,1866
S04160,ARUN KUMAR DAS,Bahujan Samaj Party,DHORAIYA,BIHAR,1866
S0487,MOHAMMAD PIYARE,Independent,JALE,BIHAR,1865
S04237,MANOJ KUMAR,Independent,NAWADA,BIHAR,1862
S0483,MD SHAQUIB NAJMI,Akhil Bharatiya Socialist Party,DARBHANGA,BIHAR,1856
S041,SURENDRA RAM,Independent,VALMIKI NAGAR,BIHAR,1852
S0436,GANESH PURBEY,Rashtriya Jansambhavna Party,MADHUBANI,BIHAR,1852
S04116,AMIT KUMAR SINGH,Aam Aadmi Party,TARAIYA,BIHAR,1851
S04123,NISHANT GANDHI,Independent,HAJIPUR,BIHAR,1851
S0493,SANJEET KUMAR JHA,Independent,KURHANI,BIHAR,1845
S04198,SAHABUDIN MIYA,Independent,SHAHPUR,BIHAR,1844
S042,ANGAD RAM,Independent,RAMNAGAR,BIHAR,1842
S04217,INDU KUMARI,Socialist Unity Centre Of India (COMMUNIST),GHOSI,BIHAR,1842
S04177,INDRASEN PRIYADARSHI,Rashtriya Sanatan Party,HARNAUT,BIHAR,1840
S0437,MAHESHWAR PASWAN,Bhartiya Chetna Party,RAJNAGAR,BIHAR,1838
S04129,MITHILESH KUMAR SINGH,Independent,MAHNAR,BIHAR,1826
S0428,VINOD SAH,Independent,SITAMARHI,BIHAR,1825
S0414,AJEET KUMAR RAM,Bahujan Samaj Party,GOVINDGANJ,BIHAR,1815
S04190,SHIVNATH KUMAR,Aam Aadmi Party,PALIGANJ,BIHAR,1812
S04165,SANJAY KUMAR SINGH,Jan Suraaj Party,MUNGER,BIHAR,1809
S04176,RAUSHAN KUMAR,Aazad Samaj Party (Kanshi Ram),NALANDA,BIHAR,1808
S04101,SAHANA KHATOON,Samata Party,GOPALGANJ,BIHAR,1806
S04115,BYAS MANJHI,Bahujan Samaj Party,BANIAPUR,BIHAR,1806
S04212,SAROJ KUMAR SINGH,Independent,DEHRI,BIHAR,1806
S0461,RAKESH KUMAR,Jan Suraaj Party,DHAMDAHA,BIHAR,1804
S04240,VINOD KUMAR CHAUDHARY,Indian National Congress,SIKANDRA,BIHAR,1803
S04193,BANSHIDHAR SINGH,Independent,BARHARA,BIHAR,1799
S04160,ASHOK DAS,Independent,DHORAIYA,BIHAR,1797
S04201,MRITYUNJAY KUMAR SINGH,Rashtriya Lok Janshakti Party,DUMRAON,BIHAR,1794
S04171,DEEPAK KUMAR VIDYARTHI,Socialist Unity Centre Of India (COMMUNIST),ASTHAWAN,BIHAR,1794
S049,PRAMOD SAH,Independent,SIKTA,BIHAR,1793
S0470,MOHAN SHARMA,Rashtriya Jansambhavna Party,ALAMNAGAR,BIHAR,1791
S04161,VINOD PANDIT,Bahujan Samaj Party,BANKA,BIHAR,1784
S04215,NOTA,None of the Above,KURTHA,BIHAR,1783
S04177,KANHAIYA LAL YADAV,Bhartiya Party (Loktantrik),HARNAUT,BIHAR,1782
S04138,SUSHANT KUMAR,Independent,BIBHUTIPUR,BIHAR,1782
S04203,GHURELAL RAJBHAR,Suheldev Bharatiya Samaj Party,RAMGARH,BIHAR,1779
S0485,DILEEP KUMAR,Independent,BAHADURPUR,BIHAR,1778
S04166,NOTA,None of the Above,JAMALPUR,BIHAR,1777
S04151,ROBIN SMITH,Bahujan Samaj Party,PARBATTA,BIHAR,1777
S0426,KAMESHWAR THAKUR,Independent,SURSAND,BIHAR,1769
S04212,PRADIP KUMAR JOSHI,Rashtra Sewa Dal,DEHRI,BIHAR,1762
S04189,JAGAT PASWAN,Independent,MASAURHI,BIHAR,1762
S04242,NEMO DEVI,Independent,JHAJHA,BIHAR,1759
S0448,RAJA RAMAN BHASKAR,Independent,FORBESGANJ,BIHAR,1759
S04185,RANADHIR KUMAR,Independent,FATUHA,BIHAR,1756
S04160,JETHU DAS,Rashtriya Jansambhavna Party,DHORAIYA,BIHAR,1754
S0424,SAHDEO RAM,Bahujan Samaj Party,BATHNAHA,BIHAR,1754
S04145,NOTA,None of the Above,SAHEBPUR KAMAL,BIHAR,1751
S0473,SURENDRA YADAV,Proutist Bloc India,MADHEPURA,BIHAR,1751
S04206,GOPAL VINDA,Independent,CHAINPUR,BIHAR,1747
S0452,AHMAD HUSSIAN,The Plurals Party,BAHADURGANJ,BIHAR,1744
S04134,VIKAS KUMAR,Independent,UJIARPUR,BIHAR,1744
S04218,CHHOTELAL PASWAN,Rashtriya Lok Janshakti Party,MAKHDUMPUR,BIHAR,1733
S04181,INDU DEVI,Bharatiya Momin Front,DIGHA,BIHAR,1732
S04202,AMAR PASWAN,Rashtriya Lok Janshakti Party,RAJPUR,BIHAR,1732
S04129,SHIVESHWAR KUMAR,Independent,MAHNAR,BIHAR,1729
S04119,SABITA DEVI,Independent,GARKHA,BIHAR,1728
S04116,NOTA,None of the Above,TARAIYA,BIHAR,1724
S04214,DIVYA BHARTI,Rashtriya Lok Janshakti Party,ARWAL,BIHAR,1724
S0453,MD FAIZAN AHMAD,Independent,THAKURGANJ,BIHAR,1723
S04140,BIBHA DEVI,Bahujan Samaj Party,HASANPUR,BIHAR,1723
S049,MD ASLAM,Independent,SIKTA,BIHAR,1722
S04122,ROHIT ROY,Independent,SONEPUR,BIHAR,1720
S04133,RAJAN KUMAR,Aam Aadmi Party,SAMASTIPUR,BIHAR,1715
S0429,SHRAVAN SAHNI,Rashtriya Jansambhavna Party,RUNNISAIDPUR,BIHAR,1714
S0485,SANJAY PRASAD OJHA,Independent,BAHADURPUR,BIHAR,1712
S04142,SHATRUDHAN KUMAR,Independent,BACHHWARA,BIHAR,1712
S04167,RABINDRA KUMAR DAS,Bahujan Samaj Party,SURYAGARHA,BIHAR,1709
S0430,SHAMIM ALAM,Rashtriya Lok Janshakti Party,BELSAND,BIHAR,1706
S0453,KARAN LAL GANESH,Bahujan Samaj Party,THAKURGANJ,BIHAR,1706
S04237,PREM KUMAR,Independent,NAWADA,BIHAR,1704
S0446,AANANT KUMAR ROY,Rashtriya Jansambhavna Party,NARPATGANJ,BIHAR,1696
S04129,OM PRABHA KUMARI,Bahujan Samaj Party,MAHNAR,BIHAR,1693
S0443,SUSHIL KUMAR,Bahujan Samaj Party,SUPAUL,BIHAR,1693
S0446,JANARDAN YADAV,Jan Suraaj Party,NARPATGANJ,BIHAR,1688
S04220,SOM PRAKASH,Swaraj Party (Loktantrik),OBRA,BIHAR,1686
S04169,VIRENDRA PASWAN,Independent,SHEIKHPURA,BIHAR,1685
S0421,SUBODH KUMAR,Independent,DHAKA,BIHAR,1685
S04135,BRIJENDU KUMAR SINGH,Hindustani Awam Manch (United),MORWA,BIHAR,1684
S0496,SANTOSH KUMAR,Independent,BARURAJ,BIHAR,1682
S0441,GUNSAGAR SAHU,Proutist Bloc India,NIRMALI,BIHAR,1681
S04124,RAJENDRA PRASAD SINGH,Aam Aadmi Party,LALGANJ,BIHAR,1679
S0449,VISHAL KUMAR ROY,Independent,ARARIA,BIHAR,1676
S0438,KRISHNA NARAYAN JHA,Independent,JHANJHARPUR,BIHAR,1675
S04143,MOHAMMAD SAKIL,Bahujan Samaj Party,TEGHRA,BIHAR,1675
S0424,ARCHANA KUMARI,Independent,BATHNAHA,BIHAR,1673
S0438,OM PRAKASH PODDAR,Independent,JHANJHARPUR,BIHAR,1670
S0452,ROHIT KUMAR JHA,Independent,BAHADURGANJ,BIHAR,1667
S04119,VIGAN MANJHI,Rashtriya Lok Janshakti Party,GARKHA,BIHAR,1660
S0471,MOHAMMAD SAJAM,Independent,BIHARIGANJ,BIHAR,1659
S04112,NAYAN PRASAD,Bharat Ka Kisan Majdoor Party,MAHARAJGANJ,BIHAR,1659
S04238,RAHUL KUMAR,Independent,GOBINDPUR,BIHAR,1657
S0497,NANHAK SAH,Socialist Unity Centre Of India (COMMUNIST),PAROO,BIHAR,1653
S0494,SANJAY KUMAR KEJRIWAL,Independent,MUZAFFARPUR,BIHAR,1651
S04153,SONI BHARTI,Independent,GOPALPUR,BIHAR,1651
S04158,SHANIJ KUMAR,Independent,NATHNAGAR,BIHAR,1648
S0465,HAJI SHAFIQUL HAQUE PRADHAN,Independent,BALRAMPUR,BIHAR,1648
S0419,BRAJBIHARI YADAV,Independent,MOTIHARI,BIHAR,1647
S04175,KUMAR NIRAJ,Rashtriya Lok Janshakti Party,HILSA,BIHAR,1646
S04215,RAUSHAN KUMAR,Independent,KURTHA,BIHAR,1642
S04155,SANJU KUMARI,Independent,KAHALGAON,BIHAR,1640
S04157,BANTY THAKUR,Samata Party,SULTANGANJ,BIHAR,1634
S04210,NOTA,None of the Above,DINARA,BIHAR,1631
S0483,ABHISHEK KUMAR JHA,Mithilawadi party,DARBHANGA,BIHAR,1628
S0416,NITESH KUMAR SINGH,Independent,KALYANPUR,BIHAR,1626
S04239,UMESH PRASAD,Jan Suraaj Party,WARSALIGANJ,BIHAR,1626
S04232,MD. SHAHABUDDIN,Jan Suraaj Party,BELAGANJ,BIHAR,1621
S04214,AMITESH KUMAR,Independent,ARWAL,BIHAR,1617
S0425,MAHENDRA SINGH YADAV,Independent,PARIHAR,BIHAR,1615
S0438,BIRENDRA KUMAR SINGH,Bahujan Samaj Party,JHANJHARPUR,BIHAR,1615
S04202,SHIVJI KUMAR,Janshakti Vikas Party (Democratic),RAJPUR,BIHAR,1609
S04142,AVINASH KUMAR,Aam Aadmi Party,BACHHWARA,BIHAR,1609
S04199,VIKRAMA GOND,Gondvana Gantantra Party,BRAHAMPUR,BIHAR,1605
S04123,GHANSHYAM KUMAR DAHA,Rashtriya Lok Janshakti Party,HAJIPUR,BIHAR,1604
S04131,OM PRAKASH,Independent,KALYANPUR,BIHAR,1603
S04207,ASHA  PASWAN,Rashtriya Lok Janshakti Party,CHENARI,BIHAR,1600
S04113,SHANKAR SHARMA,Independent,EKMA,BIHAR,1600
S04130,MIRA DEVI,Bahujan Samaj Party,PATEPUR,BIHAR,1596
S0435,NOTA,None of the Above,BISFI,BIHAR,1596
S04168,PRAVAL KUMAR,Bahujan Samaj Party,LAKHISARAI,BIHAR,1593
S04188,YUVRAJ KUMAR,Samata Party,PHULWARI,BIHAR,1591
S04161,DR FIROZ ANSARI,Independent,BANKA,BIHAR,1591
S0442,CHANDRA KISHOR YADAV,Jai Hind Party,PIPRA,BIHAR,1589
S04102,PANKAJ PANDEY,Independent,KUCHAIKOTE,BIHAR,1588
S0485,SURESH PRASAD SINGH,Rashtriya Lok Janshakti Party,BAHADURPUR,BIHAR,1586
S04154,SUNIL KUMAR CHOUDHARY,Bahujan Samaj Party,PIRPAINTI,BIHAR,1586
S04238,SUBHASH KUMAR,Jagrook Janta Party,GOBINDPUR,BIHAR,1579
S0496,SANJAY KUMAR PASWAN,Rashtriya Lok Janshakti Party,BARURAJ,BIHAR,1578
S04220,HARISANT KUMAR,Independent,OBRA,BIHAR,1577
S0468,SATYA NARAYAN AGRAWAL,Independent,BARARI,BIHAR,1577
S04117,MADHUBALA GIRI,The Plurals Party,MARHAURA,BIHAR,1577
S04200,RAMPRAVESH SINGH,Independent,BUXAR,BIHAR,1575
S0499,MOHAN MAHATO,Rashtriya Jansambhavna Party,BAIKUNTHPUR,BIHAR,1574
S04164,SUDHIR SINGH,Independent,TARAPUR,BIHAR,1574
S04176,ABHI KUMAR,Vikas Vanchit Insan Party,NALANDA,BIHAR,1574
S04101,BRIJ KISHOR GUPTA,Aam Aadmi Party,GOPALGANJ,BIHAR,1573
S04121,JAVAHIR SINGH,Insaniyat Party,PARSA,BIHAR,1569
S0475,MOHAMMAD NAZIR,Independent,SAHARSA,BIHAR,1567
S0455,RAJESH KUMAR BAITHA,Bahujan Samaj Party,KOCHADHAMAN,BIHAR,1565
S0434,MAHAVIR MANDAL,Samata Party,BABUBARHI,BIHAR,1559
S041,AZHARUDDIN ANSARI,Independent,VALMIKI NAGAR,BIHAR,1554
S04180,ARUN THAKUR,Aam Aadmi Party,BAKHTIARPUR,BIHAR,1553
S04161,NOTA,None of the Above,BANKA,BIHAR,1552
S04240,RAMADHIN PASWAN,Rashtriya Lok Janshakti Party,SIKANDRA,BIHAR,1551
S04167,VIPIN KUMAR,Independent,SURYAGARHA,BIHAR,1547
S04132,KANCHAN KUMARI BHARTI,Bahujan Samaj Party,WARISNAGAR,BIHAR,1547
S04123,ABHISHEK KUMAR,Bahujan Samaj Party,HAJIPUR,BIHAR,1545
S04229,UDAY DAS,Peoples Party of India (Democratic),BODH GAYA,BIHAR,1543
S0426,RISHI KUMAR AGRAWAL,Aam Aadmi Party,SURSAND,BIHAR,1541
S0432,SHUBHADA YADAV,Aam Aadmi Party,BENIPATTI,BIHAR,1536
S04226,KARAN RAJ,Moulik Adhikar Party,SHERGHATI,BIHAR,1535
S046,CHITRANJAN KUMAR PATEL,Independent,NAUTAN,BIHAR,1533
S04236,DINANATH THAKUR,Rashtriya Lok Janshakti Party,HISUA,BIHAR,1532
S04153,BHARAT BHUSHAN GANPATI,Lok Shakti Party (Loktantrik),GOPALPUR,BIHAR,1529
S04125,ANAND KUMAR,Independent,VAISHALI,BIHAR,1528
S04138,NEEL KAMAL,Janshakti Janta Dal,BIBHUTIPUR,BIHAR,1518
S042,VASHISHTHA PASWAN,Suheldev Bharatiya Samaj Party,RAMNAGAR,BIHAR,1517
S04159,ROSHAN KUMAR SINGH,Bahujan Samaj Party,AMARPUR,BIHAR,1515
S0483,ASHISH RANJAN,Aam Janta Pragati Party,DARBHANGA,BIHAR,1513
S0418,HARISHCHANDRA KUMAR PRASAD,Bahujan Samaj Party,MADHUBAN,BIHAR,1508
S0436,RAJIV KUMAR JHA,Right to Recall Party,MADHUBANI,BIHAR,1507
S04115,RAJESH KUMAR SINGH,Independent,BANIAPUR,BIHAR,1506
S04117,ABHISHEK RANJAN,Independent,MARHAURA,BIHAR,1506
S04236,SUNIL KUMAR,Bahujan Samaj Party,HISUA,BIHAR,1503
S0490,JITENDRA PRASAD,Rashtriya Jansambhavna Party,MINAPUR,BIHAR,1502
S0450,SANJAY KUMAR THAKUR,Independent,JOKIHAT,BIHAR,1502
S0454,NOTA,None of the Above,KISHANGANJ,BIHAR,1498
S04137,AJAY KUMAR BULGANIN,Janshakti Janta Dal,MOHIUDDINNAGAR,BIHAR,1498
S04228,INDRADEV PASWAN,Rashtriya Jansambhavna Party,BARACHATTI,BIHAR,1496
S0422,SANJAY SANGHARSH SINGH,Independent,SHEOHAR,BIHAR,1489
S04141,RAM SWARTH PRASAD,Independent,CHERIA,BIHAR,1486
S04136,RAM SAGAR ROY,Apna Kisan Party,SARAIRANJAN,BIHAR,1484
S0481,RAJIPAL JHA,Aam Aadmi Party,ALINAGAR,BIHAR,1484
S0469,RAVINDRA KUMAR,Bahujan Samaj Party,KORHA,BIHAR,1469
S0485,ANJU DEVI,Bhagidari Party(P),BAHADURPUR,BIHAR,1468
S0483,NOTA,None of the Above,DARBHANGA,BIHAR,1468
S04140,CHANDRA MOHAN KUMAR,Jagrook Janta Party,HASANPUR,BIHAR,1467
S04200,MANOJ KUMAR,Independent,BUXAR,BIHAR,1465
S0484,JAGNNATH SINGH,Janshakti Janta Dal,HAYAGHAT,BIHAR,1465
S0422,AMRENDRA KUMAR,Bajjikanchal Vikas Party,SHEOHAR,BIHAR,1464
S04182,NOTA,None of the Above,BANKIPUR,BIHAR,1464
S04215,VINOD KUMAR,Independent,KURTHA,BIHAR,1464
S04138,AWADHESH KUMAR,Bahujan Samaj Party,BIBHUTIPUR,BIHAR,1462
S04239,AKHLAQUR RAHMAN MALLICK,Rashtriya Secular Majlis Party,WARSALIGANJ,BIHAR,1462
S0410,DHURENDRA KUMAR,Independent,RAXAUL,BIHAR,1460
S04155,BHAVESH KUMAR,Bahujan Samaj Party,KAHALGAON,BIHAR,1453
S0468,RAJ KISHOR YADAV,Independent,BARARI,BIHAR,1453
S04207,PRAMHANSH KUMAR,Independent,CHENARI,BIHAR,1452
S04214,NOTA,None of the Above,ARWAL,BIHAR,1451
S0450,ROZI BANO,Bahujan Samaj Party,JOKIHAT,BIHAR,1450
S04170,SANJAY KUMAR PRABHAT,Independent,BARBIGHA,BIHAR,1446
S04163,AJAY SHARMA,Jagrook Janta Party,BELHAR,BIHAR,1445
S04215,UMA SHANKAR SHARAN,Aam Aadmi Party,KURTHA,BIHAR,1444
S04239,NAYAN KUMAR,Independent,WARSALIGANJ,BIHAR,1443
S0430,SHYAM BABU SINGH,Independent,BELSAND,BIHAR,1442
S0465,SHAKIR ALAM,Independent,BALRAMPUR,BIHAR,1442
S04195,MUKESH KUMAR RAM,Bahujan Samaj Party,AGIAON,BIHAR,1440
S04125,RAMEKBAL SINGH,Rashtriya Lok Janshakti Party,VAISHALI,BIHAR,1439
S0417,KUNDAN KUMAR,Bharat Jan Jagran Dal,PIPRA,BIHAR,1439
S04214,MANOJ KUMAR SANTOSH,Independent,ARWAL,BIHAR,1439
S0465,PRIYA KUMARI ROY,Bahujan Samaj Party,BALRAMPUR,BIHAR,1438
S0476,RAJKUMAR SADA,Independent,SIMRI BAKHTIARPUR,BIHAR,1436
S0462,NOTA,None of the Above,PURNIA,BIHAR,1436
S04168,UMA SHANKAR YADAV,Vishvas Yogya Party,LAKHISARAI,BIHAR,1435
S04163,MEHAKK ANJUM,Independent,BELHAR,BIHAR,1433
S04144,RAKESH KUMAR,Independent,MATIHANI,BIHAR,1432
S04121,RAMAISHWAR PRASAD RAY,Independent,PARSA,BIHAR,1431
S04215,ARUN KUMAR ALIAS ARUN KUSHWAHA,Rashtriya Lok Samta Party,KURTHA,BIHAR,1428
S04119,NAGENDRA RAM,Republican Party of India (A),GARKHA,BIHAR,1428
S04222,PUSHP LATA DEVI,Independent,KUTUMBA,BIHAR,1427
S04141,RAKESH KUMAR,Rashtriya Jan Vikas Party,CHERIA,BIHAR,1427
S04166,GOPAL KUMAR,Aam Aadmi Party,JAMALPUR,BIHAR,1425
S04231,MANOJ KUMAR BHARTI,Independent,TIKARI,BIHAR,1425
S04158,JAI PRAKASH MANDAL,Independent,NATHNAGAR,BIHAR,1423
S04147,KIRAN KUMARI,Independent,BAKHRI,BIHAR,1423
S0480,IMTIYAZ AHMAD,Independent,BENIPUR,BIHAR,1422
S04210,RAMA KANT RAM,Independent,DINARA,BIHAR,1422
S04190,MRITUNJAY KUMAR,Independent,PALIGANJ,BIHAR,1422
S04227,RAMBALI RISHIASHAN,Independent,IMAMGANJ,BIHAR,1420
S0453,MUSHTAQUE,Independent,THAKURGANJ,BIHAR,1419
S04210,MUNNA SINGH,Independent,DINARA,BIHAR,1417
S0436,MIHIR KUMAR JHA ALIAS MAHADEO JHA,Independent,MADHUBANI,BIHAR,1414
S04222,ANGAD KUMAR,Gana Suraksha Party,KUTUMBA,BIHAR,1412
S04129,VIPIN KUMAR,Aam Aadmi Party,MAHNAR,BIHAR,1407
S0469,KAPILDEV PASWAN,Independent,KORHA,BIHAR,1405
S04114,SURESH KUMAR RAM,Independent,MANJHI,BIHAR,1405
S04141,RAJ KUMAR,Bhagidari Party(P),CHERIA,BIHAR,1404
S04127,KRISHNA MOHAN PASWAN,Bahujan Samaj Party,RAJA PAKAR,BIHAR,1404
S0443,VINDESHWARI PRASAD,Proutist Sarva Samaj,SUPAUL,BIHAR,1404
S0483,PUSHPAM PRIYA,The Plurals Party,DARBHANGA,BIHAR,1403
S04220,SHIV NATH SAV,Independent,OBRA,BIHAR,1398
S04241,RAMASHISH YADAV,Aam Aadmi Party,JAMUI,BIHAR,1396
S04172,VALARAM DAS,Bahujan Samaj Party,BIHARSHARIF,BIHAR,1396
S0437,SIYARAM SADAY,Bahujan Samaj Party,RAJNAGAR,BIHAR,1394
S04241,MAHAVIR YADAV,Bahujan Samaj Party,JAMUI,BIHAR,1392
S04178,ANIL KUMAR,Independent,MOKAMA,BIHAR,1390
S0427,RANDHIR KUMAR,Aam Aadmi Party,BAJPATTI,BIHAR,1389
S04202,RAM LAL RAM,Independent,RAJPUR,BIHAR,1387
S0476,SUNITA DEVI,Bahujan Samaj Party,SIMRI BAKHTIARPUR,BIHAR,1387
S04181,KUSUMLATA VERMA,Independent,DIGHA,BIHAR,1382
S04236,AJAD GEETA PRASAD SHARMA,Independent,HISUA,BIHAR,1381
S0439,SWAMI SURESHANAND,Rashtriya Jansambhavna Party,PHULPARAS,BIHAR,1381
S04211,DHANANJAY PASWAN,Suheldev Bharatiya Samaj Party,NOKHA,BIHAR,1381
S04111,RAVI BHUSHAN GUPTA,Aam Aadmi Party,GORIAKOTHI,BIHAR,1379
S04113,UMESH KUMAR RAJBHAR,Suheldev Bharatiya Samaj Party,EKMA,BIHAR,1378
S04161,AVINASH KUMAR,Independent,BANKA,BIHAR,1375
S04126,RAJU MAHTO,Bhartiya Sarthak Party,MAHUA,BIHAR,1372
S04219,SONU KUMAR,Jagrook Janta Party,GOH,BIHAR,1371
S0454,PRADEEP RAVIDAS,Bahujan Samaj Party,KISHANGANJ,BIHAR,1369
S0432,GHATA DEWANGAN,Bahujan Samaj Party,BENIPATTI,BIHAR,1368
S04127,SANJEEV CHOWDHARY,The Plurals Party,RAJA PAKAR,BIHAR,1365
S0483,SUJEET KUMAR CHAUDHARY,Independent,DARBHANGA,BIHAR,1363
S0422,PRAKASH KUMAR,Independent,SHEOHAR,BIHAR,1363
S0436,SUNENDRA KANT KARI,Samata Party,MADHUBANI,BIHAR,1363
S0425,CHANDRABHUSHAN KUMAR,Independent,PARIHAR,BIHAR,1362
S04114,PRATIBHA DEVI,Suheldev Bharatiya Samaj Party,MANJHI,BIHAR,1362
S04185,JIYA SINGH LUCY,Adarsh Jankalyan Dal,FATUHA,BIHAR,1358
S04193,KISUN PRASAD,Independent,BARHARA,BIHAR,1357
S04117,MANEGAR RAY,Independent,MARHAURA,BIHAR,1357
S04200,NOTA,None of the Above,BUXAR,BIHAR,1356
S04154,SAHDEV KUMAR,Peoples Party of India (Democratic),PIRPAINTI,BIHAR,1355
S04215,VIKASH KUMAR,Independent,KURTHA,BIHAR,1353
S04179,MADHUKAR JAY VIJAY,Aam Aadmi Party,BARH,BIHAR,1353
S04240,UDAY RAVIDAS,Independent,SIKANDRA,BIHAR,1349
S04140,SWETANK ANAND,Independent,HASANPUR,BIHAR,1349
S0469,VINOD KUMAR MIRDHA,Independent,KORHA,BIHAR,1346
S04228,VINAY PASWAN,Independent,BARACHATTI,BIHAR,1346
S04144,DEVANAND RAUT,Samata Party,MATIHANI,BIHAR,1345
S04155,NIRMAL KUMAR,Akhand Bhartiya Yuva Party,KAHALGAON,BIHAR,1345
S0441,PRABHU RAM,Bahujan Samaj Party,NIRMALI,BIHAR,1344
S04233,VIDYABHUSHAN KUMAR,Independent,ATRI,BIHAR,1343
S04179,AMITABH BACHCHAN,Rashtriya Sanatan Party,BARH,BIHAR,1340
S04186,RAGHUVEER MAHTO,Rashtriya Jansambhavna Party,DANAPUR,BIHAR,1340
S04223,LOKNATH SINGH,Independent,AURANGABAD,BIHAR,1335
S0428,RAJ NARAYAN SAH,Bahujan Samaj Party,SITAMARHI,BIHAR,1334
S04188,ANIL DAS,Independent,PHULWARI,BIHAR,1333
S0435,ARVIND KUMAR MISHRA,Aam Aadmi Party,BISFI,BIHAR,1331
S04195,BARUN DEO,Janshakti Janta Dal,AGIAON,BIHAR,1326
S0448,SUBHASH CHANDRA AGRAWAL,Independent,FORBESGANJ,BIHAR,1325
S04128,RAJU KUMAR,Aam Aadmi Party,RAGHOPUR,BIHAR,1322
S04206,NOTA,None of the Above,CHAINPUR,BIHAR,1321
S04129,NOTA,None of the Above,MAHNAR,BIHAR,1321
S04184,MD SHABAB RAHBAR,Rashtriya Jansambhavna Party,PATNA SAHIB,BIHAR,1318
S04116,LALU PRASAD YADAV,Independent,TARAIYA,BIHAR,1316
S04234,PREM KUMAR,Janshakti Janta Dal,WAZIRGANJ,BIHAR,1316
S04170,MURARI KUMAR,Bahujan Samaj Party,BARBIGHA,BIHAR,1313
S0460,VIKASH KUMAR MANDAL,Aam Aadmi Party,RUPAULI,BIHAR,1310
S04226,SHAVINA PRAVIN,Independent,SHERGHATI,BIHAR,1309
S04138,AMARJEET KUMAR,Independent,BIBHUTIPUR,BIHAR,1308
S04166,KAPIL DEO DAS,Bahujan Samaj Party,JAMALPUR,BIHAR,1307
S04211,ARVIND KUMAR,Bhartiya Lok Chetna Party,NOKHA,BIHAR,1307
S04177,DHANANJAY KUMAR,Vikas Vanchit Insan Party,HARNAUT,BIHAR,1304
S048,SATISH KUMAR,Sudharwadi Party,BETTIAH,BIHAR,1300
S04132,SHAKTI KUMAR SAHNI,Right to Recall Party,WARISNAGAR,BIHAR,1299
S04236,ANIL KUMAR,Indian National Socialistic Action Forces,HISUA,BIHAR,1299
S04192,AJAY KUMAR PATHAK,Akhil Bharatiya Jan Sangh,SANDESH,BIHAR,1293
S04110,VIJAY KUMAR YADAW,Bahujan Samaj Party,BARHARIA,BIHAR,1291
S04188,MAHESH PASWAN,Bhartiya Lok Chetna Party,PHULWARI,BIHAR,1291
S04162,SOBAN MURMOO,Independent,KATORIA,BIHAR,1290
S04135,SANTHOSH RAI,Bahujan Samaj Party,MORWA,BIHAR,1288
S0440,KAPILESHWAR YADAV,Peoples Party of India (Democratic),LAUKAHA,BIHAR,1288
S04143,AVADHESH KUMAR,Janta Kranti Party (Rashtravadi),TEGHRA,BIHAR,1288
S0429,SUJAY KUMAR YADAV,Independent,RUNNISAIDPUR,BIHAR,1287
S04119,NEERAJ RAM,Independent,GARKHA,BIHAR,1287
S04145,VISHWAJEET KUMAR ALIAS VIKAS,Independent,SAHEBPUR KAMAL,BIHAR,1285
S04164,SHAMBHU SHANKAR,Independent,TARAPUR,BIHAR,1284
S04161,KUNDAN KUMAR ROY,Rashtriya Lok Janshakti Party,BANKA,BIHAR,1283
S0427,SUSHIL RAJ,Bhartiya Sarthak Party,BAJPATTI,BIHAR,1283
S04140,ASHWINI KUMAR,The Plurals Party,HASANPUR,BIHAR,1282
S04200,VISHWAMITRA KAHAR,Independent,BUXAR,BIHAR,1281
S04183,NOTA,None of the Above,KUMHRAR,BIHAR,1278
S0473,SANJAY YADAV,Janshakti Janta Dal,MADHEPURA,BIHAR,1278
S04143,KEDARNATH BHASKAR,Independent,TEGHRA,BIHAR,1275
S0432,LALITA DEVI,Peoples Party of India (Democratic),BENIPATTI,BIHAR,1274
S04216,BABLU KUMAR,Independent,JEHANABAD,BIHAR,1274
S0468,DWARIKA MANDAL,Bahujan Samaj Party,BARARI,BIHAR,1271
S04232,RAHUL RANJAN,Independent,BELAGANJ,BIHAR,1268
S04207,NEHA KUMARI,Independent,CHENARI,BIHAR,1268
S04173,ANJALI ROY,Independent,RAJGIR,BIHAR,1266
S0438,RAMNARAYAN SAHU,Vanchit Adhikar Party,JHANJHARPUR,BIHAR,1265
S0466,PREM KUMAR MANDAL,Bahujan Samaj Party,PRANPUR,BIHAR,1265
S04243,NARESH KUMAR SHARMA,Jagrook Janta Party,CHAKAI,BIHAR,1265
S0466,SATYA NARAYAN MANDAL,Independent,PRANPUR,BIHAR,1263
S0466,MANOJ MURMU,Independent,PRANPUR,BIHAR,1263
S0485,UMESH CHOUDHARY,Independent,BAHADURPUR,BIHAR,1262
S04130,SUNAINA DEVI,Independent,PATEPUR,BIHAR,1260
S04226,SARJU DAS JEE MAHARAJ,Independent,SHERGHATI,BIHAR,1259
S04113,JITENDRA KUMAR KANNAUJ,Independent,EKMA,BIHAR,1257
S0431,VIVEK KUMAR JHA,Rashtrawadi Janlok Party (Satya),HARLAKHI,BIHAR,1252
S0442,DUKHI LAL YADAV,Socialist Party (India),PIPRA,BIHAR,1252
S04157,RAHUL KUMAR,Independent,SULTANGANJ,BIHAR,1251
S04240,SANGEETA PASWAN,Independent,SIKANDRA,BIHAR,1251
S04241,RUPESH SINGH,Independent,JAMUI,BIHAR,1251
S0460,NEELAM DEVI,Independent,RUPAULI,BIHAR,1251
S0469,WAKIL DAS,Independent,KORHA,BIHAR,1248
S0445,SIKANDRA KUMAR MANDAL,Bahujan Samaj Party,CHHATAPUR,BIHAR,1247
S0442,TRIBHUWAN KUMAR,Samata Party,PIPRA,BIHAR,1246
S0487,ROHIT KUMAR,Bahujan Samaj Party,JALE,BIHAR,1246
S04157,SUNIL KUMAR,Socialist Unity Centre Of India (COMMUNIST),SULTANGANJ,BIHAR,1245
S04137,AMRENDRA KUMAR YADAV,Bahujan Samaj Party,MOHIUDDINNAGAR,BIHAR,1244
S04163,UMESH YADAV,Independent,BELHAR,BIHAR,1243
S0452,MD MASOOM RAZA,Aam Aadmi Party,BAHADURGANJ,BIHAR,1240
S04152,KISHOR KUMAR,Independent,BIHPUR,BIHAR,1239
S043,DILSHAD AHMAD,Fauji Janta Party,NARKATIAGANJ,BIHAR,1238
S0495,RANJIT KUMAR JHA ALIAS PINAKI JHA,Independent,KANTI,BIHAR,1237
S04152,KRISHNA KUMAR MANDAL,Bahujan Samaj Party,BIHPUR,BIHAR,1236
S04122,SURENDRA PRASAD YADAV,Janshakti Janta Dal,SONEPUR,BIHAR,1235
S04160,JITENDRA KUMAR,Rashtriya Lok Janshakti Party,DHORAIYA,BIHAR,1231
S0429,PRAMOD KUMAR,Janshakti Janta Dal,RUNNISAIDPUR,BIHAR,1231
S0458,MUZAMMIL HASAN MAZHARI,Social Democratic Party Of India,KASBA,BIHAR,1229
S04162,DHENA SOREN,Socialist Unity Centre Of India (COMMUNIST),KATORIA,BIHAR,1228
S0488,UMESH PRASAD SINGH,Janshakti Janta Dal,GAIGHAT,BIHAR,1226
S0462,LAKHENDAR SAH,Independent,PURNIA,BIHAR,1225
S04140,IMTIYAZ ALAM RAMZAN ALI SHAIKH,Socialist Party (India),HASANPUR,BIHAR,1223
S04233,SUBHASH KUMAR SINHA,Independent,ATRI,BIHAR,1223
S04196,SANJAY KUMAR SHARMA,Aam Aadmi Party,TARARI,BIHAR,1223
S04206,AKASH RANJAN,Independent,CHAINPUR,BIHAR,1219
S0426,ANIL KUMAR,Bahujan Samaj Party,SURSAND,BIHAR,1218
S0493,SUMIT KUMAR JHA,Independent,KURHANI,BIHAR,1209
S04184,RANDHIR KUMAR,Bahujan Samaj Party,PATNA SAHIB,BIHAR,1207
S0477,PRIYANKA ANAND,Bahujan Samaj Party,MAHISHI,BIHAR,1207
S0478,GANGA PASWAN,Independent,KUSHESHWAR ASTHAN,BIHAR,1206
S04213,MANTU CHOUDHARY,Independent,KARAKAT,BIHAR,1206
S04235,RANJIT KUMAR,Aam Aadmi Party,RAJAULI,BIHAR,1206
S0463,AHMAD RAZA,All India Majlis-E-Inquilab-E-Millat,KATIHAR,BIHAR,1205
S043,RAJENDRA PRASAD YADAV,Independent,NARKATIAGANJ,BIHAR,1205
S04156,NISHA BHARTI,Independent,BHAGALPUR,BIHAR,1204
S0477,SUSHIL KUMAR RAJAK,Independent,MAHISHI,BIHAR,1201
S04215,NIRAJ KUMAR,Independent,KURTHA,BIHAR,1201
S04150,AVDESH KUMAR PANDIT,Bhagidari Party(P),BELDAUR,BIHAR,1201
S0478,JEEBACHH KUMAR HAJARI,Independent,KUSHESHWAR ASTHAN,BIHAR,1201
S0495,VIVEK KUMAR,Bahujan Samaj Party,KANTI,BIHAR,1200
S0484,IRSHAD ALI,Desh Janhit Party,HAYAGHAT,BIHAR,1200
S0495,LAL BABU ROY,Socialist Unity Centre Of India (COMMUNIST),KANTI,BIHAR,1197
S0446,AKHILESH KUMAR,Independent,NARPATGANJ,BIHAR,1196
S0452,MOHAMMAD KAUSAR PERWEZ,Independent,BAHADURGANJ,BIHAR,1195
S0424,BRAJESH PASWAN,Independent,BATHNAHA,BIHAR,1194
S04228,SHIVNATH KUMAR NIRALA,Rashtriya Lok Janshakti Party,BARACHATTI,BIHAR,1192
S04209,RAMSUNDAR PAL,Independent,KARGAHAR,BIHAR,1190
S04141,RAM ASHIS SHARMA,Jagrook Janta Party,CHERIA,BIHAR,1190
S04150,RANDHIR KESARI,Independent,BELDAUR,BIHAR,1185
S04218,MINTA DEVI,Independent,MAKHDUMPUR,BIHAR,1184
S0472,BAMBAM KUMAR,Independent,SINGHESHWAR,BIHAR,1184
S04194,AMARDEEP KUMAR JAI,Independent,ARRAH,BIHAR,1183
S0459,ASHA DEVI,Suheldev Bharatiya Samaj Party,BANMANKHI,BIHAR,1181
S04104,LAXMAN BHAR,Suheldev Bharatiya Samaj Party,HATHUA,BIHAR,1176
S04216,BALESHWAR SINGH,Aam Aadmi Party,JEHANABAD,BIHAR,1175
S04153,SUMAN KUMAR,Bahujan Samaj Party,GOPALPUR,BIHAR,1171
S04225,ANIL SINGH,Yuva Samriddhi Dal,GURUA,BIHAR,1171
S04161,RAJNISH KUMAR CHOUDHARY,Aam Aadmi Party,BANKA,BIHAR,1170
S0446,BECHAN RAM,Independent,NARPATGANJ,BIHAR,1170
S0410,MD KALIM,Independent,RAXAUL,BIHAR,1170
S0464,MD. SHAHARYAR,Jan Suraaj Party,KADWA,BIHAR,1169
S04109,BRIJABIHARI RAY,Suheldev Bharatiya Samaj Party,DARAUNDA,BIHAR,1168
S04177,VINAY BHUSHAN KUMAR,Independent,HARNAUT,BIHAR,1167
S04222,RAKESH RAM,Independent,KUTUMBA,BIHAR,1165
S0449,MD. ASIF ALAM,Rashtriya Jansambhavna Party,ARARIA,BIHAR,1163
S04142,RAJA RAM SINGH,Independent,BACHHWARA,BIHAR,1163
S04240,SANTOSH KUMAR DAS,Bahujan Samaj Party,SIKANDRA,BIHAR,1160
S0498,SHAMBHU SAH,Independent,SAHEBGANJ,BIHAR,1158
S04122,AJAY KUMAR,Samata Party,SONEPUR,BIHAR,1158
S04188,SHRI RAJ PASWAN,Prabal Bharat Party,PHULWARI,BIHAR,1155
S04206,ANIL KUMAR SINGH,Jansatta Party of India,CHAINPUR,BIHAR,1155
S0443,GUNJA KUMARI,Proutist Bloc India,SUPAUL,BIHAR,1154
S04203,NOTA,None of the Above,RAMGARH,BIHAR,1154
S0419,FAKHRE ALAM,Bahujan Samaj Party,MOTIHARI,BIHAR,1154
S04206,MADHAW SINGH,Independent,CHAINPUR,BIHAR,1152
S04127,UMESH RAM,Socialist Unity Centre Of India (COMMUNIST),RAJA PAKAR,BIHAR,1151
S04216,SIDDHANATH KUMAR,Kisan Sangharsh Samiti,JEHANABAD,BIHAR,1151
S04241,MD. SAMIR,Independent,JAMUI,BIHAR,1151
S04225,NITISH KUMAR,Rashtriya Lok Janshakti Party,GURUA,BIHAR,1148
S04110,RAHUL KUMAR,Independent,BARHARIA,BIHAR,1148
S0435,BRIJMOHAN THAKUR,Jagrook Janta Party,BISFI,BIHAR,1146
S04218,DINESH PASWAN,Kisan Sangharsh Samiti,MAKHDUMPUR,BIHAR,1145
S0440,RASLAL MANDAL,Samata Party,LAUKAHA,BIHAR,1143
S04164,BHARAT MANDAL,Socialist Unity Centre Of India (COMMUNIST),TARAPUR,BIHAR,1143
S04231,DHARMENDRA PASWAN,Samata Party,TIKARI,BIHAR,1142
S04234,SANJAY KUMAR,Independent,WAZIRGANJ,BIHAR,1142
S04187,SANNEE KUMAR,Independent,MANER,BIHAR,1141
S04210,ANIL KUMAR SINGH,Lohiya Janta Dal,DINARA,BIHAR,1140
S04225,RAJENDRA KUMAR,Independent,GURUA,BIHAR,1140
S04160,RAJNISH KUMAR,Independent,DHORAIYA,BIHAR,1140
S04204,AJAY KUMAR,Independent,MOHANIA,BIHAR,1138
S04205,MOHAMMAD AMIRUDDIN ANSARI,Aam Aadmi Party,BHABUA,BIHAR,1138
S04233,AKASH KUMAR,Jagrook Janta Party,ATRI,BIHAR,1137
S0484,HARSHA NARAYAN PANDIT,Bhagidari Party(P),HAYAGHAT,BIHAR,1137
S04115,PUSHPA KUMARI,Janshakti Janta Dal,BANIAPUR,BIHAR,1135
S04178,RAHUL KUMAR,Lokhit Adhikar Party,MOKAMA,BIHAR,1132
S04200,DHARM RAJ SINGH,Aam Aadmi Party,BUXAR,BIHAR,1130
S0489,HARISCHANDRA PRASAD YADAV,Independent,AURAI,BIHAR,1130
S0452,TARIQUL AMIN,Independent,BAHADURGANJ,BIHAR,1130
S04136,AMRENDRA KUMAR SINGH,Independent,SARAIRANJAN,BIHAR,1129
S04177,ANIRUDH KUMAR,Independent,HARNAUT,BIHAR,1128
S0462,RAJIV KUMAR ROY,Bahujan Samaj Party,PURNIA,BIHAR,1128
S04227,VIGAN PASWAN,New India United Party,IMAMGANJ,BIHAR,1125
S04125,RAJ KUMAR,Bajjikanchal Vikas Party,VAISHALI,BIHAR,1123
S04233,SAHIL KUMAR,Peoples Party of India (Democratic),ATRI,BIHAR,1120
S0447,SHEKHA DEVI,Independent,RANIGANJ,BIHAR,1120
S0484,NAGESHWAR DAS,Bahujan Samaj Party,HAYAGHAT,BIHAR,1115
S0445,SADANAND SADA,Independent,CHHATAPUR,BIHAR,1115
S04146,MIRA SINGH,Aam Aadmi Party,BEGUSARAI,BIHAR,1115
S04230,MUKESH KUMAR SINHA,Independent,GAYA TOWN,BIHAR,1115
S04229,KUMAR PARDEEP,Independent,BODH GAYA,BIHAR,1114
S0464,VIDYANAND MANDAL,Bahujan Samaj Party,KADWA,BIHAR,1114
S0440,INDRADEV JEE,Independent,LAUKAHA,BIHAR,1112
S044,RAHUL TIWARI,Right to Recall Party,BAGAHA,BIHAR,1111
S0454,ASRAF ALAM,Aam Aadmi Party,KISHANGANJ,BIHAR,1111
S04126,NARESH RAY,Independent,MAHUA,BIHAR,1110
S04204,KANHAIYA RAM,Jantantra Awaj Party,MOHANIA,BIHAR,1106
S0460,JAINENDRA KUMAR,Bahujan Samaj Party,RUPAULI,BIHAR,1105
S0492,SHIV NARAYAN,Samata Party,SAKRA,BIHAR,1105
S04161,MANOJ SINGH,Independent,BANKA,BIHAR,1103
S0418,SHIVSHANKAR RAY,Janshakti Janta Dal,MADHUBAN,BIHAR,1101
S0422,ANISH KUMAR,Independent,SHEOHAR,BIHAR,1100
S04194,MRITUNJAY BHARDWAJ,Bahujan Samaj Party,ARRAH,BIHAR,1098
S04220,PRATIMA KUMARI,Rashtriya Lok Janshakti Party,OBRA,BIHAR,1096
S04189,SRI KANT KUMAR,Independent,MASAURHI,BIHAR,1096
S0458,BHANU BHARATIYA,Aam Aadmi Party,KASBA,BIHAR,1094
S0431,SATISH SHARMA,Jagrook Janta Party,HARLAKHI,BIHAR,1091
S04175,AMAR SINGH,The Plurals Party,HILSA,BIHAR,1086
S04155,MAHENDRA TANTI,Independent,KAHALGAON,BIHAR,1081
S0476,BARUN KUMAR YADAV,Independent,SIMRI BAKHTIARPUR,BIHAR,1081
S0451,SHAMSUL,Independent,SIKTI,BIHAR,1078
S04120,SUJEET PRIYDARSHI,Independent,AMNOUR,BIHAR,1074
S0463,RAJESH GURNANI,Aam Aadmi Party,KATIHAR,BIHAR,1072
S04208,ARMAN AHMAD KHAN,Aam Aadmi Party,SASARAM,BIHAR,1067
S04201,PRAMILA DEVI,Independent,DUMRAON,BIHAR,1067
S04207,PANKAJ KUMAR,Independent,CHENARI,BIHAR,1064
S04166,RAJESH KUMAR JHA,Independent,JAMALPUR,BIHAR,1064
S04120,ALI ABBAS,Bharatiya Momin Front,AMNOUR,BIHAR,1062
S04204,RANJIT DOM,Aam Aadmi Party,MOHANIA,BIHAR,1060
S04143,CHANDRA PRAKASH SINGH,Janshakti Janta Dal,TEGHRA,BIHAR,1059
S04193,SANTOSH KUMAR SINGH,Peoples Party of India (Democratic),BARHARA,BIHAR,1059
S04113,ABHIJEET ABHIGYAN,Independent,EKMA,BIHAR,1056
S04235,RAMANAND CHAUDHARY,Independent,RAJAULI,BIHAR,1054
S04224,NANDLAL SUMAN,Independent,RAFIGANJ,BIHAR,1051
S0490,SHIV KUMAR YADAV,Socialist Unity Centre Of India (COMMUNIST),MINAPUR,BIHAR,1050
S0431,SHIVLAL PASWAN,Rashtriya Samaj Paksha,HARLAKHI,BIHAR,1046
S0426,VINAY KUMAR,Independent,SURSAND,BIHAR,1045
S04104,SURENDRA RAM,Bhartiya Rashtriya Dal,HATHUA,BIHAR,1044
S0470,AMAR KUMAR SINGH,Independent,ALAMNAGAR,BIHAR,1043
S04165,RANVIR SAHANI,Bahujan Samaj Party,MUNGER,BIHAR,1039
S04106,PRABUNATH THAKUR,Independent,ZIRADEI,BIHAR,1039
S04128,BAIDYANATH KUMAR SAH,Independent,RAGHOPUR,BIHAR,1039
S04225,MAHENDRA KUMAR,Independent,GURUA,BIHAR,1035
S0433,MD SABIR,Bahujan Samaj Party,KHAJAULI,BIHAR,1033
S04152,AJAY KUMAR RAVIDAS,Independent,BIHPUR,BIHAR,1032
S04224,SAT NARAIN,Independent,RAFIGANJ,BIHAR,1032
S04150,VIDYA NAND YADAV,Bahujan Samaj Party,BELDAUR,BIHAR,1032
S0457,NASAR AHMAD,Independent,BAISI,BIHAR,1031
S04193,KAJAL,Independent,BARHARA,BIHAR,1030
S0438,UMAR AFTAB AFSAR,Independent,JHANJHARPUR,BIHAR,1029
S04180,RAM RATAN PRASAD SINGH,Independent,BAKHTIARPUR,BIHAR,1029
S044,SHAILESH KUMAR CHAUDHARY,Bharat Jan Jagran Dal,BAGAHA,BIHAR,1028
S04208,KUMARI ARCHANA GUPTA,Independent,SASARAM,BIHAR,1027
S0441,RAMDEV SUTIHAR,Jagrook Janta Party,NIRMALI,BIHAR,1027
S04233,AVINASH KUMAR SONU,Janshakti Janta Dal,ATRI,BIHAR,1026
S0457,RABINDRA KUMAR SINGH,Bahujan Samaj Party,BAISI,BIHAR,1025
S0422,PURUSHOTTAM KUMAR,GaribJanta Party Loktantrik,SHEOHAR,BIHAR,1024
S04101,MD. HAYATULLAH,Bhartiya Insan Party,GOPALGANJ,BIHAR,1024
S04157,BIPIN KUMAR SINGH,Bhartiya Lok Chetna Party,SULTANGANJ,BIHAR,1023
S04222,RIMA KUMARI,Rashtrawadi Janlok Party (Satya),KUTUMBA,BIHAR,1019
S04116,AHMAD HUSSAIN ANSARI,Peace Party,TARAIYA,BIHAR,1018
S04202,BALESHWAR RAM,Rashtriya Jansambhavna Party,RAJPUR,BIHAR,1017
S04208,DHANJIT SHARMA,Jagrook Janta Party,SASARAM,BIHAR,1017
S0462,ASLAM AZAD,Independent,PURNIA,BIHAR,1017
S04146,VIJAY KUMAR,Independent,BEGUSARAI,BIHAR,1017
S0465,MD AFTAB ALAM RUKNAVI,Independent,BALRAMPUR,BIHAR,1016
S04149,MADHU KUMAR BHARTI,Independent,KHAGARIA,BIHAR,1015
S04235,GORELAL CHAUDHARY,Independent,RAJAULI,BIHAR,1013
S04119,SADAN KUMAR,Aam Aadmi Party,GARKHA,BIHAR,1010
S0412,WASHISHTH PRASAD,Independent,NARKATIA,BIHAR,1006
S04229,VIRENDRA RAJVANSHI ALIAS BIGENDRA KUMAR,Suheldev Bharatiya Samaj Party,BODH GAYA,BIHAR,1005
S0447,BIDYANAND RAM,Aapki Apni Adhikar Party,RANIGANJ,BIHAR,1005
S04126,AMRESH KUMAR,Independent,MAHUA,BIHAR,1005
S04158,SUDHIR KUMAR,Independent,NATHNAGAR,BIHAR,1002
S0484,NARESH KUMAR NAWAL,Independent,HAYAGHAT,BIHAR,1001
S04186,VARSHA,Independent,DANAPUR,BIHAR,1001
S04126,AKHILESH KUMAR THAKUR,Nationalist Congress Party,MAHUA,BIHAR,1000
S04198,DABLU KUMAR GOND,Independent,SHAHPUR,BIHAR,1000
S04145,SANJAY YADAV,Rashtriya Lok Janshakti Party,SAHEBPUR KAMAL,BIHAR,999
S0496,RAJESH KUMAR SAH,Independent,BARURAJ,BIHAR,997
S04108,PASHUPATI NATH CHATURVEDI,Janshakti Janta Dal,RAGHUNATHPUR,BIHAR,996
S04113,JAWAHIR PRASAD,Apna Kisan Party,EKMA,BIHAR,995
S04201,RAVI PRAKASH SINHA,Independent,DUMRAON,BIHAR,995
S0428,CHANDESHWAR PRASAD,Independent,SITAMARHI,BIHAR,995
S04213,MD. IRSHAD KHAN,Lohiya Janta Dal,KARAKAT,BIHAR,995
S04134,NIKKI JHA,Independent,UJIARPUR,BIHAR,995
S04234,MOHAMMAD JULKAR NAIN,Rashtriya Lok Janshakti Party,WAZIRGANJ,BIHAR,994
S04161,SAJAN KUMAR,Independent,BANKA,BIHAR,990
S04187,SATISH KUMAR,Rashtriya Jansambhavna Party,MANER,BIHAR,987
S04134,DINESH PRASAD CHOUDHARY,Independent,UJIARPUR,BIHAR,987
S04240,PRIYANKA KUMARI,Independent,SIKANDRA,BIHAR,986
S0464,ANMOL KUMAR,Voters Party International,KADWA,BIHAR,984
S04157,SUMAN KUMAR,Jagrook Janta Party,SULTANGANJ,BIHAR,983
S04128,ANIL SINGH,Nationalist Congress Party,RAGHOPUR,BIHAR,983
S04145,SENTU KUMAR,Independent,SAHEBPUR KAMAL,BIHAR,983
S04184,AMIT KUMAR ALBELA,Independent,PATNA SAHIB,BIHAR,981
S04189,RAVI PRAKASH,Independent,MASAURHI,BIHAR,980
S0462,ADITYA LAL,Aam Aadmi Party,PURNIA,BIHAR,980
S04157,MATIUR RAHMAN,Bahujan Samaj Party,SULTANGANJ,BIHAR,980
S04198,KRISHNA RAM,Independent,SHAHPUR,BIHAR,979
S04185,SHIV NANDAN TIWARI,Ambedkar National Congress,FATUHA,BIHAR,978
S04116,BHAGWAN PRASAD GUPTA,Vanchit Adhikar Party,TARAIYA,BIHAR,978
S04201,MANTOSH KUMAR GOND,Gondvana Gantantra Party,DUMRAON,BIHAR,977
S0448,MOHAMMAD EKRAMUL HAQUE,Jan Suraaj Party,FORBESGANJ,BIHAR,977
S0466,SANJAY KUMAR,Independent,PRANPUR,BIHAR,976
S0498,RAJAN KUMAR,Independent,SAHEBGANJ,BIHAR,976
S04202,BHIM RAM,Sarvjan Sanatan Party,RAJPUR,BIHAR,971
S04124,ABHISHEK KUMAR SINGH,Independent,LALGANJ,BIHAR,970
S04232,MD. ABDULLAH,Bharatiya Sampuran Krantikari Party,BELAGANJ,BIHAR,967
S04174,RANJEET KUMAR,Independent,ISLAMPUR,BIHAR,967
S0486,MANOJ KUMAR MAHTO,Bahujan Samaj Party,KEOTI,BIHAR,964
S04242,KEDAR KUMAR MANDAL,Apni Janta Party,JHAJHA,BIHAR,964
S04143,RAM PUKAR THAKUR,Independent,TEGHRA,BIHAR,964
S0464,SURESH YADAV,Independent,KADWA,BIHAR,963
S04190,ARVIND KUMAR MAURYA,Independent,PALIGANJ,BIHAR,962
S04162,BALIRAM MURMU,Independent,KATORIA,BIHAR,961
S04208,NOTA,None of the Above,SASARAM,BIHAR,961
S04166,RAVI KUMAR,Independent,JAMALPUR,BIHAR,958
S0494,CHANDRA BHUSHAN PRASAD,Independent,MUZAFFARPUR,BIHAR,957
S04138,KANHAIYA KUMAR,Independent,BIBHUTIPUR,BIHAR,957
S0483,DURGA NANDA MAHAVIR NAYAK,Bahujan Samaj Party,DARBHANGA,BIHAR,953
S04201,RAVISHANKAR RAY,Independent,DUMRAON,BIHAR,951
S043,MD MOTIUR RAHMAN,Bahujan Samaj Party,NARKATIAGANJ,BIHAR,951
S0446,JITENDRA YADAV,Independent,NARPATGANJ,BIHAR,950
S0466,SUBHASH KUMAR YADAV,Sampoorna Bharat Kranti Party,PRANPUR,BIHAR,943
S04145,ANANT KUMAR PODDAR,Bahujan Samaj Party,SAHEBPUR KAMAL,BIHAR,942
S04226,RAJIV KUMAR,Independent,SHERGHATI,BIHAR,940
S04126,SARITA SAH,Independent,MAHUA,BIHAR,940
S04133,SHIVAM KUMAR RAJ,The Plurals Party,SAMASTIPUR,BIHAR,939
S04175,SUDHIR KUMAR,Sanyukt Kisan Vikas Party,HILSA,BIHAR,935
S04170,PAWAN KUMAR,The Plurals Party,BARBIGHA,BIHAR,934
S04233,SUDHIR KUMAR,Independent,ATRI,BIHAR,933
S04206,SUNIL SHARMA,Jagrook Janta Party,CHAINPUR,BIHAR,933
S04216,RAJU KUMAR,Socialist Unity Centre Of India (COMMUNIST),JEHANABAD,BIHAR,932
S04155,ANUJ KUMAR MANDAL,Independent,KAHALGAON,BIHAR,931
S04215,RUPESH KUMAR,Socialist Unity Centre Of India (COMMUNIST),KURTHA,BIHAR,930
S0414,ASHOK KUMAR SINGH,Aam Aadmi Party,GOVINDGANJ,BIHAR,929
S04216,PRAMOD YADAV,Rashtriya Lok Janshakti Party,JEHANABAD,BIHAR,927
S04201,UMESH RAM,Sanyukt Kisan Vikas Party,DUMRAON,BIHAR,926
S0454,ABDUR RAHMAN,Independent,KISHANGANJ,BIHAR,926
S04114,DHARMENDRA KUMAR SHARMA,Jagrook Janta Party,MANJHI,BIHAR,925
S0426,SATISH KUMAR MISHRA,Vikas Vanchit Insan Party,SURSAND,BIHAR,924
S04121,MADAN MOHAN SRIVASTAVA,Proutist Bloc India,PARSA,BIHAR,924
S0461,RAMAN KUMAR,Independent,DHAMDAHA,BIHAR,922
S04219,RAJEEV RANJAN,Independent,GOH,BIHAR,922
S04121,MUNESHWAR PRASAD GUPTA,Independent,PARSA,BIHAR,921
S0427,MOHAMMAD AFTAB,Apna Adhikar Party,BAJPATTI,BIHAR,920
S0462,KANEEZ FATMA,Independent,PURNIA,BIHAR,919
S04220,NOTA,None of the Above,OBRA,BIHAR,919
S04110,RAMDAS TIWARI,Independent,BARHARIA,BIHAR,918
S0472,BABLU RISHIDEV,Independent,SINGHESHWAR,BIHAR,918
S04165,RAJA KESHRI,Independent,MUNGER,BIHAR,917
S04108,ANITA KUMARI,Independent,RAGHUNATHPUR,BIHAR,917
S04176,GAUTAM RAJVANSHI,Moolniwasi Samaj Party,NALANDA,BIHAR,916
S0469,TUFANI DAS,Peoples Party of India (Democratic),KORHA,BIHAR,914
S04191,SHAMBHU PRASAD SHARMA,Hindustan Vikas Dal,BIKRAM,BIHAR,913
S0421,MADHUSUDAN KUMAR,Aam Aadmi Party,DHAKA,BIHAR,912
S04185,SHAKTI PASWAN,Independent,FATUHA,BIHAR,910
S04234,SUNIL KUMAR,Peoples Party of India (Democratic),WAZIRGANJ,BIHAR,908
S04188,MUKESH KUMAR,Rashtriya Republican Party,PHULWARI,BIHAR,908
S04194,ARUN KUMAR SINGH,Bhartiya Mahasangh Party,ARRAH,BIHAR,908
S04221,ANIL RAM,Socialist Unity Centre Of India (COMMUNIST),NABINAGAR,BIHAR,906
S0454,MD WASIM,Independent,KISHANGANJ,BIHAR,906
S04216,NITISH KUMAR,Bhagidari Party(P),JEHANABAD,BIHAR,905
S0437,RAKESH KUMAR,Apni Janta Party,RAJNAGAR,BIHAR,903
S04184,ADIL AFTAB KHAN,Nationalist Congress Party,PATNA SAHIB,BIHAR,902
S04168,KUSHO MAHTO,Bhartiya Lok Chetna Party,LAKHISARAI,BIHAR,901
S04138,PRAHLAD,Independent,BIBHUTIPUR,BIHAR,901
S04210,BHUPESH SINGH,Rashtriya Lok Janshakti Party,DINARA,BIHAR,899
S0434,NAVIN KUMAR THAKUR,Jagrook Janta Party,BABUBARHI,BIHAR,895
S04166,HARSH VARDHAN SINGH,Independent,JAMALPUR,BIHAR,894
S04134,ARUN KUMAR YADAV,Independent,UJIARPUR,BIHAR,893
S04219,AMIT KUMAR,Independent,GOH,BIHAR,893
S0445,MANOJ KUMAR PASWAN,Independent,CHHATAPUR,BIHAR,893
S0464,RAJEEV RANJAN,Independent,KADWA,BIHAR,891
S04127,ASHOK PASWAN,Sathi Aur Aapka Faisala Party,RAJA PAKAR,BIHAR,890
S04176,DHARMENDRA PASWAN,Rashtriya Samajwadi Lok Adhikar Party,NALANDA,BIHAR,890
S0473,MOHAMMAD ASIF ALAM,The National Road Map Party of India,MADHEPURA,BIHAR,889
S04177,PREM RANJAN KUMAR,Jantantrik Lokhit Party,HARNAUT,BIHAR,889
S04132,RAM KUMAR,Rashtriya Jansambhavna Party,WARISNAGAR,BIHAR,889
S04112,ASHISH RANJAN SINGH,Independent,MAHARAJGANJ,BIHAR,886
S0465,MD SHAHID SHAIKH,The Plurals Party,BALRAMPUR,BIHAR,885
S04106,VIVEK SHUKLA,Independent,ZIRADEI,BIHAR,882
S04192,SANDHYA KUMARI,Independent,SANDESH,BIHAR,880
S04116,SANJAY KUMAR,Peoples Party of India (Democratic),TARAIYA,BIHAR,879
S0430,RUDAL SAH,Independent,BELSAND,BIHAR,879
S0464,SAJAN KUMAR,Independent,KADWA,BIHAR,877
S04208,GEETA DEVI,Independent,SASARAM,BIHAR,876
S0464,ASHA SUMAN,Independent,KADWA,BIHAR,874
S0481,HARI LAL SHARMA,Independent,ALINAGAR,BIHAR,870
S04152,RUPAM DEVI,Independent,BIHPUR,BIHAR,870
S04178,MANJU KUMARI,Panchpauniya Samaj Party,MOKAMA,BIHAR,867
S0433,RAJDEV DAS,Independent,KHAJAULI,BIHAR,866
S04228,ARJUN BHUIYAN,Vikas Vanchit Insan Party,BARACHATTI,BIHAR,866
S04222,NARENDRA KUMAR RAM,Independent,KUTUMBA,BIHAR,864
S0480,SIYA LAKHAN YADAV,Open peoples Party,BENIPUR,BIHAR,863
S04201,RAVISHANKAR PRASAD,Bhagidari Party(P),DUMRAON,BIHAR,863
S04208,BIMAL KANT DUBEY,Independent,SASARAM,BIHAR,860
S04157,DHARMENDRA SINGH,Independent,SULTANGANJ,BIHAR,860
S04175,SACHIDANAND SINGH,Independent,HILSA,BIHAR,859
S0417,SHYAM KUMAR,Kisan Suraj Dal,PIPRA,BIHAR,859
S04228,RAHUL KUMAR,Independent,BARACHATTI,BIHAR,859
S0475,BITTU KUMAR,Rashtriya Samaj Paksha,SAHARSA,BIHAR,857
S04143,RAM KUMAR,Independent,TEGHRA,BIHAR,855
S04150,AJAY KUMAR,Rashtriya Jansambhavna Party,BELDAUR,BIHAR,853
S0483,RANJEET KUMAR RAM,Wazib Adhikar Party,DARBHANGA,BIHAR,852
S04121,BIPIN KR SINGH,Nationalist Congress Party,PARSA,BIHAR,851
S0417,JAGDISH PRASAD,Bajjikanchal Vikas Party,PIPRA,BIHAR,851
S04172,MANOJ KUMAR,Aam Aadmi Party,BIHARSHARIF,BIHAR,850
S0498,MUKESH KUMAR SINGH,Independent,SAHEBGANJ,BIHAR,849
S0423,MOTILAL RAUT,Independent,RIGA,BIHAR,849
S04129,JAI SINGH,Janshakti Janta Dal,MAHNAR,BIHAR,849
S04164,BULBUL  KUMARI,Independent,TARAPUR,BIHAR,848
S04123,RAMESH KUMAR SINGH,Independent,HAJIPUR,BIHAR,848
S04125,MD. MURTAZA HOSSAIN HAQUE,Ambedkar National Congress,VAISHALI,BIHAR,847
S0477,VIJAY KUMAR GUPTA,Aam Aadmi Party,MAHISHI,BIHAR,847
S04130,FAGUNI MANJHI,Independent,PATEPUR,BIHAR,846
S04166,SHIV KUMAR PASWAN,Independent,JAMALPUR,BIHAR,845
S04111,RAMAYAN SINGH,All India Forward Bloc,GORIAKOTHI,BIHAR,845
S0465,SUJIT PASWAN,Independent,BALRAMPUR,BIHAR,844
S04204,NITISH KUMAR,Asankhya Samaj Party,MOHANIA,BIHAR,843
S04236,RAMBALAK SHARMA,Jagrook Janta Party,HISUA,BIHAR,842
S04161,MD ZAMIRUDDIN,Independent,BANKA,BIHAR,842
S04197,MUNGA LAL RAM,Independent,JAGDISHPUR,BIHAR,841
S04185,BINAY SINGH,Kisan Sangharsh Samiti,FATUHA,BIHAR,839
S0493,PRAMOD KUMAR SHARMA,Independent,KURHANI,BIHAR,839
S0427,AJEET KUMAR JHA,Independent,BAJPATTI,BIHAR,838
S04232,MD. ISTIYAQUE AHMAD,Independent,BELAGANJ,BIHAR,837
S04217,RAKESH ROUSHAN,Aam Janta Party Rashtriya,GHOSI,BIHAR,836
S04178,VIKASH KUMAR,Independent,MOKAMA,BIHAR,832
S04123,RAJ KUMAR SINGH,Bhartiya Lok Chetna Party,HAJIPUR,BIHAR,831
S04159,MOHAMMAD FURKAN,Independent,AMARPUR,BIHAR,830
S04220,BRAJ KISHOR SINGH,Independent,OBRA,BIHAR,829
S04201,DINESH SINGH,Janshakti Janta Dal,DUMRAON,BIHAR,829
S0424,DEEPAK RAJ,Janshakti Vikas Party (Democratic),BATHNAHA,BIHAR,825
S0464,MD. SHAMIUDDIN,Minorities Democratic Party,KADWA,BIHAR,822
S0440,GURUDEO SINGH,Janshakti Vikas Party (Democratic),LAUKAHA,BIHAR,822
S046,SANJAY PRASAD ALIAS SANJAY KUMAR SINGH,Apni Janta Party,NAUTAN,BIHAR,822
S0480,VIDYANAND RAM,Wazib Adhikar Party,BENIPUR,BIHAR,816
S0485,SANJAY KUMAR SINGH,Independent,BAHADURPUR,BIHAR,816
S0412,UMAR FAROOQUE,Independent,NARKATIA,BIHAR,816
S0456,LOGEN LAL DAS,Independent,AMOUR,BIHAR,815
S04233,ANJU DEVI,Independent,ATRI,BIHAR,814
S04207,SALONI DEVI OMPRAKASH RAM,Republican Party of India (A),CHENARI,BIHAR,814
S0432,ABADH KISHOR JHA,Janshakti Janta Dal,BENIPATTI,BIHAR,811
S0423,DR. PRADEEP KUMAR JAYASWAL,Independent,RIGA,BIHAR,810
S04190,GIRJA RAM,Suheldev Bharatiya Samaj Party,PALIGANJ,BIHAR,809
S04106,PARMANAND PRASAD,Swatantra Samaj Party,ZIRADEI,BIHAR,807
S04185,BRIJBHAN RAM,Independent,FATUHA,BIHAR,807
S0490,DHARMVIR KUMAR SHARMA,Jagrook Janta Party,MINAPUR,BIHAR,807
S04119,NAND KISHOR MANJHI,Independent,GARKHA,BIHAR,806
S0494,KANHAIYA KUMAR,Independent,MUZAFFARPUR,BIHAR,805
S0449,A. GAFOOR,Independent,ARARIA,BIHAR,804
S04214,ARUN KUMAR,Janshakti Janta Dal,ARWAL,BIHAR,804
S04179,RAVIKANT PRASAD YADAV,Independent,BARH,BIHAR,802
S0422,MAMTA KUMARI,Rashtriya Jansambhavna Party,SHEOHAR,BIHAR,802
S0413,JAGDISH RAM,Independent,HARSIDHI,BIHAR,800
S04211,SANTOSH KUMAR SINGH,Rashtriya Jansambhavna Party,NOKHA,BIHAR,799
S04162,SUSHILLA HEMBROM,Janshakti Vikas Party (Democratic),KATORIA,BIHAR,797
S0478,DUKHI RAM RASIYA,Aam Janta Pragati Party,KUSHESHWAR ASTHAN,BIHAR,797
S0427,ABDUL HASIB,Peace Party,BAJPATTI,BIHAR,796
S04128,SHILAM JHA,Akhil Hind Forward Bloc (Krantikari),RAGHOPUR,BIHAR,794
S0427,ASHA CHOUDHARY,Independent,BAJPATTI,BIHAR,794
S04166,MRITUNJOY KUMAR SINGH,Akhand Bharat Vikas Party,JAMALPUR,BIHAR,794
S0493,AJAY KUMAR SAHANI,Socialist Party (India),KURHANI,BIHAR,794
S0425,MOHD MUKSAID ALAM,Independent,PARIHAR,BIHAR,794
S04218,PREM KISHOR PASWAN,Bhartiya Lok Chetna Party,MAKHDUMPUR,BIHAR,792
S04209,MANTU KUMAR,Lok Shakti Party (Loktantrik),KARGAHAR,BIHAR,792
S04180,GULSHAN KUMAR YADAV,Janshakti Janta Dal,BAKHTIARPUR,BIHAR,791
S0456,LAKSHMI KUMARI,Bahujan Samaj Party,AMOUR,BIHAR,791
S04190,JITENDRA KUMAR,Independent,PALIGANJ,BIHAR,790
S04206,PRIYANKA,Independent,CHAINPUR,BIHAR,790
S04182,PANKAJ KUMAR,Aam Aadmi Party,BANKIPUR,BIHAR,790
S0440,ARUN KUMAR SINGH,Independent,LAUKAHA,BIHAR,789
S04170,SIKANDAR CHAUDHARI,Right to Recall Party,BARBIGHA,BIHAR,785
S04106,AJAY KUMAR PRAJAPATI,Independent,ZIRADEI,BIHAR,783
S0456,MAHFOOZ ALAM,Independent,AMOUR,BIHAR,783
S04200,SOHAN GOND,Gondvana Gantantra Party,BUXAR,BIHAR,782
S046,AJEET KUMAR SAH,Janshakti Janta Dal,NAUTAN,BIHAR,782
S0473,LALAN KUMAR RAM,Bahujan Samaj Party,MADHEPURA,BIHAR,781
S04210,MANOJ KUMAR SINGH,Nationalist Congress Party,DINARA,BIHAR,781
S048,CHHATHU SHARMA,Jagrook Janta Party,BETTIAH,BIHAR,780
S04206,MAHENDRA PRASAD,Independent,CHAINPUR,BIHAR,779
S0481,CHANDU CHAUDHRY,Independent,ALINAGAR,BIHAR,778
S04205,SHISHUPAL SINGH,Independent,BHABUA,BIHAR,778
S0420,MOHAMMAD MAHTAB ALAM,Samaj Shakti Party,CHIRAIA,BIHAR,776
S0465,TANWEER SHAMSI,Independent,BALRAMPUR,BIHAR,775
S04224,RITESH KUMAR,Independent,RAFIGANJ,BIHAR,774
S04226,SANTOSH THAKUR,Swaraj Party (Loktantrik),SHERGHATI,BIHAR,774
S04168,RAMJEE MANDAL,Independent,LAKHISARAI,BIHAR,771
S0493,DINESH KUMAR RAY,Independent,KURHANI,BIHAR,771
S0485,RANJEET SHARMA,Gantantrik Samaj Party,BAHADURPUR,BIHAR,768
S04155,OM PRAKASH MANDAL,Independent,KAHALGAON,BIHAR,762
S04104,KALINDRA KUMAR RAY,Rashtriya Sab Janshakti Party,HATHUA,BIHAR,761
S04234,PIKAN MANJHI,Independent,WAZIRGANJ,BIHAR,760
S04134,DILIP KUMAR SAHANI,Independent,UJIARPUR,BIHAR,760
S04209,AMIT KUMAR,Rashtriya Sanatan Party,KARGAHAR,BIHAR,760
S04179,SURAJ KUMAR,Independent,BARH,BIHAR,760
S0477,RANJIT SADA,Independent,MAHISHI,BIHAR,758
S04189,RAM EKWAL RAVIDAS,Independent,MASAURHI,BIHAR,757
S04172,SARSWATI KUMARI,Independent,BIHARSHARIF,BIHAR,757
S04162,ADHIK LAL MARANDI,Independent,KATORIA,BIHAR,756
S0494,SANJAY KUMAR S/O JATAN RAJAK,Independent,MUZAFFARPUR,BIHAR,753
S0495,AJIT KUMAR,Independent,KANTI,BIHAR,751
S04137,SURJEET SHYAMAL,Independent,MOHIUDDINNAGAR,BIHAR,750
S0490,DEENANATH PRASAD,Independent,MINAPUR,BIHAR,750
S0454,MD TARIQ ANWAR,Janshakti Janta Dal,KISHANGANJ,BIHAR,749
S0438,VIJAY KUMAR MANDAL,Socialist Unity Centre Of India (COMMUNIST),JHANJHARPUR,BIHAR,748
S04163,MAMTA ROY,Independent,BELHAR,BIHAR,748
S0468,MD NASIM,Independent,BARARI,BIHAR,744
S0482,MOHAMMAD KALAM,Bharat Jan Jagran Dal,DARBHANGA RURAL,BIHAR,744
S04187,SHIV KUMAR SINGH,Apna Kisan Party,MANER,BIHAR,744
S04129,CHANDAN KUMAR,Independent,MAHNAR,BIHAR,743
S04230,PREM KUMAR S/O-AYODHYA SAW,Independent,GAYA TOWN,BIHAR,739
S0486,BALARAM THAKUR,Independent,KEOTI,BIHAR,737
S049,PUNAM SHARMA,Jagrook Janta Party,SIKTA,BIHAR,737
S0485,BIRENDRA KUMAR PASWAN,Republican Party of India (Bhimrao Ambedkar),BAHADURPUR,BIHAR,737
S04195,VIJAY MEHRA,Independent,AGIAON,BIHAR,734
S04145,PRIYANKA KUMARI,Independent,SAHEBPUR KAMAL,BIHAR,730
S0493,NOTA,None of the Above,KURHANI,BIHAR,729
S04191,RAJIV KUMAR SINGH,Independent,BIKRAM,BIHAR,728
S04146,SUSHIL KUMAR,Samata Party,BEGUSARAI,BIHAR,727
S04212,RANJAN KUMAR,Independent,DEHRI,BIHAR,724
S04230,RAFATALI KHAN,Bahujan Samaj Party,GAYA TOWN,BIHAR,724
S04205,AJEET KUMAR PATEL,Independent,BHABUA,BIHAR,722
S04228,SANJAY MANDAL,Socialist Party (India),BARACHATTI,BIHAR,720
S04195,SURAJ BHAN,Independent,AGIAON,BIHAR,720
S0490,RAMESH KUMAR,Independent,MINAPUR,BIHAR,717
S0479,BACHELAL JHA,Independent,GAURA BAURAM,BIHAR,716
S0480,PRAMILA JHA,Bhartiya Mahasangh Party,BENIPUR,BIHAR,714
S04196,RAMESH CHANDRA RABI,Independent,TARARI,BIHAR,714
S04168,ABHISHEK KUMAR,Independent,LAKHISARAI,BIHAR,713
S04138,NAVIN KUMAR,Independent,BIBHUTIPUR,BIHAR,713
S04128,PREM KUMAR,Janshakti Janta Dal,RAGHOPUR,BIHAR,709
S04221,AJAY BHUIYAN,Swaraj Party (Loktantrik),NABINAGAR,BIHAR,709
S04208,ASHUTOSH SINGH,Nationalist Congress Party,SASARAM,BIHAR,708
S04112,ANGAD KUMAR,Independent,MAHARAJGANJ,BIHAR,706
S04137,ABHIRANJAN KUMAR,Independent,MOHIUDDINNAGAR,BIHAR,704
S0496,RAJESH KUMAR,Independent,BARURAJ,BIHAR,704
S043,SAMEER SUNU,Independent,NARKATIAGANJ,BIHAR,703
S0480,AMARJEE MISHRA,Independent,BENIPUR,BIHAR,699
S04238,SANJAY YADAV,Indian National Socialistic Action Forces,GOBINDPUR,BIHAR,698
S0435,SONU KUMAR,Janshakti Janta Dal,BISFI,BIHAR,697
S04114,ASHOK SHARMA,Independent,MANJHI,BIHAR,697
S0476,YOGBIR ROY,Independent,SIMRI BAKHTIARPUR,BIHAR,695
S04226,PANKAJ KUMAR MISHRA,Samajwadi Lok Parishad,SHERGHATI,BIHAR,695
S04156,REKHA DAS,Bahujan Samaj Party,BHAGALPUR,BIHAR,694
S04164,ASHISH ANAND,Bahujan Samaj Party,TARAPUR,BIHAR,692
S04153,RAJIV KUMAR SINGH,Independent,GOPALPUR,BIHAR,691
S04186,SUNNY KUMAR SHARMA,Jagrook Janta Party,DANAPUR,BIHAR,691
S04100,MANJU KUMARI,Independent,BARAULI,BIHAR,691
S04181,RICHA SINHA,Vocal India Party,DIGHA,BIHAR,685
S04169,KUNDAN KUMAR,Independent,SHEIKHPURA,BIHAR,684
S04133,NITESH KUMAR SINHA,Bharatiya Sampuran Krantikari Party,SAMASTIPUR,BIHAR,684
S04116,VIVEK KUMAR,Janshakti Janta Dal,TARAIYA,BIHAR,681
S04210,NIRANJAN KUMAR RAY,Independent,DINARA,BIHAR,681
S04194,MD. SARFARAJ ANSARI,Peoples Party of India (Democratic),ARRAH,BIHAR,679
S04145,SURENDRA KUMAR,Parivartan Party of India,SAHEBPUR KAMAL,BIHAR,677
S043,DHRUP RAM,Independent,NARKATIAGANJ,BIHAR,676
S04161,UMAKANT YADAV,Independent,BANKA,BIHAR,674
S04187,MUKESH KUMAR,Independent,MANER,BIHAR,673
S04226,CHANDRADEV KUMAR YADAV,Independent,SHERGHATI,BIHAR,672
S0481,NAVIJAN ANSARI,Aam Janta Pragati Party,ALINAGAR,BIHAR,671
S04231,RAMJEET SINGH,Rashtriya Jansambhavna Party,TIKARI,BIHAR,669
S0423,RAMNATH MAHTO,Independent,RIGA,BIHAR,669
S04183,DR. UMA KANT PATHAK,Bahujan Samaj Party,KUMHRAR,BIHAR,668
S04213,AMIT KUMAR MISHRA,Independent,KARAKAT,BIHAR,667
S04182,RAVI KUMAR,Independent,BANKIPUR,BIHAR,666
S04234,SHAMBHU SHARAN SHEROMANI,Jagrook Janta Party,WAZIRGANJ,BIHAR,666
S04206,SUNIL KUMAR,Sarvlokhit Samaj Party,CHAINPUR,BIHAR,666
S0454,PERWEZ ALAM,Independent,KISHANGANJ,BIHAR,665
S04175,VAVUCHAND CHAUDHARI,Indian National Socialistic Action Forces,HILSA,BIHAR,663
S0494,SHANU KUMAR,Aazad Samaj Party (Kanshi Ram),MUZAFFARPUR,BIHAR,663
S0424,MANOJ SADA,Lok Dal,BATHNAHA,BIHAR,662
S04120,RAMLAL MANJHI,Independent,AMNOUR,BIHAR,660
S04237,SUBHASH SINGH,Indian National Socialistic Action Forces,NAWADA,BIHAR,659
S04223,RAM SWARUP PASWAN,Independent,AURANGABAD,BIHAR,658
S04208,JAKIR HUSAIN,Independent,SASARAM,BIHAR,658
S04203,RAMPRAVESH SINGH,Independent,RAMGARH,BIHAR,657
S0463,JANARDAN SINGH,Independent,KATIHAR,BIHAR,656
S0477,ARVIND KUMAR,Independent,MAHISHI,BIHAR,653
S04180,ARUN KUMAR S/O NAGENDRA PRASAD SINGH,Independent,BAKHTIARPUR,BIHAR,653
S04229,SUGIYA DEVI,Moolniwasi Samaj Party,BODH GAYA,BIHAR,653
S04126,JAY NARAYAN SAH,Bajjikanchal Vikas Party,MAHUA,BIHAR,652
S0413,RAVI KANT RAVI,Kisan Suraj Dal,HARSIDHI,BIHAR,652
S04100,KRISHNA SHAH,Independent,BARAULI,BIHAR,650
S04120,RAKESH KUMAR,Bharatiya Ekta Dal,AMNOUR,BIHAR,649
S04111,DHRUVNATH SINGH,Rashtriya Jansambhavna Party,GORIAKOTHI,BIHAR,648
S0465,AJAD KHA,Independent,BALRAMPUR,BIHAR,645
S046,MOHAMMAD ALI,Independent,NAUTAN,BIHAR,645
S04123,RAJ KUMAR PASWAN,Aam Aadmi Party,HAJIPUR,BIHAR,644
S0445,BIPIN KUMAR YADAV,Proutist Bloc India,CHHATAPUR,BIHAR,644
S04194,SACHIN,Independent,ARRAH,BIHAR,644
S0466,MOHAMMAD MUSHA,Independent,PRANPUR,BIHAR,640
S04179,NIRANJAN PRASAD,Panchpauniya Samaj Party,BARH,BIHAR,639
S0482,ABDUL QUDDUS,Independent,DARBHANGA RURAL,BIHAR,639
S04187,CHANDRASHEKHAR MAHTO,Independent,MANER,BIHAR,637
S04230,RAVI RANJAN,Independent,GAYA TOWN,BIHAR,636
S04230,NOTA,None of the Above,GAYA TOWN,BIHAR,636
S04150,JAMIL AHMAD,All India Forward Bloc,BELDAUR,BIHAR,636
S04181,SADHANA KUMARI,Jagrook Janta Party,DIGHA,BIHAR,636
S04105,SAROJ KUMARI,Independent,SIWAN,BIHAR,636
S0496,MADHAV BHAKTA,Socialist Unity Centre Of India (COMMUNIST),BARURAJ,BIHAR,633
S04176,DILIP KUMAR,Peoples Party of India (Democratic),NALANDA,BIHAR,631
S0414,RAHUL KUMAR PRIYADARSHY,Akhand Bhartiya Yuva Party,GOVINDGANJ,BIHAR,630
S0446,ALOK KUMAR,Independent,NARPATGANJ,BIHAR,630
S04136,ASHOK KUMAR ANJANA,Independent,SARAIRANJAN,BIHAR,628
S0448,SUBHAN ANSARI,Independent,FORBESGANJ,BIHAR,627
S04206,ANUJ KUMAR DUBEY,Uday Bharatam Party,CHAINPUR,BIHAR,627
S04186,PAWAN KUMAR,Independent,DANAPUR,BIHAR,626
S04152,SANJEEV KUMAR,Gantantrik Samaj Party,BIHPUR,BIHAR,624
S04210,ABHISHEK RANJAN,Independent,DINARA,BIHAR,624
S0416,MOHIT KUMAR,Jagrook Janta Party,KALYANPUR,BIHAR,624
S04232,RICHA JHA,Samajwadi Lok Parishad,BELAGANJ,BIHAR,624
S04207,SUNIL RAM,Rashtriya Jansambhavna Party,CHENARI,BIHAR,623
S04223,RAMBAHADUR SINGH,Independent,AURANGABAD,BIHAR,618
S042,LALAN PASWAN,Nationalist Congress Party,RAMNAGAR,BIHAR,618
S04150,ATAL BIHARI,GaribJanta Party Loktantrik,BELDAUR,BIHAR,617
S04181,RAJIV KUMAR SINGH,Right to Recall Party,DIGHA,BIHAR,614
S04220,DHARMENDRA KUMAR,Jagrook Janta Party,OBRA,BIHAR,613
S04129,MITHILESH KUMAR SINGH SATHI,Sathi Aur Aapka Faisala Party,MAHNAR,BIHAR,611
S04124,MD. NIYAJ ALAM,Lok Shakti Party (Loktantrik),LALGANJ,BIHAR,611
S04147,VIKASH KUMAR,Nationalist Congress Party,BAKHRI,BIHAR,609
S04192,SANJEET KUMAR,Peoples Party of India (Democratic),SANDESH,BIHAR,609
S0460,AWADH KISHOR SHARMA,Rashtriya Samaj Paksha,RUPAULI,BIHAR,607
S04197,NEERAJ ROY,Janshakti Janta Dal,JAGDISHPUR,BIHAR,607
S04184,MINU KUMARI,Janshakti Janta Dal,PATNA SAHIB,BIHAR,606
S0494,NOTA,None of the Above,MUZAFFARPUR,BIHAR,606
S04236,DAYA NAND PRASAD,Vikas Vanchit Insan Party,HISUA,BIHAR,605
S0464,MOHAMMAD RAZAUL HAQUE,Independent,KADWA,BIHAR,604
S0494,BASKIT KUMAR SHARMA,Independent,MUZAFFARPUR,BIHAR,604
S04208,ANAND KUMAR GUPTA,Independent,SASARAM,BIHAR,603
S0419,DUKHIT RAY,Independent,MOTIHARI,BIHAR,603
S04181,SHWET RANJAN,Independent,DIGHA,BIHAR,601
S04208,YASH RAJ SINGH,Jai Hind Force,SASARAM,BIHAR,600
S04225,DHARMENDRA NARAYAN,Rashtriya Jantantrik Morcha,GURUA,BIHAR,600
S04213,ARUN SINGH (VILL-KURUR),Independent,KARAKAT,BIHAR,600
S04143,AVINASH BHARTI,Samata Party,TEGHRA,BIHAR,598
S04236,RAMANANDAN RAJAVANSHI,Suheldev Bharatiya Samaj Party,HISUA,BIHAR,596
S04168,AMRESH PRASAD SINGH,Independent,LAKHISARAI,BIHAR,594
S0494,BALAK NATH SAHANI,Bahujan Samaj Party,MUZAFFARPUR,BIHAR,594
S04153,PIYUSH JHA,Independent,GOPALPUR,BIHAR,594
S04121,SHYAM BABU RAY,Bhartiya Lok Chetna Party,PARSA,BIHAR,594
S0428,RAGHVENDRA KUMAR,Independent,SITAMARHI,BIHAR,592
S04133,VINAY KUMAR RAM,Bahujan Samaj Party,SAMASTIPUR,BIHAR,591
S04164,RAHUL KUMAR SINGH,Aam Aadmi Party,TARAPUR,BIHAR,590
S0495,BIRENDRA KUMAR,Rashtriya Jansambhavna Party,KANTI,BIHAR,589
S04198,MADAN YADAV,Janshakti Janta Dal,SHAHPUR,BIHAR,589
S04213,AYODHYA RAM,Independent,KARAKAT,BIHAR,587
S04143,BASANT KUMAR,Independent,TEGHRA,BIHAR,586
S0482,UDAY CHANDRA CHAUPAL,Independent,DARBHANGA RURAL,BIHAR,585
S04195,BASANT KUMAR RAM,Voters Party International,AGIAON,BIHAR,584
S0424,SUNIL RAM,Proutist Bloc India,BATHNAHA,BIHAR,583
S0461,CHAND LAL URANV,Independent,DHAMDAHA,BIHAR,581
S04174,MITU KUMARI,Independent,ISLAMPUR,BIHAR,581
S04163,BALESHWAR YADAV,Independent,BELHAR,BIHAR,581
S0416,RAMBABU DAS,Aam Aadmi Party,KALYANPUR,BIHAR,579
S0460,NITYA MANDAL,Independent,RUPAULI,BIHAR,575
S04225,SAMTA KUMAR,Akhil Hind Forward Bloc (Krantikari),GURUA,BIHAR,575
S04100,RUDAL MAHATO,Rashtriya Jansambhavna Party,BARAULI,BIHAR,574
S04236,PAWAN KUMAR,Peoples Party of India (Democratic),HISUA,BIHAR,572
S04212,MD. EKRAM ANSARI,Independent,DEHRI,BIHAR,570
S04230,ANIL KUMAR,Aam Aadmi Party,GAYA TOWN,BIHAR,570
S0445,KALIM MIYAN,Janta Dal Rashtravadi,CHHATAPUR,BIHAR,568
S04158,CHETAN RAM,Independent,NATHNAGAR,BIHAR,568
S04185,RAMJATAN CHOUDHARY,Independent,FATUHA,BIHAR,568
S04204,INDRAJIT RAM,Independent,MOHANIA,BIHAR,568
S04200,PRAMILA DEVI,Independent,BUXAR,BIHAR,568
S0477,RAJA KUMAR,Independent,MAHISHI,BIHAR,567
S04217,VIJAY SHARMA,Bhartiya Sarthak Party,GHOSI,BIHAR,567
S04184,MD IFTEKHAR HUSSAIN,Bharatiya Momin Front,PATNA SAHIB,BIHAR,567
S04214,CHANDRA SHEKHAR YADAV,Independent,ARWAL,BIHAR,566
S0476,YAPURA WADAT,Independent,SIMRI BAKHTIARPUR,BIHAR,565
S0480,PRAMOD KUMAR SAHU,Rashtriya Samajwadi Lok Adhikar Party,BENIPUR,BIHAR,565
S04212,SAMEER KUMAR,Independent,DEHRI,BIHAR,565
S0434,JITENDRA KUMAR SINGH,Janshakti Vikas Party (Democratic),BABUBARHI,BIHAR,563
S04183,AMRENDRA KUMAR BHASKAR,Proutist Bloc India,KUMHRAR,BIHAR,561
S04191,CHANDAN SHARMA,Jagrook Janta Party,BIKRAM,BIHAR,560
S0438,NUTAN DAVE,Aam Janta Pragati Party,JHANJHARPUR,BIHAR,560
S04126,LALIT KUMAR GHOSH,Socialist Unity Centre Of India (COMMUNIST),MAHUA,BIHAR,560
S04130,RINA KUMARI,Janshakti Janta Dal,PATEPUR,BIHAR,559
S04159,NAZRANA PRAWEEN,Independent,AMARPUR,BIHAR,558
S04174,MANOJ JAMADAR,Independent,ISLAMPUR,BIHAR,557
S04224,UPENDRA KUMAR,Independent,RAFIGANJ,BIHAR,555
S0493,ALOK KUMAR SINGH,Rashtriya Jansambhavna Party,KURHANI,BIHAR,555
S04166,NIRMALJEET,Independent,JAMALPUR,BIHAR,554
S04213,NIRMAL SHARMA,Jagrook Janta Party,KARAKAT,BIHAR,553
S0434,KAMLESH KUMAR JHA,The Plurals Party,BABUBARHI,BIHAR,552
S04172,RAKESH PASWAN,Independent,BIHARSHARIF,BIHAR,552
S0463,JHANTU URAON,Bharat Jago Janta Party,KATIHAR,BIHAR,550
S0460,PRAMOD KUMAR MANDAL,Republican Party of India (A),RUPAULI,BIHAR,546
S0468,MD MOJAHID ALAM,Independent,BARARI,BIHAR,546
S04183,BABLU KUMAR,Aam Aadmi Party,KUMHRAR,BIHAR,546
S04182,S. SAJJAD HUSSAIN AKHTER,Independent,BANKIPUR,BIHAR,546
S04163,GIRDHARI PANDIT,Socialist Unity Centre Of India (COMMUNIST),BELHAR,BIHAR,542
S04118,PADMA MISHRA,Independent,CHAPRA,BIHAR,542
S0486,GULAB BABU RAIN,Independent,KEOTI,BIHAR,541
S04183,ANUJ KUMAR SINGH,Independent,KUMHRAR,BIHAR,539
S0465,MD KAMALUDDIN,Independent,BALRAMPUR,BIHAR,537
S04146,MANOJ KUMAR,Independent,BEGUSARAI,BIHAR,537
S0476,DOMI SHARMA,Independent,SIMRI BAKHTIARPUR,BIHAR,536
S04154,RAJESH PASWAN,Bhartiya Lok Chetna Party,PIRPAINTI,BIHAR,534
S04163,GIRDHARI KUMAR,Independent,BELHAR,BIHAR,534
S04111,DILIP MANJHI,Janshakti Vikas Party (Democratic),GORIAKOTHI,BIHAR,534
S0433,RATNESHWAR JHA,Aadarsh Mithila Party,KHAJAULI,BIHAR,532
S0495,MD JAFRUDIN,Independent,KANTI,BIHAR,532
S0476,PINTU KUMAR SHARMA,Jagrook Janta Party,SIMRI BAKHTIARPUR,BIHAR,531
S04120,ARJUN KUMAR NIRALA,Independent,AMNOUR,BIHAR,531
S04165,RAKESH KUMAR,Independent,MUNGER,BIHAR,530
S04137,UMESH RAY,Aam Aadmi Party,MOHIUDDINNAGAR,BIHAR,526
S0493,MD GULAM MASOOM,Janshakti Janta Dal,KURHANI,BIHAR,524
S04225,GAUTAM KUMAR,Swaraj Party (Loktantrik),GURUA,BIHAR,523
S04143,MRINAL VARUN,Independent,TEGHRA,BIHAR,521
S04208,OMJEET KUMAR,Independent,SASARAM,BIHAR,521
S0466,ABDUS SALAM,Independent,PRANPUR,BIHAR,520
S04146,MD GAFFAR KHAN,Independent,BEGUSARAI,BIHAR,519
S04146,RAMKRISHNA MAHTO,Janshakti Janta Dal,BEGUSARAI,BIHAR,519
S0477,RAHUL PASWAN,Independent,MAHISHI,BIHAR,519
S04149,TINKU KUMAR LAHERI,Independent,KHAGARIA,BIHAR,518
S0416,RAKESH KUMAR PANDIT,Independent,KALYANPUR,BIHAR,517
S04137,BHUSHAN PRASAD RAY,Janta Dal Rashtravadi,MOHIUDDINNAGAR,BIHAR,517
S04163,AMRIT TANTI,Bhartiya Dalit Party,BELHAR,BIHAR,514
S04190,ANAND KUMAR,Bhartiya Lok Chetna Party,PALIGANJ,BIHAR,514
S0419,SIKANDAR CHAUDHARY,Rashtriya Jansambhavna Party,MOTIHARI,BIHAR,512
S0496,MD. ANZAR,Rashtriya Ulama Council,BARURAJ,BIHAR,512
S04192,MANMOHAN SINGH,Rashtrawadi Janlok Party (Satya),SANDESH,BIHAR,509
S0462,AJAY SWARN,Independent,PURNIA,BIHAR,507
S0463,Sanjay Singh @ Bhai Sanjiv,Independent,KATIHAR,BIHAR,504
S0487,SYED MD MAHTAB,The Plurals Party,JALE,BIHAR,502
S04185,RAJESH PASWAN,Indian National Socialistic Action Forces,FATUHA,BIHAR,502
S04193,DHARAMPAL YADAV,Independent,BARHARA,BIHAR,500
S04216,RAMBHA KUMARI,Samajwadi Lok Parishad,JEHANABAD,BIHAR,499
S04201,SUSHIL KUMAR SHARMA,Jagrook Janta Party,DUMRAON,BIHAR,498
S0473,PRADEEP KUMAR,Jagrook Janta Party,MADHEPURA,BIHAR,497
S04213,AMIT UPADHAYAY,Independent,KARAKAT,BIHAR,496
S0421,MD SALIM,Independent,DHAKA,BIHAR,495
S0493,GULAB KUMAR RAJAK,Independent,KURHANI,BIHAR,494
S04156,SUBODH MANDAL,Independent,BHAGALPUR,BIHAR,493
S04133,RAKESH KUMAR,Socialist Unity Centre Of India (COMMUNIST),SAMASTIPUR,BIHAR,492
S04145,MD MERAJ,Samata Party,SAHEBPUR KAMAL,BIHAR,490
S04154,NAND KISHOR RAJAK,Suheldev Bharatiya Samaj Party,PIRPAINTI,BIHAR,490
S04197,AMRADEEP KUMAR JAI,Independent,JAGDISHPUR,BIHAR,490
S04219,ARUN KUMAR AMAR,Socialist Party (India),GOH,BIHAR,487
S04200,PANKAJ KUMAR PANDEY,Kisan Samaj Party (S),BUXAR,BIHAR,486
S04220,JITENDRA DUBEY,Akhil Bharatiya Jan Sangh,OBRA,BIHAR,485
S04187,GUDIYA KUMARI,Independent,MANER,BIHAR,483
S0432,BECHAN RAM,All India Forward Bloc,BENIPATTI,BIHAR,482
S04220,DHIRAJ KUMAR,Independent,OBRA,BIHAR,482
S0421,NAGINA PASWAN,Rashtriya Jansambhavna Party,DHAKA,BIHAR,477
S04145,VIVEKANAND PRASAD,Independent,SAHEBPUR KAMAL,BIHAR,476
S04215,AVINASH KUMAR,Independent,KURTHA,BIHAR,476
S0460,MD. GULJAR,Independent,RUPAULI,BIHAR,475
S04127,DHARMENDRA KUMAR,Jantantra Awaj Party,RAJA PAKAR,BIHAR,474
S0482,PRADEEP KUMAR MISHRA,Aam Janta Pragati Party,DARBHANGA RURAL,BIHAR,472
S04166,JOONE KUMAR,Independent,JAMALPUR,BIHAR,472
S04231,KUNDAN KUMAR,Independent,TIKARI,BIHAR,471
S04122,DHARAMVEER KUMAR,Nationalist Congress Party,SONEPUR,BIHAR,471
S04168,AMRESH KUMAR,Independent,LAKHISARAI,BIHAR,471
S0483,MOHAMMAD AMAJAD KHAN,Independent,DARBHANGA,BIHAR,470
S04209,DEEPAK KUMAR,Independent,KARGAHAR,BIHAR,468
S04231,ASHOK KUMAR,Independent,TIKARI,BIHAR,468
S04181,PRANJAL SINGH,The Plurals Party,DIGHA,BIHAR,466
S04158,JAYKARAN PASWAN,Independent,NATHNAGAR,BIHAR,465
S04239,NANDLAL SHARMA,Jagrook Janta Party,WARSALIGANJ,BIHAR,462
S04124,AKHILESH KUMAR,Independent,LALGANJ,BIHAR,461
S0434,DAYANAND KUMAR,Right to Recall Party,BABUBARHI,BIHAR,461
S04111,TRIBHUWAN RAM,Peoples Party of India (Democratic),GORIAKOTHI,BIHAR,460
S0486,YOGESH RANJAN,Proutist Sarva Samaj,KEOTI,BIHAR,460
S0494,SANJAY KUMAR S/O LATE NAND KISHOR PRASAD,Independent,MUZAFFARPUR,BIHAR,460
S04149,VINAY KUMAR VERMA,Bhartiya Lok Chetna Party,KHAGARIA,BIHAR,459
S04166,ASHOK KUMAR,Independent,JAMALPUR,BIHAR,458
S04209,RAMESAR NONIYA,Rashtriya Jansambhavna Party,KARGAHAR,BIHAR,458
S04158,ARAVIND MANDAL,Independent,NATHNAGAR,BIHAR,457
S0428,MAHESH NANDAN SINGH,Independent,SITAMARHI,BIHAR,455
S04159,NARESH CHANDRA YADVENDU,Independent,AMARPUR,BIHAR,455
S04128,UMESH MAHATO,Rashtriya Jansambhavna Party,RAGHOPUR,BIHAR,454
S0458,KANHAIYA LAL MANDAL,Peoples Party of India (Democratic),KASBA,BIHAR,452
S04219,MUNDRIKA PRASAD,Independent,GOH,BIHAR,452
S0498,RANJEET KUMAR,Independent,SAHEBGANJ,BIHAR,451
S0473,KAMESHWAR YADAV,Aadarsh Mithila Party,MADHEPURA,BIHAR,448
S0461,PRADIP YADAV,Independent,DHAMDAHA,BIHAR,447
S04206,DINDAYAL SINGH KUSHAWAHA,Samata Party,CHAINPUR,BIHAR,445
S04105,SATYENDRA KUMAR KUSHWAHA,Independent,SIWAN,BIHAR,445
S04206,SHRAVAN BIND,Independent,CHAINPUR,BIHAR,441
S04217,SARYU PRASAD SINGH,Kisan Sangharsh Samiti,GHOSI,BIHAR,441
S0484,USHA AKELA,Independent,HAYAGHAT,BIHAR,440
S04174,KUMAR HARI CHARAN SINGH YADAV,Bharatiya Momin Front,ISLAMPUR,BIHAR,438
S04224,RAHUL KUMAR,Jagrook Janta Party,RAFIGANJ,BIHAR,438
S0479,PANKAJ KUMAR SAHU,Independent,GAURA BAURAM,BIHAR,437
S0493,SANJEET MANJHI,Socialist Unity Centre Of India (COMMUNIST),KURHANI,BIHAR,436
S04214,KAJAL DEVI,Independent,ARWAL,BIHAR,436
S0432,ANKIT KUMAR JHA,Aam Janta Pragati Party,BENIPATTI,BIHAR,435
S0494,MD HASAN,Aam Aadmi Party,MUZAFFARPUR,BIHAR,434
S04224,MAHESHWAR PASWAN,Akhil Hind Forward Bloc (Krantikari),RAFIGANJ,BIHAR,434
S04190,ANAMIKA,Socialist Unity Centre Of India (COMMUNIST),PALIGANJ,BIHAR,433
S04129,RAVIRANJAN KUMAR SINGH,Vikas Insaf Party,MAHNAR,BIHAR,433
S04207,BHJURAM,Rashtriya Samanta Dal,CHENARI,BIHAR,433
S04133,DINESH KUMAR RAI,Rashtriya Jansambhavna Party,SAMASTIPUR,BIHAR,432
S04193,SHIV DAS SINGH,Independent,BARHARA,BIHAR,432
S04133,PREMJEET KUMAR,Aadarsh Mithila Party,SAMASTIPUR,BIHAR,431
S04211,RANJAN KUMAR CHAUDHARY,Bharateeya Manavadhikar party,NOKHA,BIHAR,430
S0482,ROSHAN,Vikas Insaf Party,DARBHANGA RURAL,BIHAR,427
S0460,MOHAMMAD NAFIS MANSURI,The National Road Map Party of India,RUPAULI,BIHAR,427
S04146,PINKI SINHA,Independent,BEGUSARAI,BIHAR,425
S04163,ASHOK MANDAL,Samata Party,BELHAR,BIHAR,425
S04123,DHEERAJ KUMAR ROY,Yuva Devlop Party,HAJIPUR,BIHAR,424
S0423,DHIRAJ KUMAR,Independent,RIGA,BIHAR,423
S04241,PRAMOD MISHRA,Samaj Satta Dal,JAMUI,BIHAR,422
S04241,OM PRAKASH YADAV,Independent,JAMUI,BIHAR,422
S0481,SANJAY KUMAR JHA,Mithilawadi party,ALINAGAR,BIHAR,422
S04206,RAM EKABAL PRASAD,Independent,CHAINPUR,BIHAR,422
S04175,PREM KUMAR,Rashtriya Jansambhavna Party,HILSA,BIHAR,421
S0468,NIRANJAN KUMAR JHA,Independent,BARARI,BIHAR,420
S04158,DAYARAM MANDAL,Independent,NATHNAGAR,BIHAR,420
S0476,PANKAJ KUMAR,Independent,SIMRI BAKHTIARPUR,BIHAR,420
S0498,SUKHARI DAS,Socialist Unity Centre Of India (COMMUNIST),SAHEBGANJ,BIHAR,420
S0461,BHAGWAN MAREYA,Rashtriya Jansambhavna Party,DHAMDAHA,BIHAR,417
S0458,SANOJ KUMAR CHAUHAN,Bahujan Samaj Party,KASBA,BIHAR,415
S04110,RADHESHYAM SHARMA,Jagrook Janta Party,BARHARIA,BIHAR,412
S0463,SAMIR KUMAR JHA,Independent,KATIHAR,BIHAR,410
S04200,OM JEE KUMAR,Independent,BUXAR,BIHAR,409
S04128,MOHAMAD RIZWANUL AZAM,Janta Dal Rashtravadi,RAGHOPUR,BIHAR,408
S04204,BABUDHAN PASI,Rashtriya Jansambhavna Party,MOHANIA,BIHAR,406
S04129,KIRAN YADAV,Independent,MAHNAR,BIHAR,406
S04120,JAY PRAKASH KUMAR SINGH,Socialist Party (India),AMNOUR,BIHAR,405
S04191,DHURAKHELI RAVIDAS,Indian National Socialistic Action Forces,BIKRAM,BIHAR,404
S04179,SHATRUDHAN VARMA,Peoples Party of India (Democratic),BARH,BIHAR,404
S0485,ASAD ALI,Independent,BAHADURPUR,BIHAR,404
S04182,AKHILESH KUMAR,Independent,BANKIPUR,BIHAR,403
S0493,DR. SANTOSH KUMAR,Independent,KURHANI,BIHAR,402
S0485,RAJNISH KUMAR,Jantantra Awaj Party,BAHADURPUR,BIHAR,401
S04149,NAVIN KUMAR,Jagrook Janta Party,KHAGARIA,BIHAR,401
S04137,RAM MOHAN RAY,Sathi Aur Aapka Faisala Party,MOHIUDDINNAGAR,BIHAR,401
S04165,VIKASH KUMAR ARYA,Socialist Unity Centre Of India (COMMUNIST),MUNGER,BIHAR,400
S0477,MAHARUDRA JHA,Independent,MAHISHI,BIHAR,398
S04192,ABHISHEK KUMAR,Independent,SANDESH,BIHAR,398
S04159,ANIL KUMAR SINGH,Nationalist Congress Party,AMARPUR,BIHAR,397
S04196,SANTOSH KUMAR SINGH,Bahujan Samaj Party,TARARI,BIHAR,396
S0421,SIKANDAR BHARTI,Bahujan Samaj Party,DHAKA,BIHAR,396
S04118,MD SULTAN HUSSEN IDRISHI,Independent,CHAPRA,BIHAR,395
S04145,MD. AFTAB ALAM,Independent,SAHEBPUR KAMAL,BIHAR,394
S0479,SANTOSH SAHANI,Vikassheel Insaan Party,GAURA BAURAM,BIHAR,393
S0487,MUMTAZ ALI,Jan Mithila Vikas Party,JALE,BIHAR,393
S0480,SHANKAR DOM URF SHANKAR MALLIK,Aam Janta Pragati Party,BENIPUR,BIHAR,392
S04159,TRIPURANAND YADAV,Independent,AMARPUR,BIHAR,392
S04196,RAJNISH KUMAR,Independent,TARARI,BIHAR,390
S0494,ANAND PATEL,Independent,MUZAFFARPUR,BIHAR,388
S0495,ANAND KUMAR JHA,Lok Chetna Dal,KANTI,BIHAR,387
S04164,SUKHDEV YADAV,Janshakti Janta Dal,TARAPUR,BIHAR,387
S04239,UMAKANT,Independent,WARSALIGANJ,BIHAR,387
S0448,ABHA RANI,Independent,FORBESGANJ,BIHAR,386
S04110,DEEPAK KUMAR,Independent,BARHARIA,BIHAR,384
S04194,RAM PRAKASH PANDEY,Akhil Bharatiya Jan Sangh,ARRAH,BIHAR,384
S04127,CHANDAN KUMAR,All India Forward Bloc,RAJA PAKAR,BIHAR,382
S0445,DAYANAND MISHRA,Country Citizen Party,CHHATAPUR,BIHAR,381
S0464,PRAMOD DAS,Independent,KADWA,BIHAR,381
S04130,ANIL PASWAN,Independent,PATEPUR,BIHAR,380
S0468,MD MAHBOOB,Bharat Jago Janta Party,BARARI,BIHAR,378
S04184,OM PRAKASH PANJIYAR,Sarv Jan Party (Bharat),PATNA SAHIB,BIHAR,377
S04179,RAVI RANJAN KUMAR,Independent,BARH,BIHAR,377
S04146,ARUN KUMAR,Independent,BEGUSARAI,BIHAR,375
S04200,NITU KUMARI,Independent,BUXAR,BIHAR,374
S04190,JITENDRA KUMAR PANDIT,Awami Samta Party,PALIGANJ,BIHAR,374
S04124,RAJENDRA SHARMA,Socialist Unity Centre Of India (COMMUNIST),LALGANJ,BIHAR,373
S0498,YOGENDRA KUMAR YADAV,Independent,SAHEBGANJ,BIHAR,373
S04220,AJIT KUMAR,Aam Janta Party Rashtriya,OBRA,BIHAR,373
S04146,MOHAMMAD ABDUL HAQUE,Bahujan Samaj Party,BEGUSARAI,BIHAR,372
S04223,NEHA KUMARI,Independent,AURANGABAD,BIHAR,372
S04220,DR. DHARMENDRA KUMAR,Akhil Hind Forward Bloc (Krantikari),OBRA,BIHAR,371
S04208,NIRANJAN KUMAR,Independent,SASARAM,BIHAR,371
S0468,ARUN KUMAR JAISWAL,Independent,BARARI,BIHAR,369
S04164,PRIYANKA CHAUHAN,Independent,TARAPUR,BIHAR,369
S04211,AJEET KUMAR SINGH,Peoples Party of India (Democratic),NOKHA,BIHAR,368
S04130,AWANISH,Independent,PATEPUR,BIHAR,365
S0461,KUMARI KUMKUM RANI,Independent,DHAMDAHA,BIHAR,365
S04182,NIRANJAN KUMAR ACHARY,Right to Recall Party,BANKIPUR,BIHAR,361
S04128,RAM BABU RAY,Jantantra Awaj Party,RAGHOPUR,BIHAR,360
S04200,BINOD KUMAR SINGH,Bhartiya Sarthak Party,BUXAR,BIHAR,359
S04212,INDRA RAJ ROUSHAN,Independent,DEHRI,BIHAR,358
S0498,MOTIUR RAHMAN,Independent,SAHEBGANJ,BIHAR,357
S0423,NAGENDRA KUMAR PASWAN,Peoples Party of India (Democratic),RIGA,BIHAR,356
S0460,ASHOK MANDAL,Independent,RUPAULI,BIHAR,355
S0460,RAJEEV KUMAR,Rashtriya Jansambhavna Party,RUPAULI,BIHAR,353
S0479,NAND KISHORE SHARMA,Independent,GAURA BAURAM,BIHAR,350
S04239,SURENDRA PASWAN,Indian National Socialistic Action Forces,WARSALIGANJ,BIHAR,348
S04129,YOGANAND KUMAR SINGH KUSVAHA,Ambedkar National Congress,MAHNAR,BIHAR,348
S04232,KRISHNA PRASAD SINGH,Peoples Party of India (Democratic),BELAGANJ,BIHAR,347
S04208,LAL MATI DEVI,Independent,SASARAM,BIHAR,347
S04230,SHISH MANI KUMAR,Independent,GAYA TOWN,BIHAR,347
S0495,PRANJAL PRAKALP,Kisan Suraj Dal,KANTI,BIHAR,347
S04200,VISHESHWAR CHAUHAN,Rashtriya Jansambhavna Party,BUXAR,BIHAR,346
S04208,KRISHNA KUMAR SINGH,Independent,SASARAM,BIHAR,346
S0483,MOJAHID ALAM,Socialist Unity Centre Of India (COMMUNIST),DARBHANGA,BIHAR,345
S04158,SUSHIL PRASAD YADAV,Peoples Party of India (Democratic),NATHNAGAR,BIHAR,344
S04214,VIKASH KUMAR,Desh Janhit Party,ARWAL,BIHAR,343
S04133,IRSHAD AHMAD,Apna Kisan Party,SAMASTIPUR,BIHAR,342
S04211,ASHOK KUMAR SINGH,Lohiya Janta Dal,NOKHA,BIHAR,341
S04223,BINOD PRASAD CHAUDHARI,Independent,AURANGABAD,BIHAR,340
S0464,SUNIL KUMAR MANDAL,Peoples Party of India (Democratic),KADWA,BIHAR,339
S0477,DEVNARAYAN YADAV,Janshakti Janta Dal,MAHISHI,BIHAR,338
S0428,KRISHNA KUMAR JHA,Proutist Bloc India,SITAMARHI,BIHAR,338
S04149,AMITABH KUMAR,Independent,KHAGARIA,BIHAR,337
S04118,RAJESH KUSHWAHA,Bhartiya Lok Chetna Party,CHAPRA,BIHAR,337
S04194,RAJESH SHARMA,Gantantrik Samaj Party,ARRAH,BIHAR,337
S04230,MOHAN KUMAR,Gantantrik Samaj Party,GAYA TOWN,BIHAR,336
S0476,AWDHESH KUMAR,Independent,SIMRI BAKHTIARPUR,BIHAR,333
S0481,SITAMBAR SHARMA,Jagrook Janta Party,ALINAGAR,BIHAR,331
S0477,TIRO SHARMA,Independent,MAHISHI,BIHAR,330
S04197,VIRENDRA KUMAR SINGH,Bhojpuria Jan Morcha,JAGDISHPUR,BIHAR,328
S04208,RAMAYAN PASWAN,Independent,SASARAM,BIHAR,327
S04196,SIKANDAR KUMAR,Janshakti Janta Dal,TARARI,BIHAR,327
S04165,JAMUNA LAL SRIVASTAVA,Independent,MUNGER,BIHAR,323
S0419,SUSHIL KUMAR,The Plurals Party,MOTIHARI,BIHAR,323
S04194,GORAKH RAM,Bhojpuria Jan Morcha,ARRAH,BIHAR,322
S0481,GANESH CHOUDHARY,Independent,ALINAGAR,BIHAR,320
S04207,RAVISHANKAR PARASAD,Lohiya Janta Dal,CHENARI,BIHAR,318
S04204,MUNNA KUMAR,Nationalist Congress Party,MOHANIA,BIHAR,318
S04196,MADAN SINGH  S/O BARBHANGA SINGH,Independent,TARARI,BIHAR,315
S04111,UMASHANKAR TIWARI,Bhartiya Lok Chetna Party,GORIAKOTHI,BIHAR,313
S0481,NOORUDDIN ZANGI,Social Democratic Party Of India,ALINAGAR,BIHAR,312
S04196,RAJU RAJVANSHI,Suheldev Bharatiya Samaj Party,TARARI,BIHAR,309
S0493,BAIJU KUMAR RAY,Samata Party,KURHANI,BIHAR,307
S0486,MOHAMMAD PINTU KHAN,Akhil Bharatiya Socialist Party,KEOTI,BIHAR,306
S04156,DHANANJAY KUMAR PANDEY,Independent,BHAGALPUR,BIHAR,302
S04223,VINAY KUMAR SINGH,Akhil Hind Forward Bloc (Krantikari),AURANGABAD,BIHAR,302
S04220,JAYNAND RAM,New India United Party,OBRA,BIHAR,301
S0494,ASHOK KUMAR JHA,Garib Janshakti Party,MUZAFFARPUR,BIHAR,301
S04120,KRISHNA MISHRA,The Plurals Party,AMNOUR,BIHAR,301
S04174,AJAY KUMAR SINHA,Independent,ISLAMPUR,BIHAR,300
S04183,AMIT KUMAR ALBELA,Independent,KUMHRAR,BIHAR,299
S04116,RAM VISWAS RAI,Bhartiya Sarthak Party,TARAIYA,BIHAR,299
S04156,S J VEDANT,Bhartiya Party (Loktantrik),BHAGALPUR,BIHAR,299
S04192,SATYA PRAKASH,The Plurals Party,SANDESH,BIHAR,299
S04105,MD ARIF,Independent,SIWAN,BIHAR,298
S04223,PRAYAG PASWAN,Socialist Unity Centre Of India (COMMUNIST),AURANGABAD,BIHAR,297
S0466,MD NAIYAR ALAM,Independent,PRANPUR,BIHAR,293
S043,MOHAMMAD RASHID AZIM,Nationalist Congress Party,NARKATIAGANJ,BIHAR,291
S04156,CHANDRA KISHORE SAH,Independent,BHAGALPUR,BIHAR,291
S0445,MD. FARAN,Apna Adhikar Party,CHHATAPUR,BIHAR,291
S0446,CHANDRESH KUMAR,Bhartiya Lok Chetna Party,NARPATGANJ,BIHAR,290
S04174,SUGOULI PRASAD,Peoples Party of India (Democratic),ISLAMPUR,BIHAR,287
S04179,ARBIND KUMAR,Independent,BARH,BIHAR,285
S04230,PREM KUMAR S/O-VISHNAHARI UPADHYAY,Independent,GAYA TOWN,BIHAR,285
S04164,DIPAK KUMAR,Independent,TARAPUR,BIHAR,282
S04231,SHAKTIMAN STUTYA,Vocal India Party,TIKARI,BIHAR,281
S0446,PAPPU KUMAR SINGH,Rashtrawadi Janlok Party (Satya),NARPATGANJ,BIHAR,281
S0479,SAROJ CHAUDHARY,Mithilanchal Mukti Morcha,GAURA BAURAM,BIHAR,279
S04118,GYANI KUMAR SHARMA,Bharatiya Ekta Dal,CHAPRA,BIHAR,279
S0448,RAJESH KUMAR GUPTA,Independent,FORBESGANJ,BIHAR,279
S0446,SHOAB ALAM,The National Road Map Party of India,NARPATGANJ,BIHAR,278
S0493,ARVIND KUMAR,Independent,KURHANI,BIHAR,278
S04182,PRABHASH CHANDRA SHARMA,Jagrook Janta Party,BANKIPUR,BIHAR,276
S0494,DHANVANTI DEVI,Lok Chetna Dal,MUZAFFARPUR,BIHAR,275
S04156,SANJAY KUMAR YADAV,Socialist Party (India),BHAGALPUR,BIHAR,275
S04165,KRISHNA MANDAL,Independent,MUNGER,BIHAR,275
S04230,RAJ KISHOR SINGH,Peoples Party of India (Democratic),GAYA TOWN,BIHAR,274
S04223,DHIRENDRA KUMAR SINGH,Independent,AURANGABAD,BIHAR,273
S0494,AWADHESH PRASAD SINGH,Independent,MUZAFFARPUR,BIHAR,273
S046,JAI PRAKASH,Nationalist Congress Party,NAUTAN,BIHAR,270
S04183,DHANJAY KUMAR,Rashtriya Jansambhavna Party,KUMHRAR,BIHAR,270
S04194,RAJ KISHOR SHARMA,Jantantra Awaj Party,ARRAH,BIHAR,268
S04214,MANSUR ALAM,Aam Janta Pragati Party,ARWAL,BIHAR,264
S0493,SURESH KUMAR GUPTA,Independent,KURHANI,BIHAR,264
S0428,CHANDRIKA PRASAD,Independent,SITAMARHI,BIHAR,261
S04232,TARAVEJ ALAM,The National Road Map Party of India,BELAGANJ,BIHAR,258
S0476,ANAND RANJAN,Independent,SIMRI BAKHTIARPUR,BIHAR,258
S04223,ASHISH KUMAR SONI,Independent,AURANGABAD,BIHAR,258
S04183,ABHAY KUMAR,Independent,KUMHRAR,BIHAR,256
S0476,BIBHUTI SINGH,Rashtrawadi Janlok Party (Satya),SIMRI BAKHTIARPUR,BIHAR,256
S04198,GOUTTAM OJHA,Independent,SHAHPUR,BIHAR,255
S0468,RATAN KUMAR,Vikas Vanchit Insan Party,BARARI,BIHAR,255
S04123,INDRADEO ROY,Socialist Unity Centre Of India (COMMUNIST),HAJIPUR,BIHAR,254
S04208,ARIF ISAIN HUSSAIN,Independent,SASARAM,BIHAR,254
S0461,MANOJ SHARMA,Jagrook Janta Party,DHAMDAHA,BIHAR,249
S04224,RAJESH KUMAR,Sampoorna Bharat Kranti Party,RAFIGANJ,BIHAR,247
S0446,LALIT KUMAR SAH,Prism,NARPATGANJ,BIHAR,244
S04230,NARESH PARSAD,Independent,GAYA TOWN,BIHAR,243
S04230,KASHI PRASAD,Independent,GAYA TOWN,BIHAR,242
S04105,KUMAR GAURAW BUNTY,Rashtrawadi Janlok Party (Satya),SIWAN,BIHAR,240
S0493,ROHIT KUMAR,Right to Recall Party,KURHANI,BIHAR,240
S0446,MOHAMMAD ASLAM BEG,Apna Adhikar Party,NARPATGANJ,BIHAR,237
S04198,SHANKAR KUMAR GOND,Gondvana Gantantra Party,SHAHPUR,BIHAR,235
S0448,MANOJ SADA,Independent,FORBESGANJ,BIHAR,231
S04105,VIMAL PRASAD,Independent,SIWAN,BIHAR,227
S0428,THAKUR CHANDAN KUMAR  SINGH,Independent,SITAMARHI,BIHAR,224
S0494,MANOJ KUMAR,Rashtriya Jansambhavna Party,MUZAFFARPUR,BIHAR,223
S04105,RAKESH SHARMA,Jagrook Janta Party,SIWAN,BIHAR,222
S0494,MD SHABBIR ANSARI,Independent,MUZAFFARPUR,BIHAR,222
S0494,AJAY KUMAR,Bajjikanchal Vikas Party,MUZAFFARPUR,BIHAR,221
S04158,MD MANZAR ALAM,Bhartiya Party (Loktantrik),NATHNAGAR,BIHAR,217
S04146,GAUTAM KUMAR,Socialist Unity Centre Of India (COMMUNIST),BEGUSARAI,BIHAR,216
S0421,KEDAR RAM,Nayak Yuva Kranti Party,DHAKA,BIHAR,215
S04183,SUMIT RANJAN SINHA,Akhand Bharat Janpriya Party,KUMHRAR,BIHAR,215
S04196,KARMOO SAH KESHARI,Independent,TARARI,BIHAR,213
S0448,GIRANAND KUMAR,Independent,FORBESGANJ,BIHAR,211
S0479,KRISHAN KUMAR,Independent,GAURA BAURAM,BIHAR,209
S04183,SAROJ KUMAR SUMAN,Socialist Unity Centre Of India (COMMUNIST),KUMHRAR,BIHAR,207
S04105,DEWA KANT MISHRA ALIAS MUNNA BHAIYA,Independent,SIWAN,BIHAR,205
S04183,SHAHID ALAM,Jantantra Awaj Party,KUMHRAR,BIHAR,204
S04128,KAVITA KUMARI,Bihar Justice Party,RAGHOPUR,BIHAR,199
S04223,AJIT KUMAR,Independent,AURANGABAD,BIHAR,198
S04174,VIKASH KUMAR GAURAB,Lohiya Janta Dal,ISLAMPUR,BIHAR,197
S0448,NAJIA IKBAL,Independent,FORBESGANJ,BIHAR,191
S04230,MD SAMIM,Independent,GAYA TOWN,BIHAR,187
S04196,NARAYAN SINGH,Voters Party International,TARARI,BIHAR,187
S04230,AMRENDRA KUMAR,Rashtriya Sanatan Party,GAYA TOWN,BIHAR,187
S0498,JAI PRAKASH KUMAR,Independent,SAHEBGANJ,BIHAR,183
S0479,SONI DEVI,Rashtriya Janwadi Party (Socialist),GAURA BAURAM,BIHAR,183
S0448,PRADEEP PRIY MEHTA,Independent,FORBESGANJ,BIHAR,181
S04194,DHARMATMA SHARMA,Socialist Unity Centre Of India (COMMUNIST),ARRAH,BIHAR,180
S0494,AMAN KUMAR JHA,Socialist Unity Centre Of India (COMMUNIST),MUZAFFARPUR,BIHAR,171
S0428,POOJA ARYA,Lok Dal,SITAMARHI,BIHAR,169
S04196,RAJESH SINGH,Rashtriya Jansambhavna Party,TARARI,BIHAR,163
S04174,DINKAR KUMAR,Rashtriya Samajwadi Lok Adhikar Party,ISLAMPUR,BIHAR,158
S04156,YOGENDRA PRASAD YADAV,Peoples Party of India (Democratic),BHAGALPUR,BIHAR,152
S04156,RAVI KUMAR SINGH,Socialist Unity Centre Of India (COMMUNIST),BHAGALPUR,BIHAR,145
S04230,MD. MANSUR ANSARI,Peace Party,GAYA TOWN,BIHAR,136
S04196,ASHOK KUMAR SINGH,Socialist Party (India),TARARI,BIHAR,122
S04230,PURUSHOTTAM KUMAR SINHA,Samaj Satta Dal,GAYA TOWN,BIHAR,102
S04230,HASAB AKHTAR,Independent,GAYA TOWN,BIHAR,100
S04230,SANJEET KUMAR,Independent,GAYA TOWN,BIHAR,99
S04230,MUNNA KUMAR,Samajwadi Lok Parishad,GAYA TOWN,BIHAR,98
S04230,SHIWAM KUMAR SINHA,Independent,GAYA TOWN,BIHAR,90
