constituency_code,candidate,party,constituency,state,votes
S2525,ANANDAMAY BARMAN,Bharatiya Janata Party,MATIGARA-NAXALBARI,WEST BENGAL,166905
S2519,SIKHA CHATTERJEE,Bharatiya Janata Party,DABGRAM-FULBARI,WEST BENGAL,166300
S2534,UTPAL BRAHMACHARO,Bharatiya Janata Party,KALIAGANJ,WEST BENGAL,158349
S253,SUKUMAR RAY,Bharatiya Janata Party,COOCHBEHAR UTTAR,WEST BENGAL,155327
S2551,AMLAN BHADURI (BURO),Bharatiya Janata Party,ENGLISH BAZAR,WEST BENGAL,154096
S25139,MD BAHARUL ISLAM,All India Trinamool Congress,CANNING PURBA,WEST BENGAL,148687
S2516,DALIM CHANDRA ROY,Bharatiya Janata Party,MAYNAGURI,WEST BENGAL,147403
S25129,GANESH CHANDRA MONDAL,All India Trinamool Congress,KULTALI,WEST BENGAL,146435
S255,SABITRI BARMAN,Bharatiya Janata Party,SITALKUCHI,WEST BENGAL,144367
S252,NISHITH PRAMANIK,Bharatiya Janata Party,MATHABHANGA,WEST BENGAL,143340
S2512,PARITOSH DAS,Bharatiya Janata Party,ALIPURDUARS,WEST BENGAL,143242
S25235,SEULI SAHA,All India Trinamool Congress,KESHPUR,WEST BENGAL,143123
S2510,MANOJ KUMAR ORAON,Bharatiya Janata Party,KUMARGRAM,WEST BENGAL,143044
S2517,ANANTA DEB ADHIKARY,Bharatiya Janata Party,JALPAIGURI,WEST BENGAL,142987
S25218,ADHIKARI DIBYENDU,Bharatiya Janata Party,EGRA,WEST BENGAL,142670
S2543,JOYEL MURMU,Bharatiya Janata Party,HABIBPUR,WEST BENGAL,142062
S25232,SUKANTA DOLUI,Bharatiya Janata Party,CHANDRAKONA,WEST BENGAL,140517
S2590,ASHIM KUMAR BISWAS,Bharatiya Janata Party,RANAGHAT DAKSHIN,WEST BENGAL,140010
S2588,SUKANTA BISWAS,Bharatiya Janata Party,KRISHNAGANJ,WEST BENGAL,139838
S25199,BIMAN GHOSH,Bharatiya Janata Party,PURSURAH,WEST BENGAL,138821
S257,AJAY RAY,Bharatiya Janata Party,DINHATA,WEST BENGAL,138255
S25205,SINTU SENAPATI,Bharatiya Janata Party,PANSKURA PASCHIM,WEST BENGAL,137919
S25190,SUBIR NAG,Bharatiya Janata Party,CHUNCHURA,WEST BENGAL,137704
S25252,NILADRI SEKHAR DANA,Bharatiya Janata Party,BANKURA,WEST BENGAL,136992
S25203,HARE KRISHNA BERA,Bharatiya Janata Party,TAMLUK,WEST BENGAL,136566
S2515,NARESH ROY,Bharatiya Janata Party,DHUPGURI,WEST BENGAL,134798
S25201,PRASANTA DIGAR,Bharatiya Janata Party,GOGHAT,WEST BENGAL,134498
S2513,DIPAK BARMAN,Bharatiya Janata Party,FALAKATA,WEST BENGAL,134370
S25238,LABSEN BASKEY,Bharatiya Janata Party,BANDWAN,WEST BENGAL,134080
S25184,TAPAS MAITY,All India Trinamool Congress,DOMJUR,WEST BENGAL,134036
S2583,TARAK NATH CHATTERJEE,Bharatiya Janata Party,KRISHNANAGAR UTTAR,WEST BENGAL,133211
S25230,TAPAN KUMAR DUTTA,Bharatiya Janata Party,DASPUR,WEST BENGAL,133071
S25236,SANKAR KUMAR GUCHHAIT,Bharatiya Janata Party,MEDINIPUR,WEST BENGAL,133041
S25234,BIMAN MAHATA,Bharatiya Janata Party,SALBONI,WEST BENGAL,132856
S25146,DILIP MONDAL,All India Trinamool Congress,BISHNUPUR,WEST BENGAL,132647
S25209,PRADIP KUMAR BIJALI,Bharatiya Janata Party,HALDIA,WEST BENGAL,132183
S25217,DR. CHANDRA SEKHAR MONDAL,Bharatiya Janata Party,RAMNAGAR,WEST BENGAL,131808
S25231,SITAL KAPAT,Bharatiya Janata Party,GHATAL,WEST BENGAL,131550
S2544,CHINMOY DEB BARMAN,Bharatiya Janata Party,GAZOLE,WEST BENGAL,131541
S25207,KHANRA NIRMAL,Bharatiya Janata Party,NANDAKUMAR,WEST BENGAL,131476
S25249,KSHUDIRAM TUDU,Bharatiya Janata Party,RANIBANDH,WEST BENGAL,131145
S25214,SANTANU PRAMANIK,Bharatiya Janata Party,BHAGABANPUR,WEST BENGAL,130586
S25213,SUMITA SINHA,Bharatiya Janata Party,KANTHI UTTAR,WEST BENGAL,130088
S25215,SUBRATA PAIK,Bharatiya Janata Party,KHEJURI,WEST BENGAL,129875
S2587,PARTHA SARATHI CHATTERJEE(BABU),Bharatiya Janata Party,RANAGHAT UTTAR PASCHIM,WEST BENGAL,129046
S25147,RUPA GANGULY,Bharatiya Janata Party,SONARPUR DAKSHIN,WEST BENGAL,128970
S25242,SUDIP KUMAR MUKHERJEE,Bharatiya Janata Party,PURULIA,WEST BENGAL,128454
S25254,AMARNATH SHAKHA,Bharatiya Janata Party,ONDA,WEST BENGAL,128296
S256,SANGITA ROY,All India Trinamool Congress,SITAI,WEST BENGAL,128188
S2545,PRASUN BANERJEE,All India Trinamool Congress,CHANCHAL,WEST BENGAL,128014
S25132,SUMANTA MANDAL,Bharatiya Janata Party,SAGAR,WEST BENGAL,127802
S25226,AMAL KUMAR PANDA,Bharatiya Janata Party,SABANG,WEST BENGAL,127783
S25246,MAMONI BAURI,Bharatiya Janata Party,RAGHUNATHPUR,WEST BENGAL,127628
S25128,NILIMA MISTRY BISHAL,All India Trinamool Congress,BASANTI,WEST BENGAL,127495
S25210,ADHIKARI SUVENDU,Bharatiya Janata Party,NANDIGRAM,WEST BENGAL,127301
S25206,ASHOKE DINDA,Bharatiya Janata Party,MOYNA,WEST BENGAL,127166
S25156,ASHOK KUMAR DEB,All India Trinamool Congress,BUDGE BUDGE,WEST BENGAL,127091
S258,GIRIJA SHANKAR RAY,Bharatiya Janata Party,NATABARI,WEST BENGAL,126911
S25202,SUSANTA GHOSH,Bharatiya Janata Party,KHANAKUL,WEST BENGAL,126729
S25148,MD NAWSAD SIDDIQUE,All India Secular Front,BHANGAR,WEST BENGAL,126555
S25256,LAKSHMI KANTA MAJUMDAR,Bharatiya Janata Party,KATULPUR,WEST BENGAL,126241
S2589,ASHIM BISWAS,Bharatiya Janata Party,RANAGHAT UTTAR PURBA,WEST BENGAL,126235
S25211,PIJUSH KANTI DAS,Bharatiya Janata Party,CHANDIPUR,WEST BENGAL,126047
S25248,SATYANARAYAN MUKHOPADHYAY,Bharatiya Janata Party,CHHATNA,WEST BENGAL,125972
S25179,DR. HIRANMOY CHATTOPADHYAYA (HIRAAN),Bharatiya Janata Party,SHYAMPUR,WEST BENGAL,125651
S25191,SUMANA SARKAR,Bharatiya Janata Party,BALAGARH,WEST BENGAL,125624
S256,ASHUTOSH BARMA,Bharatiya Janata Party,SITAI,WEST BENGAL,125467
S25253,BILLESWAR SINHA,Bharatiya Janata Party,BARJORA,WEST BENGAL,125419
S25251,SOUVIK PATRA,Bharatiya Janata Party,TALDANGRA,WEST BENGAL,124537
S25285,JAGANNATH CHATTOPADHYAY,Bharatiya Janata Party,SURI,WEST BENGAL,124243
S25157,ABDUL KHALEQUE MOLLA,All India Trinamool Congress,METIABURUZ,WEST BENGAL,124230
S25227,SWAGATA MANNA,Bharatiya Janata Party,PINGLA,WEST BENGAL,124189
S25175,GULSAN MULLICK,All India Trinamool Congress,PANCHLA,WEST BENGAL,123967
S2550,GOPAL CHANDRA SAHA,Bharatiya Janata Party,MALDAHA,WEST BENGAL,123656
S2570,HUMAYUN KABIR,Aam Janata Unnayan party,REJINAGAR,WEST BENGAL,123536
S25197,ASIMA PATRA,All India Trinamool Congress,DHANEKHALI,WEST BENGAL,123462
S25200,BAG HEMANTA,Bharatiya Janata Party,ARAMBAG,WEST BENGAL,123000
S259,MALATI RAVA ROY,Bharatiya Janata Party,TUFANGANJ,WEST BENGAL,122525
S25119,SANKAR CHATTERJEE,Bharatiya Janata Party,BARASAT,WEST BENGAL,122171
S2530,MD GHULAM RABBANI,All India Trinamool Congress,GOALPOKHAR,WEST BENGAL,122105
S25270,KRISHNA GHOSH,Bharatiya Janata Party,KATWA,WEST BENGAL,122020
S25208,SUBHAS CHANDRA PANJA,Bharatiya Janata Party,MAHISADAL,WEST BENGAL,121584
S2597,SUBRATA THAKUR,Bharatiya Janata Party,GAIGHATA,WEST BENGAL,121322
S2594,SOMA THAKUR,Bharatiya Janata Party,BAGDA,WEST BENGAL,121307
S25137,BIVAS SARDAR,All India Trinamool Congress,BARUIPUR PURBA,WEST BENGAL,120987
S2528,HAMIDUL RAHAMAN,All India Trinamool Congress,CHOPRA,WEST BENGAL,120986
S25222,LAKSHMI KANTA SAU,Bharatiya Janata Party,JHARGRAM,WEST BENGAL,120877
S257,UDAYAN GUHA,All India Trinamool Congress,DINHATA,WEST BENGAL,120808
S2526,SHANKAR GHOSH,Bharatiya Janata Party,SILIGURI,WEST BENGAL,120760
S25138,PARESH RAM DAS,All India Trinamool Congress,CANNING PASCHIM,WEST BENGAL,120548
S25243,MAYNA MURMU,Bharatiya Janata Party,MANBAZAR,WEST BENGAL,120487
S25132,BANKIM CHANDRA HAZRA,All India Trinamool Congress,SAGAR,WEST BENGAL,119921
S25287,BIDHAN CHANDRA MAJHI,All India Trinamool Congress,NANOOR,WEST BENGAL,119910
S25151,DEBASISH DHAR,Bharatiya Janata Party,SONARPUR UTTAR,WEST BENGAL,119824
S25280,AGNIMITRA PAUL,Bharatiya Janata Party,ASANSOL DAKSHIN,WEST BENGAL,119582
S2596,SWAPAN MAJUMDER,Bharatiya Janata Party,BANGAON DAKSHIN,WEST BENGAL,119399
S25143,PANNA LAL HALDER,All India Trinamool Congress,DIAMOND HARBOUR,WEST BENGAL,119320
S2595,ASHOK KIRTANIA,Bharatiya Janata Party,BANGAON UTTAR,WEST BENGAL,119317
S251,DADHIRAM RAY,Bharatiya Janata Party,MEKLIGANJ,WEST BENGAL,119109
S255,HARIHAR DAS,All India Trinamool Congress,SITALKUCHI,WEST BENGAL,119089
S25134,TAPAS MONDAL S/O-SHIBPRASAD MONDAL,All India Trinamool Congress,RAIDIGHI,WEST BENGAL,118991
S25239,JALADHAR MAHATO,Bharatiya Janata Party,BALARAMPUR,WEST BENGAL,118421
S2527,DURGA MURMU,Bharatiya Janata Party,PHANSIDEWA,WEST BENGAL,118241
S25216,ARUP KUMAR DAS,Bharatiya Janata Party,KANTHI DAKSHIN,WEST BENGAL,118219
S2586,SWAPAN KUMAR DAS,Bharatiya Janata Party,SANTIPUR,WEST BENGAL,117941
S25149,AHMED JAVED KHAN,All India Trinamool Congress,KASBA,WEST BENGAL,117893
S25210,PABITRA KAR,All India Trinamool Congress,NANDIGRAM,WEST BENGAL,117636
S25234,SRIKANTA MAHATA,All India Trinamool Congress,SALBONI,WEST BENGAL,117613
S25121,ABDUL MATIN MUHAMMAD,All India Trinamool Congress,HAROA,WEST BENGAL,117591
S25284,ANUP KUMAR SAHA,Bharatiya Janata Party,DUBRAJPUR,WEST BENGAL,117437
S25130,SAMIR KUMAR JANA,All India Trinamool Congress,PATHARPRATIMA,WEST BENGAL,117164
S25218,TARUN KUMAR MAITY,All India Trinamool Congress,EGRA,WEST BENGAL,116978
S25198,SANTU PAN,Bharatiya Janata Party,TARAKESWAR,WEST BENGAL,116901
S25155,SUBHASIS DAS,All India Trinamool Congress,MAHESHTALA,WEST BENGAL,116811
S25226,MANAS RANJAN BHUNIA,All India Trinamool Congress,SABANG,WEST BENGAL,116647
S25212,TAPAN MAITY,Bharatiya Janata Party,PATASHPUR,WEST BENGAL,116589
S25225,GIRI RAMAPRASAD,Bharatiya Janata Party,NARAYANGARH,WEST BENGAL,116050
S25183,ANUPAM GHOSH,Bharatiya Janata Party,JAGATBALLAVPUR,WEST BENGAL,115608
S25258,DIBAKAR GHARAMI,Bharatiya Janata Party,SONAMUKHI,WEST BENGAL,115549
S2533,HARIPADA BARMAN,Bharatiya Janata Party,HEMTABAD,WEST BENGAL,115529
S25125,MD. TAUSEFFUR RAHMAN,All India Trinamool Congress,BASIRHAT UTTAR,WEST BENGAL,115503
S25153,SANKAR SIKDER,Bharatiya Janata Party,BEHALA PURBA,WEST BENGAL,115502
S2591,BANKIM CHANDRA GHOSH,Bharatiya Janata Party,CHAKDAHA,WEST BENGAL,115433
S25247,CHANDANA BAURI,Bharatiya Janata Party,SALTORA,WEST BENGAL,115180
S25289,KRISHNA KANTA SAHA,Bharatiya Janata Party,SAINTHIA,WEST BENGAL,115054
S25286,CHANDRANATH SINHA,All India Trinamool Congress,BOLPUR,WEST BENGAL,114915
S2511,BISHAL LAMA,Bharatiya Janata Party,KALCHINI,WEST BENGAL,114759
S25277,LAKSHMAN CHANDRA GHORUI,Bharatiya Janata Party,DURGAPUR PASCHIM,WEST BENGAL,114729
S25221,RAJESH MAHATA,Bharatiya Janata Party,GOPIBALLAVPUR,WEST BENGAL,114683
S2518,DINESH SARKAR,Bharatiya Janata Party,RAJGANJ,WEST BENGAL,114657
S2592,ANUPAM BISWAS,Bharatiya Janata Party,KALYANI,WEST BENGAL,114469
S25229,SUBHASHIS OM,Bharatiya Janata Party,DEBRA,WEST BENGAL,114463
S2564,GOURI SANKAR GHOSH,Bharatiya Janata Party,MURSHIDABAD,WEST BENGAL,114443
S25142,MD. SAMIM AHAMED MOLLA,All India Trinamool Congress,MAGRAHAT PASCHIM,WEST BENGAL,113834
S25233,PRADIP LODHA,Bharatiya Janata Party,GARBETA,WEST BENGAL,113752
S25223,BHADRA HEMRAM,Bharatiya Janata Party,KESHIARY,WEST BENGAL,113713
S25245,NADIAR CHAND BOURI,Bharatiya Janata Party,PARA,WEST BENGAL,113488
S25196,MADHUMITA GHOSH,Bharatiya Janata Party,HARIPAL,WEST BENGAL,113332
S25154,DR. INDRANIL KHAN,Bharatiya Janata Party,BEHALA PASCHIM,WEST BENGAL,113171
S2546,MD. MATIBUR RAHAMAN,All India Trinamool Congress,HARISCHANDRAPUR,WEST BENGAL,113104
S25134,PALASH RANA,Bharatiya Janata Party,RAIDIGHI,WEST BENGAL,113034
S25188,ARUP KUMAR DAS,Bharatiya Janata Party,SINGUR,WEST BENGAL,113008
S25124,SURAJIT MITRA (BADAL),All India Trinamool Congress,BASIRHAT DAKSHIN,WEST BENGAL,112965
S2553,SABINA YEASMIN,All India Trinamool Congress,SUJAPUR,WEST BENGAL,112795
S25266,NISITH KUMAR MALIK,All India Trinamool Congress,BARDHAMAN UTTAR,WEST BENGAL,112688
S25240,RAHIDAS MAHATO,Bharatiya Janata Party,BAGHMUNDI,WEST BENGAL,112663
S25130,ASIT KUMAR HALDAR,Bharatiya Janata Party,PATHARPRATIMA,WEST BENGAL,112291
S2578,SUBRATA KABIRAJ,Bharatiya Janata Party,TEHATTA,WEST BENGAL,112138
S2520,SUKRA MUNDA,Bharatiya Janata Party,MAL,WEST BENGAL,112095
S25291,DHRUBA SAHA,Bharatiya Janata Party,RAMPURHAT,WEST BENGAL,111920
S25287,KHOKAN DAS,Bharatiya Janata Party,NANOOR,WEST BENGAL,111788
S25250,KSHETRAMOHAN HANSDA,Bharatiya Janata Party,RAIPUR,WEST BENGAL,111443
S25269,GOPAL CHATTOPADHYAY,Bharatiya Janata Party,PURBASTHALI UTTAR,WEST BENGAL,111379
S25271,ANADI GHOSH,Bharatiya Janata Party,KETUGRAM,WEST BENGAL,111104
S25255,SHUKLA CHATTERJEE,Bharatiya Janata Party,BISHNUPUR,WEST BENGAL,111082
S25145,AGNISWAR NASKAR,Bharatiya Janata Party,SATGACHHIA,WEST BENGAL,111023
S25268,PRAN KRISHNA TAPADAR,Bharatiya Janata Party,PURBASTHALI DAKSHIN,WEST BENGAL,111004
S25206,CHANDAN MONDAL,All India Trinamool Congress,MOYNA,WEST BENGAL,110925
S25264,SIDDHARTHA MAJUMDAR,Bharatiya Janata Party,KALNA,WEST BENGAL,110790
S25274,RAJU PATRA,Bharatiya Janata Party,GALSI,WEST BENGAL,110640
S25145,SOMASHREE BETAL,All India Trinamool Congress,SATGACHHIA,WEST BENGAL,110622
S25197,BARNALI DAS,Bharatiya Janata Party,DHANEKHALI,WEST BENGAL,110405
S25219,AJIT KUMAR JANA,Bharatiya Janata Party,DANTAN,WEST BENGAL,110259
S2549,GOUR CHANDRA MANDAL,Bharatiya Janata Party,MANIKCHAK,WEST BENGAL,110118
S25213,DEBASIS BHUNYA,All India Trinamool Congress,KANTHI UTTAR,WEST BENGAL,110033
S25151,FIRDOUSI BEGAM,All India Trinamool Congress,SONARPUR UTTAR,WEST BENGAL,110017
S25196,KARABI MANNA,All India Trinamool Congress,HARIPAL,WEST BENGAL,109844
S25214,MANAB KUMAR PARUA,All India Trinamool Congress,BHAGABANPUR,WEST BENGAL,109708
S25178,PULAK ROY,All India Trinamool Congress,ULUBERIA DAKSHIN,WEST BENGAL,109649
S25131,DIPANKAR JANA,Bharatiya Janata Party,KAKDWIP,WEST BENGAL,109373
S25204,SUBRATA MAITY(RANA),Bharatiya Janata Party,PANSKURA PURBA,WEST BENGAL,109264
S25183,SUBIR CHATTERJEE (TINKAI),All India Trinamool Congress,JAGATBALLAVPUR,WEST BENGAL,108937
S25276,CHANDRA SEKHAR BANERJEE,Bharatiya Janata Party,DURGAPUR PURBA,WEST BENGAL,108888
S25257,NIRMAL KUMAR DHARA,Bharatiya Janata Party,INDUS,WEST BENGAL,108733
S2554,RAJU KARMAKAR,Bharatiya Janata Party,BAISNABNAGAR,WEST BENGAL,108692
S2584,SRUTISEKHAR GOSWAMI,Bharatiya Janata Party,NABADWIP,WEST BENGAL,108631
S25127,BIKARNA NASKAR,Bharatiya Janata Party,GOSABA,WEST BENGAL,108492
S254,RATHINDRA BOSE,Bharatiya Janata Party,COOCHBEHAR DAKSHIN,WEST BENGAL,108482
S25161,SOBHANDEB CHATTOPADHYAY,All India Trinamool Congress,BALLYGUNGE,WEST BENGAL,108481
S25141,SARMISTHA PURKAIT,All India Trinamool Congress,MAGRAHAT PURBA,WEST BENGAL,108412
S25136,BISWANATH DAS,All India Trinamool Congress,JAYNAGAR,WEST BENGAL,108194
S2529,AGARWAL KANAIA LAL,All India Trinamool Congress,ISLAMPUR,WEST BENGAL,108117
S2593,ASIM KUMAR SARKAR,Bharatiya Janata Party,HARINGHATA,WEST BENGAL,107900
S2575,MD. MOSTAFIJUR RAHAMAN,Communist Party of India (Marxist),DOMKAL,WEST BENGAL,107882
S25257,SHYAMALI ROY BAGDI,All India Trinamool Congress,INDUS,WEST BENGAL,107833
S25260,MOUMITA BISWAS MISRA,Bharatiya Janata Party,BARDHAMAN DAKSHIN,WEST BENGAL,107754
S25273,KALITA MAJI,Bharatiya Janata Party,AUSGRAM,WEST BENGAL,107692
S25212,PIJUS KANTI PANDA,All India Trinamool Congress,PATASHPUR,WEST BENGAL,107538
S25237,DR. PRANAT TUDU,Bharatiya Janata Party,BINPUR,WEST BENGAL,107238
S25123,SANAT SARDAR,Bharatiya Janata Party,SANDESHKHALI,WEST BENGAL,107189
S25194,SWATI KHANDOKER,All India Trinamool Congress,CHANDITALA,WEST BENGAL,107143
S25290,DUDH KUMAR MONDAL,Bharatiya Janata Party,MAYURESWAR,WEST BENGAL,107056
S25232,DOLOI SURJYA KANTA,All India Trinamool Congress,CHANDRAKONA,WEST BENGAL,107036
S2548,SAMAR MUKHERJEE,All India Trinamool Congress,RATUA,WEST BENGAL,106834
S25244,KAMALA KANTA HANSDA,Bharatiya Janata Party,KASHIPUR,WEST BENGAL,106571
S25115,PIYUSH KANODIA,Bharatiya Janata Party,RAJARHAT NEW TOWN,WEST BENGAL,106564
S25265,MANAB GUHA,Bharatiya Janata Party,MEMARI,WEST BENGAL,106428
S25288,DEBASIS OJHA (HAKU DA),Bharatiya Janata Party,LABPUR,WEST BENGAL,106402
S25115,TAPASH CHATTERJEE,All India Trinamool Congress,RAJARHAT NEW TOWN,WEST BENGAL,106248
S25266,SANJOY DAS,Bharatiya Janata Party,BARDHAMAN UTTAR,WEST BENGAL,106228
S25150,SARBORI MUKHERJEE,Bharatiya Janata Party,JADAVPUR,WEST BENGAL,106199
S2562,REYAT HOSSAIN SARKAR,All India Trinamool Congress,BHAGAWANGOLA,WEST BENGAL,105997
S25182,SAMIR KUMAR PANJA,All India Trinamool Congress,UDAYNARAYANPUR,WEST BENGAL,105802
S2540,BUDHRAI TUDU,Bharatiya Janata Party,TAPAN,WEST BENGAL,105780
S25211,UTTAM BARIK,All India Trinamool Congress,CHANDIPUR,WEST BENGAL,105777
S25227,AJIT MAITY,All India Trinamool Congress,PINGLA,WEST BENGAL,105709
S2535,KOUSHIK CHOWDHURY,Bharatiya Janata Party,RAIGANJ,WEST BENGAL,105561
S25174,PRIYA PAUL,All India Trinamool Congress,SANKRAIL,WEST BENGAL,105412
S25205,SIRAJ KHAN,All India Trinamool Congress,PANSKURA PASCHIM,WEST BENGAL,105352
S2577,SAMARENDRANATH GHOSH,Bharatiya Janata Party,KARIMPUR,WEST BENGAL,105234
S2541,SATYENDRA NATH ROY,Bharatiya Janata Party,GANGARAMPUR,WEST BENGAL,105083
S25180,ARUNAVA SEN,All India Trinamool Congress,BAGNAN,WEST BENGAL,105060
S25217,AKHIL GIRI,All India Trinamool Congress,RAMNAGAR,WEST BENGAL,104869
S25140,BIMAN BANERJEE,All India Trinamool Congress,BARUIPUR PASCHIM,WEST BENGAL,104781
S25289,NILABATI SAHA,All India Trinamool Congress,SAINTHIA,WEST BENGAL,104748
S25241,BISWAJIT MAHATO,Bharatiya Janata Party,JOYPUR,WEST BENGAL,104668
S25181,AMIT SAMANTA,Bharatiya Janata Party,AMTA,WEST BENGAL,104649
S25100,DEBDAS MONDAL,Bharatiya Janata Party,HABRA,WEST BENGAL,104645
S25131,MANTURAM PAKHIRA,All India Trinamool Congress,KAKDWIP,WEST BENGAL,104613
S25281,KRISHNENDU MUKHERJEE,Bharatiya Janata Party,ASANSOL UTTAR,WEST BENGAL,104516
S25238,RAJIB LOCHAN SAREN,All India Trinamool Congress,BANDWAN,WEST BENGAL,104503
S25259,NABIN CHANDRA BAG,All India Trinamool Congress,KHANDAGHOSH,WEST BENGAL,104183
S2547,ABDUR RAHIM BOXI,All India Trinamool Congress,MALATIPUR,WEST BENGAL,104123
S25272,SHISHIR GHOSH,Bharatiya Janata Party,MANGALKOT,WEST BENGAL,104020
S25282,AJAY KUMAR PODDAR,Bharatiya Janata Party,KULTI,WEST BENGAL,103570
S25261,SUBHASH PATRA,Bharatiya Janata Party,RAINA,WEST BENGAL,103487
S2521,PUNA BHENGRA,Bharatiya Janata Party,NAGRAKATA,WEST BENGAL,103478
S25124,DR. SOURYA BANERJEE,Bharatiya Janata Party,BASIRHAT DAKSHIN,WEST BENGAL,103421
S25179,NADEBASI JANA,All India Trinamool Congress,SHYAMPUR,WEST BENGAL,103391
S2599,BURHANUL MUKADDIM (LITON),All India Trinamool Congress,BADURIA,WEST BENGAL,103334
S25110,SOURAV SIKDAR,Bharatiya Janata Party,DUM DUM UTTAR,WEST BENGAL,103284
S25292,FAYEZUL HAQUE (KAJAL SK),All India Trinamool Congress,HANSAN,WEST BENGAL,103223
S2533,SATYAJIT BARMAN,All India Trinamool Congress,HEMTABAD,WEST BENGAL,103168
S2585,SADHAN GHOSH,Bharatiya Janata Party,KRISHNANAGAR DAKSHIN,WEST BENGAL,102862
S25288,ABHIJIT SINHA (RANA),All India Trinamool Congress,LABPUR,WEST BENGAL,102852
S25261,MANDIRA DALUI,All India Trinamool Congress,RAINA,WEST BENGAL,102653
S2514,LAXUMAN LIMBU,Bharatiya Janata Party,MADARIHAT,WEST BENGAL,102488
S25193,SWARAJ GHOSH,Bharatiya Janata Party,SAPTAGRAM,WEST BENGAL,102414
S25195,PROSENJIT BAG,Bharatiya Janata Party,JANGIPARA,WEST BENGAL,102409
S25203,DIPENDRA NARAYAN ROY,All India Trinamool Congress,TAMLUK,WEST BENGAL,101837
S25286,DILIP GHOSH,Bharatiya Janata Party,BOLPUR,WEST BENGAL,101727
S25195,SNEHASIS CHAKRABORTY,All India Trinamool Congress,JANGIPARA,WEST BENGAL,101547
S25192,TUSAR KUMAR MAJUMDAR,Bharatiya Janata Party,PANDUA,WEST BENGAL,101349
S25117,TARUNJYOTI TEWARI,Bharatiya Janata Party,RAJARHAT  GOPALPUR,WEST BENGAL,101277
S25158,FIRHAD HAKIM,All India Trinamool Congress,KOLKATA PORT,WEST BENGAL,101226
S25120,ANISUR RAHAMAN BIDESH,All India Trinamool Congress,DEGANGA,WEST BENGAL,101114
S25230,ASHIS HUDAIT,All India Trinamool Congress,DASPUR,WEST BENGAL,100937
S25207,SUKUMAR DE,All India Trinamool Congress,NANDAKUMAR,WEST BENGAL,100873
S25220,AMIYA KISKU,Bharatiya Janata Party,NAYAGRAM,WEST BENGAL,100857
S2581,SANTANU DEY,Bharatiya Janata Party,NAKASHIPARA,WEST BENGAL,100600
S25173,NANDITA CHOWDHURY,All India Trinamool Congress,HOWRAH DAKSHIN,WEST BENGAL,100540
S25126,REKHA PATRA,Bharatiya Janata Party,HINGALGANJ,WEST BENGAL,100207
S25181,SUKANTA KUMAR PAUL,All India Trinamool Congress,AMTA,WEST BENGAL,100195
S25274,ALOK KUMAR MAJHI,All India Trinamool Congress,GALSI,WEST BENGAL,100146
S25262,ARUN HALDER,Bharatiya Janata Party,JAMALPUR,WEST BENGAL,99936
S25219,MANIK MAITI,All India Trinamool Congress,DANTAN,WEST BENGAL,99883
S25265,RASH BIHARI  HALDER,All India Trinamool Congress,MEMARI,WEST BENGAL,99322
S25114,ARIJIT BAKSHI,Bharatiya Janata Party,DUM DUM,WEST BENGAL,99181
S25267,KARFA SOUMEN,Bharatiya Janata Party,BHATAR,WEST BENGAL,98820
S25228,DINEN ROY,All India Trinamool Congress,KHARAGPUR,WEST BENGAL,98320
S2536,MOSARAF HUSSEN,All India Trinamool Congress,ITAHAR,WEST BENGAL,98172
S25116,SHARADWAT MUKHERJEE,Bharatiya Janata Party,BIDHANNAGAR,WEST BENGAL,97979
S25223,RAMJIBAN MANDI,All India Trinamool Congress,KESHIARY,WEST BENGAL,97826
S25109,KALYAN CHAKRABORTI,Bharatiya Janata Party,KHARDAHA,WEST BENGAL,97752
S2537,TAPAS CHANDRA ROY,Bharatiya Janata Party,KUSHMANDI,WEST BENGAL,97437
S25278,PARTHA GHOSH,Bharatiya Janata Party,RANIGANJ,WEST BENGAL,97416
S25215,RABIN CHANDRA MANDAL,All India Trinamool Congress,KHEJURI,WEST BENGAL,97185
S2582,JEBER SEKH,All India Trinamool Congress,CHAPRA,WEST BENGAL,97085
S25149,BANERJEE SANDIP,Bharatiya Janata Party,KASBA,WEST BENGAL,96919
S25294,DR. MOSARRAF HOSSAIN,All India Trinamool Congress,MURARAI,WEST BENGAL,96902
S25101,DR. SUMAY HIRA,Bharatiya Janata Party,ASHOKNAGAR,WEST BENGAL,96807
S2520,BULU CHIK BARAIK,All India Trinamool Congress,MAL,WEST BENGAL,96603
S25254,SUBRATA DUTTA (GOPI),All India Trinamool Congress,ONDA,WEST BENGAL,96573
S25263,SAIKAT PANJA,Bharatiya Janata Party,MONTESWAR,WEST BENGAL,96559
S2532,BIRAJ BISWAS,Bharatiya Janata Party,KARANDIGHI,WEST BENGAL,96260
S2515,NIRMAL CHANDRA ROY,All India Trinamool Congress,DHUPGURI,WEST BENGAL,96248
S2549,KABITA MANDAL,All India Trinamool Congress,MANIKCHAK,WEST BENGAL,96180
S25192,SAMIR CHAKRABORTY,All India Trinamool Congress,PANDUA,WEST BENGAL,96121
S259,SHIBSANKAR PAUL,All India Trinamool Congress,TUFANGANJ,WEST BENGAL,96068
S25118,RATHIN GHOSH,All India Trinamool Congress,MADHYAMGRAM,WEST BENGAL,95995
S25171,ARUP ROY,All India Trinamool Congress,HOWRAH MADHYA,WEST BENGAL,95948
S25259,GOUTAM DHARA,Bharatiya Janata Party,KHANDAGHOSH,WEST BENGAL,95899
S25146,ABHIJIT SARDAR,Bharatiya Janata Party,BISHNUPUR,WEST BENGAL,95722
S2539,BIDYUT KUMAR ROY,Bharatiya Janata Party,BALURGHAT,WEST BENGAL,95697
S25225,PRATIBHA MAITI,All India Trinamool Congress,NARAYANGARH,WEST BENGAL,95683
S25176,RITABRATA BANERJEE,All India Trinamool Congress,ULUBERIA PURBA,WEST BENGAL,95633
S25285,UJJAL CHATTERJEE,All India Trinamool Congress,SURI,WEST BENGAL,95557
S25228,TAPAN BHUYA,Bharatiya Janata Party,KHARAGPUR,WEST BENGAL,95448
S25208,TILAK KUMAR CHAKRABORTY,All India Trinamool Congress,MAHISADAL,WEST BENGAL,95346
S25273,SHYAMA PRASANNA LOHAR,All India Trinamool Congress,AUSGRAM,WEST BENGAL,95157
S2577,SOHAM CHAKRABORTY,All India Trinamool Congress,KARIMPUR,WEST BENGAL,95049
S2598,BINA MONDAL,All India Trinamool Congress,SWARUPNAGAR,WEST BENGAL,94813
S25126,ANANDA SARKAR,All India Trinamool Congress,HINGALGANJ,WEST BENGAL,94786
S25148,SAOKAT MOLLA,All India Trinamool Congress,BHANGAR,WEST BENGAL,94467
S25220,DULAL MURMU,All India Trinamool Congress,NAYAGRAM,WEST BENGAL,94433
S25163,SANDIPAN SAHA,All India Trinamool Congress,ENTALLY,WEST BENGAL,94427
S25107,ARJUN SINGH,Bharatiya Janata Party,NOAPARA,WEST BENGAL,94415
S25106,DR. RAJESH KUMAR,Bharatiya Janata Party,JAGATDAL,WEST BENGAL,94351
S25268,SWAPAN DEBNATH,All India Trinamool Congress,PURBASTHALI DAKSHIN,WEST BENGAL,94342
S25236,SUJOY HAZRA,All India Trinamool Congress,MEDINIPUR,WEST BENGAL,94294
S25190,DEBANGSHU BHATTACHARYA,All India Trinamool Congress,CHUNCHURA,WEST BENGAL,94269
S25200,BAG MITA,All India Trinamool Congress,ARAMBAG,WEST BENGAL,94041
S25231,SHYAMALI SARDAR,All India Trinamool Congress,GHATAL,WEST BENGAL,93893
S25164,KUNAL KUMAR GHOSH,All India Trinamool Congress,BELEGHATA,WEST BENGAL,93757
S25180,PRAMANSHU RANA,Bharatiya Janata Party,BAGNAN,WEST BENGAL,93744
S25187,DILIP SINGH,Bharatiya Janata Party,CHAMPDANI,WEST BENGAL,93704
S25135,JOYDEB HALDER S/O - KARTICK CHANDRA HALDER,All India Trinamool Congress,MANDIRBAZAR,WEST BENGAL,93686
S25118,ANINDYA BANERJEE,Bharatiya Janata Party,MADHYAMGRAM,WEST BENGAL,93596
S25182,PROBHAKAR PANDIT,Bharatiya Janata Party,UDAYNARAYANPUR,WEST BENGAL,93575
S2544,PRASENJIT DAS,All India Trinamool Congress,GAZOLE,WEST BENGAL,93349
S25177,CHIRAN BERA,Bharatiya Janata Party,ULUBERIA UTTAR,WEST BENGAL,93320
S25243,SANDHYA RANI TUDU,All India Trinamool Congress,MANBAZAR,WEST BENGAL,93204
S25147,ARUNDHUTI MAITRA(LOVELY),All India Trinamool Congress,SONARPUR DAKSHIN,WEST BENGAL,93188
S2518,SWAPNA BARMAN,All India Trinamool Congress,RAJGANJ,WEST BENGAL,93180
S2542,BIPLAB MITRA,All India Trinamool Congress,HARIRAMPUR,WEST BENGAL,93098
S25235,SUVENDU SAMANTA,Bharatiya Janata Party,KESHPUR,WEST BENGAL,93018
S25281,MOLOY GHATAK,All India Trinamool Congress,ASANSOL UTTAR,WEST BENGAL,92901
S25173,SHYAMAL KUMAR HATI,Bharatiya Janata Party,HOWRAH DAKSHIN,WEST BENGAL,92712
S25178,SWAMI MANGALANANDA PURI,Bharatiya Janata Party,ULUBERIA DAKSHIN,WEST BENGAL,92462
S25127,SUBRATA MONDAL,All India Trinamool Congress,GOSABA,WEST BENGAL,92392
S258,SAILENDRA NATH BARMA,All India Trinamool Congress,NATABARI,WEST BENGAL,92298
S25267,KONER SHANTANU,All India Trinamool Congress,BHATAR,WEST BENGAL,92292
S25202,PALASH KUMAR ROY,All India Trinamool Congress,KHANAKUL,WEST BENGAL,92246
S25122,USHA RANI MONDAL,All India Trinamool Congress,MINAKHAN,WEST BENGAL,92079
S25256,HARAKALI PROTIHER,All India Trinamool Congress,KATULPUR,WEST BENGAL,91874
S25184,GOBINDA HAZRA,Bharatiya Janata Party,DOMJUR,WEST BENGAL,91859
S25283,ARIJIT ROY,Bharatiya Janata Party,BARABANI,WEST BENGAL,91777
S25135,MALLIKA PAIK W/O - ASHOK PAIK,Bharatiya Janata Party,MANDIRBAZAR,WEST BENGAL,91691
S2567,SUKHEN KUMAR BAGDI,Bharatiya Janata Party,BURWAN,WEST BENGAL,91661
S2575,HUMAYUN KABIR,All India Trinamool Congress,DOMKAL,WEST BENGAL,91586
S25188,BECHARAM MANNA,All India Trinamool Congress,SINGUR,WEST BENGAL,91570
S25204,ASHIM KUMAR MAJI,All India Trinamool Congress,PANSKURA PURBA,WEST BENGAL,91361
S25272,APURBA CHOWDHURY (ACHAL),All India Trinamool Congress,MANGALKOT,WEST BENGAL,91297
S25133,BARNALI DHARA,All India Trinamool Congress,KULPI,WEST BENGAL,91266
S2558,CHITTA MUKHERJEE,Bharatiya Janata Party,JANGIPUR,WEST BENGAL,91201
S2542,DEBABRATA MAJUMDER,Bharatiya Janata Party,HARIRAMPUR,WEST BENGAL,91112
S2572,SUBRATA MAITRA (KANCHAN),Bharatiya Janata Party,BAHARAMPUR,WEST BENGAL,91088
S2516,RAMMOHAN RAY,All India Trinamool Congress,MAYNAGURI,WEST BENGAL,90900
S2569,MUSTAFIJUR RAHAMAN (SUMAN),All India Trinamool Congress,BHARATPUR,WEST BENGAL,90870
S2560,BAYRON BISWAS,All India Trinamool Congress,SAGARDIGHI,WEST BENGAL,90781
S25187,ARINDAM GUIN (BUBAI),All India Trinamool Congress,CHAMPDANI,WEST BENGAL,90678
S25153,SUBHASISH CHAKRABORTY,All India Trinamool Congress,BEHALA PURBA,WEST BENGAL,90365
S2531,AZAD MINHAJUL ARFIN,All India Trinamool Congress,CHAKULIA,WEST BENGAL,90277
S2510,RAJEEV TIRKEY,All India Trinamool Congress,KUMARGRAM,WEST BENGAL,90167
S25279,DR. BIJAN MUKHERJEE,Bharatiya Janata Party,JAMURIA,WEST BENGAL,90150
S25224,DILIP GHOSH,Bharatiya Janata Party,KHARAGPUR SADAR,WEST BENGAL,89885
S25284,NARESH CHANDRA BAURI,All India Trinamool Congress,DUBRAJPUR,WEST BENGAL,89790
S25123,JHARNA SARDAR,All India Trinamool Congress,SANDESHKHALI,WEST BENGAL,89679
S25172,RUDRANIL GHOSH,Bharatiya Janata Party,SHIBPUR,WEST BENGAL,89615
S251,ADHIKARY PARESH CHANDRA,All India Trinamool Congress,MEKLIGANJ,WEST BENGAL,89525
S2580,ALIFA AHMED,All India Trinamool Congress,KALIGANJ,WEST BENGAL,89292
S2579,RUKBANUR RAHMAN,All India Trinamool Congress,PALASHIPARA,WEST BENGAL,89241
S25137,TUMPA SARDAR,Bharatiya Janata Party,BARUIPUR PURBA,WEST BENGAL,89172
S25177,BIMAL KUMAR DAS,All India Trinamool Congress,ULUBERIA UTTAR,WEST BENGAL,89143
S2559,AKHRUZZAMAN,All India Trinamool Congress,RAGHUNATHGANJ,WEST BENGAL,88909
S25262,BHUTNATH MALIK,All India Trinamool Congress,JAMALPUR,WEST BENGAL,88758
S2576,BABAR ALI,All India Trinamool Congress,JALANGI,WEST BENGAL,88684
S25174,BARNALI DHALI NASKAR,Bharatiya Janata Party,SANKRAIL,WEST BENGAL,88672
S25154,RATNA CHATTERJEE,All India Trinamool Congress,BEHALA PASCHIM,WEST BENGAL,88472
S25152,PAPIA ADHIKARY,Bharatiya Janata Party,TOLLYGANJ,WEST BENGAL,88407
S2537,REKHA ROY,All India Trinamool Congress,KUSHMANDI,WEST BENGAL,88374
S2513,SUBHASH CHANDRA ROY,All India Trinamool Congress,FALAKATA,WEST BENGAL,88371
S25143,DIPAK KUMAR HALDER,Bharatiya Janata Party,DIAMOND HARBOUR,WEST BENGAL,88054
S25221,AJIT MAHATA,All India Trinamool Congress,GOPIBALLAVPUR,WEST BENGAL,88008
S25111,RATNA DEBNATH,Bharatiya Janata Party,PANIHATI,WEST BENGAL,87977
S25293,RAJENDRA PRASAD SINGH(RAJU SINGH),All India Trinamool Congress,NALHATI,WEST BENGAL,87744
S25291,ASISH BANERJEE,All India Trinamool Congress,RAMPURHAT,WEST BENGAL,87687
S25119,SABYASACHI DUTTA,All India Trinamool Congress,BARASAT,WEST BENGAL,87613
S25233,UTTARA SINGHA (HAZRA),All India Trinamool Congress,GARBETA,WEST BENGAL,87527
S25194,DEBASISH MUKHERJEE,Bharatiya Janata Party,CHANDITALA,WEST BENGAL,87480
S25101,NARAYAN GOSWAMI,All India Trinamool Congress,ASHOKNAGAR,WEST BENGAL,87399
S2584,PUNDARIKAKSHYA SAHA,All India Trinamool Congress,NABADWIP,WEST BENGAL,87187
S25129,MADHABI MAHALDER,Bharatiya Janata Party,KULTALI,WEST BENGAL,87159
S25270,RABINDRANATH CHATTERJEE,All India Trinamool Congress,KATWA,WEST BENGAL,86954
S25140,BISWAJIT PAUL,Bharatiya Janata Party,BARUIPUR PASCHIM,WEST BENGAL,86919
S25216,TARUN KUMAR JANA,All India Trinamool Congress,KANTHI DAKSHIN,WEST BENGAL,86747
S2594,MADHUPARNA THAKUR,All India Trinamool Congress,BAGDA,WEST BENGAL,86691
S2574,HUMAYUN KABIR,Aam Janata Unnayan party,NOWDA,WEST BENGAL,86463
S25189,Deepanjan Kumar Guha,Bharatiya Janata Party,CHANDANNAGAR,WEST BENGAL,86273
S252,DR. SABLU BARMAN,All India Trinamool Congress,MATHABHANGA,WEST BENGAL,86250
S25258,KALLOL SAHA,All India Trinamool Congress,SONAMUKHI,WEST BENGAL,86139
S25290,ABHIJIT ROY,All India Trinamool Congress,MAYURESWAR,WEST BENGAL,86054
S25198,RAMENDU SINHARAY,All India Trinamool Congress,TARAKESWAR,WEST BENGAL,85902
S2593,DR. RAJIB BISWAS.,All India Trinamool Congress,HARINGHATA,WEST BENGAL,85845
S25229,RAJIB BANERJEE,All India Trinamool Congress,DEBRA,WEST BENGAL,85662
S25175,RANJAN PAUL,Bharatiya Janata Party,PANCHLA,WEST BENGAL,85647
S25186,BHASKAR BHATTACHARYA,Bharatiya Janata Party,SREERAMPUR,WEST BENGAL,85644
S25199,PARTHA HAZARI,All India Trinamool Congress,PURSURAH,WEST BENGAL,85368
S25244,SOUMEN BELTHARIA,All India Trinamool Congress,KASHIPUR,WEST BENGAL,85295
S254,AVIJIT DE BHOWMIK,All India Trinamool Congress,COOCHBEHAR DAKSHIN,WEST BENGAL,85198
S253,PARTHA PRATIM RAY,All India Trinamool Congress,COOCHBEHAR UTTAR,WEST BENGAL,84943
S25201,DR. NIRMAL MAJI,All India Trinamool Congress,GOGHAT,WEST BENGAL,84916
S2522,BHARAT KUMAR CHETRI,Bharatiya Janata Party,KALIMPONG,WEST BENGAL,84290
S25237,BIRBAHA HANSDA,All India Trinamool Congress,BINPUR,WEST BENGAL,84261
S25253,GOUTAM MISHRA (SHYAM),All India Trinamool Congress,BARJORA,WEST BENGAL,84109
S25155,TAMANATH BHOWMICK,Bharatiya Janata Party,MAHESHTALA,WEST BENGAL,83898
S2578,DILIP KUMAR PODDAR,All India Trinamool Congress,TEHATTA,WEST BENGAL,83885
S25176,RUDRA PROSAD BANERJEE,Bharatiya Janata Party,ULUBERIA PURBA,WEST BENGAL,83795
S25191,RANJAN DHARA,All India Trinamool Congress,BALAGARH,WEST BENGAL,83710
S25246,HAZARI BOURI,All India Trinamool Congress,RAGHUNATHPUR,WEST BENGAL,83569
S25271,SEKH SAHONAWEZ,All India Trinamool Congress,KETUGRAM,WEST BENGAL,83494
S25239,SHANTIRAM MAHATO,All India Trinamool Congress,BALARAMPUR,WEST BENGAL,83370
S25120,MD MOFIDUL HOQUE SAHAJI MINTU,All India Secular Front,DEGANGA,WEST BENGAL,83296
S2581,KALLOL KHAN,All India Trinamool Congress,NAKASHIPARA,WEST BENGAL,83273
S25209,TAPASI MONDAL,All India Trinamool Congress,HALDIA,WEST BENGAL,83121
S25247,UTTAM BAURI,All India Trinamool Congress,SALTORA,WEST BENGAL,83045
S2564,SHAONI SINGHA ROY,All India Trinamool Congress,MURSHIDABAD,WEST BENGAL,82922
S25252,DR. ANUP MANDAL,All India Trinamool Congress,BANKURA,WEST BENGAL,82815
S2538,TORAF HOSSAIN MANDAL,All India Trinamool Congress,KUMARGANJ,WEST BENGAL,82791
S25222,MONGAL SAREN,All India Trinamool Congress,JHARGRAM,WEST BENGAL,82730
S25250,THAKURMANI SAREN,All India Trinamool Congress,RAIPUR,WEST BENGAL,82701
S25241,ARJUN MAHATO,All India Trinamool Congress,JOYPUR,WEST BENGAL,82450
S25152,AROOP BISWAS,All India Trinamool Congress,TOLLYGANJ,WEST BENGAL,82394
S25264,DEBO PRASAD BAG (POLTU),All India Trinamool Congress,KALNA,WEST BENGAL,82160
S2534,NITAI BAISHYA,All India Trinamool Congress,KALIAGANJ,WEST BENGAL,81924
S25136,ALOKE HALDER,Bharatiya Janata Party,JAYNAGAR,WEST BENGAL,81844
S25263,CHOWDHURI SIDDIQULLAH,All India Trinamool Congress,MONTESWAR,WEST BENGAL,81761
S25113,SAJAL GHOSH,Bharatiya Janata Party,BARANAGAR,WEST BENGAL,81730
S25102,MOHAMMAD KASEM SIDDIQUE,All India Trinamool Congress,AMDANGA,WEST BENGAL,81670
S2596,RITUPARNA ADDHYA,All India Trinamool Congress,BANGAON DAKSHIN,WEST BENGAL,81585
S2557,EMANI BISWAS,All India Trinamool Congress,SUTI,WEST BENGAL,81330
S25269,VASUNDHARA GOSWAMI,All India Trinamool Congress,PURBASTHALI UTTAR,WEST BENGAL,81153
S25133,ABANI NASKAR,Bharatiya Janata Party,KULPI,WEST BENGAL,80883
S2558,JAKIR HOSSAIN,All India Trinamool Congress,JANGIPUR,WEST BENGAL,80659
S25185,DIPANJAN CHAKRABORTY,Bharatiya Janata Party,UTTARPARA,WEST BENGAL,80612
S25275,JITENDRA KUMAR TEWARI,Bharatiya Janata Party,PANDABESWAR,WEST BENGAL,80501
S25255,TANMAY GHOSH (BUMBA),All India Trinamool Congress,BISHNUPUR,WEST BENGAL,80477
S2573,NIAMOT SHEIKH,All India Trinamool Congress,HARIHARPARA,WEST BENGAL,80338
S25156,DR TARUN KUMAR ADAK,Bharatiya Janata Party,BUDGE BUDGE,WEST BENGAL,80241
S25283,BIDHAN UPADHYAY,All India Trinamool Congress,BARABANI,WEST BENGAL,80055
S25138,Prasanta Bayen,Bharatiya Janata Party,CANNING PASCHIM,WEST BENGAL,79883
S25171,BIPLAB KUMAR MANDAL,Bharatiya Janata Party,HOWRAH MADHYA,WEST BENGAL,79865
S25245,MANIK CHANDRA BAURI,All India Trinamool Congress,PARA,WEST BENGAL,79767
S2592,DR. ATINDRA NATH MONDAL,All India Trinamool Congress,KALYANI,WEST BENGAL,79677
S25278,KALOBARAN MONDAL,All India Trinamool Congress,RANIGANJ,WEST BENGAL,79630
S2563,JULFIKAR ALI,Indian National Congress,RANINAGAR,WEST BENGAL,79423
S25242,SUJOY BANERJEE,All India Trinamool Congress,PURULIA,WEST BENGAL,79201
S25193,BIDESH RANJAN BOSE,All India Trinamool Congress,SAPTAGRAM,WEST BENGAL,79125
S2580,BAPAN GHOSH,Bharatiya Janata Party,KALIGANJ,WEST BENGAL,79120
S25275,NARENDRANATH CHAKRABORTY,All India Trinamool Congress,PANDABESWAR,WEST BENGAL,79103
S2588,SAMIR KUMAR PODDAR,All India Trinamool Congress,KRISHNAGANJ,WEST BENGAL,78939
S25249,TANUSHREE HANSDA,All India Trinamool Congress,RANIBANDH,WEST BENGAL,78876
S25248,SWAPAN KUMAR MONDAL,All India Trinamool Congress,CHHATNA,WEST BENGAL,78798
S2598,TARAK SAHA,Bharatiya Janata Party,SWARUPNAGAR,WEST BENGAL,78796
S25280,TAPAS BANERJEE,All India Trinamool Congress,ASANSOL DAKSHIN,WEST BENGAL,78743
S2565,DILIP SAHA,Bharatiya Janata Party,NABAGRAM,WEST BENGAL,78739
S25102,ARINDAM DEY,Bharatiya Janata Party,AMDANGA,WEST BENGAL,78675
S2595,BISWAJIT DAS,All India Trinamool Congress,BANGAON UTTAR,WEST BENGAL,78647
S2591,SUBHANKAR SINGHA (JISHU),All India Trinamool Congress,CHAKDAHA,WEST BENGAL,78488
S25150,DEBABRATA MAJUMDAR (MALAY),All India Trinamool Congress,JADAVPUR,WEST BENGAL,78483
S25108,KAUSTUV BAGCHI,Bharatiya Janata Party,BARRACKPUR,WEST BENGAL,78466
S25276,PRADIP MAZUMDAR,All India Trinamool Congress,DURGAPUR PURBA,WEST BENGAL,77954
S2579,ANIMA DUTTA,Bharatiya Janata Party,PALASHIPARA,WEST BENGAL,77787
S2566,MITALI MAL,Bharatiya Janata Party,KHARGRAM,WEST BENGAL,77748
S2521,SANJAY KUJUR,All India Trinamool Congress,NAGRAKATA,WEST BENGAL,77620
S25104,SUMITRO CHATTERJEE,Bharatiya Janata Party,NAIHATI,WEST BENGAL,77484
S25260,KHOKAN DAS,All India Trinamool Congress,BARDHAMAN DAKSHIN,WEST BENGAL,77284
S25277,KABI DUTTA,All India Trinamool Congress,DURGAPUR PASCHIM,WEST BENGAL,77131
S25282,ABHIJIT GHATAK,All India Trinamool Congress,KULTI,WEST BENGAL,77072
S25186,TANMOY GHOSH,All India Trinamool Congress,SREERAMPUR,WEST BENGAL,76959
S2511,BIRENDRA BARA (ORAON),All India Trinamool Congress,KALCHINI,WEST BENGAL,76916
S25110,CHANDRIMA BHATTACHARYA,All India Trinamool Congress,DUM DUM UTTAR,WEST BENGAL,76880
S25141,UTTAM KUMAR BANIK,Bharatiya Janata Party,MAGRAHAT PURBA,WEST BENGAL,76805
S25107,TRINANKUR BHATTACHARJEE,All India Trinamool Congress,NOAPARA,WEST BENGAL,76759
S2541,Goutam Das,All India Trinamool Congress,GANGARAMPUR,WEST BENGAL,76744
S2563,ABDUL SOUMIK HOSSAIN,All India Trinamool Congress,RANINAGAR,WEST BENGAL,76722
S2532,GOUTAM PAUL,All India Trinamool Congress,KARANDIGHI,WEST BENGAL,76391
S25167,TAPAS ROY,Bharatiya Janata Party,MANIKTALA,WEST BENGAL,76370
S2538,SUBHENDU SARKAR,Bharatiya Janata Party,KUMARGANJ,WEST BENGAL,76106
S2590,SOUGATA KUMAR BURMAN,All India Trinamool Congress,RANAGHAT DAKSHIN,WEST BENGAL,75546
S2585,UJJAL BISWAS,All India Trinamool Congress,KRISHNANAGAR DAKSHIN,WEST BENGAL,75061
S25292,NIKHIL BANERJEE,Bharatiya Janata Party,HANSAN,WEST BENGAL,74925
S2524,SONAM LAMA,Bharatiya Janata Party,KURSEONG,WEST BENGAL,74878
S2589,BARNALI DEY ROY,All India Trinamool Congress,RANAGHAT UTTAR PURBA,WEST BENGAL,74492
S25251,FALGUNI SINGHABABU,All India Trinamool Congress,TALDANGRA,WEST BENGAL,74464
S25293,ANIL KUMAR SINGH,Bharatiya Janata Party,NALHATI,WEST BENGAL,74298
S2548,ABISHEK SINGHANIA,Bharatiya Janata Party,RATUA,WEST BENGAL,74272
S2517,KRISHNA DAS,All India Trinamool Congress,JALPAIGURI,WEST BENGAL,74182
S25160,DASGUPTA SWAPAN,Bharatiya Janata Party,RASHBEHARI,WEST BENGAL,74123
S25159,ADHIKARI SUVENDU,Bharatiya Janata Party,BHABANIPUR,WEST BENGAL,73917
S25114,BRATYABRATA BASU,All India Trinamool Congress,DUM DUM,WEST BENGAL,73908
S2597,NAROTTAM BISWAS,All India Trinamool Congress,GAIGHATA,WEST BENGAL,73639
S25172,DR. RANA CHATTERJEE,All India Trinamool Congress,SHIBPUR,WEST BENGAL,73557
S2572,ADHIR RANJAN CHOWDHURY,Indian National Congress,BAHARAMPUR,WEST BENGAL,73540
S2550,LIPIKA BARMAN GHOSH,All India Trinamool Congress,MALDAHA,WEST BENGAL,73528
S25117,ADITI MUNSHI,All India Trinamool Congress,RAJARHAT  GOPALPUR,WEST BENGAL,73520
S25106,SOMENATH SHYAM ICHINI,All India Trinamool Congress,JAGATDAL,WEST BENGAL,73442
S2568,GARGI DAS GHOSH,Bharatiya Janata Party,KANDI,WEST BENGAL,73355
S25109,DEVADEEP PUROHIT,All India Trinamool Congress,KHARDAHA,WEST BENGAL,73266
S25100,JYOTI PRIYA MALLICK,All India Trinamool Congress,HABRA,WEST BENGAL,73183
S2527,REENA TOPNO EKKA,All India Trinamool Congress,PHANSIDEWA,WEST BENGAL,72978
S2571,BHARAT KUMAR JHAWAR,Bharatiya Janata Party,BELDANGA,WEST BENGAL,72872
S25189,Indranil Sen,All India Trinamool Congress,CHANDANNAGAR,WEST BENGAL,72832
S2512,SUMAN KANJILAL,All India Trinamool Congress,ALIPURDUARS,WEST BENGAL,72822
S2565,PRONAB CHANDRA DAS,All India Trinamool Congress,NABAGRAM,WEST BENGAL,72820
S2586,BRAJAKISHORE GOSWAMI,All India Trinamool Congress,SANTIPUR,WEST BENGAL,72565
S25240,SUSHANTA MAHATO,All India Trinamool Congress,BAGHMUNDI,WEST BENGAL,71846
S25103,SUDIPTA DAS,Bharatiya Janata Party,BIJPUR,WEST BENGAL,71799
S2587,TAPAS KUMAR GHOSH,All India Trinamool Congress,RANAGHAT UTTAR PASCHIM,WEST BENGAL,71495
S25128,BIKASH SARDAR,Bharatiya Janata Party,BASANTI,WEST BENGAL,71314
S2536,SABITA BARMAN,Bharatiya Janata Party,ITAHAR,WEST BENGAL,70294
S25185,SIRSANYA BANDOPADHYAY,All India Trinamool Congress,UTTARPARA,WEST BENGAL,70197
S2567,PROTIMA RAJAK,All India Trinamool Congress,BURWAN,WEST BENGAL,69361
S2557,MAHABIR GHOSH,Bharatiya Janata Party,SUTI,WEST BENGAL,68973
S2540,CHINTAMANI BIHA,All India Trinamool Congress,TAPAN,WEST BENGAL,68793
S2519,RANJAN SIL SHARMA,All India Trinamool Congress,DABGRAM-FULBARI,WEST BENGAL,68585
S2566,ASHIS MARJIT,All India Trinamool Congress,KHARGRAM,WEST BENGAL,68415
S25168,RITESH TIWARI,Bharatiya Janata Party,KASHIPUR-BELGACHHIA,WEST BENGAL,68368
S25121,PIYARUL ISLAM,All India Secular Front,HAROA,WEST BENGAL,68250
S2529,CHITRAJIT ROY,Bharatiya Janata Party,ISLAMPUR,WEST BENGAL,68054
S2561,ABDUL AZIZ DOCTOR,All India Trinamool Congress,LALGOLA,WEST BENGAL,67954
S2573,BIJOY SEKH,Aam Janata Unnayan party,HARIHARPARA,WEST BENGAL,67673
S25279,HARERAM SINGH,All India Trinamool Congress,JAMURIA,WEST BENGAL,67636
S25170,UMESH RAI,Bharatiya Janata Party,HOWRAH UTTAR,WEST BENGAL,67539
S2576,IANUS ALI SARKAR,Communist Party of India (Marxist),JALANGI,WEST BENGAL,67168
S25104,SANAT DEY,All India Trinamool Congress,NAIHATI,WEST BENGAL,67054
S25168,ATIN GHOSH,All India Trinamool Congress,KASHIPUR-BELGACHHIA,WEST BENGAL,66717
S2582,SAIKAT SARKAR,Bharatiya Janata Party,CHAPRA,WEST BENGAL,66305
S2552,ISLAM MD NAJRUL,All India Trinamool Congress,MOTHABARI,WEST BENGAL,65705
S25164,PARTHA CHAUDHURY,Bharatiya Janata Party,BELEGHATA,WEST BENGAL,65181
S2546,RATAN DAS,Bharatiya Janata Party,HARISCHANDRAPUR,WEST BENGAL,64833
S25112,MADAN MITRA,All India Trinamool Congress,KAMARHATI,WEST BENGAL,64817
S25113,SAYANTIKA BANERJEE,All India Trinamool Congress,BARANAGAR,WEST BENGAL,64774
S2570,BAPAN GHOSH,Bharatiya Janata Party,REJINAGAR,WEST BENGAL,64660
S2545,RATAN DAS,Bharatiya Janata Party,CHANCHAL,WEST BENGAL,64140
S2543,AMAL KISKU,All India Trinamool Congress,HABIBPUR,WEST BENGAL,63874
S2599,SUKRITI KUMAR SARKAR,Bharatiya Janata Party,BADURIA,WEST BENGAL,63273
S2555,MOTAB SHAIKH,Indian National Congress,FARAKKA,WEST BENGAL,63050
S2568,APURBA SARKAR (DAVID),All India Trinamool Congress,KANDI,WEST BENGAL,63020
S25162,BANDYOPADHYAY NAYNA,All India Trinamool Congress,CHOWRANGEE,WEST BENGAL,62938
S2522,RUDEN SADA LEPCHA,Bharatiya Gorkha Prajatantrik Morcha,KALIMPONG,WEST BENGAL,62826
S25108,RAJ CHAKRABORTY (RAJU),All India Trinamool Congress,BARRACKPUR,WEST BENGAL,62644
S2525,SHANKAR MALAKAR,All India Trinamool Congress,MATIGARA-NAXALBARI,WEST BENGAL,62640
S2531,MANOJ KUMAR JAIN,Bharatiya Janata Party,CHAKULIA,WEST BENGAL,62266
S2523,NOMAN RAI,Bharatiya Janata Party,DARJEELING,WEST BENGAL,62076
S2556,MOHAMMED NOOR ALAM,All India Trinamool Congress,SAMSERGANJ,WEST BENGAL,61918
S2554,CHANDANA SARKAR,All India Trinamool Congress,BAISNABNAGAR,WEST BENGAL,61811
S25105,PAWAN KUMAR SINGH,Bharatiya Janata Party,BHATPARA,WEST BENGAL,61683
S2514,JAYPRAKASH TOPPO,All India Trinamool Congress,MADARIHAT,WEST BENGAL,61578
S2557,ALFAJUDDIN BISWAS,Indian National Congress,SUTI,WEST BENGAL,61344
S25167,SHRREYA PANDE,All India Trinamool Congress,MANIKTALA,WEST BENGAL,60726
S25116,SUJIT BOSE,All India Trinamool Congress,BIDHANNAGAR,WEST BENGAL,60649
S25163,DR. PRIYANKA TIBREWAL,Bharatiya Janata Party,ENTALLY,WEST BENGAL,60421
S2551,ASIS KUNDU (PATA),All India Trinamool Congress,ENGLISH BAZAR,WEST BENGAL,60312
S25166,PURNIMA CHAKRABORTY,Bharatiya Janata Party,SHYAMPUKUR,WEST BENGAL,60248
S2569,ANAMIKA GHOSH,Bharatiya Janata Party,BHARATPUR,WEST BENGAL,60117
S25122,RUDRENDRA PATRA,Bharatiya Janata Party,MINAKHAN,WEST BENGAL,59787
S2571,RABIUL ALAM CHOWDHURY,All India Trinamool Congress,BELDANGA,WEST BENGAL,59664
S25224,PRADIP SARKAR,All India Trinamool Congress,KHARAGPUR SADAR,WEST BENGAL,59379
S25294,SANJIBUR RAHAMAN (BAPPA),Indian National Congress,MURARAI,WEST BENGAL,59197
S25112,ARUP CHOUDHURY (PULAK),Bharatiya Janata Party,KAMARHATI,WEST BENGAL,59171
S25111,TIRTHANKAR GHOSH,All India Trinamool Congress,PANIHATI,WEST BENGAL,59141
S25159,MAMATA BANERJEE,All India Trinamool Congress,BHABANIPUR,WEST BENGAL,58812
S25294,RINKI GHOSH,Bharatiya Janata Party,MURARAI,WEST BENGAL,58664
S2574,RANA MANDAL,Bharatiya Janata Party,NOWDA,WEST BENGAL,58520
S25103,SUBODH ADHIKARY,All India Trinamool Congress,BIJPUR,WEST BENGAL,58456
S25125,MD. MUSA KAREMULLA,All India Secular Front,BASIRHAT UTTAR,WEST BENGAL,58233
S2524,AMAR LAMA,Bharatiya Gorkha Prajatantrik Morcha,KURSEONG,WEST BENGAL,57871
S25169,SANJAY KUMAR SINGH,Bharatiya Janata Party,BALLY,WEST BENGAL,57639
S25139,ARABUL ISLAM,All India Secular Front,CANNING PURBA,WEST BENGAL,56733
S2560,TAPAS KUMAR CHAKRABORTY,Bharatiya Janata Party,SAGARDIGHI,WEST BENGAL,56521
S25170,GAUTAM CHOWDHURY,All India Trinamool Congress,HOWRAH UTTAR,WEST BENGAL,56289
S2523,BIJOY KUMAR RAI,Bharatiya Gorkha Prajatantrik Morcha,DARJEELING,WEST BENGAL,56019
S25122,PRATIK MONDAL,All India Secular Front,MINAKHAN,WEST BENGAL,55753
S25142,GOURSUNDAR GHOSH,Bharatiya Janata Party,MAGRAHAT PASCHIM,WEST BENGAL,55331
S25125,KOUSHIK SIDHARTHA,Bharatiya Janata Party,BASIRHAT UTTAR,WEST BENGAL,55211
S2552,NIBARAN GHOSH,Bharatiya Janata Party,MOTHABARI,WEST BENGAL,55209
S2555,SUNIL CHOWDHURI,Bharatiya Janata Party,FARAKKA,WEST BENGAL,54857
S2583,SOMNATH DUTTA,All India Trinamool Congress,KRISHNANAGAR UTTAR,WEST BENGAL,54850
S2556,MD NAJME ALAM,Indian National Congress,SAMSERGANJ,WEST BENGAL,54331
S25160,DEBASISH KUMAR (DEBA),All India Trinamool Congress,RASHBEHARI,WEST BENGAL,53258
S25165,VIJAY OJHA,Bharatiya Janata Party,JORASANKO,WEST BENGAL,52868
S2553,ABDUL HANNAN,Indian National Congress,SUJAPUR,WEST BENGAL,52508
S2574,SAHINA MOMTAZ KHAN,All India Trinamool Congress,NOWDA,WEST BENGAL,51867
S2528,SANKAR ADHIKARI,Bharatiya Janata Party,CHOPRA,WEST BENGAL,51862
S2576,NABA KUMAR SARKAR,Bharatiya Janata Party,JALANGI,WEST BENGAL,51693
S2569,AZHERUDDIN MD (SIZAR),Indian National Congress,BHARATPUR,WEST BENGAL,51321
S2565,HIRU HALDAR,Indian National Congress,NABAGRAM,WEST BENGAL,50144
S25185,MINAKSHI MUKHERJEE,Communist Party of India (Marxist),UTTARPARA,WEST BENGAL,49820
S2599,MD. KUTUBUDDIN FATEHE,All India Secular Front,BADURIA,WEST BENGAL,49700
S2562,MAHAMUDAL HASAN,Communist Party of India (Marxist),BHAGAWANGOLA,WEST BENGAL,49590
S2572,NARU GOPAL MUKHERJEE,All India Trinamool Congress,BAHARAMPUR,WEST BENGAL,49586
S2561,TOUHIDUR RAHAMAN SUMAN,Indian National Congress,LALGOLA,WEST BENGAL,48994
S2523,AJOY LUCAS EDWARDS,Independent,DARJEELING,WEST BENGAL,48635
S2563,JAMAL HOSSAIN,Communist Party of India (Marxist),RANINAGAR,WEST BENGAL,48587
S2559,NASIR SAIKH,Indian National Congress,RAGHUNATHGANJ,WEST BENGAL,48354
S2539,ARPITA GHOSH,All India Trinamool Congress,BALURGHAT,WEST BENGAL,48121
S2526,GOUTAM DEB,All India Trinamool Congress,SILIGURI,WEST BENGAL,47568
S2555,AMIRUL ISLAM,All India Trinamool Congress,FARAKKA,WEST BENGAL,47256
S25165,VIJAY UPADHYAY,All India Trinamool Congress,JORASANKO,WEST BENGAL,47071
S25161,SHATORUPA,Bharatiya Janata Party,BALLYGUNGE,WEST BENGAL,47005
S2535,KRISHNA KALYANI,All India Trinamool Congress,RAIGANJ,WEST BENGAL,46920
S2571,SHOAIB AHMED,Aam Janata Unnayan party,BELDANGA,WEST BENGAL,46709
S2554,MAMUNI MANDAL,Indian National Congress,BAISNABNAGAR,WEST BENGAL,46450
S25102,BISWAJIT MAITY,All India Secular Front,AMDANGA,WEST BENGAL,46181
S25169,KAILASH KUMAR MISHRA,All India Trinamool Congress,BALLY,WEST BENGAL,45642
S25166,SHASHI PANJA,All India Trinamool Congress,SHYAMPUKUR,WEST BENGAL,45615
S25158,RAKESH SINGH,Bharatiya Janata Party,KOLKATA PORT,WEST BENGAL,45146
S25293,DR ABDUL KARIM,Indian National Congress,NALHATI,WEST BENGAL,44991
S2547,MAUSAM B NOOR,Indian National Congress,MALATIPUR,WEST BENGAL,44376
S2547,ASHIS DAS,Bharatiya Janata Party,MALATIPUR,WEST BENGAL,43346
S2560,MASIUR RAHAMAN,Social Democratic Party Of India,SAGARDIGHI,WEST BENGAL,42495
S2566,DHRUBAJOTI SAHA,Communist Party of India (Marxist),KHARGRAM,WEST BENGAL,41944
S25120,TARUN KANTI GHOSH,Bharatiya Janata Party,DEGANGA,WEST BENGAL,41726
S2570,ATAUR RAHAMAN,All India Trinamool Congress,REJINAGAR,WEST BENGAL,41718
S25150,BIKASHRANJAN BHATTACHARYA,Communist Party of India (Marxist),JADAVPUR,WEST BENGAL,41148
S25121,BHASKAR KUMAR MONDAL,Bharatiya Janata Party,HAROA,WEST BENGAL,41144
S2524,BANDANA RAI,Independent,KURSEONG,WEST BENGAL,41088
S25162,SANTOSH KUMAR PATHAK,Bharatiya Janata Party,CHOWRANGEE,WEST BENGAL,40936
S2531,ALI IMRAN RAMZ,Indian National Congress,CHAKULIA,WEST BENGAL,40346
S2571,MD SAHARUDDIN SK,Indian National Congress,BELDANGA,WEST BENGAL,39962
S2532,MD. SAHABUDDIN,Communist Party of India (Marxist),KARANDIGHI,WEST BENGAL,39414
S25105,AMIT GUPTA,All India Trinamool Congress,BHATPARA,WEST BENGAL,38876
S2582,JAKIR  HOSSAIN MONDAL,All India Secular Front,CHAPRA,WEST BENGAL,38437
S25110,DIPSITA DHAR,Communist Party of India (Marxist),DUM DUM UTTAR,WEST BENGAL,38428
S2598,BISWAJIT  MONDAL,Communist Party of India (Marxist),SWARUPNAGAR,WEST BENGAL,38409
S2530,SARAJIT BISWAS,Bharatiya Janata Party,GOALPOKHAR,WEST BENGAL,38315
S2576,ABDUR RAZZAK MOLLA,Indian National Congress,JALANGI,WEST BENGAL,36430
S25157,BIR BAHADUR SINGH,Bharatiya Janata Party,METIABURUZ,WEST BENGAL,36351
S25118,PRIYANKA BARMAN,All India Secular Front,MADHYAMGRAM,WEST BENGAL,35501
S2561,AMAR KUMAR DAS,Bharatiya Janata Party,LALGOLA,WEST BENGAL,35496
S2559,SUROJIT PODDAR,Bharatiya Janata Party,RAGHUNATHGANJ,WEST BENGAL,35184
S2579,MD SAMSUR ALI MALLICK,All India Secular Front,PALASHIPARA,WEST BENGAL,34584
S2556,SASTI CHARAN GHOSH,Bharatiya Janata Party,SAMSERGANJ,WEST BENGAL,34522
S25115,SAPTARSHI DEB,Communist Party of India (Marxist),RAJARHAT NEW TOWN,WEST BENGAL,32246
S2573,TANMOY BISWAS,Bharatiya Janata Party,HARIHARPARA,WEST BENGAL,32057
S25240,NEPAL CHANDRA MAHATO,Indian National Congress,BAGHMUNDI,WEST BENGAL,31686
S2548,ALAM MOTTAKIN,Indian National Congress,RATUA,WEST BENGAL,31525
S2546,MOSTAQUE ALAM,Indian National Congress,HARISCHANDRAPUR,WEST BENGAL,31431
S2558,MOHAMMAD IMRAN ALI,Indian National Congress,JANGIPUR,WEST BENGAL,31228
S2568,SHAMIM RANA,Indian National Congress,KANDI,WEST BENGAL,31160
S25154,NIHAR BHAKTA,Communist Party of India (Marxist),BEHALA PASCHIM,WEST BENGAL,30676
S2575,BEGAM SAHANAJ,Indian National Congress,DOMKAL,WEST BENGAL,30453
S25152,PARTHA PRATIM BISWAS,Communist Party of India (Marxist),TOLLYGANJ,WEST BENGAL,30335
S25148,JAYANTA GAYEN,Bharatiya Janata Party,BHANGAR,WEST BENGAL,30177
S2573,ZAMIR MOLLA,Communist Party of India (Marxist),HARIHARPARA,WEST BENGAL,30055
S25133,ABDUL MALEQUE MOLLA,All India Secular Front,KULPI,WEST BENGAL,30052
S25101,TAPAS BANERJEE,All India Secular Front,ASHOKNAGAR,WEST BENGAL,29493
S2562,ANJU BEGAM,Indian National Congress,BHAGAWANGOLA,WEST BENGAL,29440
S25141,CHANDAN SAHA,Communist Party of India (Marxist),MAGRAHAT PURBA,WEST BENGAL,29188
S25174,SAMIR MALICK,Communist Party of India (Marxist),SANKRAIL,WEST BENGAL,29178
S2553,MD. KARIMULLAH HAQUE,All India Secular Front,SUJAPUR,WEST BENGAL,29026
S25142,ABDUL AZIZ AL HASSAN,All India Secular Front,MAGRAHAT PASCHIM,WEST BENGAL,28714
S25139,ASHIM SANPUI,Bharatiya Janata Party,CANNING PURBA,WEST BENGAL,28593
S2536,AMAL ACHARJEE,Indian National Congress,ITAHAR,WEST BENGAL,28045
S25192,AMJAD HOSSAIN SK,Communist Party of India (Marxist),PANDUA,WEST BENGAL,27557
S2552,SAYEM CHOWDHURY (BABU),Indian National Congress,MOTHABARI,WEST BENGAL,27451
S25128,ASIT ROY,All India Secular Front,BASANTI,WEST BENGAL,25924
S2578,SUBODH CHANDRA BISWAS,Communist Party of India (Marxist),TEHATTA,WEST BENGAL,25629
S25269,PRADIP KUMAR SAHA,Communist Party of India (Marxist),PURBASTHALI UTTAR,WEST BENGAL,25577
S2528,ZAKIR ABEDIN,Indian National Congress,CHOPRA,WEST BENGAL,25565
S25194,ASIF ALI,Communist Party of India (Marxist),CHANDITALA,WEST BENGAL,25438
S25111,KALATAN DASGUPTA,Communist Party of India (Marxist),PANIHATI,WEST BENGAL,24032
S25138,PRABIR MONDAL,All India Secular Front,CANNING PASCHIM,WEST BENGAL,23908
S25124,AYNUL AREFIN(RAJU AHMED),Communist Party of India (Marxist),BASIRHAT DAKSHIN,WEST BENGAL,23710
S25140,MD LAHEK ALI,Communist Party of India (Marxist),BARUIPUR PASCHIM,WEST BENGAL,23479
S25241,PHANIBHUSHAN KUMAR,Indian National Congress,JOYPUR,WEST BENGAL,23263
S25181,JOSHIMUDDIN MALLICK,Communist Party of India (Marxist),AMTA,WEST BENGAL,23193
S2562,BHASKAR SARKAR,Bharatiya Janata Party,BHAGAWANGOLA,WEST BENGAL,23104
S25291,SANJIB MALLICK,Communist Party of India (Marxist),RAMPURHAT,WEST BENGAL,22994
S2568,MESBAHUL ISLAM KHAN,All India Majlis-E-Ittehadul Muslimeen,KANDI,WEST BENGAL,22976
S2580,SABINA IYASMIN SEKH,Communist Party of India (Marxist),KALIGANJ,WEST BENGAL,22806
S25189,Monish Panda,Communist Party of India (Marxist),CHANDANNAGAR,WEST BENGAL,22760
S2563,RANAPRATAP SINGHA ROY,Bharatiya Janata Party,RANINAGAR,WEST BENGAL,22728
S25292,KAMAL HASAN,Communist Party of India (Marxist),HANSAN,WEST BENGAL,22111
S25153,DR NILAY MAJUMDAR,Communist Party of India (Marxist),BEHALA PURBA,WEST BENGAL,21991
S25135,ASHOKE KUMAR GAYEN,All India Secular Front,MANDIRBAZAR,WEST BENGAL,21943
S2561,BABLUZZAMAN MD,Communist Party of India (Marxist),LALGOLA,WEST BENGAL,21932
S25176,NASIR KHAN,All India Secular Front,ULUBERIA PURBA,WEST BENGAL,21909
S25173,ABHIJIT BANERJEE,Communist Party of India (Marxist),HOWRAH DAKSHIN,WEST BENGAL,21598
S25155,SAYAN BANERJEE,Communist Party of India (Marxist),MAHESHTALA,WEST BENGAL,21222
S25183,NAZIRA KHATUN,All India Secular Front,JAGATBALLAVPUR,WEST BENGAL,20896
S25175,FARID MOLLAH,All India Forward Bloc,PANCHLA,WEST BENGAL,20644
S25114,MAYUKH BISWAS,Communist Party of India (Marxist),DUM DUM,WEST BENGAL,20576
S25292,MILTON RASHID,Indian National Congress,HANSAN,WEST BENGAL,20256
S25112,MANASH MUKHERJEE,Communist Party of India (Marxist),KAMARHATI,WEST BENGAL,20203
S2553,ABHIJIT RAJAK,Bharatiya Janata Party,SUJAPUR,WEST BENGAL,20066
S25149,DIPU DAS,Communist Party of India (Marxist),KASBA,WEST BENGAL,20042
S25184,DULU DAS,Communist Party of India (Marxist),DOMJUR,WEST BENGAL,19834
S25109,DEBAJYOTI DAS (SUBHO),Communist Party of India (Marxist),KHARDAHA,WEST BENGAL,19818
S25151,MONALISA SINHA,Communist Party of India (Marxist),SONARPUR UTTAR,WEST BENGAL,19744
S25261,SOMNATH MAJI,Communist Party of India (Marxist),RAINA,WEST BENGAL,19674
S25137,SWAPAN NASKAR,Communist Party of India (Marxist),BARUIPUR PURBA,WEST BENGAL,19649
S25266,MAMONI MONDAL (ROY),Communist Party of India (Marxist),BARDHAMAN UTTAR,WEST BENGAL,19465
S2577,PRABHAS MAJUMDAR,Communist Party of India (Marxist),KARIMPUR,WEST BENGAL,19334
S25134,SAMYA GANGULY,Communist Party of India (Marxist),RAIDIGHI,WEST BENGAL,19160
S25209,ASOKE KUMAR PATRA,Communist Party of India (Marxist),HALDIA,WEST BENGAL,19121
S25276,SIMANTA CHATTERJEE,Communist Party of India (Marxist),DURGAPUR PURBA,WEST BENGAL,18999
S25262,SAMAR HAZRA,Communist Party of India (Marxist),JAMALPUR,WEST BENGAL,18732
S25119,HEMANTA DAS,All India Forward Bloc,BARASAT,WEST BENGAL,18700
S25113,SAYANDEEP MITRA,Communist Party of India (Marxist),BARANAGAR,WEST BENGAL,18689
S2567,SANJIT DAS,Indian National Congress,BURWAN,WEST BENGAL,18440
S25286,BAPI SOREN,All India Secular Front,BOLPUR,WEST BENGAL,18390
S25263,ANUPAM GHOSH,Communist Party of India (Marxist),MONTESWAR,WEST BENGAL,18192
S25136,APURBA PRAMANIK (APU),Communist Party of India (Marxist),JAYNAGAR,WEST BENGAL,18151
S25195,SUDIPTA SARKAR,Communist Party of India (Marxist),JANGIPARA,WEST BENGAL,18138
S25270,SANJIB KUMAR DAS,Communist Party of India (Marxist),KATWA,WEST BENGAL,17939
S25107,GARGI CHATTERJEE,Communist Party of India (Marxist),NOAPARA,WEST BENGAL,17696
S25143,SAMAR NAIYA,Communist Party of India (Marxist),DIAMOND HARBOUR,WEST BENGAL,17594
S25259,RAMJIBAN RAY,Communist Party of India (Marxist),KHANDAGHOSH,WEST BENGAL,17535
S25186,NABANITA CHAKRABORTY,Communist Party of India (Marxist),SREERAMPUR,WEST BENGAL,17136
S25265,KRISHANU BHADRA,Communist Party of India (Marxist),MEMARI,WEST BENGAL,16891
S25147,PARAMITA DASGUPTA,Communist Party of India,SONARPUR DAKSHIN,WEST BENGAL,16784
S25273,CHANCHAL KUMAR MAJHI,Communist Party of India (Marxist),AUSGRAM,WEST BENGAL,16478
S25117,SUBHAJIT DASGUPTA,Communist Party of India (Marxist),RAJARHAT  GOPALPUR,WEST BENGAL,16476
S2545,ASIF MEHBUB,Indian National Congress,CHANCHAL,WEST BENGAL,16336
S2580,KECHHABUDDIN SEKH,Aam Janata Unnayan party,KALIGANJ,WEST BENGAL,16222
S2564,ALI SIDDIQUE,Indian National Congress,MURSHIDABAD,WEST BENGAL,16124
S2574,MATIUR RAHAMAN,Indian National Congress,NOWDA,WEST BENGAL,16009
S2584,SWARNENDU SINHA,Communist Party of India (Marxist),NABADWIP,WEST BENGAL,15612
S25238,RATHU SINGH,Communist Party of India (Marxist),BANDWAN,WEST BENGAL,15474
S25100,RIJINANDAN BISWAS,Communist Party of India (Marxist),HABRA,WEST BENGAL,15237
S25279,MD. SABBIR HUSSAIN,Communist Party of India (Marxist),JAMURIA,WEST BENGAL,15195
S2592,SABUJ DAS,Communist Party of India (Marxist),KALYANI,WEST BENGAL,15037
S25253,SUJIT CHAKRABORTY,Communist Party of India (Marxist),BARJORA,WEST BENGAL,14868
S25177,ASHOK DALUI,Communist Party of India (Marxist),ULUBERIA UTTAR,WEST BENGAL,14720
S25178,AMIRUL ISLAM KHAN,All India Forward Bloc,ULUBERIA DAKSHIN,WEST BENGAL,14709
S2530,MD. GHULAM SARWAR,Independent,GOALPOKHAR,WEST BENGAL,14495
S25187,CHANDRANATH BANERJEE,Communist Party of India (Marxist),CHAMPDANI,WEST BENGAL,14368
S25233,GHOSH TAPAN KUMAR,Communist Party of India (Marxist),GARBETA,WEST BENGAL,14238
S2522,BHERNONE BRITTO LEPCHA,Independent,KALIMPONG,WEST BENGAL,14231
S25190,SUNIL KUMAR SAHA,All India Forward Bloc,CHUNCHURA,WEST BENGAL,14226
S25277,PRAVASH SAIN,Communist Party of India (Marxist),DURGAPUR PASCHIM,WEST BENGAL,13986
S25116,SOUMYAJIT RAHA,Communist Party of India (Marxist),BIDHANNAGAR,WEST BENGAL,13956
S25180,BHASKAR ROY,Communist Party of India (Marxist),BAGNAN,WEST BENGAL,13921
S25264,SHARMISTHA NAG SAHA,Communist Party of India (Marxist),KALNA,WEST BENGAL,13784
S2581,SUKLA SAHA,Communist Party of India (Marxist),NAKASHIPARA,WEST BENGAL,13703
S25251,DEBKANTI MAHANTI,Communist Party of India (Marxist),TALDANGRA,WEST BENGAL,13586
S25274,MANIMALA DAS,Communist Party of India (Marxist),GALSI,WEST BENGAL,13526
S2545,ANWARUL HOQUE,Communist Party of India (Marxist),CHANCHAL,WEST BENGAL,13522
S25243,SHANTIMANI MURMU,Communist Party of India (Marxist),MANBAZAR,WEST BENGAL,13410
S25256,RAMCHANDRA ROY,Communist Party of India (Marxist),KATULPUR,WEST BENGAL,13380
S25129,RAMSANKAR HALDER,Communist Party of India (Marxist),KULTALI,WEST BENGAL,13361
S25146,SHYAMAL DAL,Communist Party of India (Marxist),BISHNUPUR,WEST BENGAL,13338
S25249,DEBLINA HEMBRAM,Communist Party of India (Marxist),RANIBANDH,WEST BENGAL,13200
S2575,NANDADULAL PAL,Bharatiya Janata Party,DOMKAL,WEST BENGAL,13180
S25294,MD. ALI REZA MANDAL (MANIK MASTER),Communist Party of India (Marxist),MURARAI,WEST BENGAL,13137
S25260,SUDIPTA GUPTA,Communist Party of India (Marxist),BARDHAMAN DAKSHIN,WEST BENGAL,13137
S2573,MOUSUMI BEGUM,Indian National Congress,HARIHARPARA,WEST BENGAL,13076
S2565,PURNIMA DAS,Communist Party of India (Marxist),NABAGRAM,WEST BENGAL,13057
S25278,NARAN BAURI,Communist Party of India (Marxist),RANIGANJ,WEST BENGAL,13030
S2548,JAHUR ALAM,Communist Party of India (Marxist),RATUA,WEST BENGAL,13026
S2559,ABUL HASNAT,Communist Party of India (Marxist),RAGHUNATHGANJ,WEST BENGAL,12985
S2550,BHUPENDRA NATH HALDER (ARJUN),Indian National Congress,MALDAHA,WEST BENGAL,12977
S25123,RABINDRA NATH MAHATA,Communist Party of India (Marxist),SANDESHKHALI,WEST BENGAL,12921
S25267,HASINA KHATUN,Communist Party of India (Marxist),BHATAR,WEST BENGAL,12839
S2546,SK KHALIL,Communist Party of India (Marxist),HARISCHANDRAPUR,WEST BENGAL,12786
S25272,MIRAJ ALAM SEKH,Communist Party of India (Marxist),MANGALKOT,WEST BENGAL,12698
S25172,DR. JAGANNATH BHATTACHARYYA,All India Forward Bloc,SHIBPUR,WEST BENGAL,12542
S25196,SK.MUJAFFAR ALI  (MAJA),All India Secular Front,HARIPAL,WEST BENGAL,12537
S25229,SUMIT ADHIKARI,Communist Party of India (Marxist),DEBRA,WEST BENGAL,12473
S2593,SWAPAN KUMAR SARKAR,Communist Party of India (Marxist),HARINGHATA,WEST BENGAL,12370
S25188,DEBASHIS CHATTERJEE,Communist Party of India (Marxist),SINGUR,WEST BENGAL,12320
S25230,RANAJIT PAL,Communist Party of India (Marxist),DASPUR,WEST BENGAL,12278
S25232,SUPARNA DOLAI MALLICK,Communist Party of India (Marxist),CHANDRAKONA,WEST BENGAL,12142
S25131,NARAYAN DAS,Communist Party of India (Marxist),KAKDWIP,WEST BENGAL,12129
S25145,GOUTAM PAL,Communist Party of India (Marxist),SATGACHHIA,WEST BENGAL,11736
S2586,SOUMEN MAHATO,Communist Party of India (Marxist),SANTIPUR,WEST BENGAL,11533
S25130,SATYARANJAN DAS,Communist Party of India (Marxist),PATHARPRATIMA,WEST BENGAL,11491
S25208,PARITOSH PATTANAYAK,Communist Party of India (Marxist),MAHISADAL,WEST BENGAL,11490
S25200,BITHIKA PANDIT,Communist Party of India (Marxist),ARAMBAG,WEST BENGAL,11414
S2517,DEBRAJ BARMAN,Communist Party of India (Marxist),JALPAIGURI,WEST BENGAL,11324
S25169,SANKAR MAITRA,Communist Party of India (Marxist),BALLY,WEST BENGAL,11284
S25171,IMTEAZ AHMED,Communist Party of India (Marxist),HOWRAH MADHYA,WEST BENGAL,11280
S25204,SK IBRAHIM ALI,Communist Party of India (Marxist),PANSKURA PURBA,WEST BENGAL,11233
S25168,RAJENDRA GUPTA,Communist Party of India (Marxist),KASHIPUR-BELGACHHIA,WEST BENGAL,11151
S2591,NARAYAN DAS GUPTA,Communist Party of India (Marxist),CHAKDAHA,WEST BENGAL,11086
S2566,MANDER KANTI MONDAL,Indian National Congress,KHARGRAM,WEST BENGAL,11009
S2577,POOJA PARAJITA ROY CHOUDHURY,Indian National Congress,KARIMPUR,WEST BENGAL,10854
S25244,BAURI SULEKHA,Communist Party of India (Marxist),KASHIPUR,WEST BENGAL,10818
S2590,ARINDAM BISWAS,Communist Party of India (Marxist),RANAGHAT DAKSHIN,WEST BENGAL,10714
S25271,JAKIR GAINE,All India Secular Front,KETUGRAM,WEST BENGAL,10700
S25246,GANESH BOURI,Communist Party of India (Marxist),RAGHUNATHPUR,WEST BENGAL,10685
S25242,SAYANTAN GHOSH,Communist Party of India (Marxist),PURULIA,WEST BENGAL,10675
S25287,SHYAMALI PRADHAN,Communist Party of India (Marxist),NANOOR,WEST BENGAL,10589
S25258,AJIT RAY,Communist Party of India (Marxist),SONAMUKHI,WEST BENGAL,10537
S25164,PARAMITA ROY,Communist Party of India (Marxist),BELEGHATA,WEST BENGAL,10525
S25247,NANDADULAL BAURI,Communist Party of India (Marxist),SALTORA,WEST BENGAL,10500
S25235,GURUPADA MONDAL,Communist Party of India (Marxist),KESHPUR,WEST BENGAL,10432
S25245,ALOKE KUMAR BAURI,Communist Party of India (Marxist),PARA,WEST BENGAL,10419
S25280,SILPI CHAKRABORTY,Communist Party of India (Marxist),ASANSOL DAKSHIN,WEST BENGAL,10390
S2560,MANOJ CHAKRABORTY,Indian National Congress,SAGARDIGHI,WEST BENGAL,10348
S2587,DEBASISH  CHAKRABORTY(DEBU),Communist Party of India (Marxist),RANAGHAT UTTAR PASCHIM,WEST BENGAL,10280
S25108,SUMAN RANJAN BANDYOPADHYAY,Communist Party of India (Marxist),BARRACKPUR,WEST BENGAL,10197
S25191,BIKASH GOLDER,Communist Party of India (Marxist),BALAGARH,WEST BENGAL,10175
S2538,MOFAZZAL HOSSAIN,Communist Party of India (Marxist),KUMARGANJ,WEST BENGAL,10149
S25103,DEBASISH RAKSHIT,Communist Party of India (Marxist),BIJPUR,WEST BENGAL,10009
S2521,DIL KUMAR ORAON,Communist Party of India (Marxist),NAGRAKATA,WEST BENGAL,9708
S25254,ASIT BARAN SARMA,All India Forward Bloc,ONDA,WEST BENGAL,9702
S25252,AVOYANANDA MUKHOPADHYAY,Communist Party of India (Marxist),BANKURA,WEST BENGAL,9702
S25198,ADESH KHAMRUI,Communist Party of India (Marxist),TARAKESWAR,WEST BENGAL,9616
S2533,ANAMIKA ROY,Indian National Congress,HEMTABAD,WEST BENGAL,9587
S25290,JAYANTA BHALLA,Communist Party of India (Marxist),MAYURESWAR,WEST BENGAL,9571
S25157,MONIRUL ISLAM,Communist Party of India (Marxist),METIABURUZ,WEST BENGAL,9567
S25289,DEBU CHUNARI,Communist Party of India (Marxist),SAINTHIA,WEST BENGAL,9478
S2585,LABANI JANGI,Communist Party of India (Marxist-Leninist) (Liberation),KRISHNANAGAR DAKSHIN,WEST BENGAL,9468
S25231,SANTI NATH SATICK,Communist Party of India (Marxist),GHATAL,WEST BENGAL,9352
S2552,MO SAHAJAHAN ALI,All India Secular Front,MOTHABARI,WEST BENGAL,9256
S2549,ANSARUL HAQUE (KALU),Indian National Congress,MANIKCHAK,WEST BENGAL,9201
S25193,ANIRBAN SARKAR,Communist Party of India (Marxist),SAPTAGRAM,WEST BENGAL,9198
S25201,MUKTARAM DHAWREY,All India Forward Bloc,GOGHAT,WEST BENGAL,9185
S2526,SARADINDU CHAKRABORTY (JOY),Communist Party of India (Marxist),SILIGURI,WEST BENGAL,9168
S25241,DIBYAJOTI SINGH DEO,Jharkhand Loktantrik Krantikari Morcha,JOYPUR,WEST BENGAL,9152
S2564,ABDUL MANNAN,All India Forward Bloc,MURSHIDABAD,WEST BENGAL,9074
S25106,PARVEZ AHMAD KHAN,All India Forward Bloc,JAGATDAL,WEST BENGAL,9062
S25207,CHANDAN MAITI,Communist Party of India (Marxist),NANDAKUMAR,WEST BENGAL,9020
S25167,MOUSUMI GHOSH,Communist Party of India,MANIKTALA,WEST BENGAL,9014
S2597,SAJAL BISWAS,Communist Party of India,GAIGHATA,WEST BENGAL,9003
S25203,NABENDU GHARA,Communist Party of India,TAMLUK,WEST BENGAL,8801
S25199,SANDIP KUMAR SAMANTA,Communist Party of India (Marxist),PURSURAH,WEST BENGAL,8772
S2543,BASUDEV MURMU,Communist Party of India (Marxist),HABIBPUR,WEST BENGAL,8725
S25179,ASIT BARAN SAU,All India Forward Bloc,SHYAMPUR,WEST BENGAL,8713
S25205,ABJAL ALI SHA,All India Secular Front,PANSKURA PASCHIM,WEST BENGAL,8702
S25234,MOHAN TUDU,All India Secular Front,SALBONI,WEST BENGAL,8635
S2539,ARNAB CHOWDHURY,Revolutionary Socialist Party,BALURGHAT,WEST BENGAL,8593
S2525,JHAREN ROY,Communist Party of India (Marxist),MATIGARA-NAXALBARI,WEST BENGAL,8585
S2595,PIJUSH KANTI SAHA,Communist Party of India (Marxist),BANGAON UTTAR,WEST BENGAL,8554
S2542,SUBHASISH PAL (SONA),Indian National Congress,HARIRAMPUR,WEST BENGAL,8462
S2583,ADWAITA BISWAS,Communist Party of India (Marxist),KRISHNANAGAR UTTAR,WEST BENGAL,8336
S25250,RAMCHANDRA MANDI,Communist Party of India (Marxist),RAIPUR,WEST BENGAL,8316
S25285,MOTIUR RAHAMAN,Communist Party of India (Marxist),SURI,WEST BENGAL,8064
S25275,PRABIR KUMAR MONDAL,Communist Party of India (Marxist),PANDABESWAR,WEST BENGAL,8048
S25202,SK SADDAM HOSSAIN,All India Secular Front,KHANAKUL,WEST BENGAL,8021
S25228,SK SAJAHAN ALI,Communist Party of India (Marxist),KHARAGPUR,WEST BENGAL,7951
S2564,MIR HASNAT ALI,Aam Janata Unnayan party,MURSHIDABAD,WEST BENGAL,7899
S25182,SASTHI MAJI,Communist Party of India (Marxist),UDAYNARAYANPUR,WEST BENGAL,7849
S25104,DEBAJYOTI MAJUMDER,Communist Party of India (Marxist-Leninist) (Liberation),NAIHATI,WEST BENGAL,7727
S2519,DILIP SINGH,Communist Party of India (Marxist),DABGRAM-FULBARI,WEST BENGAL,7695
S25236,MANIKUNTAL KHAMRAI,Communist Party of India,MEDINIPUR,WEST BENGAL,7649
S25132,SWAPAN SINGHA,Communist Party of India (Marxist),SAGAR,WEST BENGAL,7630
S2515,NIRANJAN ROY,Communist Party of India (Marxist),DHUPGURI,WEST BENGAL,7625
S2575,MD. MOSHARAF HOSSAIN,Aam Janata Unnayan party,DOMKAL,WEST BENGAL,7392
S25293,ANSAR SEKH,All India Majlis-E-Ittehadul Muslimeen,NALHATI,WEST BENGAL,7367
S25166,JHUMA DAS,All India Forward Bloc,SHYAMPUKUR,WEST BENGAL,7356
S25225,TAPAS SINHA,Communist Party of India (Marxist),NARAYANGARH,WEST BENGAL,7345
S2512,SHYAMAL ROY,Communist Party of India (Marxist),ALIPURDUARS,WEST BENGAL,7301
S25268,JIYADUL SEKH,Communist Party of India (Marxist-Leninist) (Liberation),PURBASTHALI DAKSHIN,WEST BENGAL,7282
S2586,ARINDAM BHATTACHARYA,Independent,SANTIPUR,WEST BENGAL,7216
S25126,SANGITA MANDAL,Communist Party of India,HINGALGANJ,WEST BENGAL,7205
S25161,AFREEN BEGUM,Communist Party of India (Marxist),BALLYGUNGE,WEST BENGAL,7185
S2551,AMBAR MITRA,Communist Party of India (Marxist),ENGLISH BAZAR,WEST BENGAL,7122
S25257,JHARNA MALLIK,Communist Party of India (Marxist),INDUS,WEST BENGAL,7027
S25226,NAKUL CHANDRA BERA,Communist Party of India (Marxist),SABANG,WEST BENGAL,6978
S2551,ALAM MASUD,Indian National Congress,ENGLISH BAZAR,WEST BENGAL,6929
S2537,JYOTIRMOY ROY,Revolutionary Socialist Party,KUSHMANDI,WEST BENGAL,6861
S2588,ARCHANA BISWAS,Communist Party of India (Marxist),KRISHNAGANJ,WEST BENGAL,6833
S2545,ANJARUL HOQUE,Independent,CHANCHAL,WEST BENGAL,6619
S258,AKIK HASSAN,Communist Party of India (Marxist),NATABARI,WEST BENGAL,6606
S25222,ARJUN KUMAR MAHATA,Communist Party of India (Marxist),JHARGRAM,WEST BENGAL,6604
S25239,NAMITA MAHATO,Communist Party of India (Marxist),BALARAMPUR,WEST BENGAL,6575
S25211,RITA DAS,Communist Party of India (Marxist),CHANDIPUR,WEST BENGAL,6568
S2549,DEBAJYOTI SINHA (BABU),Communist Party of India (Marxist),MANIKCHAK,WEST BENGAL,6499
S25157,MD MUKHTAR,Indian National Congress,METIABURUZ,WEST BENGAL,6441
S25227,ASHOK SEN,Communist Party of India,PINGLA,WEST BENGAL,6423
S2518,KHARENDRA NATH ROY,Communist Party of India (Marxist),RAJGANJ,WEST BENGAL,6371
S25294,TASIR SEKH,All India Majlis-E-Ittehadul Muslimeen,MURARAI,WEST BENGAL,6326
S2542,GAUTAM GOSWAMI,Communist Party of India (Marxist),HARIRAMPUR,WEST BENGAL,6254
S25223,MALINA MURMU,Communist Party of India (Marxist),KESHIARY,WEST BENGAL,6248
S2596,ASISH KUMAR SARKAR,Communist Party of India (Marxist),BANGAON DAKSHIN,WEST BENGAL,6197
S25288,MANASA HANSDA,Communist Party of India (Marxist),LABPUR,WEST BENGAL,6156
S2547,MINARUL HOSEN,Communist Party of India (Marxist),MALATIPUR,WEST BENGAL,6136
S2513,KAMAL KISHOR ROY,Communist Party of India (Marxist),FALAKATA,WEST BENGAL,6133
S25170,GAUTAM RAY,Communist Party of India (Marxist),HOWRAH UTTAR,WEST BENGAL,5997
S2541,BIPLAB BARMAN,Communist Party of India (Marxist),GANGARAMPUR,WEST BENGAL,5991
S25148,NAOSAN MOLLA,Independent,BHANGAR,WEST BENGAL,5968
S2562,HUMAYUN KABIR,Aam Janata Unnayan party,BHAGAWANGOLA,WEST BENGAL,5965
S2544,KSHITISH CHANDRA SARKAR,Communist Party of India (Marxist),GAZOLE,WEST BENGAL,5949
S2540,BAPPAI HORO,Revolutionary Socialist Party,TAPAN,WEST BENGAL,5940
S25248,RAJIB LOCHAN KAR,Revolutionary Socialist Party,CHHATNA,WEST BENGAL,5934
S2559,MD IMRAN SOLANKI,All India Majlis-E-Ittehadul Muslimeen,RAGHUNATHGANJ,WEST BENGAL,5885
S2520,MANU ORAON,Communist Party of India (Marxist),MAL,WEST BENGAL,5831
S2528,MAKLESWAR RAHAMAN,Communist Party of India (Marxist),CHOPRA,WEST BENGAL,5816
S25241,DHIRENDRANATH MAHATO,All India Forward Bloc,JOYPUR,WEST BENGAL,5805
S2534,HIRU ROY SARKAR,Communist Party of India (Marxist),KALIAGANJ,WEST BENGAL,5779
S25218,SUBRATA PANDA,Communist Party of India (Marxist),EGRA,WEST BENGAL,5736
S2577,SAMSUN NAHAR KHATUN SEKH,Aam Janata Unnayan party,KARIMPUR,WEST BENGAL,5733
S25237,RABINDRANATH SARDAR,Communist Party of India (Marxist),BINPUR,WEST BENGAL,5619
S25160,MANAS GHOSH,Communist Party of India (Marxist-Leninist) (Liberation),RASHBEHARI,WEST BENGAL,5618
S25208,SWARNAKAMAL DAS,Jatiya Unnayan Party,MAHISADAL,WEST BENGAL,5603
S25283,BISWAJIT BAURI (BAPI),All India Secular Front,BARABANI,WEST BENGAL,5576
S2525,AMITAVA SARKAR,Indian National Congress,MATIGARA-NAXALBARI,WEST BENGAL,5498
S25224,MADHUSUDAN ROY,Communist Party of India (Marxist),KHARAGPUR SADAR,WEST BENGAL,5451
S25255,TITAS GUPTA,Communist Party of India (Marxist-Leninist) (Liberation),BISHNUPUR,WEST BENGAL,5385
S25215,HIMANGSHU DAS,Communist Party of India (Marxist),KHEJURI,WEST BENGAL,5365
S25220,DR. PULIN BIHARI BASKE,Communist Party of India (Marxist),NAYAGRAM,WEST BENGAL,5338
S25156,MUJIBAR RAHMAN KAYAL,Indian National Congress,BUDGE BUDGE,WEST BENGAL,5323
S253,PRANAY KARJEE,Communist Party of India (Marxist),COOCHBEHAR UTTAR,WEST BENGAL,5293
S25217,ASOKE KUMAR MAITI,Communist Party of India (Marxist),RAMNAGAR,WEST BENGAL,5239
S2578,JAMAT ALI MANDAL,Aam Janata Unnayan party,TEHATTA,WEST BENGAL,5134
S2544,PREM CHOWDHURY,Indian National Congress,GAZOLE,WEST BENGAL,5050
S25284,BIJOY BAGDI,All India Forward Bloc,DUBRAJPUR,WEST BENGAL,5028
S2533,TANUSHREE DAS,Communist Party of India (Marxist),HEMTABAD,WEST BENGAL,5017
S2527,NAVANEETA TIRKEY,Indian National Congress,PHANSIDEWA,WEST BENGAL,4948
S25197,RUMA AHIRI,Communist Party of India (Marxist-Leninist) (Liberation),DHANEKHALI,WEST BENGAL,4907
S25163,ABDUL RAUF,Communist Party of India (Marxist),ENTALLY,WEST BENGAL,4904
S259,DHANANJOY RAVA,Communist Party of India (Marxist),TUFANGANJ,WEST BENGAL,4863
S2553,MANIRUL ISLAM,All India Majlis-E-Ittehadul Muslimeen,SUJAPUR,WEST BENGAL,4822
S25240,PARIMAL KUMAR,All India Forward Bloc,BAGHMUNDI,WEST BENGAL,4782
S25281,AKHILESH KUMAR SINGH,Communist Party of India,ASANSOL UTTAR,WEST BENGAL,4779
S2576,HABIBUR RAHAMAN,Aam Janata Unnayan party,JALANGI,WEST BENGAL,4753
S2534,GIRIDHARI PRAMANIK,Indian National Congress,KALIAGANJ,WEST BENGAL,4747
S25141,ATANU HALDER,Indian National Congress,MAGRAHAT PURBA,WEST BENGAL,4733
S2589,MRINAL BISWAS (MINI),Communist Party of India (Marxist),RANAGHAT UTTAR PURBA,WEST BENGAL,4713
S2594,GOUR BISWAS,All India Forward Bloc,BAGDA,WEST BENGAL,4700
S25213,SUTANU MAITY,Communist Party of India (Marxist),KANTHI UTTAR,WEST BENGAL,4645
S25212,SAIKAT GIRI,Communist Party of India,PATASHPUR,WEST BENGAL,4595
S2543,BABURAM KISKU,Independent,HABIBPUR,WEST BENGAL,4579
S2521,SINU MUNDA,Indian National Congress,NAGRAKATA,WEST BENGAL,4567
S25206,SWAPAN KUMAR BARMAN,Communist Party of India,MOYNA,WEST BENGAL,4499
S25293,DIPAK CHATTERJEE,All India Forward Bloc,NALHATI,WEST BENGAL,4415
S2535,MOHIT SENGUPTA,Indian National Congress,RAIGANJ,WEST BENGAL,4386
S25242,DIBYAJYOTI PRASAD SINGH DEO,Indian National Congress,PURULIA,WEST BENGAL,4367
S2580,SHAIKH KABIL UDDIN,Indian National Congress,KALIGANJ,WEST BENGAL,4267
S2529,MD. SAMI KHAN,Communist Party of India (Marxist),ISLAMPUR,WEST BENGAL,4237
S25270,CHATTERJEE RANAJIT,Indian National Congress,KATWA,WEST BENGAL,4233
S25127,ADWAITYA JOTDAR,Revolutionary Socialist Party,GOSABA,WEST BENGAL,4221
S2572,SUKBOR MOLLA,Aam Janata Unnayan party,BAHARAMPUR,WEST BENGAL,4207
S2555,MOZAFFAR HOSSAIN,Communist Party of India (Marxist),FARAKKA,WEST BENGAL,4177
S25289,ARCHANA ANKUR (MONDAL),Indian National Congress,SAINTHIA,WEST BENGAL,4174
S2510,KISHOR MINJ,Revolutionary Socialist Party,KUMARGRAM,WEST BENGAL,4111
S25165,BHARATRAM TEWARI,Communist Party of India (Marxist),JORASANKO,WEST BENGAL,4108
S2570,JILLU SK,Indian National Congress,REJINAGAR,WEST BENGAL,4101
S25271,NOTA,None of the Above,KETUGRAM,WEST BENGAL,4034
S252,KHAGEN CHANDRA BARMAN,Communist Party of India (Marxist),MATHABHANGA,WEST BENGAL,4030
S2558,ALOKE KUMAR DAS,Communist Party of India (Marxist),JANGIPUR,WEST BENGAL,4007
S255,NAMADIPTI ROY ADHIKARY,Communist Party of India (Marxist),SITALKUCHI,WEST BENGAL,3979
S25254,NOTA,None of the Above,ONDA,WEST BENGAL,3963
S25282,BHABANI CHARAN ACHARYA,All India Forward Bloc,KULTI,WEST BENGAL,3937
S25249,NOTA,None of the Above,RANIBANDH,WEST BENGAL,3884
S25216,TEHERAN HOSSAIN,Communist Party of India,KANTHI DAKSHIN,WEST BENGAL,3868
S2535,JIBANANDA SINGHA,Communist Party of India (Marxist),RAIGANJ,WEST BENGAL,3787
S25266,NOTA,None of the Above,BARDHAMAN UTTAR,WEST BENGAL,3771
S25214,PRATIVA RANI KAR SHASMAL,Revolutionary Socialist Party,BHAGABANPUR,WEST BENGAL,3665
S2599,ABDUR RAHIM QUAZI,Indian National Congress,BADURIA,WEST BENGAL,3651
S25255,UJJAL CHANDRA,Indian National Congress,BISHNUPUR,WEST BENGAL,3646
S2573,ABU SYEED KHANDOKER,Socialist Unity Centre Of India (COMMUNIST),HARIHARPARA,WEST BENGAL,3624
S2569,NOWFAL MD SAFIULLA ( ALBERT),Revolutionary Socialist Party,BHARATPUR,WEST BENGAL,3604
S25219,SHYAMAL KANTI DASPATTANAYEK,Communist Party of India,DANTAN,WEST BENGAL,3580
S25159,SHRIJEEB BISWAS,Communist Party of India (Marxist),BHABANIPUR,WEST BENGAL,3556
S25286,NOTA,None of the Above,BOLPUR,WEST BENGAL,3554
S25252,NOTA,None of the Above,BANKURA,WEST BENGAL,3533
S25124,ABU ESAHAK GAZI,Indian National Congress,BASIRHAT DAKSHIN,WEST BENGAL,3505
S2527,AMIT KUMAR LAKRA,Independent,PHANSIDEWA,WEST BENGAL,3503
S25294,ALI  HAZRAT (SOWDAGAR),All India Secular Front,MURARAI,WEST BENGAL,3477
S25203,AJIJUL MALLIK,Jatiya Unnayan Party,TAMLUK,WEST BENGAL,3471
S25207,ABDUL KADER DIN,Jatiya Unnayan Party,NANDAKUMAR,WEST BENGAL,3456
S25272,NOTA,None of the Above,MANGALKOT,WEST BENGAL,3423
S25204,ALFAJUDDIN ALI NAYEK,Jatiya Unnayan Party,PANSKURA PURBA,WEST BENGAL,3401
S2579,HAYDAR ALI MONDAL,Aam Janata Unnayan party,PALASHIPARA,WEST BENGAL,3399
S25254,MAGARAM GHOSH,Socialist Unity Centre Of India (COMMUNIST),ONDA,WEST BENGAL,3389
S25197,JYOTI KUMARI DAS,Indian National Congress,DHANEKHALI,WEST BENGAL,3358
S25267,SOMNATH SAIN,Independent,BHATAR,WEST BENGAL,3307
S256,RABIN ROY,Indian National Congress,SITAI,WEST BENGAL,3262
S25129,SHANKAR NASKAR,Socialist Unity Centre Of India (COMMUNIST),KULTALI,WEST BENGAL,3253
S25267,NOTA,None of the Above,BHATAR,WEST BENGAL,3252
S25241,NOTA,None of the Above,JOYPUR,WEST BENGAL,3239
S2585,ABDUR RAHIM SHAIKH,Indian National Congress,KRISHNANAGAR DAKSHIN,WEST BENGAL,3219
S25246,NOTA,None of the Above,RAGHUNATHPUR,WEST BENGAL,3201
S2511,ANJAN CHIK BARAIK,Indian National Congress,KALCHINI,WEST BENGAL,3186
S25291,NOTA,None of the Above,RAMPURHAT,WEST BENGAL,3163
S25146,ARGHYA NASKAR,Indian National Congress,BISHNUPUR,WEST BENGAL,3158
S25221,BIKASH SHARANGI,Communist Party of India,GOPIBALLAVPUR,WEST BENGAL,3149
S25288,NOTA,None of the Above,LABPUR,WEST BENGAL,3145
S254,NAZMUL ALOM SARKAR,All India Forward Bloc,COOCHBEHAR DAKSHIN,WEST BENGAL,3137
S25155,ABDUL HANNAN SK,Indian National Congress,MAHESHTALA,WEST BENGAL,3134
S2514,SUBHASH LOHAR,Revolutionary Socialist Party,MADARIHAT,WEST BENGAL,3129
S25272,JAGADISH DUTTA,Indian National Congress,MANGALKOT,WEST BENGAL,3117
S25247,AMARKANTA MANDAL,Indian National Congress,SALTORA,WEST BENGAL,3103
S2571,LOCKMAN HAKIM,Socialist Unity Centre Of India (COMMUNIST),BELDANGA,WEST BENGAL,3075
S25246,SANDHYA BAURI,Indian National Congress,RAGHUNATHPUR,WEST BENGAL,3065
S257,BIKAS MANDAL,All India Forward Bloc,DINHATA,WEST BENGAL,3042
S25287,ABHAY DAS,Indian National Congress,NANOOR,WEST BENGAL,3040
S2581,TAHIR SEKH,Indian National Congress,NAKASHIPARA,WEST BENGAL,3030
S2514,JOY PRAFFUL LAKRA,Indian National Congress,MADARIHAT,WEST BENGAL,3029
S2579,HAMIDUL HAQUE,Indian National Congress,PALASHIPARA,WEST BENGAL,3021
S2520,NOTA,None of the Above,MAL,WEST BENGAL,3019
S25277,TARUN ROY,Indian National Congress,DURGAPUR PASCHIM,WEST BENGAL,3019
S25190,NOTA,None of the Above,CHUNCHURA,WEST BENGAL,3015
S2536,UTPAL DAS,Communist Party of India,ITAHAR,WEST BENGAL,3015
S25290,PROFESSOR SK KALIMUDDIN,Aam Janata Unnayan party,MAYURESWAR,WEST BENGAL,3014
S25210,SANTI GOPAL GIRI,Communist Party of India,NANDIGRAM,WEST BENGAL,2997
S25287,CHIRAN DAS,Aam Janata Unnayan party,NANOOR,WEST BENGAL,2994
S2534,NOTA,None of the Above,KALIAGANJ,WEST BENGAL,2993
S254,KHOKAN MIAH,Indian National Congress,COOCHBEHAR DAKSHIN,WEST BENGAL,2971
S25105,ASH NARAYAN SINGH,Communist Party of India (Marxist),BHATPARA,WEST BENGAL,2969
S2530,MASOOD MD. NASEEM AHSEN,Indian National Congress,GOALPOKHAR,WEST BENGAL,2966
S25121,PIYARUL SANPUI,Independent,HAROA,WEST BENGAL,2964
S25277,NOTA,None of the Above,DURGAPUR PASCHIM,WEST BENGAL,2947
S2568,NOTA,None of the Above,KANDI,WEST BENGAL,2932
S2510,NOTA,None of the Above,KUMARGRAM,WEST BENGAL,2924
S25178,SK JULFIKAR ALI,Independent,ULUBERIA DAKSHIN,WEST BENGAL,2921
S25284,BYAPARI SANJOY,Indian National Congress,DUBRAJPUR,WEST BENGAL,2911
S25197,NOTA,None of the Above,DHANEKHALI,WEST BENGAL,2896
S25220,NOTA,None of the Above,NAYAGRAM,WEST BENGAL,2890
S25256,SUMITRA MALLIK SANTRA,Indian National Congress,KATULPUR,WEST BENGAL,2890
S2521,NOTA,None of the Above,NAGRAKATA,WEST BENGAL,2887
S25245,FALGUNI BAURI,Indian National Congress,PARA,WEST BENGAL,2887
S2520,RAKESH KUJUR,Indian National Congress,MAL,WEST BENGAL,2886
S25186,SUBHANKAR SARKAR,Indian National Congress,SREERAMPUR,WEST BENGAL,2884
S25276,DEBESH CHAKRABORTY,Indian National Congress,DURGAPUR PURBA,WEST BENGAL,2883
S25224,DR. PAPIYA CHAKRABORTY,Indian National Congress,KHARAGPUR SADAR,WEST BENGAL,2879
S2571,RAJESH GHOSH,Revolutionary Socialist Party,BELDANGA,WEST BENGAL,2859
S25280,NOTA,None of the Above,ASANSOL DAKSHIN,WEST BENGAL,2857
S25268,RABINDRANATH MONDAL,Indian National Congress,PURBASTHALI DAKSHIN,WEST BENGAL,2843
S2565,GOLAK MANDAL,Aam Janata Unnayan party,NABAGRAM,WEST BENGAL,2838
S25121,NOTA,None of the Above,HAROA,WEST BENGAL,2837
S25238,SITEN MANDI,Indian National Congress,BANDWAN,WEST BENGAL,2833
S25239,SUKANTA MAHATO,Indian National Congress,BALARAMPUR,WEST BENGAL,2830
S25136,NIRANJAN NASKAR,Socialist Unity Centre Of India (COMMUNIST),JAYNAGAR,WEST BENGAL,2818
S25244,NOTA,None of the Above,KASHIPUR,WEST BENGAL,2797
S2516,SUDEB RAY,Revolutionary Socialist Party,MAYNAGURI,WEST BENGAL,2793
S25245,NOTA,None of the Above,PARA,WEST BENGAL,2788
S25274,NOTA,None of the Above,GALSI,WEST BENGAL,2780
S25238,NOTA,None of the Above,BANDWAN,WEST BENGAL,2780
S25199,NOTA,None of the Above,PURSURAH,WEST BENGAL,2779
S25247,NOTA,None of the Above,SALTORA,WEST BENGAL,2771
S25283,NOTA,None of the Above,BARABANI,WEST BENGAL,2765
S25281,NOTA,None of the Above,ASANSOL UTTAR,WEST BENGAL,2755
S25171,APARNA BOSE,Indian National Congress,HOWRAH MADHYA,WEST BENGAL,2747
S2573,RIYAJUL ISLAM KHAN,Indian Union Muslim League,HARIHARPARA,WEST BENGAL,2725
S25234,ARUP MUKHERJEE,Indian National Congress,SALBONI,WEST BENGAL,2697
S25253,NOTA,None of the Above,BARJORA,WEST BENGAL,2686
S25237,NOTA,None of the Above,BINPUR,WEST BENGAL,2679
S25263,JYOTIRMAY MONDAL,Indian National Congress,MONTESWAR,WEST BENGAL,2674
S25285,ADHIKARI SANJOY,Indian National Congress,SURI,WEST BENGAL,2674
S2567,ANANDA DAS BAGDI,Revolutionary Socialist Party,BURWAN,WEST BENGAL,2647
S2537,BABLU SARKAR,Indian National Congress,KUSHMANDI,WEST BENGAL,2645
S2512,MRINMOY SARKAR (PAPAN),Indian National Congress,ALIPURDUARS,WEST BENGAL,2644
S25283,JAYDEV ROY,Indian National Congress,BARABANI,WEST BENGAL,2621
S2512,NOTA,None of the Above,ALIPURDUARS,WEST BENGAL,2620
S2517,SUDIPTA MOHANTA,Indian National Congress,JALPAIGURI,WEST BENGAL,2617
S25122,NOTA,None of the Above,MINAKHAN,WEST BENGAL,2616
S25173,DEEPSHIKHA BHOWMICK,Indian National Congress,HOWRAH DAKSHIN,WEST BENGAL,2609
S2517,NOTA,None of the Above,JALPAIGURI,WEST BENGAL,2608
S25162,SANJAY BASU,Communist Party of India (Marxist),CHOWRANGEE,WEST BENGAL,2602
S25276,NOTA,None of the Above,DURGAPUR PURBA,WEST BENGAL,2594
S25248,NOTA,None of the Above,CHHATNA,WEST BENGAL,2588
S25158,FAIYAZ AHMAD KHAN,Communist Party of India (Marxist),KOLKATA PORT,WEST BENGAL,2571
S25195,SEKH ABDUL RAHIM,Rashtriya Secular Majlis Party,JANGIPARA,WEST BENGAL,2567
S2563,YASSER HAIDAR,Aam Janata Unnayan party,RANINAGAR,WEST BENGAL,2566
S2557,MD ZAID,All India Majlis-E-Ittehadul Muslimeen,SUTI,WEST BENGAL,2565
S25264,AMAL KUMAR SAHA,Indian National Congress,KALNA,WEST BENGAL,2563
S25282,NOTA,None of the Above,KULTI,WEST BENGAL,2539
S25158,AQUIB GULZAR,Indian National Congress,KOLKATA PORT,WEST BENGAL,2533
S25221,NOTA,None of the Above,GOPIBALLAVPUR,WEST BENGAL,2532
S25125,SAHANUR MONDAL,Independent,BASIRHAT UTTAR,WEST BENGAL,2532
S255,SUKAMAL BARMAN,Indian National Congress,SITALKUCHI,WEST BENGAL,2522
S258,BISWAJIT SARKAR,Indian National Congress,NATABARI,WEST BENGAL,2516
S25246,ANIL BAURI,Socialist Unity Centre Of India (COMMUNIST),RAGHUNATHPUR,WEST BENGAL,2514
S25271,MATHURA GHOSH,Independent,KETUGRAM,WEST BENGAL,2509
S2567,NOTA,None of the Above,BURWAN,WEST BENGAL,2500
S25232,MONIKA MIDYA,Indian National Congress,CHANDRAKONA,WEST BENGAL,2500
S2543,RAJEN SOREN,Indian National Congress,HABIBPUR,WEST BENGAL,2490
S25284,NOTA,None of the Above,DUBRAJPUR,WEST BENGAL,2487
S25194,ABU ABBAS UDDIN SK.,Indian National Congress,CHANDITALA,WEST BENGAL,2458
S25290,NOTA,None of the Above,MAYURESWAR,WEST BENGAL,2456
S25233,NOTA,None of the Above,GARBETA,WEST BENGAL,2455
S25278,NOTA,None of the Above,RANIGANJ,WEST BENGAL,2452
S25240,NOTA,None of the Above,BAGHMUNDI,WEST BENGAL,2437
S25160,ASHUTOSH CHATTERJEE,Indian National Congress,RASHBEHARI,WEST BENGAL,2427
S25273,NOTA,None of the Above,AUSGRAM,WEST BENGAL,2425
S25201,NOTA,None of the Above,GOGHAT,WEST BENGAL,2421
S25286,RATHIN SEN,Indian National Congress,BOLPUR,WEST BENGAL,2411
S25136,BIDHAN CHANDRA MALIK,Independent,JAYNAGAR,WEST BENGAL,2411
S25190,MAINUL HAQUE,Indian National Congress,CHUNCHURA,WEST BENGAL,2411
S2511,PASSANG SHERPA,Revolutionary Socialist Party,KALCHINI,WEST BENGAL,2405
S25195,NOTA,None of the Above,JANGIPARA,WEST BENGAL,2388
S251,KAMAL KUMAR ROY,All India Forward Bloc,MEKLIGANJ,WEST BENGAL,2386
S2598,RITESH MONDAL,Indian National Congress,SWARUPNAGAR,WEST BENGAL,2384
S2578,JYOTIRMOY SARKAR,Indian National Congress,TEHATTA,WEST BENGAL,2383
S25239,NOTA,None of the Above,BALARAMPUR,WEST BENGAL,2374
S25138,NOTA,None of the Above,CANNING PASCHIM,WEST BENGAL,2368
S2528,MD NAZIM SARIF,Aam Janata Unnayan party,CHOPRA,WEST BENGAL,2366
S25260,NOTA,None of the Above,BARDHAMAN DAKSHIN,WEST BENGAL,2364
S25248,PARTHA PRATIM BOSE,Indian National Congress,CHHATNA,WEST BENGAL,2359
S25181,TAPAN DAS,Indian National Congress,AMTA,WEST BENGAL,2350
S2550,DIPAK BARMAN,Communist Party of India,MALDAHA,WEST BENGAL,2332
S2561,MD TARIK AZIZ,All India Majlis-E-Ittehadul Muslimeen,LALGOLA,WEST BENGAL,2319
S25120,NOTA,None of the Above,DEGANGA,WEST BENGAL,2318
S2519,ROHIT SING (GUDDU),Indian National Congress,DABGRAM-FULBARI,WEST BENGAL,2311
S25270,SIPPY TEWARY,Aam Janata Unnayan party,KATWA,WEST BENGAL,2307
S25244,SUBHAS CHANDRA MAHATA,Indian National Congress,KASHIPUR,WEST BENGAL,2304
S25258,SUJOY SARKAR,Independent,SONAMUKHI,WEST BENGAL,2302
S25200,SUSHIL SANTRA,Indian National Congress,ARAMBAG,WEST BENGAL,2296
S2526,ALOK DHARA,Indian National Congress,SILIGURI,WEST BENGAL,2275
S25226,ALAK KUMAR SAMAI,Indian National Congress,SABANG,WEST BENGAL,2272
S25290,KASAFODDOZA SYED (CHANDAN),Indian National Congress,MAYURESWAR,WEST BENGAL,2271
S25222,NOTA,None of the Above,JHARGRAM,WEST BENGAL,2262
S2510,SUDHAM LAMA,Indian National Congress,KUMARGRAM,WEST BENGAL,2261
S25119,TARAK MUKHERJEE,Indian National Congress,BARASAT,WEST BENGAL,2252
S2564,MILIA SAJEM,Socialist Unity Centre Of India (COMMUNIST),MURSHIDABAD,WEST BENGAL,2247
S2563,NOTA,None of the Above,RANINAGAR,WEST BENGAL,2240
S2527,SUMANTI EKKA,Communist Party of India (Marxist-Leninist) (Liberation),PHANSIDEWA,WEST BENGAL,2229
S2553,MD IRAK AJAM,Independent,SUJAPUR,WEST BENGAL,2229
S2579,ANARUL HAQUE SK,Socialist Unity Centre Of India (COMMUNIST),PALASHIPARA,WEST BENGAL,2224
S25174,BECHURAM MALICK,Indian National Congress,SANKRAIL,WEST BENGAL,2221
S25127,NOTA,None of the Above,GOSABA,WEST BENGAL,2221
S25252,ARUP BANERJEE,Indian National Congress,BANKURA,WEST BENGAL,2213
S25238,UMESH CHANDRA BASKEY,Ambedkarite Party of India,BANDWAN,WEST BENGAL,2210
S25118,NITAI CHANDRA PAL,All India Forward Bloc,MADHYAMGRAM,WEST BENGAL,2209
S2569,ANOWAR HOSSAIN MOLLA,Independent,BHARATPUR,WEST BENGAL,2204
S25257,MOU MANDAL SAMANTA,Indian National Congress,INDUS,WEST BENGAL,2201
S2550,NOTA,None of the Above,MALDAHA,WEST BENGAL,2201
S25183,NOTA,None of the Above,JAGATBALLAVPUR,WEST BENGAL,2199
S25253,KEORA VIVEKANANDA,Indian National Congress,BARJORA,WEST BENGAL,2199
S2527,NOTA,None of the Above,PHANSIDEWA,WEST BENGAL,2193
S25236,SAMBHUNATH CHATTOPADHYAY,Indian National Congress,MEDINIPUR,WEST BENGAL,2193
S25123,NOTA,None of the Above,SANDESHKHALI,WEST BENGAL,2192
S25256,MOHAN SANTRA,Socialist Unity Centre Of India (COMMUNIST),KATULPUR,WEST BENGAL,2192
S25205,KALYAN ROY,Indian National Congress,PANSKURA PASCHIM,WEST BENGAL,2191
S25255,NOTA,None of the Above,BISHNUPUR,WEST BENGAL,2180
S2521,HEMANT KUJUR,Independent,NAGRAKATA,WEST BENGAL,2177
S25227,NOTA,None of the Above,PINGLA,WEST BENGAL,2173
S25271,SK ABUBAKKAR,Indian National Congress,KETUGRAM,WEST BENGAL,2167
S25253,SAILESWAR PAL,Independent,BARJORA,WEST BENGAL,2159
S25248,RAFIK DALAL,Rashtriya Lok Janshakti Party,CHHATNA,WEST BENGAL,2155
S2521,SIBDAS BASKEY,Aam Janata Unnayan party,NAGRAKATA,WEST BENGAL,2142
S25271,SABINA YASMIN (USHA),Aam Janata Unnayan party,KETUGRAM,WEST BENGAL,2141
S25192,SANATAN MANDI,Indian National Congress,PANDUA,WEST BENGAL,2134
S2516,NOTA,None of the Above,MAYNAGURI,WEST BENGAL,2130
S25199,HARAPRASAD BAG,Independent,PURSURAH,WEST BENGAL,2128
S25148,MAFIJUL ALI BISWAS,Independent,BHANGAR,WEST BENGAL,2128
S251,NOTA,None of the Above,MEKLIGANJ,WEST BENGAL,2126
S2543,NOTA,None of the Above,HABIBPUR,WEST BENGAL,2119
S25162,MANASH SARKAR,Indian National Congress,CHOWRANGEE,WEST BENGAL,2117
S25263,SAMSUL HOQUE SEIKH,Aam Janata Unnayan party,MONTESWAR,WEST BENGAL,2114
S25243,NOTA,None of the Above,MANBAZAR,WEST BENGAL,2111
S256,ARUN KUMAR BARMA,All India Forward Bloc,SITAI,WEST BENGAL,2105
S2580,NOTA,None of the Above,KALIGANJ,WEST BENGAL,2105
S25128,SAMAR BISWAS,Revolutionary Socialist Party,BASANTI,WEST BENGAL,2099
S25201,HARADHAN SANTRA,Indian National Congress,GOGHAT,WEST BENGAL,2099
S25125,MUSA HAQUE MONDAL,Indian National Congress,BASIRHAT UTTAR,WEST BENGAL,2092
S25203,ARUN JANA,Socialist Unity Centre Of India (COMMUNIST),TAMLUK,WEST BENGAL,2091
S25273,TAPAS BARAL,Indian National Congress,AUSGRAM,WEST BENGAL,2082
S2590,RITA PAUL DAS,Indian National Congress,RANAGHAT DAKSHIN,WEST BENGAL,2067
S25258,NOTA,None of the Above,SONAMUKHI,WEST BENGAL,2061
S2522,NOTA,None of the Above,KALIMPONG,WEST BENGAL,2060
S25260,GOURAB SAMADDAR,Indian National Congress,BARDHAMAN DAKSHIN,WEST BENGAL,2060
S2574,ABDUS SALAM,Socialist Unity Centre Of India (COMMUNIST),NOWDA,WEST BENGAL,2055
S25139,SIRAJ ALI MOLLA,Independent,CANNING PURBA,WEST BENGAL,2054
S25180,NOTA,None of the Above,BAGNAN,WEST BENGAL,2048
S2579,NOTA,None of the Above,PALASHIPARA,WEST BENGAL,2048
S25274,DEBASISH BISWAS,Indian National Congress,GALSI,WEST BENGAL,2044
S2523,NOTA,None of the Above,DARJEELING,WEST BENGAL,2040
S25237,GOLAPI SAREN,Indian National Congress,BINPUR,WEST BENGAL,2040
S25156,KAJAL DUTTA,Communist Party of India (Marxist-Leninist) (Liberation),BUDGE BUDGE,WEST BENGAL,2037
S25243,SAMBARI MAHALI,Indian National Congress,MANBAZAR,WEST BENGAL,2037
S25187,NOTA,None of the Above,CHAMPDANI,WEST BENGAL,2027
S25247,DIPEN BAURI,Socialist Unity Centre Of India (COMMUNIST),SALTORA,WEST BENGAL,2023
S25254,PABAN SALAMPURIA,Indian National Congress,ONDA,WEST BENGAL,2021
S2529,NOTA,None of the Above,ISLAMPUR,WEST BENGAL,2020
S25149,MD. HASIM ZESHAN AHMAD,Indian National Congress,KASBA,WEST BENGAL,2019
S25189,NOTA,None of the Above,CHANDANNAGAR,WEST BENGAL,2016
S2582,ASIF KHAN,Indian National Congress,CHAPRA,WEST BENGAL,2015
S25270,SUROJIT GHOSH,Independent,KATWA,WEST BENGAL,2004
S25156,NOTA,None of the Above,BUDGE BUDGE,WEST BENGAL,1993
S25172,SHRABANTI SINGH,Indian National Congress,SHIBPUR,WEST BENGAL,1993
S25179,SK. MANJUR ALAM,Indian National Congress,SHYAMPUR,WEST BENGAL,1988
S25281,PRASENJIT PUITANDY,Indian National Congress,ASANSOL UTTAR,WEST BENGAL,1980
S25261,PAMPA MALIK,Indian National Congress,RAINA,WEST BENGAL,1980
S25150,NOTA,None of the Above,JADAVPUR,WEST BENGAL,1976
S25161,ROHAN MITRA,Indian National Congress,BALLYGUNGE,WEST BENGAL,1975
S25187,PRITAM GHOSH,Indian National Congress,CHAMPDANI,WEST BENGAL,1975
S25184,LAKSHMIKANTA NASKAR,Independent,DOMJUR,WEST BENGAL,1963
S25279,TARUN KUMAR GANGULI,Indian National Congress,JAMURIA,WEST BENGAL,1961
S2522,SISIR KUMAR SHARMA,Akhil Bharatiya Gorkha League,KALIMPONG,WEST BENGAL,1961
S2573,MOUSUMI KHATUN,Independent,HARIHARPARA,WEST BENGAL,1960
S2550,NITAI MANDAL,Independent,MALDAHA,WEST BENGAL,1955
S2559,NOTA,None of the Above,RAGHUNATHGANJ,WEST BENGAL,1953
S25147,NOTA,None of the Above,SONARPUR DAKSHIN,WEST BENGAL,1950
S2592,NOTA,None of the Above,KALYANI,WEST BENGAL,1939
S253,PARTHA PRATIM ISHOR,Indian National Congress,COOCHBEHAR UTTAR,WEST BENGAL,1939
S2560,NOTA,None of the Above,SAGARDIGHI,WEST BENGAL,1938
S2523,JATIN GHALAY,Independent,DARJEELING,WEST BENGAL,1937
S25202,BIKASH CHANDRA DOLUI,Independent,KHANAKUL,WEST BENGAL,1936
S2552,ADVOCATE  MOSTAHID HAQUE,All India Majlis-E-Ittehadul Muslimeen,MOTHABARI,WEST BENGAL,1935
S25202,PRADIP KAR,Indian National Congress,KHANAKUL,WEST BENGAL,1933
S25200,HEMANTA BAG,Independent,ARAMBAG,WEST BENGAL,1929
S25176,ALAM DEIYAN SEKH,Indian National Congress,ULUBERIA PURBA,WEST BENGAL,1926
S25258,SUDHAN RAJAK,Independent,SONAMUKHI,WEST BENGAL,1926
S25268,NOTA,None of the Above,PURBASTHALI DAKSHIN,WEST BENGAL,1923
S25253,BHOLANATH MONDAL,Independent,BARJORA,WEST BENGAL,1922
S25107,ASOKE BHATTACHARYA,Indian National Congress,NOAPARA,WEST BENGAL,1922
S25234,NOTA,None of the Above,SALBONI,WEST BENGAL,1921
S25266,SUDIP DAS,Indian National Congress,BARDHAMAN UTTAR,WEST BENGAL,1914
S25237,BHOLANATH SARDAR,Bahujan Samaj Party,BINPUR,WEST BENGAL,1908
S25149,NOTA,None of the Above,KASBA,WEST BENGAL,1902
S25210,ALI MD SABE MIRAJ KHAN,All India Secular Front,NANDIGRAM,WEST BENGAL,1898
S25275,SAWANA KHATUN,Independent,PANDABESWAR,WEST BENGAL,1897
S25238,TIKARAM HEMBRAM,Bahujan Samaj Party,BANDWAN,WEST BENGAL,1895
S25188,NOTA,None of the Above,SINGUR,WEST BENGAL,1890
S25115,SK NIZAMUDDIN,Indian National Congress,RAJARHAT NEW TOWN,WEST BENGAL,1885
S25153,ABHIJIT RAHA,Indian National Congress,BEHALA PURBA,WEST BENGAL,1883
S2565,NOTA,None of the Above,NABAGRAM,WEST BENGAL,1883
S2514,NOTA,None of the Above,MADARIHAT,WEST BENGAL,1880
S2566,NOTA,None of the Above,KHARGRAM,WEST BENGAL,1879
S25198,DITI BHATTACHARJEE,Independent,TARAKESWAR,WEST BENGAL,1878
S2581,NOTA,None of the Above,NAKASHIPARA,WEST BENGAL,1873
S25247,ADITYA KUMAR BAURI,Independent,SALTORA,WEST BENGAL,1869
S25231,KABERI DOLUI,Indian National Congress,GHATAL,WEST BENGAL,1867
S25259,ANUP KUMAR SAHA,Indian National Congress,KHANDAGHOSH,WEST BENGAL,1866
S25287,NOTA,None of the Above,NANOOR,WEST BENGAL,1865
S2560,SHIBATI MUMMU,Mulnibasi Party of India,SAGARDIGHI,WEST BENGAL,1861
S25233,SIDDHARTHA BISHAI,Indian National Congress,GARBETA,WEST BENGAL,1859
S2513,AKSHOY KUMAR BARMAN,Indian National Congress,FALAKATA,WEST BENGAL,1855
S25181,NOTA,None of the Above,AMTA,WEST BENGAL,1855
S25196,AZAD SAIF,Indian National Congress,HARIPAL,WEST BENGAL,1846
S2587,NOTA,None of the Above,RANAGHAT UTTAR PASCHIM,WEST BENGAL,1842
S25258,RAHUL BAURI,Indian National Congress,SONAMUKHI,WEST BENGAL,1837
S25235,KAMAL KISHOR,Indian National Congress,KESHPUR,WEST BENGAL,1836
S2582,SHUBHANKAR RUDRA,Independent,CHAPRA,WEST BENGAL,1836
S25285,SEKH DALIM,Independent,SURI,WEST BENGAL,1835
S25285,NOTA,None of the Above,SURI,WEST BENGAL,1832
S25235,AJOY DOME,Independent,KESHPUR,WEST BENGAL,1832
S25291,VIVEKANANDA (VIVEK) SAU,Indian National Congress,RAMPURHAT,WEST BENGAL,1830
S25250,NOTA,None of the Above,RAIPUR,WEST BENGAL,1829
S2516,RATNA ROY,Independent,MAYNAGURI,WEST BENGAL,1829
S2577,DHANAPATI MONDAL,Socialist Unity Centre Of India (COMMUNIST),KARIMPUR,WEST BENGAL,1823
S253,NOTA,None of the Above,COOCHBEHAR UTTAR,WEST BENGAL,1819
S25186,NOTA,None of the Above,SREERAMPUR,WEST BENGAL,1817
S25196,SEKH MOJAPHAR ALI,Independent,HARIPAL,WEST BENGAL,1815
S257,NOTA,None of the Above,DINHATA,WEST BENGAL,1814
S2558,MIRZA NASHIR UDDIN,Socialist Unity Centre Of India (COMMUNIST),JANGIPUR,WEST BENGAL,1813
S2525,NOTA,None of the Above,MATIGARA-NAXALBARI,WEST BENGAL,1811
S2522,SANTA KUMAR PRADHAN,Indian National Congress,KALIMPONG,WEST BENGAL,1809
S25249,GURUPADA SARDAR,Indian National Congress,RANIBANDH,WEST BENGAL,1809
S256,BINAPANI RAY,Socialist Unity Centre Of India (COMMUNIST),SITAI,WEST BENGAL,1809
S25183,KOUSHIK ROY,Indian National Congress,JAGATBALLAVPUR,WEST BENGAL,1805
S25191,HARICHAND MAJUMDAR,Bahujan Samaj Party,BALAGARH,WEST BENGAL,1803
S2574,HABIBUR RAHAMAN MONDAL(SOHEL),Revolutionary Socialist Party,NOWDA,WEST BENGAL,1800
S25262,NOTA,None of the Above,JAMALPUR,WEST BENGAL,1798
S2511,NOTA,None of the Above,KALCHINI,WEST BENGAL,1795
S25232,NOTA,None of the Above,CHANDRAKONA,WEST BENGAL,1795
S25115,NOTA,None of the Above,RAJARHAT NEW TOWN,WEST BENGAL,1792
S2510,BIKASH ORAON,Independent,KUMARGRAM,WEST BENGAL,1791
S2554,NOTA,None of the Above,BAISNABNAGAR,WEST BENGAL,1789
S25243,MAMATA HANSDA (MANDI),Bahujan Samaj Party,MANBAZAR,WEST BENGAL,1787
S2555,NOTA,None of the Above,FARAKKA,WEST BENGAL,1783
S2589,NOTA,None of the Above,RANAGHAT UTTAR PURBA,WEST BENGAL,1779
S2571,NOTA,None of the Above,BELDANGA,WEST BENGAL,1779
S25255,SUKLA BANDYOPADHYAY,Independent,BISHNUPUR,WEST BENGAL,1776
S25130,SHUBHRANGSHU NAYEK,Indian National Congress,PATHARPRATIMA,WEST BENGAL,1775
S254,NOTA,None of the Above,COOCHBEHAR DAKSHIN,WEST BENGAL,1770
S2527,BAISHAKHI RAVA ROY,Independent,PHANSIDEWA,WEST BENGAL,1769
S25174,NOTA,None of the Above,SANKRAIL,WEST BENGAL,1769
S2524,NOTA,None of the Above,KURSEONG,WEST BENGAL,1768
S25185,SUBRATA MUKHOPADHYAY,Indian National Congress,UTTARPARA,WEST BENGAL,1764
S25248,MADHU SUDAN MANDAL,Independent,CHHATNA,WEST BENGAL,1762
S25218,ANJAN KUMAR PATTANAYAK,Indian National Congress,EGRA,WEST BENGAL,1760
S25234,JHARNA JANA,Socialist Unity Centre Of India (COMMUNIST),SALBONI,WEST BENGAL,1758
S25240,MANOJ KUMAR MAHATO,Jharkhand Loktantrik Krantikari Morcha,BAGHMUNDI,WEST BENGAL,1757
S25143,GOUTAM BHATTACHARYA,Indian National Congress,DIAMOND HARBOUR,WEST BENGAL,1756
S25184,ALOKE KOLEY,Indian National Congress,DOMJUR,WEST BENGAL,1752
S25196,NOTA,None of the Above,HARIPAL,WEST BENGAL,1747
S25249,SARASWATI  SARDAR,Independent,RANIBANDH,WEST BENGAL,1746
S25269,AMITAVA BHATTACHARYA,Indian National Congress,PURBASTHALI UTTAR,WEST BENGAL,1742
S25175,NOTA,None of the Above,PANCHLA,WEST BENGAL,1739
S2557,NOTA,None of the Above,SUTI,WEST BENGAL,1735
S25272,MANDAL AZIZUL,Aam Janata Unnayan party,MANGALKOT,WEST BENGAL,1733
S2523,MADHAP RAI,Indian National Congress,DARJEELING,WEST BENGAL,1729
S25146,PURNENDU NASKAR,Independent,BISHNUPUR,WEST BENGAL,1728
S25242,NOTA,None of the Above,PURULIA,WEST BENGAL,1728
S25175,RAHUL PANDEY,Indian National Congress,PANCHLA,WEST BENGAL,1728
S2551,NOTA,None of the Above,ENGLISH BAZAR,WEST BENGAL,1727
S2531,NOTA,None of the Above,CHAKULIA,WEST BENGAL,1724
S25185,NOTA,None of the Above,UTTARPARA,WEST BENGAL,1722
S25230,NOTA,None of the Above,DASPUR,WEST BENGAL,1711
S25288,DEBABRATA BALA,Independent,LABPUR,WEST BENGAL,1703
S25279,NOTA,None of the Above,JAMURIA,WEST BENGAL,1701
S25251,NOTA,None of the Above,TALDANGRA,WEST BENGAL,1699
S25204,DIPAK KUMAR PATRA,Indian National Congress,PANSKURA PURBA,WEST BENGAL,1699
S25239,ANANDI TUDU,Bahujan Samaj Party,BALARAMPUR,WEST BENGAL,1698
S25202,NOTA,None of the Above,KHANAKUL,WEST BENGAL,1695
S25193,SOUGATA GHOSH,Indian National Congress,SAPTAGRAM,WEST BENGAL,1691
S2524,UTTAM BRAHMAN,Communist Party of India (Marxist),KURSEONG,WEST BENGAL,1690
S25137,BAPI BAGANI,Independent,BARUIPUR PURBA,WEST BENGAL,1690
S25157,NOTA,None of the Above,METIABURUZ,WEST BENGAL,1685
S25125,NOTA,None of the Above,BASIRHAT UTTAR,WEST BENGAL,1684
S255,PARESH CHANDRA MANTA,Independent,SITALKUCHI,WEST BENGAL,1684
S25137,NOTA,None of the Above,BARUIPUR PURBA,WEST BENGAL,1683
S25178,INTAJ ALI SHAH,Indian National Congress,ULUBERIA DAKSHIN,WEST BENGAL,1678
S25287,RAM PRASAD THANDAR,Bahujan Samaj Party,NANOOR,WEST BENGAL,1673
S25243,AMULYA SAREN,Independent,MANBAZAR,WEST BENGAL,1669
S25227,SUSANTA MANDAL,Indian National Congress,PINGLA,WEST BENGAL,1668
S25146,NOTA,None of the Above,BISHNUPUR,WEST BENGAL,1668
S25255,GULJAR BAYEN,Aam Janata Unnayan party,BISHNUPUR,WEST BENGAL,1668
S25230,KOUSIK GOSWAMI,Indian National Congress,DASPUR,WEST BENGAL,1665
S25256,NOTA,None of the Above,KATULPUR,WEST BENGAL,1662
S25207,SEKH MATIN,Indian National Congress,NANDAKUMAR,WEST BENGAL,1661
S25126,NOTA,None of the Above,HINGALGANJ,WEST BENGAL,1660
S25291,SOUMEN MAL,Independent,RAMPURHAT,WEST BENGAL,1660
S259,DEBENDRANATH BARMA,Indian National Congress,TUFANGANJ,WEST BENGAL,1658
S25262,RAJIB SAHA,Indian National Congress,JAMALPUR,WEST BENGAL,1656
S2535,NOTA,None of the Above,RAIGANJ,WEST BENGAL,1654
S25145,NOTA,None of the Above,SATGACHHIA,WEST BENGAL,1654
S255,NOTA,None of the Above,SITALKUCHI,WEST BENGAL,1654
S2556,NOTA,None of the Above,SAMSERGANJ,WEST BENGAL,1654
S25248,ABINASH HANSDA,Socialist Unity Centre Of India (COMMUNIST),CHHATNA,WEST BENGAL,1653
S25117,PARTHA BHAUMIK,Indian National Congress,RAJARHAT  GOPALPUR,WEST BENGAL,1653
S25225,NOTA,None of the Above,NARAYANGARH,WEST BENGAL,1651
S2524,SAROJ KUMAR KHATTRI,Indian National Congress,KURSEONG,WEST BENGAL,1651
S25192,NOTA,None of the Above,PANDUA,WEST BENGAL,1651
S2539,PRADIP KUMAR MITRA,Indian National Congress,BALURGHAT,WEST BENGAL,1648
S2532,NOTA,None of the Above,KARANDIGHI,WEST BENGAL,1647
S25267,DHURJATI MAJI,Indian National Congress,BHATAR,WEST BENGAL,1647
S25124,SHABANA PARVIN,All India Majlis-E-Ittehadul Muslimeen,BASIRHAT DAKSHIN,WEST BENGAL,1646
S25136,TAPAS KUMAR BAIDYA,Indian National Congress,JAYNAGAR,WEST BENGAL,1644
S25164,SHAHINA JAVED,Indian National Congress,BELEGHATA,WEST BENGAL,1638
S25153,NOTA,None of the Above,BEHALA PURBA,WEST BENGAL,1635
S2570,NOTA,None of the Above,REJINAGAR,WEST BENGAL,1634
S25285,RAJINA KHATUN,Independent,SURI,WEST BENGAL,1631
S25239,SITARAM HANSDA,Ambedkarite Party of India,BALARAMPUR,WEST BENGAL,1630
S25236,NOTA,None of the Above,MEDINIPUR,WEST BENGAL,1628
S25139,NOTA,None of the Above,CANNING PURBA,WEST BENGAL,1624
S2568,SYED AZIZUR HOSSAIN (NASHIM),Independent,KANDI,WEST BENGAL,1623
S2569,NOTA,None of the Above,BHARATPUR,WEST BENGAL,1620
S25182,DEBRAJ GAYEN,Independent,UDAYNARAYANPUR,WEST BENGAL,1618
S25209,ABHIMANYU MONDAL,Indian National Congress,HALDIA,WEST BENGAL,1617
S2540,BANKIM CHANDRA TOPPO,Indian National Congress,TAPAN,WEST BENGAL,1616
S2587,NABAKUMAR MONDAL,Indian National Congress,RANAGHAT UTTAR PASCHIM,WEST BENGAL,1610
S257,HARIHAR ROY SINGHA,Indian National Congress,DINHATA,WEST BENGAL,1608
S25110,DHANANJAY MAITRA,Indian National Congress,DUM DUM UTTAR,WEST BENGAL,1607
S25154,SAIBAL RAY,Indian National Congress,BEHALA PASCHIM,WEST BENGAL,1606
S25200,NOTA,None of the Above,ARAMBAG,WEST BENGAL,1606
S25289,BISWANATH BHALLA,Independent,SAINTHIA,WEST BENGAL,1601
S2532,MURSID ALAM,Indian National Congress,KARANDIGHI,WEST BENGAL,1599
S25292,KHANDEKAR ARAF AHAMED,Independent,HANSAN,WEST BENGAL,1599
S25163,KASHIF REZA,Indian National Congress,ENTALLY,WEST BENGAL,1599
S25151,NOTA,None of the Above,SONARPUR UTTAR,WEST BENGAL,1599
S25148,NOTA,None of the Above,BHANGAR,WEST BENGAL,1595
S2518,SANJIB ROY,Independent,RAJGANJ,WEST BENGAL,1594
S25200,KAJALLATA KUNDU,Bahujan Samaj Party,ARAMBAG,WEST BENGAL,1589
S25118,ANANTA RAY,Indian National Congress,MADHYAMGRAM,WEST BENGAL,1587
S2554,MUZKERA BIBI,Aam Janata Unnayan party,BAISNABNAGAR,WEST BENGAL,1584
S2537,NOTA,None of the Above,KUSHMANDI,WEST BENGAL,1584
S25203,NOTA,None of the Above,TAMLUK,WEST BENGAL,1583
S25257,NOTA,None of the Above,INDUS,WEST BENGAL,1582
S25289,KOUSHIK SAHA,Gondvana Gantantra Party,SAINTHIA,WEST BENGAL,1578
S25145,PRABHASH CHANDRA GHOSH,Indian National Congress,SATGACHHIA,WEST BENGAL,1577
S2593,NOTA,None of the Above,HARINGHATA,WEST BENGAL,1575
S25173,NOTA,None of the Above,HOWRAH DAKSHIN,WEST BENGAL,1574
S25195,SUBHASIS DUTTA,Indian National Congress,JANGIPARA,WEST BENGAL,1572
S2541,JUI BARMAN,Indian National Congress,GANGARAMPUR,WEST BENGAL,1570
S25228,UJJAL MUKHERJEE,Indian National Congress,KHARAGPUR,WEST BENGAL,1570
S25102,NOTA,None of the Above,AMDANGA,WEST BENGAL,1569
S25164,NOTA,None of the Above,BELEGHATA,WEST BENGAL,1568
S25117,NOTA,None of the Above,RAJARHAT  GOPALPUR,WEST BENGAL,1568
S25235,HARADHAN SING,Socialist Unity Centre Of India (COMMUNIST),KESHPUR,WEST BENGAL,1560
S2525,NIMESH SUNDAS,Independent,MATIGARA-NAXALBARI,WEST BENGAL,1559
S25109,JAYDEB GHOSH,Indian National Congress,KHARDAHA,WEST BENGAL,1559
S25183,KOUSIK GHOSH,Independent,JAGATBALLAVPUR,WEST BENGAL,1559
S2564,CHAMPA BIBI,Independent,MURSHIDABAD,WEST BENGAL,1559
S25225,SHYAMA PADA JANA,Socialist Unity Centre Of India (COMMUNIST),NARAYANGARH,WEST BENGAL,1558
S25282,RAVI YADAV,Indian National Congress,KULTI,WEST BENGAL,1555
S25252,LINA GHOSH,Socialist Unity Centre Of India (COMMUNIST),BANKURA,WEST BENGAL,1553
S25235,NOTA,None of the Above,KESHPUR,WEST BENGAL,1553
S25202,BIPLAB MAZUMDER,Revolutionary Socialist Party,KHANAKUL,WEST BENGAL,1553
S25289,NOTA,None of the Above,SAINTHIA,WEST BENGAL,1551
S2582,NOTA,None of the Above,CHAPRA,WEST BENGAL,1550
S2515,TAPAS CHANDRA SARKAR,Independent,DHUPGURI,WEST BENGAL,1548
S25262,BISWAJIT BAG,Independent,JAMALPUR,WEST BENGAL,1545
S25119,NOTA,None of the Above,BARASAT,WEST BENGAL,1543
S25278,FAIZ AHMAD,Indian National Congress,RANIGANJ,WEST BENGAL,1543
S25228,NOTA,None of the Above,KHARAGPUR,WEST BENGAL,1535
S25293,NOTA,None of the Above,NALHATI,WEST BENGAL,1533
S25151,JAGANNATH KUMIR,Indian National Congress,SONARPUR UTTAR,WEST BENGAL,1533
S25251,NAYAN DAS CHAKRABORTY,Indian National Congress,TALDANGRA,WEST BENGAL,1532
S2580,SUMIT GHOSH,Independent,KALIGANJ,WEST BENGAL,1530
S2568,REJAUL KARIM,Communist Party of India,KANDI,WEST BENGAL,1530
S25286,DAS SAMIRAN,Bahujan Samaj Party,BOLPUR,WEST BENGAL,1525
S25221,SOURAV GHOSH,Indian National Congress,GOPIBALLAVPUR,WEST BENGAL,1521
S25281,MD. NASIM ANSARI,Independent,ASANSOL UTTAR,WEST BENGAL,1520
S2583,ARGHYA GON,Indian National Congress,KRISHNANAGAR UTTAR,WEST BENGAL,1516
S2525,PAPPU ROY,Independent,MATIGARA-NAXALBARI,WEST BENGAL,1510
S2585,SANJU GHOSH,Independent,KRISHNANAGAR DAKSHIN,WEST BENGAL,1508
S25142,BISWAJIT PRAMANIK,Independent,MAGRAHAT PASCHIM,WEST BENGAL,1507
S255,MANIK CHANDRA BARMAN,Kamatapur Peoples Party (United),SITALKUCHI,WEST BENGAL,1506
S25222,PRASENJIT DE,Indian National Congress,JHARGRAM,WEST BENGAL,1506
S25104,PRADIP KUMAR KUNDU,Indian National Congress,NAIHATI,WEST BENGAL,1505
S2591,MALAY SAHA,Indian National Congress,CHAKDAHA,WEST BENGAL,1504
S25150,SHYAMALI MONDAL,Indian National Congress,JADAVPUR,WEST BENGAL,1502
S25152,NOTA,None of the Above,TOLLYGANJ,WEST BENGAL,1501
S2595,NOTA,None of the Above,BANGAON UTTAR,WEST BENGAL,1500
S25250,ANANTA KISKU,Bahujan Samaj Party,RAIPUR,WEST BENGAL,1499
S25181,BAISAKHI MALIK,Independent,AMTA,WEST BENGAL,1498
S25116,RANAJIT MUKHERJEE,Indian National Congress,BIDHANNAGAR,WEST BENGAL,1498
S25133,KUTUB UDDIN MOLLA,Indian National Congress,KULPI,WEST BENGAL,1497
S2544,NOTA,None of the Above,GAZOLE,WEST BENGAL,1493
S25279,ABHILASH KUMAR PASI,Independent,JAMURIA,WEST BENGAL,1493
S2515,HRISHIKESH ADHIKARI,Independent,DHUPGURI,WEST BENGAL,1492
S2528,AJOY KUMAR SINHA,Amra Bangalee,CHOPRA,WEST BENGAL,1492
S2570,BABAR ALI,Socialist Unity Centre Of India (COMMUNIST),REJINAGAR,WEST BENGAL,1490
S2520,CHANDAN LOHARA,Independent,MAL,WEST BENGAL,1490
S2524,SUMENDRA TAMANG,Independent,KURSEONG,WEST BENGAL,1488
S25191,ASHOK BISWAS,Indian National Congress,BALAGARH,WEST BENGAL,1487
S25270,NOTA,None of the Above,KATWA,WEST BENGAL,1486
S25198,NOTA,None of the Above,TARAKESWAR,WEST BENGAL,1485
S25154,NOTA,None of the Above,BEHALA PASCHIM,WEST BENGAL,1484
S25254,SHYAMAL CHATTERJEE,Independent,ONDA,WEST BENGAL,1482
S25245,SHAKTIPADA SEN,Independent,PARA,WEST BENGAL,1482
S25251,PRASENJIT SINGHA,Independent,TALDANGRA,WEST BENGAL,1480
S25257,ANUPAM BAGDI,Independent,INDUS,WEST BENGAL,1479
S25114,SUSMITA BISWAS,Indian National Congress,DUM DUM,WEST BENGAL,1476
S25244,DIPAK MAHATO,Socialist Unity Centre Of India (COMMUNIST),KASHIPUR,WEST BENGAL,1476
S25110,NOTA,None of the Above,DUM DUM UTTAR,WEST BENGAL,1475
S25118,NOTA,None of the Above,MADHYAMGRAM,WEST BENGAL,1474
S2530,SHAMBHU LAL ROY,Swaraj India,GOALPOKHAR,WEST BENGAL,1471
S25129,NOTA,None of the Above,KULTALI,WEST BENGAL,1470
S25213,NOTA,None of the Above,KANTHI UTTAR,WEST BENGAL,1467
S2515,HARISH CHANDRA ROY,Indian National Congress,DHUPGURI,WEST BENGAL,1467
S2584,SAMIR SAHA,Indian National Congress,NABADWIP,WEST BENGAL,1464
S2593,BIJAY MAJUMDAR,Independent,HARINGHATA,WEST BENGAL,1464
S2550,SANTANU ROY,Independent,MALDAHA,WEST BENGAL,1464
S2518,TUSHAR KANTI ROY,Indian National Congress,RAJGANJ,WEST BENGAL,1460
S25114,NOTA,None of the Above,DUM DUM,WEST BENGAL,1459
S25124,JISHNUDEEP MAJUMDAR,Independent,BASIRHAT DAKSHIN,WEST BENGAL,1454
S2547,NOTA,None of the Above,MALATIPUR,WEST BENGAL,1453
S2592,ASIMANANDA MAJUMDER,Indian National Congress,KALYANI,WEST BENGAL,1453
S25194,NOTA,None of the Above,CHANDITALA,WEST BENGAL,1451
S25198,JAYDEB SANTRA,Independent,TARAKESWAR,WEST BENGAL,1449
S2548,NOTA,None of the Above,RATUA,WEST BENGAL,1447
S25178,NOTA,None of the Above,ULUBERIA DAKSHIN,WEST BENGAL,1446
S2539,NOTA,None of the Above,BALURGHAT,WEST BENGAL,1444
S2564,NOTA,None of the Above,MURSHIDABAD,WEST BENGAL,1442
S25261,NOTA,None of the Above,RAINA,WEST BENGAL,1442
S2540,NOTA,None of the Above,TAPAN,WEST BENGAL,1441
S25177,KALYANI HALDAR,Indian National Congress,ULUBERIA UTTAR,WEST BENGAL,1438
S2541,NOTA,None of the Above,GANGARAMPUR,WEST BENGAL,1438
S2513,NOTA,None of the Above,FALAKATA,WEST BENGAL,1432
S25228,MANMATHA NATH DOLAI,Independent,KHARAGPUR,WEST BENGAL,1429
S25167,SUGATO ROY CHAUDHURI,Indian National Congress,MANIKTALA,WEST BENGAL,1426
S2562,OMAR KHAYYAM (ZIKO),Socialist Unity Centre Of India (COMMUNIST),BHAGAWANGOLA,WEST BENGAL,1423
S259,NOTA,None of the Above,TUFANGANJ,WEST BENGAL,1421
S25101,ANGSHUMAN ROY,Indian National Congress,ASHOKNAGAR,WEST BENGAL,1417
S25143,PANNALAL HALDER,Independent,DIAMOND HARBOUR,WEST BENGAL,1410
S25180,SK HAFIZUR RAHAMAN,Indian National Congress,BAGNAN,WEST BENGAL,1408
S25237,MRITYUNJAY SAREN,Independent,BINPUR,WEST BENGAL,1406
S2580,MOHIUDDIN MONDAL,Socialist Unity Centre Of India (COMMUNIST),KALIGANJ,WEST BENGAL,1406
S2514,ISHAK RABHA,Bahujan Samaj Party,MADARIHAT,WEST BENGAL,1406
S2538,GOLAM MORTUJA MONDAL,Indian National Congress,KUMARGANJ,WEST BENGAL,1404
S2551,SAFIUL HOQUE,Independent,ENGLISH BAZAR,WEST BENGAL,1402
S25128,NOTA,None of the Above,BASANTI,WEST BENGAL,1402
S25202,CHAYANA KHAN,Bahujan Samaj Party,KHANAKUL,WEST BENGAL,1400
S25257,ANIRBAN DAKUA,Independent,INDUS,WEST BENGAL,1400
S25257,NANDA MONDAL,Independent,INDUS,WEST BENGAL,1400
S25208,KAJAL NAYEK DAS,Indian National Congress,MAHISADAL,WEST BENGAL,1399
S2524,MOHAN SHARMA,Independent,KURSEONG,WEST BENGAL,1399
S25140,ASIT LAL NAG,Indian National Congress,BARUIPUR PASCHIM,WEST BENGAL,1397
S25139,SABIR ALI SARDAR,Indian National Congress,CANNING PURBA,WEST BENGAL,1397
S2584,SUBHANKAR HALDAR,Independent,NABADWIP,WEST BENGAL,1396
S25204,NOTA,None of the Above,PANSKURA PURBA,WEST BENGAL,1396
S251,HITEN BARMAN,Socialist Unity Centre Of India (COMMUNIST),MEKLIGANJ,WEST BENGAL,1392
S2529,GUDDY RIAZ,Indian National Congress,ISLAMPUR,WEST BENGAL,1391
S2522,ALDRIN LEPCHA,Independent,KALIMPONG,WEST BENGAL,1389
S25196,SK MOJAFFAR,Independent,HARIPAL,WEST BENGAL,1388
S25122,SUKANTA ROY,Independent,MINAKHAN,WEST BENGAL,1387
S2599,NOTA,None of the Above,BADURIA,WEST BENGAL,1387
S25236,SUSHRITA SAREN,Socialist Unity Centre Of India (COMMUNIST),MEDINIPUR,WEST BENGAL,1386
S256,MANIK ROY,Aam Janata Unnayan party,SITAI,WEST BENGAL,1384
S25116,NOTA,None of the Above,BIDHANNAGAR,WEST BENGAL,1382
S25143,NOTA,None of the Above,DIAMOND HARBOUR,WEST BENGAL,1379
S25133,NOTA,None of the Above,KULPI,WEST BENGAL,1378
S25246,DHARANI DHAR BAURI,Independent,RAGHUNATHPUR,WEST BENGAL,1378
S2564,PRALLAD MAHATO,Bahujan Samaj Party,MURSHIDABAD,WEST BENGAL,1376
S2565,BARUN MANDAL,Socialist Unity Centre Of India (COMMUNIST),NABAGRAM,WEST BENGAL,1375
S25231,RUMA PATRA,Independent,GHATAL,WEST BENGAL,1374
S2575,MUSTAFIJUR RAHAMAN,Independent,DOMKAL,WEST BENGAL,1373
S2544,MIRANA SARKAR,Independent,GAZOLE,WEST BENGAL,1372
S25107,NOTA,None of the Above,NOAPARA,WEST BENGAL,1372
S25191,SUKDEB BISWAS,Socialist Unity Centre Of India (COMMUNIST),BALAGARH,WEST BENGAL,1372
S2535,SABINAY DAS,Independent,RAIGANJ,WEST BENGAL,1372
S2523,MILAN THOKAR,Rastriya Aam Jan Seva Party,DARJEELING,WEST BENGAL,1371
S25147,SUBRATA DUTTA,Indian National Congress,SONARPUR DAKSHIN,WEST BENGAL,1368
S25225,SK ALAM HOSSAIN,Indian National Congress,NARAYANGARH,WEST BENGAL,1367
S25280,SOUVIK MUKHERJEE,Indian National Congress,ASANSOL DAKSHIN,WEST BENGAL,1367
S2586,ALOK CHATTERJEE,Indian National Congress,SANTIPUR,WEST BENGAL,1365
S2557,BADIRUL ISLAM,Independent,SUTI,WEST BENGAL,1365
S25122,DEBABRATA MONDAL,Independent,MINAKHAN,WEST BENGAL,1362
S25263,NOTA,None of the Above,MONTESWAR,WEST BENGAL,1360
S2572,NOTA,None of the Above,BAHARAMPUR,WEST BENGAL,1359
S2585,BOMKESH GHOSH,Independent,KRISHNANAGAR DAKSHIN,WEST BENGAL,1359
S2583,BIDHAN HALDER,Bahujan Samaj Party,KRISHNANAGAR UTTAR,WEST BENGAL,1358
S25222,SUNDAR MOHAN MURMU,Bahujan Samaj Party,JHARGRAM,WEST BENGAL,1356
S25261,SANJU POREL,Independent,RAINA,WEST BENGAL,1354
S255,KAMAL BARMAN,Amra Bangalee,SITALKUCHI,WEST BENGAL,1352
S25194,DEBASHISH MUKHERJEE,Independent,CHANDITALA,WEST BENGAL,1348
S25178,UTTAM KUMAR MONDAL,Independent,ULUBERIA DAKSHIN,WEST BENGAL,1348
S25191,NOTA,None of the Above,BALAGARH,WEST BENGAL,1347
S25250,RABINDRANATH HEMBROM,Independent,RAIPUR,WEST BENGAL,1345
S25112,KALLOL MUKHERJEE,Indian National Congress,KAMARHATI,WEST BENGAL,1345
S2576,NOTA,None of the Above,JALANGI,WEST BENGAL,1345
S25195,TAPAS PAUL,Independent,JANGIPARA,WEST BENGAL,1340
S25168,TARAK PAL,Indian National Congress,KASHIPUR-BELGACHHIA,WEST BENGAL,1340
S25237,SAMAY HANSDA,Independent,BINPUR,WEST BENGAL,1339
S25223,NOTA,None of the Above,KESHIARY,WEST BENGAL,1338
S25229,CHITTA RANJAN JANA,Indian National Congress,DEBRA,WEST BENGAL,1337
S25242,SHOBHA MAHATO,Socialist Unity Centre Of India (COMMUNIST),PURULIA,WEST BENGAL,1335
S25264,NOTA,None of the Above,KALNA,WEST BENGAL,1333
S25265,PRABIR GANGULI,Indian National Congress,MEMARI,WEST BENGAL,1332
S2552,NOTA,None of the Above,MOTHABARI,WEST BENGAL,1328
S25124,NOTA,None of the Above,BASIRHAT DAKSHIN,WEST BENGAL,1327
S256,NOTA,None of the Above,SITAI,WEST BENGAL,1324
S2517,SUJIT MANDAL,Independent,JALPAIGURI,WEST BENGAL,1322
S2518,NOTA,None of the Above,RAJGANJ,WEST BENGAL,1322
S2544,BIJOY KUMAR BISWAS,Independent,GAZOLE,WEST BENGAL,1321
S25223,KALACHAND TUDU,Indian National Congress,KESHIARY,WEST BENGAL,1319
S25192,SEKH NASIRUDDIN,Aam Janata Unnayan party,PANDUA,WEST BENGAL,1319
S25276,DIPAK DHALI,Independent,DURGAPUR PURBA,WEST BENGAL,1318
S25109,NOTA,None of the Above,KHARDAHA,WEST BENGAL,1316
S25240,MIHIR CHANDRA MAHATO,Independent,BAGHMUNDI,WEST BENGAL,1315
S25291,ANAS AHMED,Aam Janata Unnayan party,RAMPURHAT,WEST BENGAL,1311
S25231,NOTA,None of the Above,GHATAL,WEST BENGAL,1308
S25220,BANKA CHAND MANDI,Independent,NAYAGRAM,WEST BENGAL,1305
S25226,NOTA,None of the Above,SABANG,WEST BENGAL,1305
S2574,HUMAYUN KABIR SEKH,Independent,NOWDA,WEST BENGAL,1305
S25280,DIPIKA BAURI,Independent,ASANSOL DAKSHIN,WEST BENGAL,1304
S25172,NOTA,None of the Above,SHIBPUR,WEST BENGAL,1300
S2573,NOTA,None of the Above,HARIHARPARA,WEST BENGAL,1300
S25160,NOTA,None of the Above,RASHBEHARI,WEST BENGAL,1296
S25249,MONORANJAN BESRA,Ambedkarite Party of India,RANIBANDH,WEST BENGAL,1295
S2534,MINTU BARMAN,Independent,KALIAGANJ,WEST BENGAL,1293
S25224,NOTA,None of the Above,KHARAGPUR SADAR,WEST BENGAL,1290
S25275,NOTA,None of the Above,PANDABESWAR,WEST BENGAL,1289
S2536,SWAPAN KUMAR RAY,Independent,ITAHAR,WEST BENGAL,1289
S25216,NOTA,None of the Above,KANTHI DAKSHIN,WEST BENGAL,1288
S251,ILA RANI ROY,Indian National Congress,MEKLIGANJ,WEST BENGAL,1288
S25268,FAJAR ALI SEIKH,Aam Janata Unnayan party,PURBASTHALI DAKSHIN,WEST BENGAL,1288
S25101,TAPAS BANERJEE,Independent,ASHOKNAGAR,WEST BENGAL,1285
S2583,JOYDIP CHAUDHURI,Socialist Unity Centre Of India (COMMUNIST),KRISHNANAGAR UTTAR,WEST BENGAL,1284
S25142,ABDUL MAJID HALDER,Indian National Congress,MAGRAHAT PASCHIM,WEST BENGAL,1283
S25169,PRIYANKA CHOUDHURY,Indian National Congress,BALLY,WEST BENGAL,1283
S25121,MRINAL MALLICK,Independent,HAROA,WEST BENGAL,1279
S25128,GOURI NASKAR,Independent,BASANTI,WEST BENGAL,1277
S25217,NOTA,None of the Above,RAMNAGAR,WEST BENGAL,1277
S2581,JEBUNNESSA MUNSHI,Aam Janata Unnayan party,NAKASHIPARA,WEST BENGAL,1276
S25120,ANISUR RAHAMAN,Independent,DEGANGA,WEST BENGAL,1275
S2567,RAKESH BAGDI,Independent,BURWAN,WEST BENGAL,1275
S25155,NOTA,None of the Above,MAHESHTALA,WEST BENGAL,1273
S25245,JAGANNATH BAURI,Socialist Unity Centre Of India (COMMUNIST),PARA,WEST BENGAL,1273
S25275,UTTAM KUMAR ROY,Indian National Congress,PANDABESWAR,WEST BENGAL,1273
S2598,BIDYUT MONDAL,Independent,SWARUPNAGAR,WEST BENGAL,1271
S25259,NOTA,None of the Above,KHANDAGHOSH,WEST BENGAL,1271
S25261,SHIULI SINGH,Independent,RAINA,WEST BENGAL,1267
S2560,JOGES MARJIT,Independent,SAGARDIGHI,WEST BENGAL,1266
S2569,VIVEKANANDA GHOSH,Independent,BHARATPUR,WEST BENGAL,1265
S25255,SHASHIBHUSAN BANERJEE,Socialist Unity Centre Of India (COMMUNIST),BISHNUPUR,WEST BENGAL,1264
S25288,RATNA SEN,Indian National Congress,LABPUR,WEST BENGAL,1263
S25151,SARASWATI MONDAL,Independent,SONARPUR UTTAR,WEST BENGAL,1262
S25205,NOTA,None of the Above,PANSKURA PASCHIM,WEST BENGAL,1262
S25269,SUKHCHAND GHOSH,Independent,PURBASTHALI UTTAR,WEST BENGAL,1261
S25287,JOYSHRI HAZRA,Independent,NANOOR,WEST BENGAL,1260
S2593,HIMANTI DAS,Indian National Congress,HARINGHATA,WEST BENGAL,1259
S25177,NANDALAL GHUKU,Independent,ULUBERIA UTTAR,WEST BENGAL,1258
S25159,PRADIP PRASAD,Indian National Congress,BHABANIPUR,WEST BENGAL,1257
S25131,NASIR UDDIN AHAMED,Indian National Congress,KAKDWIP,WEST BENGAL,1256
S2544,SUSHIL CHANDRA BARMAN,Ambedkarite Party of India,GAZOLE,WEST BENGAL,1255
S25176,NOTA,None of the Above,ULUBERIA PURBA,WEST BENGAL,1251
S2528,MD NASIRUDDIN,Independent,CHOPRA,WEST BENGAL,1250
S25222,PRABIR MAHATA,Independent,JHARGRAM,WEST BENGAL,1250
S25168,NOTA,None of the Above,KASHIPUR-BELGACHHIA,WEST BENGAL,1250
S25238,BIJAY KUMAR MANDI,Independent,BANDWAN,WEST BENGAL,1249
S25284,SUDHAN BAURI,Independent,DUBRAJPUR,WEST BENGAL,1245
S2543,MANJLA MARDI,Independent,HABIBPUR,WEST BENGAL,1245
S25250,SUKLAL TUDU,Aam Janata Unnayan party,RAIPUR,WEST BENGAL,1242
S256,SUNIL CHANDRA MAHANTA,Independent,SITAI,WEST BENGAL,1241
S25106,MANDIRA CHAKRABORTY,Indian National Congress,JAGATDAL,WEST BENGAL,1240
S25121,MD. RABIUL MOLLAH,Indian National Congress,HAROA,WEST BENGAL,1237
S25140,TILAK MONDAL,Independent,BARUIPUR PASCHIM,WEST BENGAL,1237
S2543,LAKHIN HEMBROM,Independent,HABIBPUR,WEST BENGAL,1235
S25223,SUNIL SINGH,Socialist Unity Centre Of India (COMMUNIST),KESHIARY,WEST BENGAL,1233
S2518,RADHU MANDAL,Bahujan Samaj Party,RAJGANJ,WEST BENGAL,1232
S2598,NOTA,None of the Above,SWARUPNAGAR,WEST BENGAL,1230
S25125,MOKADDAS HOSSAIN,Independent,BASIRHAT UTTAR,WEST BENGAL,1229
S2588,MILAN KUMAR MANDAL,Independent,KRISHNAGANJ,WEST BENGAL,1229
S25265,NOTA,None of the Above,MEMARI,WEST BENGAL,1229
S25115,NARAYAN  MANDAL,Independent,RAJARHAT NEW TOWN,WEST BENGAL,1227
S25192,RABIN BASKEY,Ambedkarite Party of India,PANDUA,WEST BENGAL,1227
S2511,ARJUN INDWAR,Mulnibasi Party of India,KALCHINI,WEST BENGAL,1227
S2511,RANAJIT RABHA,Independent,KALCHINI,WEST BENGAL,1227
S2514,SARADIP NARJEENARY,Independent,MADARIHAT,WEST BENGAL,1226
S2528,NOTA,None of the Above,CHOPRA,WEST BENGAL,1225
S25294,SAJIDA KHATUN,Independent,MURARAI,WEST BENGAL,1225
S2526,NOTA,None of the Above,SILIGURI,WEST BENGAL,1224
S2590,NOTA,None of the Above,RANAGHAT DAKSHIN,WEST BENGAL,1223
S25226,TAPAN KUMAR SASMAL,Socialist Unity Centre Of India (COMMUNIST),SABANG,WEST BENGAL,1221
S25123,SAJAL KUMAR SARDAR,Independent,SANDESHKHALI,WEST BENGAL,1221
S25134,GUNASINDHU HALDAR,Socialist Unity Centre Of India (COMMUNIST),RAIDIGHI,WEST BENGAL,1216
S2557,MD SANAUL HOQUE,Independent,SUTI,WEST BENGAL,1212
S25182,ASIT BAKULY,Indian National Congress,UDAYNARAYANPUR,WEST BENGAL,1211
S25219,NOTA,None of the Above,DANTAN,WEST BENGAL,1211
S2599,BEDORA BIBI,Independent,BADURIA,WEST BENGAL,1211
S25221,SUBHASH MAHATO,Independent,GOPIBALLAVPUR,WEST BENGAL,1209
S2575,NOTA,None of the Above,DOMKAL,WEST BENGAL,1207
S25211,AHMED SK. TASLIM,Indian National Congress,CHANDIPUR,WEST BENGAL,1207
S25246,MAHADEB BAURI,Bahujan Samaj Party,RAGHUNATHPUR,WEST BENGAL,1205
S2542,MIHIR CHANDRA RAY,Independent,HARIRAMPUR,WEST BENGAL,1205
S25108,SAMBHU DAS,Indian National Congress,BARRACKPUR,WEST BENGAL,1202
S25201,SAMIR ROY,Bahujan Samaj Party,GOGHAT,WEST BENGAL,1202
S2549,NOTA,None of the Above,MANIKCHAK,WEST BENGAL,1201
S25252,ARUN CHAND,Rashtriya Lok Janshakti Party,BANKURA,WEST BENGAL,1200
S255,GAJENDRA  BARMAN,Independent,SITALKUCHI,WEST BENGAL,1199
S25207,NOTA,None of the Above,NANDAKUMAR,WEST BENGAL,1198
S25279,SWARUP GOPE (RAKHU),Independent,JAMURIA,WEST BENGAL,1197
S25108,NOTA,None of the Above,BARRACKPUR,WEST BENGAL,1197
S25113,NOTA,None of the Above,BARANAGAR,WEST BENGAL,1197
S25163,RASHID IQBAL,Independent,ENTALLY,WEST BENGAL,1193
S2583,NOTA,None of the Above,KRISHNANAGAR UTTAR,WEST BENGAL,1192
S2533,DULAL CHANDRA SARKAR,Independent,HEMTABAD,WEST BENGAL,1191
S2575,AYESHA SIDDIQUA,Socialist Unity Centre Of India (COMMUNIST),DOMKAL,WEST BENGAL,1191
S25113,KALYANI CHAKRABORTY,Indian National Congress,BARANAGAR,WEST BENGAL,1191
S2563,MOSTOFA MONJUR ELAHI,Independent,RANINAGAR,WEST BENGAL,1190
S2548,LAKSHI NARAYAN CHOWDHURY,Independent,RATUA,WEST BENGAL,1190
S25219,SUBHASH DAS,Socialist Unity Centre Of India (COMMUNIST),DANTAN,WEST BENGAL,1189
S25269,NOTA,None of the Above,PURBASTHALI UTTAR,WEST BENGAL,1188
S25104,NOTA,None of the Above,NAIHATI,WEST BENGAL,1187
S25196,SUROJ PHUSTI,Independent,HARIPAL,WEST BENGAL,1187
S25246,MAMANI BOURI,Independent,RAGHUNATHPUR,WEST BENGAL,1186
S25128,GOPINATH NAIYA,Indian National Congress,BASANTI,WEST BENGAL,1186
S25286,ARUN DAS,Independent,BOLPUR,WEST BENGAL,1185
S25241,ASHOK KUMAR MURMU,Independent,JOYPUR,WEST BENGAL,1185
S25184,NOTA,None of the Above,DOMJUR,WEST BENGAL,1183
S2590,BIRENDRANATH PODDER,Bahujan Samaj Party,RANAGHAT DAKSHIN,WEST BENGAL,1181
S25264,NILRATAN BISWAS,Socialist Unity Centre Of India (COMMUNIST),KALNA,WEST BENGAL,1180
S25289,SANJAY METE,Bahujan Samaj Party,SAINTHIA,WEST BENGAL,1180
S25146,RABINDRANATH RANJAN,Bahujan Samaj Party,BISHNUPUR,WEST BENGAL,1178
S2599,QUTUBUDDIN AHMED,Independent,BADURIA,WEST BENGAL,1176
S25111,SUBHASHISH BHATTACHARYA (TATA),Indian National Congress,PANIHATI,WEST BENGAL,1175
S25102,S.MUKTAR AHAMED,Independent,AMDANGA,WEST BENGAL,1174
S25122,SUNAYANA BISWAS,Indian National Congress,MINAKHAN,WEST BENGAL,1171
S252,DR. HAREKRISHNA SARKAR,Independent,MATHABHANGA,WEST BENGAL,1168
S2537,PARESH ADHIKARI,Independent,KUSHMANDI,WEST BENGAL,1167
S2580,ARIKH AKHER,Indian Union Muslim League,KALIGANJ,WEST BENGAL,1167
S2589,BARNALI BISWAS,Independent,RANAGHAT UTTAR PURBA,WEST BENGAL,1167
S25294,NOTA,None of the Above,MURARAI,WEST BENGAL,1166
S257,PRABIR KUMAR ROY SARKAR,Independent,DINHATA,WEST BENGAL,1166
S25131,NOTA,None of the Above,KAKDWIP,WEST BENGAL,1165
S25123,YUDHISTHIR BHUMIJ,Indian National Congress,SANDESHKHALI,WEST BENGAL,1162
S25138,MILAN DAS,Independent,CANNING PASCHIM,WEST BENGAL,1161
S25101,NOTA,None of the Above,ASHOKNAGAR,WEST BENGAL,1161
S2515,NOTA,None of the Above,DHUPGURI,WEST BENGAL,1159
S25135,CHAND SARADER,Indian National Congress,MANDIRBAZAR,WEST BENGAL,1159
S25102,GOPAL GHOSH,Indian National Congress,AMDANGA,WEST BENGAL,1158
S25238,SOBHARAM MURMU,Independent,BANDWAN,WEST BENGAL,1154
S2546,BHUDEB DAS,Independent,HARISCHANDRAPUR,WEST BENGAL,1153
S25292,NOTA,None of the Above,HANSAN,WEST BENGAL,1153
S25262,GAURHARI PATRA,Bahujan Samaj Party,JAMALPUR,WEST BENGAL,1153
S25134,NOTA,None of the Above,RAIDIGHI,WEST BENGAL,1152
S25244,SUBHADIP PARAMANIK,Independent,KASHIPUR,WEST BENGAL,1148
S25112,NOTA,None of the Above,KAMARHATI,WEST BENGAL,1145
S25100,PRONOB BHATTACHARYYA,Indian National Congress,HABRA,WEST BENGAL,1145
S2558,NOTA,None of the Above,JANGIPUR,WEST BENGAL,1143
S25176,SK  FARHAN AKTAB,Independent,ULUBERIA PURBA,WEST BENGAL,1142
S25256,PABITRA MANDAL,Independent,KATULPUR,WEST BENGAL,1141
S2577,NOTA,None of the Above,KARIMPUR,WEST BENGAL,1140
S25277,DHRUBOJYOTI MUKHERJEE,Independent,DURGAPUR PASCHIM,WEST BENGAL,1138
S25273,MANASA METE,Socialist Unity Centre Of India (COMMUNIST),AUSGRAM,WEST BENGAL,1138
S25269,BABAN GHOSH,Aam Janata Unnayan party,PURBASTHALI UTTAR,WEST BENGAL,1137
S25166,PURNA GHOSH,Indian National Congress,SHYAMPUKUR,WEST BENGAL,1136
S25245,MITHUN BAURI,Bahujan Samaj Party,PARA,WEST BENGAL,1132
S25142,NOTA,None of the Above,MAGRAHAT PASCHIM,WEST BENGAL,1130
S25289,ASTAM MAL,Aam Janata Unnayan party,SAINTHIA,WEST BENGAL,1129
S25251,SUBHENDU MAHATA,Socialist Unity Centre Of India (COMMUNIST),TALDANGRA,WEST BENGAL,1128
S2519,DHANABALA ROY,Independent,DABGRAM-FULBARI,WEST BENGAL,1128
S25240,PARITOSH SINGH BABU,Socialist Unity Centre Of India (COMMUNIST),BAGHMUNDI,WEST BENGAL,1127
S2558,SOMA SAHA DAS,Independent,JANGIPUR,WEST BENGAL,1125
S25249,BABURAM KISKU,Independent,RANIBANDH,WEST BENGAL,1125
S25197,LABANI MAJHI,Independent,DHANEKHALI,WEST BENGAL,1121
S2519,NOTA,None of the Above,DABGRAM-FULBARI,WEST BENGAL,1121
S2585,NOTA,None of the Above,KRISHNANAGAR DAKSHIN,WEST BENGAL,1119
S25130,NARAYAN HALDAR,Socialist Unity Centre Of India (COMMUNIST),PATHARPRATIMA,WEST BENGAL,1119
S252,KSHITENDRA NATH BARMAN,Indian National Congress,MATHABHANGA,WEST BENGAL,1118
S2513,UKIL CHANDRA BHUIMALI,Socialist Unity Centre Of India (COMMUNIST),FALAKATA,WEST BENGAL,1118
S2574,NOTA,None of the Above,NOWDA,WEST BENGAL,1118
S25274,KISHOR BISWAS,Bahujan Samaj Party,GALSI,WEST BENGAL,1116
S258,NOTA,None of the Above,NATABARI,WEST BENGAL,1113
S25189,Ratan Kumar Golder,Indian National Congress,CHANDANNAGAR,WEST BENGAL,1112
S25165,DEEPAK SINGH,Indian National Congress,JORASANKO,WEST BENGAL,1111
S2520,SHIBNATH ORAON,Socialist Unity Centre Of India (COMMUNIST),MAL,WEST BENGAL,1111
S25140,NOTA,None of the Above,BARUIPUR PASCHIM,WEST BENGAL,1110
S2591,NOTA,None of the Above,CHAKDAHA,WEST BENGAL,1110
S25171,NOTA,None of the Above,HOWRAH MADHYA,WEST BENGAL,1110
S25219,UTPAL DATTA,Indian National Congress,DANTAN,WEST BENGAL,1109
S25155,SUPRAKASH MANDAL,Independent,MAHESHTALA,WEST BENGAL,1109
S25209,KEYA RANI DAS,Aam Janata Unnayan party,HALDIA,WEST BENGAL,1108
S25249,SURAJIT BASKEY,Independent,RANIBANDH,WEST BENGAL,1108
S25245,BHASKAR MANDAL,Independent,PARA,WEST BENGAL,1108
S25236,SK. MAFIZUL HAQUE,Independent,MEDINIPUR,WEST BENGAL,1105
S25245,ASHOK RUHIDAS,Independent,PARA,WEST BENGAL,1104
S25143,BIKASH CHANDRA MONDAL,Bahujan Samaj Party,DIAMOND HARBOUR,WEST BENGAL,1103
S25188,KASHINATH SHAW,Aam Janata Unnayan party,SINGUR,WEST BENGAL,1103
S25193,NOTA,None of the Above,SAPTAGRAM,WEST BENGAL,1101
S25199,HABIBAR RAHAMAN SK,Indian National Congress,PURSURAH,WEST BENGAL,1099
S2597,ANIL KUMAR PANDEY,Indian National Congress,GAIGHATA,WEST BENGAL,1097
S252,MRITUNJOY BISWAS,Bahujan Samaj Party,MATHABHANGA,WEST BENGAL,1097
S25179,NOTA,None of the Above,SHYAMPUR,WEST BENGAL,1093
S2511,NARAYAN LAMA,Independent,KALCHINI,WEST BENGAL,1092
S25177,NOTA,None of the Above,ULUBERIA UTTAR,WEST BENGAL,1091
S25145,PALASH KR MONDAL,Independent,SATGACHHIA,WEST BENGAL,1091
S2527,RENUKA MARDI,Aam Janata Unnayan party,PHANSIDEWA,WEST BENGAL,1090
S2584,RAGHUNATH DAS,Independent,NABADWIP,WEST BENGAL,1089
S25134,ASISH KUMAR MANDAL,Indian National Congress,RAIDIGHI,WEST BENGAL,1089
S25229,NOTA,None of the Above,DEBRA,WEST BENGAL,1087
S2515,GANESH MAHATO,Independent,DHUPGURI,WEST BENGAL,1086
S2562,NOTA,None of the Above,BHAGAWANGOLA,WEST BENGAL,1085
S2588,SANKAR SARKAR,Indian National Congress,KRISHNAGANJ,WEST BENGAL,1085
S25291,DHANAPATI CHOUDHURY,Independent,RAMPURHAT,WEST BENGAL,1082
S25294,MOSARRAF,Independent,MURARAI,WEST BENGAL,1077
S25198,BHABANI PRASAD MONDAL,Indian National Congress,TARAKESWAR,WEST BENGAL,1077
S25239,RABILAL MANDI,Independent,BALARAMPUR,WEST BENGAL,1077
S25205,NARAYAN KINKAR MISHRA,Independent,PANSKURA PASCHIM,WEST BENGAL,1072
S2563,SUMIT NATH,Independent,RANINAGAR,WEST BENGAL,1071
S2569,JINNATUN NAHAR GULSAN BEGAM,Communist Party of India (Marxist-Leninist) (Liberation),BHARATPUR,WEST BENGAL,1067
S25152,MANAS SINHA ROY,Indian National Congress,TOLLYGANJ,WEST BENGAL,1066
S25209,NOTA,None of the Above,HALDIA,WEST BENGAL,1066
S25139,SUJIT NASKAR,Socialist Unity Centre Of India (COMMUNIST),CANNING PURBA,WEST BENGAL,1063
S2548,MANTU MANDAL,Peoples Party of India (Democratic),RATUA,WEST BENGAL,1063
S25127,BHUPAL CHANDRA DAS,Indian National Congress,GOSABA,WEST BENGAL,1062
S25206,NOTA,None of the Above,MOYNA,WEST BENGAL,1061
S25138,HARAN CHANDRA MISTRY,Indian National Congress,CANNING PASCHIM,WEST BENGAL,1058
S25167,NOTA,None of the Above,MANIKTALA,WEST BENGAL,1058
S25126,BISWAJIT ROY,Indian National Congress,HINGALGANJ,WEST BENGAL,1056
S25290,AJOY DE,Independent,MAYURESWAR,WEST BENGAL,1055
S2518,ANANTA KUMAR ROY,Socialist Unity Centre Of India (COMMUNIST),RAJGANJ,WEST BENGAL,1054
S2513,DIPANKAR BARMAN,Kamatapur Peoples Party (United),FALAKATA,WEST BENGAL,1047
S2533,BIKASH MONDAL,Independent,HEMTABAD,WEST BENGAL,1046
S2579,FAJLUR RAHAMAN SEKH,Bahujan Samaj Party,PALASHIPARA,WEST BENGAL,1045
S25106,RAJESH THAKUR,Independent,JAGATDAL,WEST BENGAL,1045
S25111,NOTA,None of the Above,PANIHATI,WEST BENGAL,1045
S25130,NOTA,None of the Above,PATHARPRATIMA,WEST BENGAL,1044
S2561,NOTA,None of the Above,LALGOLA,WEST BENGAL,1044
S25205,SK SIRAJUDDIN,Independent,PANSKURA PASCHIM,WEST BENGAL,1043
S2532,SK. MOHAMMAD ALAM,Independent,KARANDIGHI,WEST BENGAL,1042
S2582,SUDHANGSHU SARKAR,Bahujan Samaj Party,CHAPRA,WEST BENGAL,1039
S2553,MD FARUQUE SEKH,Bahujan Samaj Party,SUJAPUR,WEST BENGAL,1038
S25135,NOTA,None of the Above,MANDIRBAZAR,WEST BENGAL,1036
S25206,NIMAI BARMAN,Indian National Congress,MOYNA,WEST BENGAL,1034
S2513,TARUN BARMAN,Independent,FALAKATA,WEST BENGAL,1033
S25282,AKHTAR HUSSAIN MD,Independent,KULTI,WEST BENGAL,1033
S2578,JUDHISTHIR SARKAR,Independent,TEHATTA,WEST BENGAL,1032
S25278,AJAY KUMAR PASWAN,Independent,RANIGANJ,WEST BENGAL,1030
S25266,PRIYANKA DAS,Independent,BARDHAMAN UTTAR,WEST BENGAL,1028
S2554,DUNDUBHI SAHA(PAPAN),Revolutionary Socialist Party,BAISNABNAGAR,WEST BENGAL,1027
S25271,SUSMITA PRADHAN,Bahujan Samaj Party,KETUGRAM,WEST BENGAL,1026
S25250,SHUBHRA HEMBRAM (MURMU,Indian National Congress,RAIPUR,WEST BENGAL,1025
S25182,NOTA,None of the Above,UDAYNARAYANPUR,WEST BENGAL,1022
S25259,APURBALAL BISWAS,Bahujan Samaj Party,KHANDAGHOSH,WEST BENGAL,1022
S25212,PRANAB KUMAR MAHAPATRA,Indian National Congress,PATASHPUR,WEST BENGAL,1022
S25244,MIHIR KUMAR BAURI,Independent,KASHIPUR,WEST BENGAL,1022
S25214,BISWAJIT PANIGRAHI,Indian National Congress,BHAGABANPUR,WEST BENGAL,1020
S25236,PRONAB KUMAR BISWAS,Bahujan Samaj Party,MEDINIPUR,WEST BENGAL,1017
S25192,BIJOY KRISNA SARDAR,Independent,PANDUA,WEST BENGAL,1017
S2584,NOTA,None of the Above,NABADWIP,WEST BENGAL,1016
S2582,MOZAMMEL HOSSAIN MONDAL (BALA),Socialist Unity Centre Of India (COMMUNIST),CHAPRA,WEST BENGAL,1016
S25188,BARUN KUMAR MALIK,Indian National Congress,SINGUR,WEST BENGAL,1015
S25139,ISARAFIL MOLYA,Aam Janata Unnayan party,CANNING PURBA,WEST BENGAL,1014
S2542,NOTA,None of the Above,HARIRAMPUR,WEST BENGAL,1013
S25222,ASHOKE MAHATA,Independent,JHARGRAM,WEST BENGAL,1010
S25222,PRABIR MANDI,Independent,JHARGRAM,WEST BENGAL,1008
S2549,MD SARIFUL,Independent,MANIKCHAK,WEST BENGAL,1006
S25145,UTTAM PAL,Socialist Unity Centre Of India (COMMUNIST),SATGACHHIA,WEST BENGAL,1002
S25122,SAURAV DAS,Independent,MINAKHAN,WEST BENGAL,1001
S2518,PRAKASH CHANDRA ROY,Independent,RAJGANJ,WEST BENGAL,999
S2585,KEYA BISWAS,Independent,KRISHNANAGAR DAKSHIN,WEST BENGAL,998
S2542,RAMKRISHNA MAHATO,Independent,HARIRAMPUR,WEST BENGAL,997
S25234,ATANU MAJI,Independent,SALBONI,WEST BENGAL,995
S2597,NOTA,None of the Above,GAIGHATA,WEST BENGAL,994
S2575,SAHANAJ BEGAM,Independent,DOMKAL,WEST BENGAL,994
S25272,RAMKRISHNA MALIK (DEV),Bahujan Samaj Party,MANGALKOT,WEST BENGAL,991
S25231,SUJAY DOLAI,Bahujan Samaj Party,GHATAL,WEST BENGAL,991
S2536,SAHANAWAZ ALI,Independent,ITAHAR,WEST BENGAL,991
S25240,TUSHAR MAHATO,Independent,BAGHMUNDI,WEST BENGAL,990
S25275,SUMAN BHATTACHARJEE,Independent,PANDABESWAR,WEST BENGAL,989
S2586,SHYAMAL DAS,Independent,SANTIPUR,WEST BENGAL,989
S25177,NIRMAL MAJI,Independent,ULUBERIA UTTAR,WEST BENGAL,988
S25100,NOTA,None of the Above,HABRA,WEST BENGAL,988
S25283,ADWAITYA DAS,Aam Janata Unnayan party,BARABANI,WEST BENGAL,988
S2545,ABDUL KHALEQUE,Independent,CHANCHAL,WEST BENGAL,988
S25241,SUPHAL CHANDRA KUMAR,Socialist Unity Centre Of India (COMMUNIST),JOYPUR,WEST BENGAL,986
S2525,LAXMI  DAS,Socialist Unity Centre Of India (COMMUNIST),MATIGARA-NAXALBARI,WEST BENGAL,983
S25213,SUBRATA MAHAPATRA,Indian National Congress,KANTHI UTTAR,WEST BENGAL,983
S2576,SUBIR KUMAR SARKAR,Amra Bangalee,JALANGI,WEST BENGAL,983
S2571,MD ISMAIL,Bahujan Samaj Party,BELDANGA,WEST BENGAL,983
S25203,HARADHAN MAZUMDAR,Indian National Congress,TAMLUK,WEST BENGAL,982
S25138,Ramprasad Mistry,Socialist Unity Centre Of India (COMMUNIST),CANNING PASCHIM,WEST BENGAL,982
S2596,SWAPAN MAJUMDER,Independent,BANGAON DAKSHIN,WEST BENGAL,980
S2525,BIKASH MANDAL,Independent,MATIGARA-NAXALBARI,WEST BENGAL,980
S251,HIRANMAY DEB SINGHA,Independent,MEKLIGANJ,WEST BENGAL,979
S258,ABDUS SALAM,Socialist Unity Centre Of India (COMMUNIST),NATABARI,WEST BENGAL,976
S2589,BINDU BISWAS,Bahujan Samaj Party,RANAGHAT UTTAR PURBA,WEST BENGAL,976
S259,BIBHAS DAKUA,Independent,TUFANGANJ,WEST BENGAL,974
S25204,ANANDA BARAN HANDA,Socialist Unity Centre Of India (COMMUNIST),PANSKURA PURBA,WEST BENGAL,973
S25202,KOUSHIK ADHIKARY,Independent,KHANAKUL,WEST BENGAL,972
S25106,NOTA,None of the Above,JAGATDAL,WEST BENGAL,972
S2574,SURAJ SK,Bhartiya Lokmat Rashtrawadi Party,NOWDA,WEST BENGAL,971
S25137,PROTAP CHANDRA MONDAL,Indian National Congress,BARUIPUR PURBA,WEST BENGAL,971
S259,KABIR HOSSAIN,Aam Janata Unnayan party,TUFANGANJ,WEST BENGAL,970
S2573,BIJOY MONDAL,Independent,HARIHARPARA,WEST BENGAL,969
S2557,A. K. M HASANUJJAMAN,Revolutionary Socialist Party,SUTI,WEST BENGAL,968
S25218,SANATAN GIRI,Socialist Unity Centre Of India (COMMUNIST),EGRA,WEST BENGAL,968
S2589,NITYA GOPAL MONDAL,Indian National Congress,RANAGHAT UTTAR PURBA,WEST BENGAL,962
S25214,GOPAL CHANDRA PATRA,Socialist Unity Centre Of India (COMMUNIST),BHAGABANPUR,WEST BENGAL,961
S253,PANCHANAN ROY,Independent,COOCHBEHAR UTTAR,WEST BENGAL,961
S25233,MADHURI MAITI,Independent,GARBETA,WEST BENGAL,959
S2516,JOGEN SARKAR,Indian National Congress,MAYNAGURI,WEST BENGAL,959
S2561,ZINNATUN NESHA,Independent,LALGOLA,WEST BENGAL,957
S25104,MAMONI ADHIKARI (BAIDYA),Independent,NAIHATI,WEST BENGAL,957
S2546,NOTA,None of the Above,HARISCHANDRAPUR,WEST BENGAL,954
S2512,ABINASH DAS,Independent,ALIPURDUARS,WEST BENGAL,954
S25227,TAJAMBUL HOSSAIN KHAN,Independent,PINGLA,WEST BENGAL,953
S2553,NOTA,None of the Above,SUJAPUR,WEST BENGAL,952
S2591,UTTAM KUMAR DAS,Independent,CHAKDAHA,WEST BENGAL,951
S25199,TANMOY GHOSH,Independent,PURSURAH,WEST BENGAL,950
S25251,SK SALAM HOSSAIN,Gondvana Gantantra Party,TALDANGRA,WEST BENGAL,950
S25243,RANJIT KUMAR HANSDA,Aam Janata Unnayan party,MANBAZAR,WEST BENGAL,947
S25264,SUBRATA MONDAL,Independent,KALNA,WEST BENGAL,947
S25266,RAMKRISHNA MALIK (DEV),Bahujan Samaj Party,BARDHAMAN UTTAR,WEST BENGAL,946
S255,SHYAMSUNDAR RAY,Bahujan Samaj Party,SITALKUCHI,WEST BENGAL,945
S25134,RAFIK BAIDYA,Independent,RAIDIGHI,WEST BENGAL,945
S25166,NOTA,None of the Above,SHYAMPUKUR,WEST BENGAL,942
S2516,SUJAN MANDAL,Independent,MAYNAGURI,WEST BENGAL,941
S25265,BASANTI BAG(MAJHI),Bahujan Samaj Party,MEMARI,WEST BENGAL,940
S25105,NOTA,None of the Above,BHATPARA,WEST BENGAL,939
S25269,ABHIJIT DAS,Independent,PURBASTHALI UTTAR,WEST BENGAL,939
S2561,MD FIHIAN ALI,Independent,LALGOLA,WEST BENGAL,939
S25286,SAURAV MUDI,Independent,BOLPUR,WEST BENGAL,936
S2569,ABU KOWSAR MALEK ISMILE,Independent,BHARATPUR,WEST BENGAL,936
S25223,TAPAN KUMAR SING,Bahujan Samaj Party,KESHIARY,WEST BENGAL,936
S2530,NOTA,None of the Above,GOALPOKHAR,WEST BENGAL,934
S25267,SK SARIFUL BASAR,Independent,BHATAR,WEST BENGAL,934
S2553,MD JASIMUDDIN,Independent,SUJAPUR,WEST BENGAL,933
S25259,BIJOY KUMAR MAJHI,Independent,KHANDAGHOSH,WEST BENGAL,933
S25190,BRIJ NANDAN PRASAD,Bahujan Samaj Party,CHUNCHURA,WEST BENGAL,933
S2596,NOTA,None of the Above,BANGAON DAKSHIN,WEST BENGAL,932
S2518,SWAPNA BARMAN,Independent,RAJGANJ,WEST BENGAL,932
S25142,MD. ABU SIDDIK LASKAR,Aam Janata Unnayan party,MAGRAHAT PASCHIM,WEST BENGAL,931
S2586,NOTA,None of the Above,SANTIPUR,WEST BENGAL,930
S25155,SHAILESH KUMAR,Bahujan Samaj Party,MAHESHTALA,WEST BENGAL,929
S2547,PRADIP KUMAR DAS,Bahujan Samaj Party,MALATIPUR,WEST BENGAL,929
S2595,NILANJAN SAHA (BAPI),Indian National Congress,BANGAON UTTAR,WEST BENGAL,926
S25148,MASADUL MOLLA,Independent,BHANGAR,WEST BENGAL,926
S25193,SK AKBAR ALI,Independent,SAPTAGRAM,WEST BENGAL,925
S25237,BHIM SAREN,Independent,BINPUR,WEST BENGAL,924
S25169,NOTA,None of the Above,BALLY,WEST BENGAL,924
S2512,BHUPESH DAS,Independent,ALIPURDUARS,WEST BENGAL,923
S2588,NOTA,None of the Above,KRISHNAGANJ,WEST BENGAL,923
S2597,SABYASACHI BISWAS,Bahujan Samaj Party,GAIGHATA,WEST BENGAL,923
S2540,JYOTI KUJUR,Bahujan Samaj Party,TAPAN,WEST BENGAL,922
S2578,NOTA,None of the Above,TEHATTA,WEST BENGAL,922
S25170,OM PRAKASH JAISWAL,Indian National Congress,HOWRAH UTTAR,WEST BENGAL,920
S25210,NOTA,None of the Above,NANDIGRAM,WEST BENGAL,919
S2531,MD. YAMIN AKHTAR,Independent,CHAKULIA,WEST BENGAL,917
S2538,BIPUL TUDU,Bahujan Samaj Party,KUMARGANJ,WEST BENGAL,916
S25273,NIHAR KUMAR HAZRA,Independent,AUSGRAM,WEST BENGAL,914
S252,NOTA,None of the Above,MATHABHANGA,WEST BENGAL,913
S2522,RITA THAPA,Communist Party of India (Marxist),KALIMPONG,WEST BENGAL,911
S2588,CHAINA BISWAS BALA,Independent,KRISHNAGANJ,WEST BENGAL,910
S25242,MATHAN CHANDRA MAHATO,Bahujan Mukti Party,PURULIA,WEST BENGAL,908
S25216,RAJ KUMAR SHEET,Independent,KANTHI DAKSHIN,WEST BENGAL,906
S25229,SELIM KHAN,Rashtriya Lok Janshakti Party,DEBRA,WEST BENGAL,906
S25225,TAPAS MAHAPATRA,Independent,NARAYANGARH,WEST BENGAL,905
S25176,RAJIB ROY,Independent,ULUBERIA PURBA,WEST BENGAL,905
S25136,NOTA,None of the Above,JAYNAGAR,WEST BENGAL,903
S2516,PRIYANKA SARKAR,Bahujan Samaj Party,MAYNAGURI,WEST BENGAL,903
S25119,PRADIP GAYEN,Bahujan Samaj Party,BARASAT,WEST BENGAL,901
S25242,DHIREN RAJAK,Bharateeya Manavadhikar party,PURULIA,WEST BENGAL,900
S251,PURNENDU ROY,Independent,MEKLIGANJ,WEST BENGAL,900
S25220,PRASANTA MURMU,Indian National Congress,NAYAGRAM,WEST BENGAL,899
S25249,RANJAN LAL TUDU,Socialist Unity Centre Of India (COMMUNIST),RANIBANDH,WEST BENGAL,899
S2578,Najbul Ansary,Socialist Unity Centre Of India (COMMUNIST),TEHATTA,WEST BENGAL,898
S25283,DEBSHWAR BESRA,Socialist Unity Centre Of India (COMMUNIST),BARABANI,WEST BENGAL,896
S2569,AJAY RANO,Bahujan Samaj Party,BHARATPUR,WEST BENGAL,896
S253,SUKUMAR ROY,Independent,COOCHBEHAR UTTAR,WEST BENGAL,895
S25268,MANOTOSH MONDAL,Bahujan Samaj Party,PURBASTHALI DAKSHIN,WEST BENGAL,893
S2515,JIBAN MITRA,Bahujan Samaj Party,DHUPGURI,WEST BENGAL,893
S25184,SUJAY MANDAL,Independent,DOMJUR,WEST BENGAL,893
S2572,SAHABUDDIN MALLIK,Independent,BAHARAMPUR,WEST BENGAL,893
S25205,SNEHALATA SAHOO PRADHAN,Socialist Unity Centre Of India (COMMUNIST),PANSKURA PASCHIM,WEST BENGAL,891
S2545,YOUNISH MIA,Bahujan Samaj Party,CHANCHAL,WEST BENGAL,890
S25228,SUJOY GHOSH,Independent,KHARAGPUR,WEST BENGAL,889
S2514,BABITA BARA TIRKEY,Gana Suraksha Party,MADARIHAT,WEST BENGAL,888
S25184,SEKH SAJID,Rashtriya Secular Majlis Party,DOMJUR,WEST BENGAL,888
S25265,BASIRUJJAMAN KAYAL,Aam Janata Unnayan party,MEMARI,WEST BENGAL,887
S25137,JOYDEV NASKAR,Socialist Unity Centre Of India (COMMUNIST),BARUIPUR PURBA,WEST BENGAL,885
S25100,DEBABRATA DAS,Independent,HABRA,WEST BENGAL,885
S252,MIHIR SARKAR,Independent,MATHABHANGA,WEST BENGAL,883
S2558,MD HASANUZZAMAN,Aam Janata Unnayan party,JANGIPUR,WEST BENGAL,882
S2519,ASTAMI ROY,Independent,DABGRAM-FULBARI,WEST BENGAL,881
S2553,MD NASIRUL SK,Independent,SUJAPUR,WEST BENGAL,879
S25230,ASHIS HUTAIT,Independent,DASPUR,WEST BENGAL,878
S25142,PARTHA PULAY,Independent,MAGRAHAT PASCHIM,WEST BENGAL,876
S25194,MD ABUL HASAN GAYEN,Aam Janata Unnayan party,CHANDITALA,WEST BENGAL,876
S25266,GANESH MAJHI,Independent,BARDHAMAN UTTAR,WEST BENGAL,876
S25119,MD. JAHANGIR ALI,Independent,BARASAT,WEST BENGAL,876
S2566,JADAB DAS,Aam Janata Unnayan party,KHARGRAM,WEST BENGAL,876
S25107,MAQSUD HASAN,Independent,NOAPARA,WEST BENGAL,875
S253,UPENDRA NATH BASUNIA,Amra Bangalee,COOCHBEHAR UTTAR,WEST BENGAL,874
S25256,CHALAK SAMIR,Independent,KATULPUR,WEST BENGAL,873
S2510,PAULUS TUDU,Independent,KUMARGRAM,WEST BENGAL,873
S2568,RAJKUMAR MONDAL,Independent,KANDI,WEST BENGAL,873
S25252,RINKU NANDI,Independent,BANKURA,WEST BENGAL,873
S25285,BHASKAR DAS,Bahujan Samaj Party,SURI,WEST BENGAL,872
S2548,ARJUN MANDAL,Independent,RATUA,WEST BENGAL,872
S2567,SUNITA KONAI,Independent,BURWAN,WEST BENGAL,871
S25279,KAZI HASIQUL HOQUE (MEWYA KAZI),Aam Janata Unnayan party,JAMURIA,WEST BENGAL,868
S25103,SHIBABRATA GUHAROY,Indian National Congress,BIJPUR,WEST BENGAL,867
S2574,RAMIJ RAJA BISWAS,Independent,NOWDA,WEST BENGAL,867
S25254,BAREN BHUIN,Independent,ONDA,WEST BENGAL,866
S25135,MALLIKA MONDAL,Independent,MANDIRBAZAR,WEST BENGAL,866
S25274,AMLAN KRISHNA SARKAR,Aam Janata Unnayan party,GALSI,WEST BENGAL,862
S2576,MD HASIM BISWAS,Independent,JALANGI,WEST BENGAL,860
S2515,MALAY SIDDHA,Independent,DHUPGURI,WEST BENGAL,858
S25141,NOTA,None of the Above,MAGRAHAT PURBA,WEST BENGAL,858
S25270,KALIPADA GAIN,Bahujan Samaj Party,KATWA,WEST BENGAL,855
S25216,MASUD MALLIK,Indian National Congress,KANTHI DAKSHIN,WEST BENGAL,855
S2592,SUBRATA DAS,Independent,KALYANI,WEST BENGAL,854
S2550,HARIDAS KARMAKAR,Bahujan Samaj Party,MALDAHA,WEST BENGAL,852
S25241,SHAKTI PADA GORAIN,Amra Bangalee,JOYPUR,WEST BENGAL,849
S25204,SHAIK AZAD ALI,Aam Janata Unnayan party,PANSKURA PURBA,WEST BENGAL,849
S25170,NOTA,None of the Above,HOWRAH UTTAR,WEST BENGAL,848
S2594,KIRTTANIYA PRABIR (BAPI),Indian National Congress,BAGDA,WEST BENGAL,847
S25147,ASIMA MONDAL,Bahujan Samaj Party,SONARPUR DAKSHIN,WEST BENGAL,846
S25198,IMAMUL HASAN MULLIK,Independent,TARAKESWAR,WEST BENGAL,845
S25160,DILIP CHANDRA HALDER,Socialist Unity Centre Of India (COMMUNIST),RASHBEHARI,WEST BENGAL,845
S2581,MASIKUR RAHAMAN KHAN,Socialist Unity Centre Of India (COMMUNIST),NAKASHIPARA,WEST BENGAL,844
S25124,SUBHASIS DAS,Independent,BASIRHAT DAKSHIN,WEST BENGAL,844
S25197,ARABINDA BAG,Independent,DHANEKHALI,WEST BENGAL,843
S25208,NOTA,None of the Above,MAHISADAL,WEST BENGAL,843
S2531,MOHAFEJUL ISLAM,All India Forward Bloc,CHAKULIA,WEST BENGAL,842
S2582,SUKLA SAHA (MUKTA),Aam Janata Unnayan party,CHAPRA,WEST BENGAL,840
S2560,GOLAM KIBRIA,Independent,SAGARDIGHI,WEST BENGAL,840
S25223,CHUNARAM SAREN,Independent,KESHIARY,WEST BENGAL,838
S25274,SENAPATI BAGDI,Independent,GALSI,WEST BENGAL,837
S25212,NOTA,None of the Above,PATASHPUR,WEST BENGAL,836
S2599,ABDUL HANNAN SARDAR,Independent,BADURIA,WEST BENGAL,835
S25133,ABANIMOHAN ROY,Independent,KULPI,WEST BENGAL,834
S25215,ASIT PRAMANIK,Indian National Congress,KHEJURI,WEST BENGAL,832
S25162,NOTA,None of the Above,CHOWRANGEE,WEST BENGAL,832
S25132,PRASANTA KHUTIA,Indian National Congress,SAGAR,WEST BENGAL,831
S2556,MOTAJUL ISLAM,Independent,SAMSERGANJ,WEST BENGAL,830
S25120,MIARAJ BAIDYA,Indian National Congress,DEGANGA,WEST BENGAL,830
S25159,NOTA,None of the Above,BHABANIPUR,WEST BENGAL,829
S25279,LAXMI MALLICK,Independent,JAMURIA,WEST BENGAL,828
S25123,SANAT MUNDA,Independent,SANDESHKHALI,WEST BENGAL,827
S25196,SUBIR KUMAR ROY,Bahujan Samaj Party,HARIPAL,WEST BENGAL,827
S2531,GOUTAM PAUL,Bahujan Samaj Party,CHAKULIA,WEST BENGAL,826
S25182,SHYAM BAR,Independent,UDAYNARAYANPUR,WEST BENGAL,825
S25253,PRADIP BAURI,Socialist Unity Centre Of India (COMMUNIST),BARJORA,WEST BENGAL,823
S259,PRAFULLA PRODHAN,Independent,TUFANGANJ,WEST BENGAL,822
S2554,NIKHIL CHANDRA MANDAL,Bahujan Samaj Party,BAISNABNAGAR,WEST BENGAL,820
S2596,KISOR KUMAR BISWAS,Indian National Congress,BANGAON DAKSHIN,WEST BENGAL,820
S25161,NOTA,None of the Above,BALLYGUNGE,WEST BENGAL,819
S25241,ANIMESH MAHATO,Independent,JOYPUR,WEST BENGAL,819
S2520,MANJU KERKETTA (BARAIK),Independent,MAL,WEST BENGAL,818
S25292,BAPTU,Independent,HANSAN,WEST BENGAL,817
S25243,SWAPAN KUMAR MURMU,Socialist Unity Centre Of India (COMMUNIST),MANBAZAR,WEST BENGAL,815
S25236,SHANKAR CHAKRABORTY,Independent,MEDINIPUR,WEST BENGAL,815
S258,SAHIDUL HOSSAIN,Independent,NATABARI,WEST BENGAL,814
S2573,KRISHNA PROSAD BISWAS,Independent,HARIHARPARA,WEST BENGAL,813
S25194,SUMIT MUKHERJEE,Independent,CHANDITALA,WEST BENGAL,811
S2575,SOYAIB ANSARY,Independent,DOMKAL,WEST BENGAL,810
S25179,SNEHASHISH SASHMOL,Independent,SHYAMPUR,WEST BENGAL,810
S25127,HARIPADA MANDAL,Bahujan Samaj Party,GOSABA,WEST BENGAL,808
S25224,SURANJAN MAHAPATRA,Socialist Unity Centre Of India (COMMUNIST),KHARAGPUR SADAR,WEST BENGAL,806
S25182,LAKSHIMIKANTA MALICK,Aam Janata Unnayan party,UDAYNARAYANPUR,WEST BENGAL,806
S253,SUKUMAR ROY,Independent,COOCHBEHAR UTTAR,WEST BENGAL,805
S2557,ANUP KUMAR SINGHA,Socialist Unity Centre Of India (COMMUNIST),SUTI,WEST BENGAL,804
S25272,UDAY DAS,Independent,MANGALKOT,WEST BENGAL,803
S2555,SHASHANKA DAS,Independent,FARAKKA,WEST BENGAL,800
S25210,SEKH JARIATUL HOSSAIN,Indian National Congress,NANDIGRAM,WEST BENGAL,794
S25180,SK HASIBUL RAHAMAN,Independent,BAGNAN,WEST BENGAL,793
S25135,SISIR KUMAR MONDAL,Socialist Unity Centre Of India (COMMUNIST),MANDIRBAZAR,WEST BENGAL,793
S2538,NOTA,None of the Above,KUMARGANJ,WEST BENGAL,789
S25280,ASGAR ALI,Independent,ASANSOL DAKSHIN,WEST BENGAL,789
S25181,SK SAPIYAR ALI,Independent,AMTA,WEST BENGAL,789
S25290,BIMAN DAS,Indian National Socialistic Action Forces,MAYURESWAR,WEST BENGAL,789
S25241,JOYRAM MURMU,Independent,JOYPUR,WEST BENGAL,787
S25158,SANJAY DEY,Independent,KOLKATA PORT,WEST BENGAL,786
S25261,JABA MALIK,Independent,RAINA,WEST BENGAL,783
S25271,RAJUDDIN,Independent,KETUGRAM,WEST BENGAL,782
S2545,NOTA,None of the Above,CHANCHAL,WEST BENGAL,781
S2527,SUNITA MURMU,Socialist Unity Centre Of India (COMMUNIST),PHANSIDEWA,WEST BENGAL,781
S2555,IMTIAZ AHMED MOLLAH,Aam Janata Unnayan party,FARAKKA,WEST BENGAL,781
S2584,TAPAS DAS,Bahujan Samaj Party,NABADWIP,WEST BENGAL,780
S25224,GOKUL KHATICK,Bahujan Samaj Party,KHARAGPUR SADAR,WEST BENGAL,775
S255,JAGADISH ADHIKARI,Socialist Unity Centre Of India (COMMUNIST),SITALKUCHI,WEST BENGAL,773
S2563,MST MASUARA KHATUN,Independent,RANINAGAR,WEST BENGAL,773
S2567,PROSENJIT HAZRA,Bahujan Samaj Party,BURWAN,WEST BENGAL,773
S25209,ANIRUDDHA GAYEN,Independent,HALDIA,WEST BENGAL,773
S2554,MD ARIF CHOUDHURY,North Bengal Peoples Party,BAISNABNAGAR,WEST BENGAL,771
S25206,JAGADISH MAITI,Socialist Unity Centre Of India (COMMUNIST),MOYNA,WEST BENGAL,769
S2590,SUBHAM MONDAL,Independent,RANAGHAT DAKSHIN,WEST BENGAL,768
S25115,SUJAN SARDAR,Independent,RAJARHAT NEW TOWN,WEST BENGAL,768
S2554,ANANDA GHOSH,Socialist Unity Centre Of India (COMMUNIST),BAISNABNAGAR,WEST BENGAL,767
S2572,SANTOSH BISWAS,Bahujan Samaj Party,BAHARAMPUR,WEST BENGAL,766
S25270,KRISHNA GHOSH,Independent,KATWA,WEST BENGAL,764
S2532,NIROD BANDHU BISWAS,Bahujan Samaj Party,KARANDIGHI,WEST BENGAL,764
S25203,HAREKRISHNA BERA,Independent,TAMLUK,WEST BENGAL,764
S25136,SUBHASISH HALDER,Independent,JAYNAGAR,WEST BENGAL,763
S2534,SANJIB ROY,Independent,KALIAGANJ,WEST BENGAL,763
S2521,PINGAL MINJ,Gana Suraksha Party,NAGRAKATA,WEST BENGAL,763
S25253,TARAKNATH KARMAKAR,Independent,BARJORA,WEST BENGAL,763
S25130,BECHARAM DAS,Bahujan Samaj Party,PATHARPRATIMA,WEST BENGAL,761
S25126,REKHARANI MRIDHA,Independent,HINGALGANJ,WEST BENGAL,759
S2542,PRADEEP HANSDA,Ambedkarite Party of India,HARIRAMPUR,WEST BENGAL,757
S2533,NOTA,None of the Above,HEMTABAD,WEST BENGAL,757
S25103,PREMCHAND MISHRA,Independent,BIJPUR,WEST BENGAL,756
S252,PREMANANDA BARMAN,Kamatapur Peoples Party (United),MATHABHANGA,WEST BENGAL,755
S25222,SUBHASIS KARAK,Independent,JHARGRAM,WEST BENGAL,754
S2529,MD HASHIBUR RAHAMAN,Independent,ISLAMPUR,WEST BENGAL,754
S2597,SUBRATA ADHIKARY,Independent,GAIGHATA,WEST BENGAL,753
S255,HAREKRISHNA SARKAR,Independent,SITALKUCHI,WEST BENGAL,752
S25229,AMAL KUMAR HUI,Independent,DEBRA,WEST BENGAL,751
S25116,SUJIT BOSE,Independent,BIDHANNAGAR,WEST BENGAL,750
S2587,PRADIP SARKAR,Independent,RANAGHAT UTTAR PASCHIM,WEST BENGAL,750
S2546,EFRAJUL HOQUE,Bahujan Samaj Party,HARISCHANDRAPUR,WEST BENGAL,749
S2551,NITISH KUMAR MANDAL,Bahujan Samaj Party,ENGLISH BAZAR,WEST BENGAL,749
S2560,DHANANJAY BANERJEE,Amra Bangalee,SAGARDIGHI,WEST BENGAL,748
S2570,TUSHAR KANTI CHATTERJEE,West Bengal Socialist Party,REJINAGAR,WEST BENGAL,748
S2579,SWAPAN MONDAL,Amra Bangalee,PALASHIPARA,WEST BENGAL,747
S25195,A.T.M. MODABBAR HOSSAIN,Aam Janata Unnayan party,JANGIPARA,WEST BENGAL,746
S2516,ADHIR CHANDRA BARMAN,Mulnibasi Party of India,MAYNAGURI,WEST BENGAL,746
S25260,MOUMITA BANERJEE,Independent,BARDHAMAN DAKSHIN,WEST BENGAL,746
S25173,RAJESH KUMAR SINGH,Independent,HOWRAH DAKSHIN,WEST BENGAL,745
S25179,MANOHAR DENRA,Independent,SHYAMPUR,WEST BENGAL,745
S25193,CHUNKU TUDU,Independent,SAPTAGRAM,WEST BENGAL,745
S25121,LAL MOHAMMAD,Independent,HAROA,WEST BENGAL,744
S25231,KHAGENDRA DOLAI,Independent,GHATAL,WEST BENGAL,744
S25257,TAPAS MALIK,Independent,INDUS,WEST BENGAL,739
S25137,TUMPA SARDAR,Independent,BARUIPUR PURBA,WEST BENGAL,738
S25141,SOMNATH NASKAR,Socialist Unity Centre Of India (COMMUNIST),MAGRAHAT PURBA,WEST BENGAL,737
S25248,DHANESWAR HANSDA,Aam Janata Unnayan party,CHHATNA,WEST BENGAL,736
S25290,DUKHEN LET,Independent,MAYURESWAR,WEST BENGAL,736
S25195,PRITAM DUTTA,Independent,JANGIPARA,WEST BENGAL,735
S25103,NOTA,None of the Above,BIJPUR,WEST BENGAL,731
S2567,SHASTHI CHARAN MAL,Aam Janata Unnayan party,BURWAN,WEST BENGAL,731
S25190,JESMIN BEGAM,Bharatiya National Janata Dal,CHUNCHURA,WEST BENGAL,730
S25214,MAKHAN LAL MAHAPATRA,Bahujan Samaj Party,BHAGABANPUR,WEST BENGAL,729
S2577,JITENDRANATH HALDER,Bahujan Samaj Party,KARIMPUR,WEST BENGAL,728
S2551,FIROJ RAHAMAN,Independent,ENGLISH BAZAR,WEST BENGAL,727
S25293,DINABANDHU MONDAL,Bahujan Samaj Party,NALHATI,WEST BENGAL,724
S2565,RAKHI CHOUDURY (MANDAL),Independent,NABAGRAM,WEST BENGAL,724
S2538,RANJIT DEV,Socialist Unity Centre Of India (COMMUNIST),KUMARGANJ,WEST BENGAL,724
S25218,NOTA,None of the Above,EGRA,WEST BENGAL,722
S2576,ASADUL SK,Indian National League,JALANGI,WEST BENGAL,721
S25133,MOSHARAF MANDAL,Bahujan Samaj Party,KULPI,WEST BENGAL,719
S25192,KAJAL BAHAK,Independent,PANDUA,WEST BENGAL,718
S2594,NOTA,None of the Above,BAGDA,WEST BENGAL,718
S2585,SUSANTA KR MONDAL,Bahujan Samaj Party,KRISHNANAGAR DAKSHIN,WEST BENGAL,717
S25100,SHAFIQUE ALI,Independent,HABRA,WEST BENGAL,716
S2532,RAMESH  CHANDRA SINHA,Independent,KARANDIGHI,WEST BENGAL,711
S2545,MASTAR SHAHJAHAN ALI,Welfare Party Of India,CHANCHAL,WEST BENGAL,711
S25140,AMULYA KUMAR SARDAR,Bahujan Samaj Party,BARUIPUR PASCHIM,WEST BENGAL,710
S2546,PHATIK KUMAR DAS,Independent,HARISCHANDRAPUR,WEST BENGAL,709
S2570,AJARUL MOLLICK,Magadh Congress of India,REJINAGAR,WEST BENGAL,709
S25181,KAMAL KRISHNA MALIK,Independent,AMTA,WEST BENGAL,709
S2534,DHARANIKANTA SARKAR,Independent,KALIAGANJ,WEST BENGAL,708
S2530,SUNIL BISWAS,Bahujan Samaj Party,GOALPOKHAR,WEST BENGAL,708
S2573,RAFIKUL ISLAM,Independent,HARIHARPARA,WEST BENGAL,706
S2517,DEBENDRANATH ROY,Independent,JALPAIGURI,WEST BENGAL,705
S25118,NITYANANDA GHOSH,Socialist Unity Centre Of India (COMMUNIST),MADHYAMGRAM,WEST BENGAL,703
S25134,BABLU HALDAR,Independent,RAIDIGHI,WEST BENGAL,703
S2595,BISWAJIT DAS,Independent,BANGAON UTTAR,WEST BENGAL,703
S2590,NANI GOPAL MISTRY,Socialist Unity Centre Of India (COMMUNIST),RANAGHAT DAKSHIN,WEST BENGAL,703
S2593,BIPLAB BISWAS,Bahujan Samaj Party,HARINGHATA,WEST BENGAL,702
S25106,SHARMISTHA DAS,Independent,JAGATDAL,WEST BENGAL,701
S25214,NOTA,None of the Above,BHAGABANPUR,WEST BENGAL,701
S25232,ANJAN JANA,Socialist Unity Centre Of India (COMMUNIST),CHANDRAKONA,WEST BENGAL,700
S2570,HUMAYUN KABIR,Independent,REJINAGAR,WEST BENGAL,699
S25197,SHEFALI SANTRA,Independent,DHANEKHALI,WEST BENGAL,699
S2536,NOTA,None of the Above,ITAHAR,WEST BENGAL,699
S2534,BASUDEB DEBSHARMA,Bahujan Samaj Party,KALIAGANJ,WEST BENGAL,698
S25147,RUMPA GANGULY,Independent,SONARPUR DAKSHIN,WEST BENGAL,698
S25208,SK. SAINUDDIN,Independent,MAHISADAL,WEST BENGAL,698
S25125,KAUSHIK MONDAL,Independent,BASIRHAT UTTAR,WEST BENGAL,697
S2516,RAMCHANDRA ROY,Independent,MAYNAGURI,WEST BENGAL,695
S2555,NANDALAL GHOSH,Independent,FARAKKA,WEST BENGAL,695
S25262,RAJ KUMAR MALIK,Independent,JAMALPUR,WEST BENGAL,694
S25122,SOMNATH PATRA,Independent,MINAKHAN,WEST BENGAL,692
S25163,NOTA,None of the Above,ENTALLY,WEST BENGAL,692
S2592,RAMKRISHNA BARAI,Bahujan Samaj Party,KALYANI,WEST BENGAL,692
S25240,SUMAN KUMAR SINGHA,Independent,BAGHMUNDI,WEST BENGAL,691
S25153,PUSHPA DHALI,Bahujan Samaj Party,BEHALA PURBA,WEST BENGAL,690
S2571,MD SAFIUR RAHMAN BISWAS,Independent,BELDANGA,WEST BENGAL,688
S2566,SAILESWAR MONDAL,Bahujan Samaj Party,KHARGRAM,WEST BENGAL,687
S25292,SYED UJ JAMAN,Aam Janata Unnayan party,HANSAN,WEST BENGAL,687
S25213,SUBHASH CHANDRA PARIA,Socialist Unity Centre Of India (COMMUNIST),KANTHI UTTAR,WEST BENGAL,686
S25239,SHARAT SAHIS,Rashtriya Lok Janshakti Party,BALARAMPUR,WEST BENGAL,685
S252,PROVAKAR ROY,Independent,MATHABHANGA,WEST BENGAL,684
S25153,ASISH SAMANTA,Socialist Unity Centre Of India (COMMUNIST),BEHALA PURBA,WEST BENGAL,683
S25294,BANCHHARAM MAL,Socialist Unity Centre Of India (COMMUNIST),MURARAI,WEST BENGAL,683
S25289,NABA KUMAR DAS,Socialist Unity Centre Of India (COMMUNIST),SAINTHIA,WEST BENGAL,682
S25129,SANKAR NASKAR,Independent,KULTALI,WEST BENGAL,682
S25263,KHOKAN DAS,Bahujan Samaj Party,MONTESWAR,WEST BENGAL,681
S2553,DEBANJAN PODDAR,Independent,SUJAPUR,WEST BENGAL,681
S25119,SHANKAR CHATTERJEE,Independent,BARASAT,WEST BENGAL,679
S2572,ABUL KASEM SK,Communist Party of India (Marxist-Leninist) (Liberation),BAHARAMPUR,WEST BENGAL,679
S2530,ZAMALUDDIN,All India Forward Bloc,GOALPOKHAR,WEST BENGAL,679
S25141,GOBINDA KUMAR SARDAR,Bahujan Samaj Party,MAGRAHAT PURBA,WEST BENGAL,678
S258,MRINAL KANTI SAHA,Independent,NATABARI,WEST BENGAL,677
S2566,BHUBAN MOHAN SAHA,Independent,KHARGRAM,WEST BENGAL,677
S25221,KANAILAL RAUT,Independent,GOPIBALLAVPUR,WEST BENGAL,677
S25211,AYUB KHAN,Jatiya Unnayan Party,CHANDIPUR,WEST BENGAL,675
S2516,DIPAK ROY,Kamatapur Peoples Party (United),MAYNAGURI,WEST BENGAL,674
S2548,LOPAMUDRA JHA,Independent,RATUA,WEST BENGAL,673
S25284,BIPAD TARAN DOM,Bahujan Samaj Party,DUBRAJPUR,WEST BENGAL,672
S25249,FULCHAND HANSDA,Independent,RANIBANDH,WEST BENGAL,672
S25165,NOTA,None of the Above,JORASANKO,WEST BENGAL,672
S25127,GOPAL MANDAL,Independent,GOSABA,WEST BENGAL,671
S25135,MALLIKA PAIK W/O - SUSHEN PAIK,Independent,MANDIRBAZAR,WEST BENGAL,671
S25230,MRINAL KANTI MANDAL,Bahujan Samaj Party,DASPUR,WEST BENGAL,671
S25172,BIMALESH KUMAR HELA,Bahujan Samaj Party,SHIBPUR,WEST BENGAL,671
S2563,SHYAMAL KRISHNA MONDAL,Socialist Unity Centre Of India (COMMUNIST),RANINAGAR,WEST BENGAL,669
S2576,ENAMUL HAQUE,Socialist Unity Centre Of India (COMMUNIST),JALANGI,WEST BENGAL,669
S25222,ABHIJIT SINGHA,Independent,JHARGRAM,WEST BENGAL,668
S25271,SATYANARAYAN MONDAL,Socialist Unity Centre Of India (COMMUNIST),KETUGRAM,WEST BENGAL,668
S25198,MADAN CHANDRA GHOSH,Independent,TARAKESWAR,WEST BENGAL,666
S25147,RUPA MONDAL,Independent,SONARPUR DAKSHIN,WEST BENGAL,665
S2587,SANJAY MISTRY,Bahujan Samaj Party,RANAGHAT UTTAR PASCHIM,WEST BENGAL,665
S25237,RAJIB MUDI,Socialist Unity Centre Of India (COMMUNIST),BINPUR,WEST BENGAL,665
S25109,AMIT DUTTA,Independent,KHARDAHA,WEST BENGAL,663
S2596,PABITRA ROY,Independent,BANGAON DAKSHIN,WEST BENGAL,663
S25233,SK. MD. MOKHDUM,Independent,GARBETA,WEST BENGAL,663
S25189,Surajit Majumdar,Independent,CHANDANNAGAR,WEST BENGAL,663
S2596,SANTOSH KUMAR SIKDAR,Bahujan Samaj Party,BANGAON DAKSHIN,WEST BENGAL,662
S2536,MOSARAF HOSSAIN,Independent,ITAHAR,WEST BENGAL,661
S2533,DIPANKAR ROY,Aam Janata Unnayan party,HEMTABAD,WEST BENGAL,661
S25177,SATYAJIT POLLEY,Aam Janata Unnayan party,ULUBERIA UTTAR,WEST BENGAL,661
S25221,AJIT MAHATO,Independent,GOPIBALLAVPUR,WEST BENGAL,660
S25146,HARAN MONDAL,Independent,BISHNUPUR,WEST BENGAL,660
S2550,SUMITRA SARKAR,Independent,MALDAHA,WEST BENGAL,659
S25101,TARAKESWAR HAWLADER,Bahujan Samaj Party,ASHOKNAGAR,WEST BENGAL,658
S2567,RADHIKANATH BAGDI,Independent,BURWAN,WEST BENGAL,658
S25188,PALLABI ROY,Bahujan Samaj Party,SINGUR,WEST BENGAL,658
S2533,HAREKRISHNA BARMAN,Independent,HEMTABAD,WEST BENGAL,656
S25239,BHOLANATH MURMMU,Socialist Unity Centre Of India (COMMUNIST),BALARAMPUR,WEST BENGAL,656
S2591,SAUMAJYOTI MUKHERJEE,Independent,CHAKDAHA,WEST BENGAL,655
S25207,NIRMAL KUMAR ARI,Independent,NANDAKUMAR,WEST BENGAL,655
S25277,LAKSHAN BAURI,Independent,DURGAPUR PASCHIM,WEST BENGAL,654
S25112,SANDIP DUTTA BHOWMICK,Independent,KAMARHATI,WEST BENGAL,653
S2599,SOUPTIK MONDAL,Independent,BADURIA,WEST BENGAL,652
S25202,SK MUJIBAR RAHAMAN,Aam Janata Unnayan party,KHANAKUL,WEST BENGAL,650
S25104,DEBJIT MUKHERJEE,Bahujan Samaj Party,NAIHATI,WEST BENGAL,649
S25278,ASHISH CHANDRA GARAI,Independent,RANIGANJ,WEST BENGAL,649
S25126,SHUVADIP MANDAL,Independent,HINGALGANJ,WEST BENGAL,649
S25156,MAINUR KHAN,Independent,BUDGE BUDGE,WEST BENGAL,648
S2512,ABDUL LATIF CHOUDHURY,Aam Janata Unnayan party,ALIPURDUARS,WEST BENGAL,647
S25179,SK MAHBUB,Independent,SHYAMPUR,WEST BENGAL,646
S25277,PRABHU NATH SAH,Bahujan Samaj Party,DURGAPUR PASCHIM,WEST BENGAL,645
S2545,MD MASIUR RAHAMAN,Aam Janata Unnayan party,CHANCHAL,WEST BENGAL,645
S25211,RITA BHOWMIK,Socialist Unity Centre Of India (COMMUNIST),CHANDIPUR,WEST BENGAL,642
S25125,ASHIKUL ISLAM,Aam Janata Unnayan party,BASIRHAT UTTAR,WEST BENGAL,641
S25242,PINTU BAURI,Independent,PURULIA,WEST BENGAL,639
S2582,UTPAL GHOSH,Independent,CHAPRA,WEST BENGAL,639
S25213,UMARANI GURIA,Independent,KANTHI UTTAR,WEST BENGAL,639
S25285,MONIR HOSSAIN KHAN,Independent,SURI,WEST BENGAL,638
S25294,DIPAK RABIDAS,Bahujan Samaj Party,MURARAI,WEST BENGAL,638
S2514,HAREN RABHA,Mulnibasi Party of India,MADARIHAT,WEST BENGAL,638
S25217,NARAYAN BARMAN,Socialist Unity Centre Of India (COMMUNIST),RAMNAGAR,WEST BENGAL,635
S2586,SOURAV BISWAS,Independent,SANTIPUR,WEST BENGAL,634
S25152,AMAL DHALI,Bahujan Samaj Party,TOLLYGANJ,WEST BENGAL,632
S2519,UTTAM DAS,North Bengal Peoples Party,DABGRAM-FULBARI,WEST BENGAL,632
S259,PRAMATH SARKAR,Independent,TUFANGANJ,WEST BENGAL,631
S25239,AJAY GORAIN,Independent,BALARAMPUR,WEST BENGAL,630
S25148,SUJATA RANJAN,Bahujan Samaj Party,BHANGAR,WEST BENGAL,630
S25226,DEBASHIS BARMAN,Amra Bangalee,SABANG,WEST BENGAL,630
S25136,SANKAR DEB MONDAL,Bahujan Samaj Party,JAYNAGAR,WEST BENGAL,629
S2539,JOGESH CHANDRA MURMU,Bahujan Samaj Party,BALURGHAT,WEST BENGAL,629
S2566,RAJEN MEHANA,Independent,KHARGRAM,WEST BENGAL,629
S2581,BIMAL ROY,Bahujan Samaj Party,NAKASHIPARA,WEST BENGAL,629
S25199,SUBHENDU BHATTACHARJEE,Rashtriya Secular Majlis Party,PURSURAH,WEST BENGAL,628
S2595,SUBRATA BISWAS,Bahujan Samaj Party,BANGAON UTTAR,WEST BENGAL,628
S25101,TARAK DAS,Socialist Unity Centre Of India (COMMUNIST),ASHOKNAGAR,WEST BENGAL,628
S2594,KALIPADA BISWAS,Independent,BAGDA,WEST BENGAL,627
S25217,CHANDRA SEKHAR DEY,Independent,RAMNAGAR,WEST BENGAL,627
S2574,MOTIUR RAHAMAN MUNSHI,Independent,NOWDA,WEST BENGAL,625
S25118,MONOJ KUMAR ROY,Bahujan Samaj Party,MADHYAMGRAM,WEST BENGAL,625
S25192,SHYAMALI KUMAR,Socialist Unity Centre Of India (COMMUNIST),PANDUA,WEST BENGAL,625
S2518,BAPI ROY,Independent,RAJGANJ,WEST BENGAL,625
S25219,MAIDUL HODA,Aam Janata Unnayan party,DANTAN,WEST BENGAL,624
S2586,TUHIN INDRA,Independent,SANTIPUR,WEST BENGAL,624
S25284,SUBHASIS DAS,Aam Janata Unnayan party,DUBRAJPUR,WEST BENGAL,623
S2521,KAHARU ORAON,Socialist Unity Centre Of India (COMMUNIST),NAGRAKATA,WEST BENGAL,621
S25236,SALEHA BEGUM,Rashtriya Lok Janshakti Party,MEDINIPUR,WEST BENGAL,621
S25272,SK MOZAMMEL SAMAD,Rashtriya Secular Majlis Party,MANGALKOT,WEST BENGAL,620
S2549,AMAL KUMAR RABIDAS,Independent,MANIKCHAK,WEST BENGAL,619
S25286,SAMARJIT BARMAN,Socialist Unity Centre Of India (COMMUNIST),BOLPUR,WEST BENGAL,618
S25148,MD  MIR SAMSUDDIN,Independent,BHANGAR,WEST BENGAL,618
S25211,NOTA,None of the Above,CHANDIPUR,WEST BENGAL,617
S2562,EMON SAYED,Independent,BHAGAWANGOLA,WEST BENGAL,616
S25277,SOUVIK BHATTACHARJEE,Independent,DURGAPUR PASCHIM,WEST BENGAL,616
S25276,RUBIYA BEGAM,Aam Janata Unnayan party,DURGAPUR PURBA,WEST BENGAL,615
S25181,SANJEEB SANTARA,Socialist Unity Centre Of India (COMMUNIST),AMTA,WEST BENGAL,614
S2566,MANIK KUMAR DAS,Independent,KHARGRAM,WEST BENGAL,613
S25119,OMAR FARUQUE,All India Majlis-E-Ittehadul Muslimeen,BARASAT,WEST BENGAL,613
S25228,AKSHAY KHAN,Socialist Unity Centre Of India (COMMUNIST),KHARAGPUR,WEST BENGAL,613
S2516,BISHNU DAS,Independent,MAYNAGURI,WEST BENGAL,612
S2541,JATINDRA NATH BARMAN,Bahujan Samaj Party,GANGARAMPUR,WEST BENGAL,611
S25185,SUBHARANJAN SHIKARI,Independent,UTTARPARA,WEST BENGAL,611
S25242,PARTHA BAURI,Bahujan Samaj Party,PURULIA,WEST BENGAL,611
S25153,BHOLANATH PATRA,Independent,BEHALA PURBA,WEST BENGAL,610
S25131,JHANTU MAITI,Socialist Unity Centre Of India (COMMUNIST),KAKDWIP,WEST BENGAL,610
S2586,ABU HENA MOSTAFA KAMAL,Aam Janata Unnayan party,SANTIPUR,WEST BENGAL,610
S25101,SHIKHA GHOSH,Aam Janata Unnayan party,ASHOKNAGAR,WEST BENGAL,610
S25258,SANTU BAURI,Independent,SONAMUKHI,WEST BENGAL,609
S2598,BINA MONDAL,Independent,SWARUPNAGAR,WEST BENGAL,609
S25235,ARUN KARAN,Independent,KESHPUR,WEST BENGAL,609
S25187,DILIP DAS,Independent,CHAMPDANI,WEST BENGAL,609
S25120,SAMIM TARAFDER,Independent,DEGANGA,WEST BENGAL,609
S25215,RABIN MANDAL,Independent,KHEJURI,WEST BENGAL,609
S25276,KIRANMOYEE MONDAL,Socialist Unity Centre Of India (COMMUNIST),DURGAPUR PURBA,WEST BENGAL,606
S25261,PARESH CHANDRA BAG,Aam Janata Unnayan party,RAINA,WEST BENGAL,605
S25128,ASIM SARDAR,Independent,BASANTI,WEST BENGAL,605
S2537,JUGAL BISWAS,Independent,KUSHMANDI,WEST BENGAL,603
S25154,RATNA BAITHA,Independent,BEHALA PASCHIM,WEST BENGAL,603
S25190,AJANTA SARKAR,Socialist Party (India),CHUNCHURA,WEST BENGAL,603
S25148,KARIMUL MOLLA,Independent,BHANGAR,WEST BENGAL,603
S25142,SAJJAT MIR,Independent,MAGRAHAT PASCHIM,WEST BENGAL,602
S2528,MD PARBEEZ ALAM,Independent,CHOPRA,WEST BENGAL,601
S25215,NOTA,None of the Above,KHEJURI,WEST BENGAL,601
S25136,DINESH DAS,Independent,JAYNAGAR,WEST BENGAL,601
S2520,DIPIKA SABAR,Independent,MAL,WEST BENGAL,600
S25132,NOTA,None of the Above,SAGAR,WEST BENGAL,600
S2578,ARABINDA BISWAS,Bahujan Samaj Party,TEHATTA,WEST BENGAL,599
S25148,MAHABUBUL ISLAM,Indian National Congress,BHANGAR,WEST BENGAL,598
S25178,JAYANTA KHATUA,Socialist Unity Centre Of India (COMMUNIST),ULUBERIA DAKSHIN,WEST BENGAL,598
S25233,TAPAS KUMAR MISHRA,Socialist Unity Centre Of India (COMMUNIST),GARBETA,WEST BENGAL,596
S25283,SWAPAN KABI,Independent,BARABANI,WEST BENGAL,596
S25102,ABDUL SAMAD GAZI,Bharatiya Nyay-Adhikar Raksha Party,AMDANGA,WEST BENGAL,596
S2513,DILIP BARMAN,Independent,FALAKATA,WEST BENGAL,594
S2593,AMAL SARKAR,Independent,HARINGHATA,WEST BENGAL,593
S2553,ABDUL HANNAN,Independent,SUJAPUR,WEST BENGAL,593
S25121,SK. MD SAHID,Aam Janata Unnayan party,HAROA,WEST BENGAL,590
S25207,MARPHAT ALI KHAN,Independent,NANDAKUMAR,WEST BENGAL,590
S25110,SATYABRATA MAJUMDER,Bahujan Samaj Party,DUM DUM UTTAR,WEST BENGAL,587
S25135,SHIBANI MANDAL,Bahujan Samaj Party,MANDIRBAZAR,WEST BENGAL,587
S25127,PROSANTA MRIDHA,Independent,GOSABA,WEST BENGAL,587
S25171,SAIKAT RAM,Independent,HOWRAH MADHYA,WEST BENGAL,586
S25132,ANUPAM PANI,Socialist Unity Centre Of India (COMMUNIST),SAGAR,WEST BENGAL,586
S2588,SANTOSH KUMAR ADHIKARY,Guruchand Sena Dal,KRISHNAGANJ,WEST BENGAL,586
S25242,PIJUSH KANTI RAJAK,Independent,PURULIA,WEST BENGAL,586
S25151,SUSHAMA MAITY MANNA,Independent,SONARPUR UTTAR,WEST BENGAL,586
S2572,DILIP DAS,Socialist Unity Centre Of India (COMMUNIST),BAHARAMPUR,WEST BENGAL,584
S2544,SUDIPTA ROY,Bahujan Samaj Party,GAZOLE,WEST BENGAL,583
S25198,AHAMED ALAMGIR MIDDYA,Aam Janata Unnayan party,TARAKESWAR,WEST BENGAL,583
S25107,MINA MAJUMDAR,Bahujan Samaj Party,NOAPARA,WEST BENGAL,580
S25210,SAHALAM ALI,Independent,NANDIGRAM,WEST BENGAL,579
S2568,ASHIS DAS,Independent,KANDI,WEST BENGAL,579
S2578,SAMAR KUMAR BISWAS,Independent,TEHATTA,WEST BENGAL,578
S2519,DIPALI ADITYA,Independent,DABGRAM-FULBARI,WEST BENGAL,578
S25180,SK JAKIRE HOSSEN,Independent,BAGNAN,WEST BENGAL,575
S254,SURATH KUMAR HOM ROY,Independent,COOCHBEHAR DAKSHIN,WEST BENGAL,575
S25212,RAJESH SENAPATI,Independent,PATASHPUR,WEST BENGAL,574
S25158,NOTA,None of the Above,KOLKATA PORT,WEST BENGAL,573
S25108,SAROJ SHARMA,Independent,BARRACKPUR,WEST BENGAL,572
S2519,BIRAJ SARKAR,Bahujan Samaj Party,DABGRAM-FULBARI,WEST BENGAL,572
S25193,PANCHU KODALI,Bharatiya Nyay-Adhikar Raksha Party,SAPTAGRAM,WEST BENGAL,571
S25172,SANJAY KARMAKAR,Independent,SHIBPUR,WEST BENGAL,571
S2552,SHYAMAL KUMAR SAHA,Independent,MOTHABARI,WEST BENGAL,571
S2594,TUSHAR KANTI HALDER,Independent,BAGDA,WEST BENGAL,571
S2543,NICHOLAS SOREN,Kamatapur Peoples Party (United),HABIBPUR,WEST BENGAL,570
S2541,SADHAN BISWAS,Independent,GANGARAMPUR,WEST BENGAL,569
S25121,RAFIKUL ISLAM,Independent,HAROA,WEST BENGAL,568
S25277,RAMESH MURMU,Independent,DURGAPUR PASCHIM,WEST BENGAL,567
S2526,TARUN TALAPATRA,Independent,SILIGURI,WEST BENGAL,567
S2586,PROFULLA KUMAR ROY,Bahujan Samaj Party,SANTIPUR,WEST BENGAL,566
S2594,GOUTAM MALO,Bahujan Samaj Party,BAGDA,WEST BENGAL,565
S25279,RIYA MUKHERJEE,Nationalist Conservative Party,JAMURIA,WEST BENGAL,565
S25292,SHYAMOLI FULMALI,Bahujan Samaj Party,HANSAN,WEST BENGAL,565
S25148,RAFIQUE AKUNJI,Socialist Unity Centre Of India (COMMUNIST),BHANGAR,WEST BENGAL,563
S25224,BISHNU KUMAR SAHU,Independent,KHARAGPUR SADAR,WEST BENGAL,563
S25276,MRINAL KANTI SAHA,Independent,DURGAPUR PURBA,WEST BENGAL,563
S25111,SADHANA CHAKRABORTY,Independent,PANIHATI,WEST BENGAL,563
S25157,MAHABBAT KHAN,Independent,METIABURUZ,WEST BENGAL,563
S2519,RAMESH BARMAN,Independent,DABGRAM-FULBARI,WEST BENGAL,562
S2588,ASIT BARAN BISWAS,Socialist Unity Centre Of India (COMMUNIST),KRISHNAGANJ,WEST BENGAL,561
S254,BHASKAR JYOTI DUTTA,Bahujan Samaj Party,COOCHBEHAR DAKSHIN,WEST BENGAL,561
S2580,BAPAN GHOSH,Independent,KALIGANJ,WEST BENGAL,561
S2526,PRIYANKA BOSE,Bahujan Samaj Party,SILIGURI,WEST BENGAL,561
S25251,RAJU KARMAKAR,Independent,TALDANGRA,WEST BENGAL,560
S25286,MIHIR KUMAR BANERJEE,Rastriya Aam Jan Seva Party,BOLPUR,WEST BENGAL,560
S25137,DEBANSHU PURKAIT,Bahujan Samaj Party,BARUIPUR PURBA,WEST BENGAL,559
S25271,MURSED SEKH,Independent,KETUGRAM,WEST BENGAL,558
S25167,TAPAS ROY,Independent,MANIKTALA,WEST BENGAL,558
S2599,GOPAL DAS,Bahujan Samaj Party,BADURIA,WEST BENGAL,558
S25128,MILAN BISWAS,Socialist Unity Centre Of India (COMMUNIST),BASANTI,WEST BENGAL,558
S25154,SANJOY BISWAS,Socialist Unity Centre Of India (COMMUNIST),BEHALA PASCHIM,WEST BENGAL,555
S2579,ABDUR ROUF,Independent,PALASHIPARA,WEST BENGAL,554
S25163,SAMS MUSHAFIR,Socialist Unity Centre Of India (COMMUNIST),ENTALLY,WEST BENGAL,553
S25132,ANUKUL PATRA,Bahujan Samaj Party,SAGAR,WEST BENGAL,553
S25190,BISHNUPADA BISWAS,Independent,CHUNCHURA,WEST BENGAL,553
S25176,BISWAJIT KHANRA,Independent,ULUBERIA PURBA,WEST BENGAL,553
S25293,SONARAM KESHARI(SONU KESHARI),Prajashakti Party Samdarshi,NALHATI,WEST BENGAL,552
S25212,ABDUL AHAD ALI SK,Jatiya Unnayan Party,PATASHPUR,WEST BENGAL,551
S25131,HASIBUL ISLAM MIR,Aam Janata Unnayan party,KAKDWIP,WEST BENGAL,551
S25206,SUMAN MAHAPATRA,Independent,MOYNA,WEST BENGAL,549
S25215,GOSTHO GOPAL DAS,Bahujan Samaj Party,KHEJURI,WEST BENGAL,547
S2580,SUBRATA SHEKHAR BISWAS,Bahujan Samaj Party,KALIGANJ,WEST BENGAL,547
S25174,SRIKUMAR NASKAR,Independent,SANKRAIL,WEST BENGAL,546
S25106,KANIKA PATRA,Bahujan Samaj Party,JAGATDAL,WEST BENGAL,546
S2519,KRISHNADEV ADHIKARY,Independent,DABGRAM-FULBARI,WEST BENGAL,546
S2530,MD. NAZIR AKHTAR,All India Majlis-E-Inquilab-E-Millat,GOALPOKHAR,WEST BENGAL,545
S25272,SEKH MOJAMMEL HAQUE (MONI),Socialist Unity Centre Of India (COMMUNIST),MANGALKOT,WEST BENGAL,545
S25244,SHANTIPRIYA SAREN,Independent,KASHIPUR,WEST BENGAL,543
S25196,MADHUMITA GHOSH W/O MITHUN GHOSH,Independent,HARIPAL,WEST BENGAL,543
S25183,ANUPAM MALIK,Independent,JAGATBALLAVPUR,WEST BENGAL,542
S25266,SUCHAND DAS,Aam Janata Unnayan party,BARDHAMAN UTTAR,WEST BENGAL,542
S25100,KAMALENDU BALA,Bahujan Samaj Party,HABRA,WEST BENGAL,540
S2559,SENJARUL ISLAM,Bharatiya Nyay-Adhikar Raksha Party,RAGHUNATHGANJ,WEST BENGAL,539
S2538,RUHUL AMIN HAQUE,Independent,KUMARGANJ,WEST BENGAL,539
S25218,SK ARIF IKBAL,Independent,EGRA,WEST BENGAL,539
S256,GOUTAM ROY,Independent,SITAI,WEST BENGAL,539
S2549,MD TOHIDUR RAHAMAN,Aam Janata Unnayan party,MANIKCHAK,WEST BENGAL,539
S25124,SURAJIT MONDAL,Independent,BASIRHAT DAKSHIN,WEST BENGAL,537
S25259,BISWAJIT SING,Independent,KHANDAGHOSH,WEST BENGAL,537
S25175,SHYAMAL MONDAL,Independent,PANCHLA,WEST BENGAL,537
S25220,DILIP KUMAR KISKU,Independent,NAYAGRAM,WEST BENGAL,535
S25143,HUMAYUN SHAH,Independent,DIAMOND HARBOUR,WEST BENGAL,534
S25260,PUSPA HANSDA,Bahujan Samaj Party,BARDHAMAN DAKSHIN,WEST BENGAL,534
S25282,SHEKHAWAT KHAN,Gondvana Gantantra Party,KULTI,WEST BENGAL,533
S2591,ARCHANA BHATTACHARJEE,Socialist Unity Centre Of India (COMMUNIST),CHAKDAHA,WEST BENGAL,532
S2532,BIRAJ BISWAS,Independent,KARANDIGHI,WEST BENGAL,532
S2597,SHIBANI MAJUMDAR,Socialist Unity Centre Of India (COMMUNIST),GAIGHATA,WEST BENGAL,531
S25123,HARISH CHANDRA SARDAR,Independent,SANDESHKHALI,WEST BENGAL,531
S2512,ABHIJIT SAHA,Independent,ALIPURDUARS,WEST BENGAL,531
S2599,IBRAHIM MOLLA,Aam Janata Unnayan party,BADURIA,WEST BENGAL,530
S25222,SUBHAS CHANDRA SINGHA,Socialist Unity Centre Of India (COMMUNIST),JHARGRAM,WEST BENGAL,530
S2541,AMRITA BARMAN,Socialist Unity Centre Of India (COMMUNIST),GANGARAMPUR,WEST BENGAL,530
S25221,BIMAL PAL,Independent,GOPIBALLAVPUR,WEST BENGAL,529
S25275,LAKSHMINARAYAN BAURI,Independent,PANDABESWAR,WEST BENGAL,529
S25179,ALOK DALAPATI,Socialist Unity Centre Of India (COMMUNIST),SHYAMPUR,WEST BENGAL,528
S25270,RAHUL PAL,Gondvana Gantantra Party,KATWA,WEST BENGAL,528
S2545,JHANTU KUMAR RABIDAS,Socialist Unity Centre Of India (COMMUNIST),CHANCHAL,WEST BENGAL,527
S2577,SAMAR KUMAR GHOSH,Independent,KARIMPUR,WEST BENGAL,526
S25158,FIROZA KHATUN,Bahujan Samaj Party,KOLKATA PORT,WEST BENGAL,526
S25173,PABITRA BISWAS,Independent,HOWRAH DAKSHIN,WEST BENGAL,525
S25183,JYOTSNA RANG,Independent,JAGATBALLAVPUR,WEST BENGAL,525
S25177,MIHIR NEBU,Independent,ULUBERIA UTTAR,WEST BENGAL,524
S25155,SUBIR CHAKRABORTY,Independent,MAHESHTALA,WEST BENGAL,524
S2569,BADAN GHOSH,Amra Bangalee,BHARATPUR,WEST BENGAL,524
S2588,DULAL BISWAS,Bahujan Samaj Party,KRISHNAGANJ,WEST BENGAL,523
S2545,MUNNA THAKUR,Independent,CHANCHAL,WEST BENGAL,523
S25242,BIDESH CHANDRA PAUL,Rashtriya Lok Janshakti Party,PURULIA,WEST BENGAL,521
S25134,PALASH HALDER,Independent,RAIDIGHI,WEST BENGAL,521
S25219,AJIT KUMAR KANANGO,Independent,DANTAN,WEST BENGAL,519
S25291,SUSIL DAS,Independent,RAMPURHAT,WEST BENGAL,519
S25286,SYED SARWARDI (BAPON),Aam Janata Unnayan party,BOLPUR,WEST BENGAL,518
S25114,PALASH SAMANTA,Independent,DUM DUM,WEST BENGAL,518
S2562,MD. AKRAMUL HOQUE,Independent,BHAGAWANGOLA,WEST BENGAL,517
S2568,PRATAP DAS,Bahujan Samaj Party,KANDI,WEST BENGAL,516
S2533,ALAKESH BARMAN,Bahujan Samaj Party,HEMTABAD,WEST BENGAL,515
S2560,MIRZA LUTFUL HOQUE,Socialist Unity Centre Of India (COMMUNIST),SAGARDIGHI,WEST BENGAL,515
S2525,KRISHNA PADA SINHA,Independent,MATIGARA-NAXALBARI,WEST BENGAL,514
S25160,GOPAL GHOSH,Independent,RASHBEHARI,WEST BENGAL,513
S25191,SOMA BISWAS,Independent,BALAGARH,WEST BENGAL,513
S25147,RAJANYA HALDAR(SARA),Independent,SONARPUR DAKSHIN,WEST BENGAL,512
S2539,MITHUN BARMAN,Independent,BALURGHAT,WEST BENGAL,512
S25106,PRANAB CHOWDHURY,Socialist Unity Centre Of India (COMMUNIST),JAGATDAL,WEST BENGAL,511
S25140,KRISHNENDU PRAMANIK,Independent,BARUIPUR PASCHIM,WEST BENGAL,511
S2517,JASHODA BARMAN,Socialist Unity Centre Of India (COMMUNIST),JALPAIGURI,WEST BENGAL,511
S25220,DHIREN MURMU,Independent,NAYAGRAM,WEST BENGAL,511
S25148,MIRJA HASAN,Independent,BHANGAR,WEST BENGAL,510
S2544,MINOTI SARKAR,Mulnibasi Party of India,GAZOLE,WEST BENGAL,508
S25220,KALICHARAN BESHRA,Socialist Unity Centre Of India (COMMUNIST),NAYAGRAM,WEST BENGAL,508
S25215,MUKUNDA MONDAL,Independent,KHEJURI,WEST BENGAL,507
S257,PAMPA RAY BARMAN,Independent,DINHATA,WEST BENGAL,506
S25167,SANJAY PRAJAPATI,Bahujan Samaj Party,MANIKTALA,WEST BENGAL,504
S25269,DIPAK GHOSH,Independent,PURBASTHALI UTTAR,WEST BENGAL,504
S25154,ADARSHA ROY,Bahujan Samaj Party,BEHALA PASCHIM,WEST BENGAL,503
S25170,SOUMEN MANNA,Independent,HOWRAH UTTAR,WEST BENGAL,503
S25293,KAOSAR SEKH,Independent,NALHATI,WEST BENGAL,502
S254,RANJIT SARKAR,Independent,COOCHBEHAR DAKSHIN,WEST BENGAL,502
S25262,ATASI PAKREY,Socialist Unity Centre Of India (COMMUNIST),JAMALPUR,WEST BENGAL,502
S2556,MD MERAJ SORIF,Rashtriya Secular Majlis Party,SAMSERGANJ,WEST BENGAL,501
S2575,MUSTAK AHMED,Independent,DOMKAL,WEST BENGAL,500
S25139,BIKASH DAS,Independent,CANNING PURBA,WEST BENGAL,499
S25147,MINATI MITRA HALDER,Socialist Unity Centre Of India (COMMUNIST),SONARPUR DAKSHIN,WEST BENGAL,499
S25173,RITA GHOSHAL,Socialist Unity Centre Of India (COMMUNIST),HOWRAH DAKSHIN,WEST BENGAL,498
S25245,SUDARSHAN RAJWAR,Rastriya Aam Jan Seva Party,PARA,WEST BENGAL,498
S25196,SISIR KUMAR ROY,Socialist Unity Centre Of India (COMMUNIST),HARIPAL,WEST BENGAL,498
S259,MAHESWAR GAYEN,Kamatapur Peoples Party (United),TUFANGANJ,WEST BENGAL,497
S2551,SANAT DUTTA,Independent,ENGLISH BAZAR,WEST BENGAL,495
S2577,SUBRATA DAS,Independent,KARIMPUR,WEST BENGAL,495
S25116,UMA PANDA,Socialist Unity Centre Of India (COMMUNIST),BIDHANNAGAR,WEST BENGAL,495
S2537,NIROD CANDRA ROY,Independent,KUSHMANDI,WEST BENGAL,494
S25281,DANISH AZIZ,All India Majlis-E-Ittehadul Muslimeen,ASANSOL UTTAR,WEST BENGAL,493
S2572,PARITOSH KUNDU,Independent,BAHARAMPUR,WEST BENGAL,493
S25146,UTTAM NASKAR,Independent,BISHNUPUR,WEST BENGAL,493
S2542,BHOLANATH SARKAR,Independent,HARIRAMPUR,WEST BENGAL,492
S2514,SUDHIST BARAIK,Socialist Unity Centre Of India (COMMUNIST),MADARIHAT,WEST BENGAL,491
S2556,MD. SELIM ANSARI,Independent,SAMSERGANJ,WEST BENGAL,490
S25109,TAPAS BAR,Bahujan Samaj Party,KHARDAHA,WEST BENGAL,488
S2572,RIKI MAITRA,Independent,BAHARAMPUR,WEST BENGAL,487
S25281,SUNIL THAKUR,Independent,ASANSOL UTTAR,WEST BENGAL,486
S25124,HIRONMOY MONDAL,Socialist Unity Centre Of India (COMMUNIST),BASIRHAT DAKSHIN,WEST BENGAL,485
S25208,KOUSHIK DAS,Jan Sangh Party,MAHISADAL,WEST BENGAL,485
S25231,BIVASH SINGHA,Independent,GHATAL,WEST BENGAL,484
S2555,AZMERUL SK,Rashtriya Secular Majlis Party,FARAKKA,WEST BENGAL,484
S25267,LAKSHMI NARAYAN HEMRAM,Bahujan Samaj Party,BHATAR,WEST BENGAL,484
S25115,ASHUTOSH PAUL,National Republic Party Of India,RAJARHAT NEW TOWN,WEST BENGAL,484
S2531,MD MOSA,Independent,CHAKULIA,WEST BENGAL,483
S2575,KALU MONDAL,Magadh Congress of India,DOMKAL,WEST BENGAL,483
S25113,SUPRIYA BHATTACHARYA,Socialist Unity Centre Of India (COMMUNIST),BARANAGAR,WEST BENGAL,482
S25127,HARIPADA MONDAL,Socialist Unity Centre Of India (COMMUNIST),GOSABA,WEST BENGAL,482
S25103,SAJAL KARMAKAR,Independent,BIJPUR,WEST BENGAL,482
S2548,SOUTAM KR. SINGHA,Independent,RATUA,WEST BENGAL,481
S2599,ALI ARSHAF,Independent,BADURIA,WEST BENGAL,481
S25268,PRAVAT MAJHI,Socialist Unity Centre Of India (COMMUNIST),PURBASTHALI DAKSHIN,WEST BENGAL,481
S25258,DILIP KUMAR SAHA,Socialist Unity Centre Of India (COMMUNIST),SONAMUKHI,WEST BENGAL,480
S2559,RABIUL ALAM,Socialist Unity Centre Of India (COMMUNIST),RAGHUNATHGANJ,WEST BENGAL,480
S2562,MD. NURUL ISLAM,Vikas India Party,BHAGAWANGOLA,WEST BENGAL,479
S2559,REJAUL KARIM,Independent,RAGHUNATHGANJ,WEST BENGAL,476
S25264,ANAY SAHA,Independent,KALNA,WEST BENGAL,476
S25198,TAPAN TUDU,Bahujan Samaj Party,TARAKESWAR,WEST BENGAL,475
S2575,MD SALAUDDIN,Indian National League,DOMKAL,WEST BENGAL,475
S2594,SWAPAN MONDAL,Socialist Unity Centre Of India (COMMUNIST),BAGDA,WEST BENGAL,475
S25182,SAMIR MAITI,Bharatiya Nyay-Adhikar Raksha Party,UDAYNARAYANPUR,WEST BENGAL,475
S25266,DIPALI BAURI,Independent,BARDHAMAN UTTAR,WEST BENGAL,474
S2548,ROYAL ISLAM,Aam Janata Unnayan party,RATUA,WEST BENGAL,474
S2590,MANMATHA BISWAS,Independent,RANAGHAT DAKSHIN,WEST BENGAL,473
S25131,PARBATI BHUNIA,Bahujan Samaj Party,KAKDWIP,WEST BENGAL,473
S25102,ASADUL,Independent,AMDANGA,WEST BENGAL,473
S254,BIDHAN BARMA,Kamatapur Peoples Party (United),COOCHBEHAR DAKSHIN,WEST BENGAL,471
S25290,DASRATH DAS,Independent,MAYURESWAR,WEST BENGAL,471
S25150,DEBABRATA BERA,Socialist Unity Centre Of India (COMMUNIST),JADAVPUR,WEST BENGAL,470
S25138,DILIP SANFUI,Independent,CANNING PASCHIM,WEST BENGAL,470
S25186,SARKAR MANGAL,Independent,SREERAMPUR,WEST BENGAL,470
S2545,ABDUL BARI,Independent,CHANCHAL,WEST BENGAL,469
S25179,DIPAK KUMAR MONDAL,Independent,SHYAMPUR,WEST BENGAL,469
S25175,SUJIT KHAN,Independent,PANCHLA,WEST BENGAL,468
S25198,NIRMAL KUMAR DHARA,Independent,TARAKESWAR,WEST BENGAL,467
S25194,SEKH FIROJ,Independent,CHANDITALA,WEST BENGAL,467
S252,HARADHAN ROY,Independent,MATHABHANGA,WEST BENGAL,465
S2593,RUPAM MONDAL,Independent,HARINGHATA,WEST BENGAL,465
S25265,BIKASH CHANDRA DAS,Independent,MEMARI,WEST BENGAL,463
S25178,MOHIT KAR,Indian Unity Centre,ULUBERIA DAKSHIN,WEST BENGAL,462
S25231,NARUGOPAL DOLUI,Socialist Unity Centre Of India (COMMUNIST),GHATAL,WEST BENGAL,462
S25228,AVIJIT ROY,Independent,KHARAGPUR,WEST BENGAL,461
S2510,UNILISH MOCHARI,Aam Janata Unnayan party,KUMARGRAM,WEST BENGAL,461
S2539,SUSHIL MARDI,Independent,BALURGHAT,WEST BENGAL,460
S2592,PULAK ADHIKARY,Independent,KALYANI,WEST BENGAL,460
S2550,MATINDRA NATH RAJBANSHI,Independent,MALDAHA,WEST BENGAL,459
S25267,BUDDHADEB (ALI),Independent,BHATAR,WEST BENGAL,459
S25123,SUBAL CHANDRA SARDAR,Independent,SANDESHKHALI,WEST BENGAL,458
S2588,ANIMESH BISWAS,Independent,KRISHNAGANJ,WEST BENGAL,458
S2556,MD. NAZIM SK,Independent,SAMSERGANJ,WEST BENGAL,458
S25195,SANJIB DHARA,Independent,JANGIPARA,WEST BENGAL,458
S25209,BHABATARAN SAHOO,Independent,HALDIA,WEST BENGAL,457
S2526,SURAJ BISHWAKARMA,Independent,SILIGURI,WEST BENGAL,457
S25154,SUTAPA DAS,Independent,BEHALA PASCHIM,WEST BENGAL,456
S25190,SUMAN SARKAR,Independent,CHUNCHURA,WEST BENGAL,455
S2563,JULFIKKAR ALI,Independent,RANINAGAR,WEST BENGAL,454
S2540,ARJUN MARDI,Independent,TAPAN,WEST BENGAL,453
S25156,BASUDEB KABRI,Socialist Unity Centre Of India (COMMUNIST),BUDGE BUDGE,WEST BENGAL,452
S2533,HARI BARMAN,Independent,HEMTABAD,WEST BENGAL,452
S25118,RAJDWIP GHOSH,Independent,MADHYAMGRAM,WEST BENGAL,452
S2538,CHARLESH KISKU,Independent,KUMARGANJ,WEST BENGAL,451
S2594,DULAL CHANDRA BAR,Independent,BAGDA,WEST BENGAL,451
S25104,DINESH KUMAR SHARMA,Independent,NAIHATI,WEST BENGAL,451
S25252,ASHIK MAHAMMAD KHAN,Independent,BANKURA,WEST BENGAL,450
S2530,RAGHU NATH SINGHA,Independent,GOALPOKHAR,WEST BENGAL,448
S25113,SHUBHRANGSHU BHAKTA,Independent,BARANAGAR,WEST BENGAL,448
S2564,SAHABUDDIN SK,Independent,MURSHIDABAD,WEST BENGAL,448
S25133,JAMUNA TANTI,Socialist Unity Centre Of India (COMMUNIST),KULPI,WEST BENGAL,447
S25294,SK AMIRUL ISLAM,Independent,MURARAI,WEST BENGAL,447
S25270,APURBA CHAKRABORTY,Socialist Unity Centre Of India (COMMUNIST),KATWA,WEST BENGAL,446
S25120,IZAZ AHAMED,Independent,DEGANGA,WEST BENGAL,445
S25183,PRASENJIT SANTRA,Bharatiya Nyay-Adhikar Raksha Party,JAGATBALLAVPUR,WEST BENGAL,444
S25105,ABDULLAH KHAN SAHEB,Independent,BHATPARA,WEST BENGAL,444
S25277,GULNAJ KHANAM,Aam Janata Unnayan party,DURGAPUR PASCHIM,WEST BENGAL,442
S25288,SAMAD SEIKH,Aam Janata Unnayan party,LABPUR,WEST BENGAL,442
S25263,SOMNATH MALIK,Independent,MONTESWAR,WEST BENGAL,442
S25149,SWAPAN CHAKRABORTY,Independent,KASBA,WEST BENGAL,439
S25102,MOUFUL DAS,Bahujan Samaj Party,AMDANGA,WEST BENGAL,439
S25105,DHARMENDRA SHAW,Indian National Congress,BHATPARA,WEST BENGAL,439
S25171,DEBNATH KUNDU,Bahujan Samaj Party,HOWRAH MADHYA,WEST BENGAL,439
S25230,JAGADISH MONDAL ADHIKARY,Socialist Unity Centre Of India (COMMUNIST),DASPUR,WEST BENGAL,438
S25220,JITEN SAREN,Independent,NAYAGRAM,WEST BENGAL,437
S25163,TOUSEEF AHMED KHAN,Independent,ENTALLY,WEST BENGAL,436
S25102,GOLAM MD NIZAMUDDIN,Aam Janata Unnayan party,AMDANGA,WEST BENGAL,436
S25166,GOURANGA KHATUA,Socialist Unity Centre Of India (COMMUNIST),SHYAMPUKUR,WEST BENGAL,434
S25175,SEKH MOHINUDDIN,Amra Bangalee,PANCHLA,WEST BENGAL,433
S2554,NITYAGOPAL LALA,Independent,BAISNABNAGAR,WEST BENGAL,433
S2584,NITAI RARHI,Independent,NABADWIP,WEST BENGAL,433
S25240,UJJWAL PARAMANIK,Independent,BAGHMUNDI,WEST BENGAL,433
S25131,SOUVIK GHOSH,Independent,KAKDWIP,WEST BENGAL,432
S25178,LAHABUDDIN KHAN,Independent,ULUBERIA DAKSHIN,WEST BENGAL,432
S257,AJIJUL HOQUE,Socialist Unity Centre Of India (COMMUNIST),DINHATA,WEST BENGAL,432
S258,MD. SAKOWAT ALI,Aam Janata Unnayan party,NATABARI,WEST BENGAL,431
S25184,TAPAN MAITY,Independent,DOMJUR,WEST BENGAL,431
S25250,GUNARAM HANSDA,Socialist Unity Centre Of India (COMMUNIST),RAIPUR,WEST BENGAL,430
S25196,MADHUMITA GHOSH W/O PALASH GHOSH,Independent,HARIPAL,WEST BENGAL,430
S2542,AHIDUR RAHAMAN,Aam Janata Unnayan party,HARIRAMPUR,WEST BENGAL,430
S25227,TAPAN DHAL,Independent,PINGLA,WEST BENGAL,430
S25154,SWAPAN DAS,Independent,BEHALA PASCHIM,WEST BENGAL,428
S2540,SUKANTA KISKU,Independent,TAPAN,WEST BENGAL,428
S25161,AYASANUL HAQUE SK.,Socialist Unity Centre Of India (COMMUNIST),BALLYGUNGE,WEST BENGAL,427
S2555,SULAIMAN SHAIKH,Independent,FARAKKA,WEST BENGAL,427
S25141,SOUMENDRA NATH SARDAR,Independent,MAGRAHAT PURBA,WEST BENGAL,427
S251,GOLAPI ROY,Independent,MEKLIGANJ,WEST BENGAL,427
S25152,RUPA BISWAS,Independent,TOLLYGANJ,WEST BENGAL,426
S25292,ASHIM SEKH,Independent,HANSAN,WEST BENGAL,425
S25211,ARJIT KALAM AZAD SK,Aam Janata Unnayan party,CHANDIPUR,WEST BENGAL,424
S25213,SUBHAM JANA,Independent,KANTHI UTTAR,WEST BENGAL,423
S25118,SANAT KARMAKAR,Bharatiya Nyay-Adhikar Raksha Party,MADHYAMGRAM,WEST BENGAL,423
S2510,ABKARI KUJUR,Independent,KUMARGRAM,WEST BENGAL,423
S2557,KAUSIK DAS,Independent,SUTI,WEST BENGAL,423
S25193,REJINA BEGAM,Independent,SAPTAGRAM,WEST BENGAL,423
S25102,KAMAL UDDIN,Socialist Unity Centre Of India (COMMUNIST),AMDANGA,WEST BENGAL,423
S25148,MD MOMTAJUR RAHAMAN MOLLA,Independent,BHANGAR,WEST BENGAL,422
S25182,RAKESH ROY,Independent,UDAYNARAYANPUR,WEST BENGAL,420
S2581,HARIDAS DEY,Independent,NAKASHIPARA,WEST BENGAL,419
S25137,SNEHASIS SAHA,Independent,BARUIPUR PURBA,WEST BENGAL,417
S25184,DIBYENDU GHOSH,Independent,DOMJUR,WEST BENGAL,417
S2515,KALYAN ROY,Independent,DHUPGURI,WEST BENGAL,415
S2597,SHIDDHARTHA SAMADDER,Independent,GAIGHATA,WEST BENGAL,415
S25148,KAMALUDDIN MOLLA,Independent,BHANGAR,WEST BENGAL,415
S25221,DHARMAPAL BISUI,Socialist Unity Centre Of India (COMMUNIST),GOPIBALLAVPUR,WEST BENGAL,415
S25189,SANJOY MATABBAR,Independent,CHANDANNAGAR,WEST BENGAL,414
S25253,GOBINDA SARKAR,Independent,BARJORA,WEST BENGAL,414
S25130,PULAK NAYEK,Independent,PATHARPRATIMA,WEST BENGAL,414
S25208,SUBHASH CHANDRA GUMTYA,Independent,MAHISADAL,WEST BENGAL,413
S25258,ANANDA ANKURE,Independent,SONAMUKHI,WEST BENGAL,412
S25240,PASHUPATI MAHATO,Amra Bangalee,BAGHMUNDI,WEST BENGAL,410
S25249,MAHESWAR BESRA,Aam Janata Unnayan party,RANIBANDH,WEST BENGAL,410
S25149,SHAMPA SARKAR,Socialist Unity Centre Of India (COMMUNIST),KASBA,WEST BENGAL,408
S2512,PIJUSH KANTI SARMA,Socialist Unity Centre Of India (COMMUNIST),ALIPURDUARS,WEST BENGAL,408
S2587,GOPAL BISWAS,Independent,RANAGHAT UTTAR PASCHIM,WEST BENGAL,408
S25157,SK MONIRUL ISLAM,Independent,METIABURUZ,WEST BENGAL,408
S25120,CHHADEK MONDAL,Socialist Unity Centre Of India (COMMUNIST),DEGANGA,WEST BENGAL,406
S25267,BOTHAM CHOWDHURY,Aam Janata Unnayan party,BHATAR,WEST BENGAL,405
S2534,PANNA CHOWHAN,Independent,KALIAGANJ,WEST BENGAL,405
S25129,MADHABI BISWAS,Independent,KULTALI,WEST BENGAL,405
S25106,SUVAMAY PAN,Independent,JAGATDAL,WEST BENGAL,404
S25109,DEV KUMAR BISWAS,Hindu Samaj Party,KHARDAHA,WEST BENGAL,404
S25149,DEBASISH GHOSH DASTIDAR,Independent,KASBA,WEST BENGAL,403
S25143,DIPAK HALDER,Independent,DIAMOND HARBOUR,WEST BENGAL,403
S253,NARESH CHANDRA ROY,Independent,COOCHBEHAR UTTAR,WEST BENGAL,403
S25288,KABITA MONDAL,Independent,LABPUR,WEST BENGAL,403
S2544,RATAN ROY,Aam Janata Unnayan party,GAZOLE,WEST BENGAL,402
S25229,DIPANKAR MAITY,Socialist Unity Centre Of India (COMMUNIST),DEBRA,WEST BENGAL,402
S25242,NAGESWAR MAHATO,Amra Bangalee,PURULIA,WEST BENGAL,401
S2531,MD TAUQUIR RAZA,Independent,CHAKULIA,WEST BENGAL,401
S259,BHOLA SAHA,Socialist Unity Centre Of India (COMMUNIST),TUFANGANJ,WEST BENGAL,400
S25288,MURMU SUNIL,Bahujan Samaj Party,LABPUR,WEST BENGAL,400
S254,SUMAN PANDIT,Socialist Unity Centre Of India (COMMUNIST),COOCHBEHAR DAKSHIN,WEST BENGAL,400
S2540,AVIJIT BASKEY,Independent,TAPAN,WEST BENGAL,400
S2554,BISWAJIT MANDAL,Independent,BAISNABNAGAR,WEST BENGAL,399
S2547,MD ABU TAHIR,Aam Janata Unnayan party,MALATIPUR,WEST BENGAL,399
S25227,BASUDEB PAN,Independent,PINGLA,WEST BENGAL,399
S25125,SUBHASIS DAS,Independent,BASIRHAT UTTAR,WEST BENGAL,398
S25230,BASUDEB DINDA,Independent,DASPUR,WEST BENGAL,398
S25153,SUBHASHIS KAR,Independent,BEHALA PURBA,WEST BENGAL,397
S25278,SAGAR SEN,Indian National League,RANIGANJ,WEST BENGAL,397
S25105,SADANANDA RAJAK,Bahujan Samaj Party,BHATPARA,WEST BENGAL,397
S2587,BHABADEB BISWAS,Independent,RANAGHAT UTTAR PASCHIM,WEST BENGAL,396
S25285,KOHINUR KHATUN,Aam Janata Unnayan party,SURI,WEST BENGAL,394
S2568,GOKUL HAZRA,Independent,KANDI,WEST BENGAL,394
S25291,SANJIT HAZRA,Bahujan Samaj Party,RAMPURHAT,WEST BENGAL,394
S25274,SURYA BAGDI,Independent,GALSI,WEST BENGAL,394
S25293,MARSAL HEMRAM,Socialist Unity Centre Of India (COMMUNIST),NALHATI,WEST BENGAL,393
S25127,REBATI MANDAL MRIDHA,Independent,GOSABA,WEST BENGAL,392
S25280,ANUP BHATTACHARYA,Socialist Unity Centre Of India (COMMUNIST),ASANSOL DAKSHIN,WEST BENGAL,391
S25102,HARIPADA BISWAS,Mulnibasi Party of India,AMDANGA,WEST BENGAL,391
S25223,LAKSHMI KANTA HEMBRAM,Independent,KESHIARY,WEST BENGAL,391
S25193,S.K AKTHAR,Bharatiya National Janata Dal,SAPTAGRAM,WEST BENGAL,391
S25151,SANJOY PRAMANIK,Bahujan Samaj Party,SONARPUR UTTAR,WEST BENGAL,391
S25195,KARTICK CHANDRA PAL,Independent,JANGIPARA,WEST BENGAL,391
S2578,MILAN SARKAR,Independent,TEHATTA,WEST BENGAL,390
S25109,SANJIB BISWAS,Independent,KHARDAHA,WEST BENGAL,389
S253,SWAPAN KUMAR BARMAN,Socialist Unity Centre Of India (COMMUNIST),COOCHBEHAR UTTAR,WEST BENGAL,388
S2596,RABINDRA NATH BARAI,Socialist Unity Centre Of India (COMMUNIST),BANGAON DAKSHIN,WEST BENGAL,388
S25207,SAUMITRA PATTANAYAK,Socialist Unity Centre Of India (COMMUNIST),NANDAKUMAR,WEST BENGAL,387
S25285,JINNATUL KHAN,Independent,SURI,WEST BENGAL,386
S25222,JOYRAM CHALAK,Amra Bangalee,JHARGRAM,WEST BENGAL,385
S2517,BEDODYUTI ROY,Bahujan Samaj Party,JALPAIGURI,WEST BENGAL,385
S25250,SAGEN SAREN,Gondvana Gantantra Party,RAIPUR,WEST BENGAL,385
S2543,BABULAL HASDA,Aam Janata Unnayan party,HABIBPUR,WEST BENGAL,385
S25185,SUMAN PAUL,Independent,UTTARPARA,WEST BENGAL,384
S25161,DOLA SARKAR,Bahujan Samaj Party,BALLYGUNGE,WEST BENGAL,383
S25136,PIJUSH MONDAL,Independent,JAYNAGAR,WEST BENGAL,383
S25276,PAPIYA DHIBAR,Amra Bangalee,DURGAPUR PURBA,WEST BENGAL,382
S25263,SAIKAT DHANI,Independent,MONTESWAR,WEST BENGAL,382
S25114,SUBRATA KUMAR MAJUMDER,Bahujan Samaj Party,DUM DUM,WEST BENGAL,381
S2552,NIBARAN MANDAL,Independent,MOTHABARI,WEST BENGAL,379
S25199,SK SAKIL ALI,Aam Janata Unnayan party,PURSURAH,WEST BENGAL,379
S25188,SANJOY SAIKH,Independent,SINGUR,WEST BENGAL,379
S25188,SUKANTA POREL,Socialist Unity Centre Of India (COMMUNIST),SINGUR,WEST BENGAL,379
S2544,SUPEN KUMAR ROY,Socialist Unity Centre Of India (COMMUNIST),GAZOLE,WEST BENGAL,379
S25113,SAJAL GHOSH,Independent,BARANAGAR,WEST BENGAL,379
S25151,SAMIR BHATTACHARYA,Independent,SONARPUR UTTAR,WEST BENGAL,377
S2544,CHANDAN MANDAL,Independent,GAZOLE,WEST BENGAL,377
S25249,GOPAL CHANDRA KISKU,Independent,RANIBANDH,WEST BENGAL,376
S25145,SANJIT GHORUI,Independent,SATGACHHIA,WEST BENGAL,376
S25260,SANTANU DUTTA,Independent,BARDHAMAN DAKSHIN,WEST BENGAL,375
S2587,SHUBHANKAR DAS,Independent,RANAGHAT UTTAR PASCHIM,WEST BENGAL,374
S258,RAGHUNATH BISWAS,Independent,NATABARI,WEST BENGAL,374
S2512,MANIK BARMAN,Kamatapur Peoples Party (United),ALIPURDUARS,WEST BENGAL,374
S2547,SAMIM AKTAR,Independent,MALATIPUR,WEST BENGAL,373
S25143,YEAMIN LASKAR,Aam Janata Unnayan party,DIAMOND HARBOUR,WEST BENGAL,373
S25216,RAFIKUL ISLAM,Socialist Unity Centre Of India (COMMUNIST),KANTHI DAKSHIN,WEST BENGAL,372
S25111,SANJIB KUMAR GHOSH,Independent,PANIHATI,WEST BENGAL,371
S25168,DAYA RAM JAISWARA,Bahujan Samaj Party,KASHIPUR-BELGACHHIA,WEST BENGAL,370
S25134,SUJATA SARKAR,Bahujan Samaj Party,RAIDIGHI,WEST BENGAL,370
S25181,SARASWATI PATRA SARKAR,Independent,AMTA,WEST BENGAL,370
S25100,SARIFUL MOLLA,Independent,HABRA,WEST BENGAL,369
S2532,MD. SAHABUDDIN,Independent,KARANDIGHI,WEST BENGAL,369
S25280,BIBEKANANDA SADHU,Amra Bangalee,ASANSOL DAKSHIN,WEST BENGAL,369
S25140,PRODYUT CHAKRABORTY,Socialist Unity Centre Of India (COMMUNIST),BARUIPUR PASCHIM,WEST BENGAL,369
S2529,SOURAV SARKAR,Independent,ISLAMPUR,WEST BENGAL,368
S25161,MEHBOOB ALAM,Independent,BALLYGUNGE,WEST BENGAL,366
S25124,AMIRUL GAZI,Bahujan Samaj Party,BASIRHAT DAKSHIN,WEST BENGAL,364
S2532,HASIB REJA,Independent,KARANDIGHI,WEST BENGAL,364
S25166,RIMA MONDAL,Independent,SHYAMPUKUR,WEST BENGAL,364
S2588,SUBIR BISWAS,Independent,KRISHNAGANJ,WEST BENGAL,363
S25186,SWAPAN ROY,Independent,SREERAMPUR,WEST BENGAL,361
S2537,KANSHA ROY,Independent,KUSHMANDI,WEST BENGAL,361
S25142,GOUTAM HALDAR,Independent,MAGRAHAT PASCHIM,WEST BENGAL,360
S25172,RAJ ROY,Independent,SHIBPUR,WEST BENGAL,360
S25275,DANA GOSWAMI,Socialist Unity Centre Of India (COMMUNIST),PANDABESWAR,WEST BENGAL,360
S2548,BIKASH MANDAL,Independent,RATUA,WEST BENGAL,360
S25135,ANANYA NASKAR,Mulnibasi Party of India,MANDIRBAZAR,WEST BENGAL,359
S25103,SUDIPTA CHANDA,Independent,BIJPUR,WEST BENGAL,358
S25119,AVIK BASU THAKUR,Independent,BARASAT,WEST BENGAL,358
S25107,SUPRIYO DEY,Independent,NOAPARA,WEST BENGAL,358
S25151,ANINDYA RAY CHAUDHURY,Socialist Unity Centre Of India (COMMUNIST),SONARPUR UTTAR,WEST BENGAL,357
S25110,PRATAP BAIDYA,Independent,DUM DUM UTTAR,WEST BENGAL,356
S2563,JULFIKAR ALI,Independent,RANINAGAR,WEST BENGAL,356
S25224,T. ANIL SINGH,Rashtriya Lok Janshakti Party,KHARAGPUR SADAR,WEST BENGAL,355
S25133,BARNALI MONDAL,Independent,KULPI,WEST BENGAL,355
S2546,MOHD. TAFAZZUL HAQUE,Aam Janata Unnayan party,HARISCHANDRAPUR,WEST BENGAL,354
S25291,JATIN KISKU,Independent,RAMPURHAT,WEST BENGAL,353
S25174,KOUSIK NASKAR,Independent,SANKRAIL,WEST BENGAL,352
S25118,ANINDA BANERJEE,Independent,MADHYAMGRAM,WEST BENGAL,351
S25187,DILIP SINGH,Independent,CHAMPDANI,WEST BENGAL,350
S2591,BIDHAN GHOSH,Bharatiya Nyay-Adhikar Raksha Party,CHAKDAHA,WEST BENGAL,350
S2584,BAPPA SK,Aam Janata Unnayan party,NABADWIP,WEST BENGAL,349
S25215,PABITRA MONDAL,Socialist Unity Centre Of India (COMMUNIST),KHEJURI,WEST BENGAL,348
S25225,NITYANANDA RAUT,Independent,NARAYANGARH,WEST BENGAL,348
S2598,DEBABRATA BISWAS,Socialist Unity Centre Of India (COMMUNIST),SWARUPNAGAR,WEST BENGAL,347
S2560,KISHOR MONDAL,Independent,SAGARDIGHI,WEST BENGAL,347
S25142,AMIR HOSSAIN SARDER,Independent,MAGRAHAT PASCHIM,WEST BENGAL,345
S2552,PANKAJ CHANDRA MANDAL,Independent,MOTHABARI,WEST BENGAL,344
S25185,TAPAN CHOWDHURI,Socialist Unity Centre Of India (COMMUNIST),UTTARPARA,WEST BENGAL,344
S25228,BARSHA MAHAPATRA,Amra Bangalee,KHARAGPUR,WEST BENGAL,344
S25212,SURJYENDU BIKASH PATRA,Socialist Unity Centre Of India (COMMUNIST),PATASHPUR,WEST BENGAL,343
S25125,REHENA RAHAMAN,Independent,BASIRHAT UTTAR,WEST BENGAL,343
S25120,MOFIZUL MONDAL,Independent,DEGANGA,WEST BENGAL,343
S2517,AMBALIKA ROY,Independent,JALPAIGURI,WEST BENGAL,342
S25186,SANDIP BHATTACHARYYA,Independent,SREERAMPUR,WEST BENGAL,342
S25141,BHASKAR CHANDRA NASKAR,Independent,MAGRAHAT PURBA,WEST BENGAL,340
S25173,MADHUSRI GHOSH,Independent,HOWRAH DAKSHIN,WEST BENGAL,339
S2592,BISHWAJIT DAS,Independent,KALYANI,WEST BENGAL,338
S2518,KUNAL ROY,Independent,RAJGANJ,WEST BENGAL,338
S252,BIKASH BARMAN,Socialist Unity Centre Of India (COMMUNIST),MATHABHANGA,WEST BENGAL,337
S25236,SHASHANKA PATRA,Amra Bangalee,MEDINIPUR,WEST BENGAL,337
S2531,MD SAIFUDDIN,Independent,CHAKULIA,WEST BENGAL,337
S25104,MILAN PATRA,Independent,NAIHATI,WEST BENGAL,337
S25292,SUBARNA MAL,Socialist Unity Centre Of India (COMMUNIST),HANSAN,WEST BENGAL,337
S25278,RAHUL GHOSH,Aam Janata Unnayan party,RANIGANJ,WEST BENGAL,337
S2540,BIKASH NONA,Socialist Unity Centre Of India (COMMUNIST),TAPAN,WEST BENGAL,336
S254,SANTOSH BARMAN,Independent,COOCHBEHAR DAKSHIN,WEST BENGAL,336
S25120,MD MAFUZUDDIN MONDAL,Bharatiya Rashtriya Forward Bloc,DEGANGA,WEST BENGAL,336
S25174,REKHA MONDAL,Independent,SANKRAIL,WEST BENGAL,336
S25260,UTPAL DUTTA,Socialist Unity Centre Of India (COMMUNIST),BARDHAMAN DAKSHIN,WEST BENGAL,335
S25129,RUPA HALDAR,Indian National Congress,KULTALI,WEST BENGAL,331
S2519,RENUKA ROY,Socialist Unity Centre Of India (COMMUNIST),DABGRAM-FULBARI,WEST BENGAL,331
S25153,KRISHNASISH GANGOPADHYAY,Independent,BEHALA PURBA,WEST BENGAL,330
S2543,BIMAL MURMU,Socialist Unity Centre Of India (COMMUNIST),HABIBPUR,WEST BENGAL,329
S25119,AVHIJIT MUKHERJEE,Socialist Unity Centre Of India (COMMUNIST),BARASAT,WEST BENGAL,329
S2540,BRIJESH HEMBRAM,Independent,TAPAN,WEST BENGAL,328
S2519,ALOK SEN,Independent,DABGRAM-FULBARI,WEST BENGAL,328
S25242,NIROD BARAN OJHA,Party for Democratic Socialism,PURULIA,WEST BENGAL,327
S25208,TAPAN KUMAR MAITY,Socialist Unity Centre Of India (COMMUNIST),MAHISADAL,WEST BENGAL,327
S2546,MD OLIUR RAHAMAN,Rastriya Aam Jan Seva Party,HARISCHANDRAPUR,WEST BENGAL,327
S25119,HEMANTA DAS,Independent,BARASAT,WEST BENGAL,326
S252,KANGSA RAJ BARMAN,Independent,MATHABHANGA,WEST BENGAL,325
S25174,BIMAL KANTI NASKAR,Independent,SANKRAIL,WEST BENGAL,325
S25110,RUHUL AMIN SARDAR,Aam Janata Unnayan party,DUM DUM UTTAR,WEST BENGAL,325
S2589,MADHAB DAS,Independent,RANAGHAT UTTAR PURBA,WEST BENGAL,324
S2548,MD. SHARIFUL,Welfare Party Of India,RATUA,WEST BENGAL,324
S25155,SANGEETA MAITI,Socialist Unity Centre Of India (COMMUNIST),MAHESHTALA,WEST BENGAL,324
S2547,AZIZUR RAHMAN,Rashtriya Secular Majlis Party,MALATIPUR,WEST BENGAL,324
S25136,RAM KUMAR,Independent,JAYNAGAR,WEST BENGAL,324
S25177,RITWIK POLLEY,Independent,ULUBERIA UTTAR,WEST BENGAL,323
S2556,RABIUL HOQUE,Socialist Unity Centre Of India (COMMUNIST),SAMSERGANJ,WEST BENGAL,322
S2591,SHARMA BAPPA,Independent,CHAKDAHA,WEST BENGAL,322
S25275,RAJIA BIBI,Independent,PANDABESWAR,WEST BENGAL,321
S25160,DEBASHIS NATH,Independent,RASHBEHARI,WEST BENGAL,321
S2599,NITAIKRISHNA PAL,Socialist Unity Centre Of India (COMMUNIST),BADURIA,WEST BENGAL,321
S2592,ANUPAM BISWAS,Independent,KALYANI,WEST BENGAL,320
S2519,MOUSUMI AICH,Amra Bangalee,DABGRAM-FULBARI,WEST BENGAL,319
S25172,KARTICK SHIL,Socialist Unity Centre Of India (COMMUNIST),SHIBPUR,WEST BENGAL,318
S25102,ALIM HOSSAIN MONDAL,Independent,AMDANGA,WEST BENGAL,317
S25187,ARINDAM GHOSH,Independent,CHAMPDANI,WEST BENGAL,316
S25104,SANJOY ROY,Socialist Unity Centre Of India (COMMUNIST),NAIHATI,WEST BENGAL,313
S25115,ASHIT DHALI,Independent,RAJARHAT NEW TOWN,WEST BENGAL,313
S25115,RAJIB SARKAR,Independent,RAJARHAT NEW TOWN,WEST BENGAL,313
S2551,NARESH PAL,Independent,ENGLISH BAZAR,WEST BENGAL,312
S25143,GOUTAM KUMAR HALDER,Independent,DIAMOND HARBOUR,WEST BENGAL,312
S2548,NUR MOHAMMAD,Independent,RATUA,WEST BENGAL,312
S2547,MD. SELIM,Welfare Party Of India,MALATIPUR,WEST BENGAL,312
S25173,AMIT CHAKRABORTY,Independent,HOWRAH DAKSHIN,WEST BENGAL,311
S25106,SOMENATH MITRA,Independent,JAGATDAL,WEST BENGAL,311
S2583,AMITAVA NANDI,Independent,KRISHNANAGAR UTTAR,WEST BENGAL,310
S2561,MOUSUMI KHATUN,Bharatiya Nyay-Adhikar Raksha Party,LALGOLA,WEST BENGAL,309
S25138,PRASANTA DAS,Independent,CANNING PASCHIM,WEST BENGAL,308
S25156,TANMOY SARDAR,Independent,BUDGE BUDGE,WEST BENGAL,308
S2518,HARENDRANATH ROY,Amra Bangalee,RAJGANJ,WEST BENGAL,308
S2518,JAGADISH CHANDRA ROY,Kamatapur Peoples Party (United),RAJGANJ,WEST BENGAL,307
S253,UTTAM BARMAN,Independent,COOCHBEHAR UTTAR,WEST BENGAL,307
S25159,SUBRATA BOSE,Independent,BHABANIPUR,WEST BENGAL,306
S25164,SONALI SAHA,Independent,BELEGHATA,WEST BENGAL,306
S25100,ASIK RAJ MONDAL,All India Majlis-E-Ittehadul Muslimeen,HABRA,WEST BENGAL,306
S2544,UJJWAL BARMAN,Independent,GAZOLE,WEST BENGAL,306
S25190,DIPAK PATRA,Independent,CHUNCHURA,WEST BENGAL,305
S25155,SAMIR KUMAR MONDAL,Independent,MAHESHTALA,WEST BENGAL,305
S2516,TAPATI ROY MALLICK,Independent,MAYNAGURI,WEST BENGAL,304
S2533,INDRANIL BISWAS,Independent,HEMTABAD,WEST BENGAL,304
S25173,SAMIR BACHAR,Independent,HOWRAH DAKSHIN,WEST BENGAL,303
S2535,MD. RAFIK ALAM,Independent,RAIGANJ,WEST BENGAL,303
S2558,PRABIR HALDER,Bhartiya Lokmat Rashtrawadi Party,JANGIPUR,WEST BENGAL,303
S25137,JOYDEEP GAYEN,Aam Janata Unnayan party,BARUIPUR PURBA,WEST BENGAL,302
S25103,MOHIT DUBEY,Aam Janata Unnayan party,BIJPUR,WEST BENGAL,299
S25101,TAPAS SARDAR,Independent,ASHOKNAGAR,WEST BENGAL,299
S2516,SHYAMAL RAY,Socialist Unity Centre Of India (COMMUNIST),MAYNAGURI,WEST BENGAL,299
S2539,NAMITA MAHANTA (POLI),Socialist Unity Centre Of India (COMMUNIST),BALURGHAT,WEST BENGAL,299
S25103,SIMA NANDY,Socialist Unity Centre Of India (COMMUNIST),BIJPUR,WEST BENGAL,299
S25164,JAYANTI MITRA,Socialist Unity Centre Of India (COMMUNIST),BELEGHATA,WEST BENGAL,298
S2585,EKRAMUL SEKH,Independent,KRISHNANAGAR DAKSHIN,WEST BENGAL,297
S2536,MOHASIN ALI,Independent,ITAHAR,WEST BENGAL,296
S25178,AMAL KUMAR BARMAN,Independent,ULUBERIA DAKSHIN,WEST BENGAL,296
S2554,MANJUR ALAHI MUNSHI,Bhartiya Rashtriya Dal,BAISNABNAGAR,WEST BENGAL,296
S2550,KALYAN RAJBANSHI,Aam Janata Unnayan party,MALDAHA,WEST BENGAL,295
S25204,SK BARKAT ALI,Independent,PANSKURA PURBA,WEST BENGAL,294
S25148,AKIYABUL MIDDYA,Independent,BHANGAR,WEST BENGAL,294
S257,ANIMESH BARMAN,Independent,DINHATA,WEST BENGAL,294
S25152,SUMITA BANERJEE,Socialist Unity Centre Of India (COMMUNIST),TOLLYGANJ,WEST BENGAL,292
S2539,PRADYUT KUMAR SAHA,Independent,BALURGHAT,WEST BENGAL,290
S25148,IKBAL MOLLA,Independent,BHANGAR,WEST BENGAL,290
S25145,SANJOY PRAMANICK,Independent,SATGACHHIA,WEST BENGAL,289
S25168,SOUMYA CHATTOPADHYAY,Independent,KASHIPUR-BELGACHHIA,WEST BENGAL,289
S2591,GOPAL CHANDRA SIL,Rashtriya Lok Janshakti Party,CHAKDAHA,WEST BENGAL,289
S252,GOUTAM BARMAN,Independent,MATHABHANGA,WEST BENGAL,288
S25165,ANSUMAN MITRA,Socialist Unity Centre Of India (COMMUNIST),JORASANKO,WEST BENGAL,288
S25103,SARAT CHANDRA BISWAS,Bahujan Samaj Party,BIJPUR,WEST BENGAL,287
S2530,TOWHID AHMED KHAN,Aam Janata Unnayan party,GOALPOKHAR,WEST BENGAL,287
S2541,TARUN RAY,Independent,GANGARAMPUR,WEST BENGAL,287
S2515,PRIYA ROY,Socialist Unity Centre Of India (COMMUNIST),DHUPGURI,WEST BENGAL,287
S25135,JAYDEB HALDER S/O - SANATAN HALDER,Independent,MANDIRBAZAR,WEST BENGAL,286
S25142,GORA JAMADAR,Socialist Unity Centre Of India (COMMUNIST),MAGRAHAT PASCHIM,WEST BENGAL,286
S25226,RAFIK ALI SAIYED,Independent,SABANG,WEST BENGAL,286
S2515,ADYANATH ROY,Kamatapur Peoples Party (United),DHUPGURI,WEST BENGAL,285
S2548,MD SOHEL,Rashtriya Secular Majlis Party,RATUA,WEST BENGAL,285
S25214,DIBYENDU MAITY,Independent,BHAGABANPUR,WEST BENGAL,283
S25126,BIDYUT GAYEN,Independent,HINGALGANJ,WEST BENGAL,283
S25249,GOUR HEMBRAM,Independent,RANIBANDH,WEST BENGAL,283
S25100,DEBDAS MONDAL,Independent,HABRA,WEST BENGAL,282
S25140,MD. SOHIDUL LASKAR,Aam Janata Unnayan party,BARUIPUR PASCHIM,WEST BENGAL,282
S25203,BISWAJIT BISWAS,Independent,TAMLUK,WEST BENGAL,282
S25109,PALASH DUTTA,Independent,KHARDAHA,WEST BENGAL,282
S2546,MD. SERAJUDDIN,Independent,HARISCHANDRAPUR,WEST BENGAL,281
S25281,DHARMPAL MISHRA,Independent,ASANSOL UTTAR,WEST BENGAL,280
S25292,ASGAR ALI,Bharatiya Nyay-Adhikar Raksha Party,HANSAN,WEST BENGAL,279
S25277,TAPAS ROY,Independent,DURGAPUR PASCHIM,WEST BENGAL,279
S2510,RAM ORAON,Socialist Unity Centre Of India (COMMUNIST),KUMARGRAM,WEST BENGAL,279
S251,MANOJ KUMAR RAY,Independent,MEKLIGANJ,WEST BENGAL,278
S25224,AZFAR ALI KHAN,Independent,KHARAGPUR SADAR,WEST BENGAL,278
S25124,SOUMEN DAS,Independent,BASIRHAT DAKSHIN,WEST BENGAL,277
S25154,NIHAR ROY,Independent,BEHALA PASCHIM,WEST BENGAL,276
S25112,SATYABRATA BANDYOPADHYAY,Independent,KAMARHATI,WEST BENGAL,276
S25133,SABINA KHATUN,Aam Janata Unnayan party,KULPI,WEST BENGAL,275
S25176,LATIFUL RAHAMAN MOLLA,Aam Janata Unnayan party,ULUBERIA PURBA,WEST BENGAL,274
S2581,SWADHIN CHOUDHURY,Independent,NAKASHIPARA,WEST BENGAL,273
S25126,PULAKESH MONDAL,Independent,HINGALGANJ,WEST BENGAL,272
S25117,SWAPAN HALDAR,Independent,RAJARHAT  GOPALPUR,WEST BENGAL,271
S25227,SISHIR KUMAR MANNA,Socialist Unity Centre Of India (COMMUNIST),PINGLA,WEST BENGAL,271
S2526,KRISHNA NAND SINGH,Independent,SILIGURI,WEST BENGAL,271
S25131,DIPANKAR JANA,Independent,KAKDWIP,WEST BENGAL,271
S2594,MANIK BAGCHI,Independent,BAGDA,WEST BENGAL,271
S25147,DILIP GAYEN,Mulnibasi Party of India,SONARPUR DAKSHIN,WEST BENGAL,270
S25178,SK HABIB,Aam Janata Unnayan party,ULUBERIA DAKSHIN,WEST BENGAL,270
S25277,SOMNATH BANERJEE,Socialist Unity Centre Of India (COMMUNIST),DURGAPUR PASCHIM,WEST BENGAL,269
S25227,KAZI ABDUR RASHID,Aam Janata Unnayan party,PINGLA,WEST BENGAL,269
S2587,APARNA GUHA,Socialist Unity Centre Of India (COMMUNIST),RANAGHAT UTTAR PASCHIM,WEST BENGAL,269
S25179,PRANAB SAMANTA,Independent,SHYAMPUR,WEST BENGAL,269
S25158,SEKH SADIK HOSSAIN,Independent,KOLKATA PORT,WEST BENGAL,268
S25204,BIMAL PORIA (DR.),Amra Bangalee,PANSKURA PURBA,WEST BENGAL,267
S2592,PRANKRISHNA BISWAS (BABU),Socialist Unity Centre Of India (COMMUNIST),KALYANI,WEST BENGAL,267
S25137,SHAMBHU SARDAR,Independent,BARUIPUR PURBA,WEST BENGAL,266
S25149,PRADYOT KUMAR SUR,Independent,KASBA,WEST BENGAL,266
S25121,MD. ABDULLAHIL MARUK,Independent,HAROA,WEST BENGAL,265
S2572,UTPAL KUNDU,Independent,BAHARAMPUR,WEST BENGAL,265
S25150,SANTANU SARKAR,Independent,JADAVPUR,WEST BENGAL,265
S2540,MANUEL HANSADA,Aam Janata Unnayan party,TAPAN,WEST BENGAL,265
S2529,RUPA SARKAR,Bahujan Samaj Party,ISLAMPUR,WEST BENGAL,264
S2547,RAHUL SK,Independent,MALATIPUR,WEST BENGAL,264
S2575,SAFAR ALI BISWAS(ROBI),Bhartiya Lokmat Rashtrawadi Party,DOMKAL,WEST BENGAL,264
S25163,PREM CHAND RAM,Independent,ENTALLY,WEST BENGAL,264
S2551,MD UNUSH ALI,Aam Janata Unnayan party,ENGLISH BAZAR,WEST BENGAL,262
S25181,ASHISH DOLUI,Independent,AMTA,WEST BENGAL,262
S25155,MOHAMMED ASLAM,Aam Janata Unnayan party,MAHESHTALA,WEST BENGAL,262
S25100,PROBODH KUMAR SARKAR,Socialist Unity Centre Of India (COMMUNIST),HABRA,WEST BENGAL,261
S2598,TARAK CHANDRA SARKAR,Independent,SWARUPNAGAR,WEST BENGAL,261
S25107,BISHAL KUMAR MANDAL,Independent,NOAPARA,WEST BENGAL,260
S2516,SUPARNA SARKAR,Amra Bangalee,MAYNAGURI,WEST BENGAL,259
S25186,SAMIR SARKAR,Socialist Unity Centre Of India (COMMUNIST),SREERAMPUR,WEST BENGAL,259
S254,ANANTA BARMAN,Independent,COOCHBEHAR DAKSHIN,WEST BENGAL,259
S25213,SWAPAN GHORAI,Indian Unity Centre,KANTHI UTTAR,WEST BENGAL,256
S2599,SAFIKUL ISLAM DAFADAR,Vikas India Party,BADURIA,WEST BENGAL,256
S25281,KRISHNENDU MUKHOPADHYAY,Independent,ASANSOL UTTAR,WEST BENGAL,255
S25171,RENU PRASAD,Independent,HOWRAH MADHYA,WEST BENGAL,255
S25267,NAZRUL ISLAM,Independent,BHATAR,WEST BENGAL,255
S2542,LALIT ORAWN,Socialist Unity Centre Of India (COMMUNIST),HARIRAMPUR,WEST BENGAL,254
S25275,JUBED SEKH,Aam Janata Unnayan party,PANDABESWAR,WEST BENGAL,252
S25215,SUBRATA PAIK,Independent,KHEJURI,WEST BENGAL,252
S25171,SUBRATA MONDAL,Independent,HOWRAH MADHYA,WEST BENGAL,252
S2533,MANINDRA BARMAN,Amra Bangalee,HEMTABAD,WEST BENGAL,252
S25129,SANKAR DEB MONDAL,Bahujan Samaj Party,KULTALI,WEST BENGAL,252
S25103,SUBROTA ROY,Independent,BIJPUR,WEST BENGAL,252
S25188,ARUP DAS,Independent,SINGUR,WEST BENGAL,251
S2526,MAMATA DAS,Amra Bangalee,SILIGURI,WEST BENGAL,251
S25170,HARINAARAYAN CHOWDHARY,Independent,HOWRAH UTTAR,WEST BENGAL,250
S2585,PRABIR DEY,Socialist Unity Centre Of India (COMMUNIST),KRISHNANAGAR DAKSHIN,WEST BENGAL,250
S25114,NIRENDRANATH KARMAKAR,Socialist Unity Centre Of India (COMMUNIST),DUM DUM,WEST BENGAL,249
S25291,FORIDA YASMIN,Socialist Unity Centre Of India (COMMUNIST),RAMPURHAT,WEST BENGAL,249
S25165,PAWAN KUMAR SHARMA,Independent,JORASANKO,WEST BENGAL,248
S2510,AMIT CHOMPRAMARI,Independent,KUMARGRAM,WEST BENGAL,248
S2589,GOBINDA PODDER,Independent,RANAGHAT UTTAR PURBA,WEST BENGAL,247
S25225,AMIT DAS,Independent,NARAYANGARH,WEST BENGAL,246
S2556,ABDUL HAI,Independent,SAMSERGANJ,WEST BENGAL,246
S25105,SUJIT BOSE,Socialist Unity Centre Of India (COMMUNIST),BHATPARA,WEST BENGAL,246
S2558,BAPI SK,Bharatiya Nyay-Adhikar Raksha Party,JANGIPUR,WEST BENGAL,245
S254,KOUSHIK BHATTACHARJEE,Independent,COOCHBEHAR DAKSHIN,WEST BENGAL,245
S2510,SUSHIL MINZ,Gana Suraksha Party,KUMARGRAM,WEST BENGAL,245
S25131,BIMALENDU SHEE,Jan Sangh Party,KAKDWIP,WEST BENGAL,245
S2526,DR. SHAHRIAR ALAM,Socialist Unity Centre Of India (COMMUNIST),SILIGURI,WEST BENGAL,245
S2545,BHAKTA PRASAD SAHA,Rastriya Aam Jan Seva Party,CHANCHAL,WEST BENGAL,244
S25110,HARIPADA BISWAS,Mulnibasi Party of India,DUM DUM UTTAR,WEST BENGAL,242
S25134,PALASH SARDAR,Independent,RAIDIGHI,WEST BENGAL,242
S25157,RAM RAMISHWAR,Bahujan Samaj Party,METIABURUZ,WEST BENGAL,242
S25180,BISWANATH BERA,Socialist Unity Centre Of India (COMMUNIST),BAGNAN,WEST BENGAL,242
S25229,SHUBHAMOY NAYEK,Bharatiya Nyay-Adhikar Raksha Party,DEBRA,WEST BENGAL,242
S25119,DEBASHISH BISWAS,Amra Bangalee,BARASAT,WEST BENGAL,242
S25158,OM PRAKASH RAM,Independent,KOLKATA PORT,WEST BENGAL,242
S25120,SATTAR ALI,Independent,DEGANGA,WEST BENGAL,242
S25281,KALLOL KUMAR RAY,Socialist Unity Centre Of India (COMMUNIST),ASANSOL UTTAR,WEST BENGAL,241
S25117,SUBIR CHAUDHURY,Socialist Unity Centre Of India (COMMUNIST),RAJARHAT  GOPALPUR,WEST BENGAL,241
S25291,KHAYRUL BASAR,Independent,RAMPURHAT,WEST BENGAL,240
S2529,MD. TOUSIQUE REZA,Independent,ISLAMPUR,WEST BENGAL,240
S2596,SHEFALI BAIN,Independent,BANGAON DAKSHIN,WEST BENGAL,238
S25210,BIMAL KUMAR MAITY,Socialist Unity Centre Of India (COMMUNIST),NANDIGRAM,WEST BENGAL,238
S2533,PRABODH KUMAR SARKAR,Socialist Unity Centre Of India (COMMUNIST),HEMTABAD,WEST BENGAL,237
S2568,SRIKANTA DAS,Socialist Unity Centre Of India (COMMUNIST),KANDI,WEST BENGAL,237
S25151,NARAYAN DAS,Independent,SONARPUR UTTAR,WEST BENGAL,236
S25116,SWETAKETU NANDY,Independent,BIDHANNAGAR,WEST BENGAL,236
S25180,SARIFUL KHAN,Aam Janata Unnayan party,BAGNAN,WEST BENGAL,236
S25140,SUBRATA DAS,Independent,BARUIPUR PASCHIM,WEST BENGAL,236
S25288,SK SIRAJUL HOQUE,Mulnibasi Party of India,LABPUR,WEST BENGAL,236
S25167,SHYAMAL GUHA,Independent,MANIKTALA,WEST BENGAL,235
S25153,PINTU BAYEN,Independent,BEHALA PURBA,WEST BENGAL,235
S25150,MEGHNAD NASKAR,Independent,JADAVPUR,WEST BENGAL,235
S25260,LUXMI NARAYAN KORA,Independent,BARDHAMAN DAKSHIN,WEST BENGAL,234
S25198,ASTIKMONI MALICK,Independent,TARAKESWAR,WEST BENGAL,234
S25113,SAJAL KUMAR GHOSH,Independent,BARANAGAR,WEST BENGAL,234
S2595,SUDHANSU SEKHAR BISWAS,Independent,BANGAON UTTAR,WEST BENGAL,233
S25148,MD RABIUL ISLAM GAZI,Independent,BHANGAR,WEST BENGAL,232
S25184,TINKU KAYAL,Independent,DOMJUR,WEST BENGAL,232
S25106,BULA ADHIKARY,Independent,JAGATDAL,WEST BENGAL,231
S251,KRISHNA BARMAN,Independent,MEKLIGANJ,WEST BENGAL,231
S2517,TUMPA DAS,Independent,JALPAIGURI,WEST BENGAL,230
S25184,TAPAS MONDAL,Independent,DOMJUR,WEST BENGAL,230
S25285,NITAI ANKUR,Socialist Unity Centre Of India (COMMUNIST),SURI,WEST BENGAL,230
S25184,MUNSURA BEGUM,Justice and Development Party,DOMJUR,WEST BENGAL,229
S2532,MD. FARUQUE  HOSSAIN,Independent,KARANDIGHI,WEST BENGAL,228
S25114,DULU DEY,Independent,DUM DUM,WEST BENGAL,227
S25179,SK NOOR AMIN,Aam Janata Unnayan party,SHYAMPUR,WEST BENGAL,227
S2585,ANANDA MODAK,Independent,KRISHNANAGAR DAKSHIN,WEST BENGAL,226
S2526,SUNIL PANDIT,Independent,SILIGURI,WEST BENGAL,226
S25164,SUBRATA DE,Independent,BELEGHATA,WEST BENGAL,226
S25136,RUPA SARDER,Mulnibasi Party of India,JAYNAGAR,WEST BENGAL,226
S2593,BIPLAB CHANDRA DAS,Socialist Unity Centre Of India (COMMUNIST),HARINGHATA,WEST BENGAL,226
S25109,KALYANBRATA MAJUMDAR,Independent,KHARDAHA,WEST BENGAL,225
S2546,MUSARAF HOSSAIN,Socialist Unity Centre Of India (COMMUNIST),HARISCHANDRAPUR,WEST BENGAL,224
S25157,RINA ADHIKARI ROY,Socialist Unity Centre Of India (COMMUNIST),METIABURUZ,WEST BENGAL,224
S25152,MOUMITA KIRTAN,Independent,TOLLYGANJ,WEST BENGAL,224
S25206,SANDIP SHEET,Independent,MOYNA,WEST BENGAL,224
S2584,NANIGOPAL DEBNATH,Independent,NABADWIP,WEST BENGAL,224
S25108,SAMIR KUNDU,Independent,BARRACKPUR,WEST BENGAL,224
S25167,SUBHAM MAJUMDAR,Independent,MANIKTALA,WEST BENGAL,223
S2530,NABIN  CHANDRA SINGHA,Socialist Unity Centre Of India (COMMUNIST),GOALPOKHAR,WEST BENGAL,223
S25187,MALLA MUKTER,Aam Janata Unnayan party,CHAMPDANI,WEST BENGAL,223
S2595,SUBHASIS BISWAS,Independent,BANGAON UTTAR,WEST BENGAL,223
S2561,MUNTASIR ZAMIL,Socialist Unity Centre Of India (COMMUNIST),LALGOLA,WEST BENGAL,223
S25158,QAISAR KHAN,Independent,KOLKATA PORT,WEST BENGAL,222
S25176,SAHAJADI PARVIN,Welfare Party Of India,ULUBERIA PURBA,WEST BENGAL,222
S25107,HRIDAY KANT PATHAK,Independent,NOAPARA,WEST BENGAL,221
S253,NIRMAL KUMAR ROY,Kamatapur Peoples Party (United),COOCHBEHAR UTTAR,WEST BENGAL,221
S25115,ABHIMANYU SHANDILYA,Independent,RAJARHAT NEW TOWN,WEST BENGAL,220
S25149,SANJIB BISWAS,Bahujan Samaj Party,KASBA,WEST BENGAL,220
S25203,RAJES PRAMANIK,Independent,TAMLUK,WEST BENGAL,219
S2588,RATHIN BARAI,Independent,KRISHNAGANJ,WEST BENGAL,219
S2550,BASUDEB SARKAR,Socialist Unity Centre Of India (COMMUNIST),MALDAHA,WEST BENGAL,219
S25159,ANUMITA SHAW,Socialist Unity Centre Of India (COMMUNIST),BHABANIPUR,WEST BENGAL,219
S25172,SUROJIT DAS,Independent,SHIBPUR,WEST BENGAL,219
S25153,ATANU DAS,Independent,BEHALA PURBA,WEST BENGAL,219
S25106,SHEO PRASAD TIWARI,Bharatiya Rashtriya Forward Bloc,JAGATDAL,WEST BENGAL,219
S25226,GOPINATH DEY,Independent,SABANG,WEST BENGAL,218
S2551,GAUTAM SARKAR,Socialist Unity Centre Of India (COMMUNIST),ENGLISH BAZAR,WEST BENGAL,218
S251,KIRTTIRAM BARMAN,Independent,MEKLIGANJ,WEST BENGAL,218
S2555,ALOK KUMAR MANDAL,Independent,FARAKKA,WEST BENGAL,217
S25136,SANJIB MONDAL,Aam Janata Unnayan party,JAYNAGAR,WEST BENGAL,216
S25168,NILRATAN NAIYA,Socialist Unity Centre Of India (COMMUNIST),KASHIPUR-BELGACHHIA,WEST BENGAL,215
S25217,SRIKRISHNA BHUNIA,Independent,RAMNAGAR,WEST BENGAL,214
S25116,SUJIT PAL,Independent,BIDHANNAGAR,WEST BENGAL,213
S25169,RUPALI SARKAR,Independent,BALLY,WEST BENGAL,212
S25189,Praloy Mukherjee,Independent,CHANDANNAGAR,WEST BENGAL,211
S25176,BARUN PATRA,Independent,ULUBERIA PURBA,WEST BENGAL,211
S25147,RATHIN SARKAR,Independent,SONARPUR DAKSHIN,WEST BENGAL,210
S25115,FIRDAUS ALI MOLLA,Aam Janata Unnayan party,RAJARHAT NEW TOWN,WEST BENGAL,210
S25160,PANKAJ THAKKAR,Independent,RASHBEHARI,WEST BENGAL,210
S25225,SK NURUL HASAN,Aam Janata Unnayan party,NARAYANGARH,WEST BENGAL,209
S25148,RAJIB AHAMED,Independent,BHANGAR,WEST BENGAL,209
S25149,CHANDAN DEY,Independent,KASBA,WEST BENGAL,209
S2551,ASAMAY MANDAL,Independent,ENGLISH BAZAR,WEST BENGAL,209
S2553,SABINA YASMIN,Jamat-E-Seratul Mustakim,SUJAPUR,WEST BENGAL,209
S2553,AKTAR SAMIM,Independent,SUJAPUR,WEST BENGAL,208
S25215,GHANASHYAM DAS,Independent,KHEJURI,WEST BENGAL,207
S2532,ANANDA SINGHA,Independent,KARANDIGHI,WEST BENGAL,206
S25120,MASIDUL SAHAJI,Independent,DEGANGA,WEST BENGAL,205
S25164,NAZIR AHMED,Independent,BELEGHATA,WEST BENGAL,205
S25176,SUKHENDU MONDAL,Socialist Unity Centre Of India (COMMUNIST),ULUBERIA PURBA,WEST BENGAL,204
S25129,BHUTNATH SARDAR,Bahujan Mukti Party,KULTALI,WEST BENGAL,203
S25160,SK ALAMGIR,Independent,RASHBEHARI,WEST BENGAL,203
S25171,ASIF HUSSAIN,Aam Janata Unnayan party,HOWRAH MADHYA,WEST BENGAL,203
S2597,SUDHIR MONDAL,Independent,GAIGHATA,WEST BENGAL,203
S25112,HIRAK SINHA,Independent,KAMARHATI,WEST BENGAL,202
S25213,MANAS SHIT,Independent,KANTHI UTTAR,WEST BENGAL,201
S25116,SHAMPA MUKHERJEE,Independent,BIDHANNAGAR,WEST BENGAL,200
S25174,BARUNA DAS,Independent,SANKRAIL,WEST BENGAL,200
S2550,SURAJIT HALDER,Kamatapur Peoples Party (United),MALDAHA,WEST BENGAL,200
S25151,ABUL KASHEM,Independent,SONARPUR UTTAR,WEST BENGAL,199
S25149,PARTHA PRATIM ROY,Independent,KASBA,WEST BENGAL,199
S25174,NILKAMAL DAS,Independent,SANKRAIL,WEST BENGAL,199
S25105,PAWAN KUMAR SINGH,Independent,BHATPARA,WEST BENGAL,199
S25111,SWAMINATH KORI,Bahujan Samaj Party,PANIHATI,WEST BENGAL,198
S25216,HIRALAL MIRDHA,Bahujan Samaj Party,KANTHI DAKSHIN,WEST BENGAL,198
S254,RASHIDUL ALAM,Independent,COOCHBEHAR DAKSHIN,WEST BENGAL,196
S25148,SIMA BHATTACHARYYA,Aam Janata Unnayan party,BHANGAR,WEST BENGAL,194
S2546,KISHOR SHARMA,Independent,HARISCHANDRAPUR,WEST BENGAL,194
S2539,DIPANKAR BARMAN,Independent,BALURGHAT,WEST BENGAL,194
S25126,ASHOK KUMAR MONDAL,Independent,HINGALGANJ,WEST BENGAL,194
S252,SUBODH BARMAN,Amra Bangalee,MATHABHANGA,WEST BENGAL,192
S2589,ASIM BISWAS,Independent,RANAGHAT UTTAR PURBA,WEST BENGAL,192
S25161,UTTAM KUMAR DAS,Independent,BALLYGUNGE,WEST BENGAL,191
S2534,ANJAY DEBSARMA,Aam Janata Unnayan party,KALIAGANJ,WEST BENGAL,190
S25189,Kumud Mondal,Socialist Unity Centre Of India (COMMUNIST),CHANDANNAGAR,WEST BENGAL,189
S25181,SK MASAREKUL ANOWAR,Aam Janata Unnayan party,AMTA,WEST BENGAL,186
S25168,SURAJIT GUPTA,Independent,KASHIPUR-BELGACHHIA,WEST BENGAL,186
S2555,ABDUL KADER,Independent,FARAKKA,WEST BENGAL,186
S25166,SANJAY BAGARIA,Independent,SHYAMPUKUR,WEST BENGAL,186
S2553,MD NAIMULLAH ANSARI,North Bengal Peoples Party,SUJAPUR,WEST BENGAL,186
S254,HARIDAS MODAK,Amra Bangalee,COOCHBEHAR DAKSHIN,WEST BENGAL,185
S25131,FAYJUDDIN LASKAR,Independent,KAKDWIP,WEST BENGAL,185
S25203,ASHADUL RAHAMAN SK,Aam Janata Unnayan party,TAMLUK,WEST BENGAL,185
S25281,KRISHNENDU CHATTERJEE,Independent,ASANSOL UTTAR,WEST BENGAL,185
S2563,KHALID HOSSAIN,Independent,RANINAGAR,WEST BENGAL,184
S25154,MOUSUMI GHOSH,Independent,BEHALA PASCHIM,WEST BENGAL,184
S25132,KANAI MANDAL,Jan Sangh Party,SAGAR,WEST BENGAL,184
S2517,MANABENDRA ROY,Kamatapur Peoples Party (United),JALPAIGURI,WEST BENGAL,183
S2593,SWAPAN KUMAR ROY,Party for Democratic Socialism,HARINGHATA,WEST BENGAL,183
S25150,BHASWATI GANGOPADHYAY,Independent,JADAVPUR,WEST BENGAL,182
S25225,GANESH KISKU,Bharatiya Nyay-Adhikar Raksha Party,NARAYANGARH,WEST BENGAL,181
S25180,SANJIT PATRA,Independent,BAGNAN,WEST BENGAL,181
S25109,NIRMALYA SING,Bharatiya Nyay-Adhikar Raksha Party,KHARDAHA,WEST BENGAL,180
S25117,TARUN KUMAR TIWARI,Independent,RAJARHAT  GOPALPUR,WEST BENGAL,179
S25167,PRANATI PAUL,Amra Bangalee,MANIKTALA,WEST BENGAL,178
S25162,PRABIR SEAL,Socialist Unity Centre Of India (COMMUNIST),CHOWRANGEE,WEST BENGAL,178
S25151,DIPENDU ISAR,Independent,SONARPUR UTTAR,WEST BENGAL,178
S25115,SUNIL NASKAR,Socialist Unity Centre Of India (COMMUNIST),RAJARHAT NEW TOWN,WEST BENGAL,178
S2596,KALYANI MONDAL,Independent,BANGAON DAKSHIN,WEST BENGAL,178
S25292,JAHANGIR ALAM,Socialist Party (India),HANSAN,WEST BENGAL,178
S2531,MD ASLAM,Independent,CHAKULIA,WEST BENGAL,177
S25277,SUBRATA BHOWMIK,Mera Bharat Mahan Party,DURGAPUR PASCHIM,WEST BENGAL,177
S25172,ABHISEK MONDAL,Independent,SHIBPUR,WEST BENGAL,177
S2515,JAYANTI ROY ORAON,Gana Suraksha Party,DHUPGURI,WEST BENGAL,177
S25111,SHEKH IMANUR RAHMAN,Independent,PANIHATI,WEST BENGAL,176
S2539,DULAL BARMAN,Independent,BALURGHAT,WEST BENGAL,175
S25181,ABHIJIT HAZRA,Independent,AMTA,WEST BENGAL,175
S25277,AVISHEK ROY,Independent,DURGAPUR PASCHIM,WEST BENGAL,175
S25291,SUKHOMAY SARKAR,Amra Bangalee,RAMPURHAT,WEST BENGAL,174
S2593,AMIT SARKAR,Rashtriya Lok Janshakti Party,HARINGHATA,WEST BENGAL,174
S25103,PREM BANSFORE,Independent,BIJPUR,WEST BENGAL,174
S25217,AHAMADULLAH KHAN MD.,Independent,RAMNAGAR,WEST BENGAL,173
S25120,ABDUL ARIF,Aam Janata Unnayan party,DEGANGA,WEST BENGAL,172
S2517,UJJAL SARKAR,Independent,JALPAIGURI,WEST BENGAL,172
S25164,PRITAMBAR DAS,Independent,BELEGHATA,WEST BENGAL,171
S25171,SHARMISTHA DAS,Independent,HOWRAH MADHYA,WEST BENGAL,170
S2572,RAJIB CHATTERJEE,Bhartiya Lokmat Rashtrawadi Party,BAHARAMPUR,WEST BENGAL,169
S25171,SHRIRUP DAS,Socialist Unity Centre Of India (COMMUNIST),HOWRAH MADHYA,WEST BENGAL,168
S25170,SISIR SAMANTA,Independent,HOWRAH UTTAR,WEST BENGAL,168
S25147,PROHALLAD NASKAR,Independent,SONARPUR DAKSHIN,WEST BENGAL,168
S25210,SANGITA CHAKRABORTY,Independent,NANDIGRAM,WEST BENGAL,167
S2597,CHANDAN ROY,Independent,GAIGHATA,WEST BENGAL,166
S25158,MD IMTIYAZ ALAM,Aam Janata Unnayan party,KOLKATA PORT,WEST BENGAL,166
S25216,BISWAJIT JANA,Independent,KANTHI DAKSHIN,WEST BENGAL,166
S25110,SANAP MONDAL,Bharatiya Nyay-Adhikar Raksha Party,DUM DUM UTTAR,WEST BENGAL,165
S2595,DIPAK HALDAR,Independent,BANGAON UTTAR,WEST BENGAL,165
S25187,HENA PARVEEN,Samata Party,CHAMPDANI,WEST BENGAL,165
S25152,DEBASHIS DAS,Independent,TOLLYGANJ,WEST BENGAL,164
S25142,UJJAL RAY,Independent,MAGRAHAT PASCHIM,WEST BENGAL,163
S2529,BIRENDRA NATH SINHA,Socialist Unity Centre Of India (COMMUNIST),ISLAMPUR,WEST BENGAL,163
S2517,BILASH SARKAR,Guruchand Sena Dal,JALPAIGURI,WEST BENGAL,163
S25109,NASIM KHAN,Aam Janata Unnayan party,KHARDAHA,WEST BENGAL,163
S25161,REEPA BHATTACHARJEE,Independent,BALLYGUNGE,WEST BENGAL,162
S25149,ISHTIAQUE ANWAR,Independent,KASBA,WEST BENGAL,161
S2532,GAUTAM PAL,Independent,KARANDIGHI,WEST BENGAL,160
S25173,AVIJIT DAS,Independent,HOWRAH DAKSHIN,WEST BENGAL,159
S2589,ASIM BISWAS,Independent,RANAGHAT UTTAR PURBA,WEST BENGAL,159
S2515,ALOK ROY,Independent,DHUPGURI,WEST BENGAL,158
S25158,MD. MOMTAZ ALAM,Independent,KOLKATA PORT,WEST BENGAL,158
S25106,PRAMOD SINGH,Independent,JAGATDAL,WEST BENGAL,158
S2556,ANUP BHASKAR,Independent,SAMSERGANJ,WEST BENGAL,158
S25169,PUTUL CHOWDHURY,Socialist Unity Centre Of India (COMMUNIST),BALLY,WEST BENGAL,157
S25150,GAUTAM GOSWAMI,Independent,JADAVPUR,WEST BENGAL,157
S25189,Ashish Chandra Gupta,Hindu Samaj Party,CHANDANNAGAR,WEST BENGAL,157
S25186,BHASKAR BHATTACHARJEE,Independent,SREERAMPUR,WEST BENGAL,156
S25181,ABHIJIT SHOW,Independent,AMTA,WEST BENGAL,156
S25189,Sahariar Mullick,Aam Janata Unnayan party,CHANDANNAGAR,WEST BENGAL,156
S25120,ABDUL NAYEEM MOLLICK,Welfare Party Of India,DEGANGA,WEST BENGAL,156
S2531,ABAI DULLAH,Socialist Unity Centre Of India (COMMUNIST),CHAKULIA,WEST BENGAL,155
S2536,MAHATAB ALI,Independent,ITAHAR,WEST BENGAL,155
S2532,SUSHANTA KUMAR SINHA,Socialist Unity Centre Of India (COMMUNIST),KARANDIGHI,WEST BENGAL,155
S2597,TAPAN BISWAS,Independent,GAIGHATA,WEST BENGAL,155
S25168,TAPAS SARDAR,Independent,KASHIPUR-BELGACHHIA,WEST BENGAL,154
S2568,ABHIJIT HALDER,Independent,KANDI,WEST BENGAL,153
S25167,SUBIR SAMANTA,Socialist Unity Centre Of India (COMMUNIST),MANIKTALA,WEST BENGAL,153
S25186,SANTOSH KUMAR SINGH (S. K. SINGH),Independent,SREERAMPUR,WEST BENGAL,153
S2595,ANANDA BISWAS,Amra Bangalee,BANGAON UTTAR,WEST BENGAL,153
S25108,AMAL KUMAR SEN,Socialist Unity Centre Of India (COMMUNIST),BARRACKPUR,WEST BENGAL,152
S2572,MAMATA BIBI,Justice and Development Party,BAHARAMPUR,WEST BENGAL,152
S25135,SUBRATA NASKAR,Aam Janata Unnayan party,MANDIRBAZAR,WEST BENGAL,152
S25111,CHANDRA SHEKHAR CHOWDHURI,Socialist Unity Centre Of India (COMMUNIST),PANIHATI,WEST BENGAL,151
S2535,MANTU KUMAR MANDAL,Bahujan Samaj Party,RAIGANJ,WEST BENGAL,151
S2589,JAGADISH MANDAL (JOGO),Socialist Unity Centre Of India (COMMUNIST),RANAGHAT UTTAR PURBA,WEST BENGAL,150
S25170,PRITI DEVI,Bahujan Samaj Party,HOWRAH UTTAR,WEST BENGAL,150
S25275,PANKAJ MITRA,Independent,PANDABESWAR,WEST BENGAL,150
S2595,SHYAMSUNDAR HALDAR,Socialist Unity Centre Of India (COMMUNIST),BANGAON UTTAR,WEST BENGAL,150
S25157,AHMED ALI MOLLA,Independent,METIABURUZ,WEST BENGAL,149
S25154,MRIDUL OJHA,Independent,BEHALA PASCHIM,WEST BENGAL,149
S25168,PHOOLTUSHY DUTTA,Jan Sangh Party,KASHIPUR-BELGACHHIA,WEST BENGAL,149
S2596,BIPLAB TIKADAR,Independent,BANGAON DAKSHIN,WEST BENGAL,149
S25203,DIPANKAR METYA,Independent,TAMLUK,WEST BENGAL,149
S25285,AVISHEK CHAKRABORTY,Independent,SURI,WEST BENGAL,148
S25153,ASHIM CHAKRABORTY,Independent,BEHALA PURBA,WEST BENGAL,147
S25164,DEBDYUTI  DEB,Independent,BELEGHATA,WEST BENGAL,147
S25291,ARKAPRABHA CHOUDHURY,Independent,RAMPURHAT,WEST BENGAL,147
S25227,ASISH KUMAR BHUNIA,Independent,PINGLA,WEST BENGAL,146
S25113,PRASENJIT DEY,Independent,BARANAGAR,WEST BENGAL,145
S2595,ASHOK KUMAR ROY,Independent,BANGAON UTTAR,WEST BENGAL,145
S25169,SANJAY SINGH,Independent,BALLY,WEST BENGAL,145
S25170,SHANKAR KHA,Independent,HOWRAH UTTAR,WEST BENGAL,144
S2563,ANOYAR HOSSAIN,Independent,RANINAGAR,WEST BENGAL,144
S2529,MD. ZIAUL HAQUE CHOWDHURY,Aam Janata Unnayan party,ISLAMPUR,WEST BENGAL,143
S25216,TAPAS KUMAR ADHIKARI,Independent,KANTHI DAKSHIN,WEST BENGAL,142
S2531,MD FEROZ AKHTAR,Aam Janata Unnayan party,CHAKULIA,WEST BENGAL,142
S25159,SK SAFI AHAMED,Independent,BHABANIPUR,WEST BENGAL,142
S25147,PRADIP KUMAR MANDAL,Independent,SONARPUR DAKSHIN,WEST BENGAL,142
S25161,SHAIK IMRAN,Independent,BALLYGUNGE,WEST BENGAL,141
S25173,AVISEK DAS,Independent,HOWRAH DAKSHIN,WEST BENGAL,141
S2535,DWARIK NATH BARMAN,Independent,RAIGANJ,WEST BENGAL,141
S25151,ARUP MANDAL,Independent,SONARPUR UTTAR,WEST BENGAL,141
S25166,CHHAYA GHOSH,Independent,SHYAMPUKUR,WEST BENGAL,140
S25112,SAIFUDDIN MONDAL,Aam Janata Unnayan party,KAMARHATI,WEST BENGAL,140
S25108,RAJDEEP ROY,Independent,BARRACKPUR,WEST BENGAL,139
S25179,DEBASRI SAHU,Independent,SHYAMPUR,WEST BENGAL,139
S25161,GOBINDA NASKAR,Independent,BALLYGUNGE,WEST BENGAL,137
S25163,MANTU KAR,Independent,ENTALLY,WEST BENGAL,136
S2531,SUKHEN KUMAR SINGHA,North Bengal Peoples Party,CHAKULIA,WEST BENGAL,135
S25163,UDAY BARUA,Independent,ENTALLY,WEST BENGAL,135
S25169,ABDUL QADIR KHAN,Aam Janata Unnayan party,BALLY,WEST BENGAL,135
S25112,SHEKH IMANUR RAHMAN,Independent,KAMARHATI,WEST BENGAL,135
S2534,UTTAM BARMAN,Independent,KALIAGANJ,WEST BENGAL,133
S2557,RAJIB CHATTERJEE,Bhartiya Lokmat Rashtrawadi Party,SUTI,WEST BENGAL,133
S25158,SRI CHAND BIND,Socialist Unity Centre Of India (COMMUNIST),KOLKATA PORT,WEST BENGAL,133
S25169,SANJAY SINGH,Independent,BALLY,WEST BENGAL,132
S2536,TAPAN KUMAR DAS,Socialist Unity Centre Of India (COMMUNIST),ITAHAR,WEST BENGAL,131
S2532,BAHAMONI HANSDA,Independent,KARANDIGHI,WEST BENGAL,131
S25184,HASANUR RAHAMAN MOLLA,Aam Janata Unnayan party,DOMJUR,WEST BENGAL,131
S25117,LALU NEYE,Independent,RAJARHAT  GOPALPUR,WEST BENGAL,130
S25171,ARIJIT NANDY,Independent,HOWRAH MADHYA,WEST BENGAL,130
S25152,DR.CHANDRACHUR GOSWAMI,Independent,TOLLYGANJ,WEST BENGAL,129
S2535,FAKIRA MD,Independent,RAIGANJ,WEST BENGAL,129
S2555,TILOTTAMA HALDAR,Bharatiya Nyay-Adhikar Raksha Party,FARAKKA,WEST BENGAL,128
S25171,DEBASISH GHORUI,Independent,HOWRAH MADHYA,WEST BENGAL,127
S2534,DHULESH SARKAR,Socialist Unity Centre Of India (COMMUNIST),KALIAGANJ,WEST BENGAL,127
S25117,MONIKA MANNA,Bharatiya Nyay-Adhikar Raksha Party,RAJARHAT  GOPALPUR,WEST BENGAL,126
S25189,Rohit Sarkar,Bharatiya National Janata Dal,CHANDANNAGAR,WEST BENGAL,126
S25149,IQBAL HOSSAIN,Independent,KASBA,WEST BENGAL,126
S25116,SARAT MUKHERJEE,Independent,BIDHANNAGAR,WEST BENGAL,126
S25108,ZAKIR HUSSAIN,Aam Janata Unnayan party,BARRACKPUR,WEST BENGAL,125
S254,ABHIJIT DEY,Independent,COOCHBEHAR DAKSHIN,WEST BENGAL,125
S2517,ISWAR BARAI,Amra Bangalee,JALPAIGURI,WEST BENGAL,125
S25107,BANTI RAJAK,Independent,NOAPARA,WEST BENGAL,125
S25165,PRADEEP KUMAR SARAFF,Independent,JORASANKO,WEST BENGAL,125
S25150,JABA SARKAR,Independent,JADAVPUR,WEST BENGAL,124
S25134,TAPAS MONDAL S/O-ASHOK MONDAL,Independent,RAIDIGHI,WEST BENGAL,124
S25227,AJIT MAITI,Independent,PINGLA,WEST BENGAL,124
S25168,BIVASH DAS,Independent,KASHIPUR-BELGACHHIA,WEST BENGAL,124
S25107,IZAHARUL HAQUE,Independent,NOAPARA,WEST BENGAL,123
S25114,SABIR RAJA ANSARI,Aam Janata Unnayan party,DUM DUM,WEST BENGAL,123
S25147,ATRASTA NATH,Independent,SONARPUR DAKSHIN,WEST BENGAL,123
S25154,SAROOP CHATTOPADHYAY,Aam Janata Unnayan party,BEHALA PASCHIM,WEST BENGAL,122
S25107,BIPLOB MITRA,Aam Janata Unnayan party,NOAPARA,WEST BENGAL,122
S2539,MASUMA KHATUN,Aam Janata Unnayan party,BALURGHAT,WEST BENGAL,122
S25105,GAURAB PRASAD,Independent,BHATPARA,WEST BENGAL,122
S25107,JAYANTA KUMAR BANERJEE,Independent,NOAPARA,WEST BENGAL,121
S25180,MOLAY GHOSH,Independent,BAGNAN,WEST BENGAL,121
S25157,RAFIQUL ISLAM GAZI,Indian Union Muslim League,METIABURUZ,WEST BENGAL,121
S25150,TANUJIT DAS,Independent,JADAVPUR,WEST BENGAL,121
S25134,TAPAS MANDAL        S/O-DIBAKAR MANDAL,Independent,RAIDIGHI,WEST BENGAL,120
S25107,VIKASH KUMAR RAM,Independent,NOAPARA,WEST BENGAL,118
S25162,SAYANTAN PATRA,Independent,CHOWRANGEE,WEST BENGAL,118
S25281,ANOWAR ALI,Independent,ASANSOL UTTAR,WEST BENGAL,118
S2536,FIROJ ALAM,Aam Janata Unnayan party,ITAHAR,WEST BENGAL,118
S25117,AVIJIT PODDER,National Republic Party Of India,RAJARHAT  GOPALPUR,WEST BENGAL,117
S25103,TUNTUN YADAV,Independent,BIJPUR,WEST BENGAL,117
S25167,RICKY PAUL,Independent,MANIKTALA,WEST BENGAL,117
S2534,AJAY CHOUHAN,Independent,KALIAGANJ,WEST BENGAL,116
S2535,MADHABILATA PAUL,Socialist Unity Centre Of India (COMMUNIST),RAIGANJ,WEST BENGAL,116
S25186,SIMA PAL,Aam Janata Unnayan party,SREERAMPUR,WEST BENGAL,116
S25162,TEJASH BOLE,Independent,CHOWRANGEE,WEST BENGAL,115
S25163,SHA ALAM,Aam Janata Unnayan party,ENTALLY,WEST BENGAL,115
S25112,PINTU KARAR,Independent,KAMARHATI,WEST BENGAL,114
S25166,UMA GOSWAMI,Independent,SHYAMPUKUR,WEST BENGAL,113
S2539,NAROTTAM SAHA,Amra Bangalee,BALURGHAT,WEST BENGAL,112
S25115,SHUBHANKAR MONDAL,Samata Party,RAJARHAT NEW TOWN,WEST BENGAL,112
S2568,SAKSHI GOPAL DEB,Amra Bangalee,KANDI,WEST BENGAL,112
S25161,FAISAL KHAN,Aam Janata Unnayan party,BALLYGUNGE,WEST BENGAL,112
S2529,NEYAZ IMAM,Independent,ISLAMPUR,WEST BENGAL,111
S25162,DEBASISH BHADRA,Right to Recall Party,CHOWRANGEE,WEST BENGAL,111
S25154,MOHIT BANERJEE,Independent,BEHALA PASCHIM,WEST BENGAL,111
S25150,KRISHANU NAG,Independent,JADAVPUR,WEST BENGAL,111
S25107,AMIT KUMAR SHAW,Independent,NOAPARA,WEST BENGAL,110
S25100,APU MALLICK,Independent,HABRA,WEST BENGAL,109
S25184,HABIBUR RAHAMAN SK. (RAJU),Bharatiya Nyay-Adhikar Raksha Party,DOMJUR,WEST BENGAL,109
S25206,ABHOY BHOWMIK,Independent,MOYNA,WEST BENGAL,106
S25134,MD MASUD BILLAH MOLLA,Aam Janata Unnayan party,RAIDIGHI,WEST BENGAL,106
S25150,BISWAJIT DAS,Independent,JADAVPUR,WEST BENGAL,102
S2529,KAMAL MAJUMDAR,Independent,ISLAMPUR,WEST BENGAL,99
S25281,BALIRAM GOND,Gondvana Gantantra Party,ASANSOL UTTAR,WEST BENGAL,98
S25169,PRATAP GOSWAMI,Independent,BALLY,WEST BENGAL,98
S2531,ABUL KASHIM,Independent,CHAKULIA,WEST BENGAL,97
S25158,DINESH SHAW,Independent,KOLKATA PORT,WEST BENGAL,97
S25163,ASHOK DAS,Independent,ENTALLY,WEST BENGAL,97
S2563,ABDUL ALIM SK,Independent,RANINAGAR,WEST BENGAL,95
S25168,HARSH GUPTA,National Republic Party Of India,KASHIPUR-BELGACHHIA,WEST BENGAL,95
S25165,BIJOY OJHA,Independent,JORASANKO,WEST BENGAL,94
S25165,LAKSHMI PRASAD,Independent,JORASANKO,WEST BENGAL,94
S25171,AMAJIT BASU,Independent,HOWRAH MADHYA,WEST BENGAL,93
S25166,AYAN CHAKRABORTY,Independent,SHYAMPUKUR,WEST BENGAL,93
S25117,ARINDAM GHOSH,Independent,RAJARHAT  GOPALPUR,WEST BENGAL,93
S25170,GANESHLAL GUPTA,National Republic Party Of India,HOWRAH UTTAR,WEST BENGAL,93
S25152,TAPAN DAS,Independent,TOLLYGANJ,WEST BENGAL,91
S25167,PRATIMA SAHA,Independent,MANIKTALA,WEST BENGAL,90
S2536,SAIDUR RAHAMAN,Bhumiputra United Party,ITAHAR,WEST BENGAL,88
S25166,ANITA JAISWAL,Independent,SHYAMPUKUR,WEST BENGAL,87
S25157,AJAZ AHMED ANSARI,Aam Janata Unnayan party,METIABURUZ,WEST BENGAL,87
S25171,SANKAR MONDAL (BULTU),Bharatiya Nyay-Adhikar Raksha Party,HOWRAH MADHYA,WEST BENGAL,86
S25164,ABHIJIT HAZRA,Independent,BELEGHATA,WEST BENGAL,86
S25163,ANSHAR ALI,Independent,ENTALLY,WEST BENGAL,86
S25159,NARAYAN DAS,Independent,BHABANIPUR,WEST BENGAL,84
S2535,GOUTAM BISWAS,Amra Bangalee,RAIGANJ,WEST BENGAL,83
S25111,AFSANA KHATOON,Aam Janata Unnayan party,PANIHATI,WEST BENGAL,83
S2535,SAPRATIVE CHAKRABORTY,North Bengal Peoples Party,RAIGANJ,WEST BENGAL,81
S25117,ACHINTYA GHOSH,Independent,RAJARHAT  GOPALPUR,WEST BENGAL,79
S25159,MUMTAZ ALI,Independent,BHABANIPUR,WEST BENGAL,79
S25113,DULAL KANTI BHATTACHARYA,Independent,BARANAGAR,WEST BENGAL,78
S2536,TUFAN BARAMAN,Independent,ITAHAR,WEST BENGAL,78
S25180,NARAYAN CHANDRA JANA,Independent,BAGNAN,WEST BENGAL,77
S25162,SUMANTA BHOWMICK,Independent,CHOWRANGEE,WEST BENGAL,76
S25163,IMRAN ALI,Independent,ENTALLY,WEST BENGAL,75
S25216,AJITESH PAHARI,Independent,KANTHI DAKSHIN,WEST BENGAL,74
S25163,KUNDAN KR. SHAW,Independent,ENTALLY,WEST BENGAL,74
S2535,MANJUR ALAM,Aam Janata Unnayan party,RAIGANJ,WEST BENGAL,73
S25159,MANIKA MUKHERJEE,Bharatiya Nyay-Adhikar Raksha Party,BHABANIPUR,WEST BENGAL,73
S25111,BISWANATH DEY,Independent,PANIHATI,WEST BENGAL,72
S25100,KABIR RANA,Aam Janata Unnayan party,HABRA,WEST BENGAL,71
S25210,MD. ABI ALA,Independent,NANDIGRAM,WEST BENGAL,71
S25159,SAFAR SEKH,Independent,BHABANIPUR,WEST BENGAL,71
S25112,BIRJU SHAW,Independent,KAMARHATI,WEST BENGAL,71
S25167,PINTU PYNE,Independent,MANIKTALA,WEST BENGAL,70
S25168,BINAY SINGH,Independent,KASHIPUR-BELGACHHIA,WEST BENGAL,69
S2536,DILIP KUMAR BARMAN,Independent,ITAHAR,WEST BENGAL,68
S25210,SAHIDUL HAQUE MONDAL,Aam Janata Unnayan party,NANDIGRAM,WEST BENGAL,68
S25159,MALAY GUHA ROY,Independent,BHABANIPUR,WEST BENGAL,68
S25165,BIJOY GHORAI,Independent,JORASANKO,WEST BENGAL,65
S25162,MD EHSAN ELAHI,Independent,CHOWRANGEE,WEST BENGAL,65
S25168,ARAFAT SEKH,Independent,KASHIPUR-BELGACHHIA,WEST BENGAL,65
S25165,PRITAM SINGH,Independent,JORASANKO,WEST BENGAL,62
S2536,KHITAN BARMAN,Independent,ITAHAR,WEST BENGAL,59
S25170,CHANDRA KANTA JAISWAL,Independent,HOWRAH UTTAR,WEST BENGAL,56
S25170,MONORANJAN POLLEY,Independent,HOWRAH UTTAR,WEST BENGAL,56
S25158,BISWAJIT HALDER,Independent,KOLKATA PORT,WEST BENGAL,55
S25169,INDRANATH DAS,Independent Nationalist Front,BALLY,WEST BENGAL,54
S25210,MD. NURUL ISLAM,Independent,NANDIGRAM,WEST BENGAL,54
S25166,BARNALI GHOSH,Independent,SHYAMPUKUR,WEST BENGAL,54
S25170,GAUTAM VERMA,Independent,HOWRAH UTTAR,WEST BENGAL,50
S2535,ANWARUL HOQUE,Independent,RAIGANJ,WEST BENGAL,47
S25169,NISHU KURMI,Independent,BALLY,WEST BENGAL,46
S25169,KANCHAN SONKAR,National Republic Party Of India,BALLY,WEST BENGAL,44
S25169,ALOK PAKHIRA,Independent,BALLY,WEST BENGAL,43
S25165,HARIRAM SINGH,Independent,JORASANKO,WEST BENGAL,41
S25162,JOHAR IQBAL,Independent,CHOWRANGEE,WEST BENGAL,34
S25144,DEBANGSHU PANDA,Bharatiya Janata Party,FALTA,WEST BENGAL,0
S25144,ABDUR RAZZAK MOLLA,Indian National Congress,FALTA,WEST BENGAL,0
S25144,JAHANGIR KHAN,All India Trinamool Congress,FALTA,WEST BENGAL,0
S25144,NOTA,None of the Above,FALTA,WEST BENGAL,0
S25144,DIP HATI,Independent,FALTA,WEST BENGAL,0
S25144,CHANDRAKANTA ROY,Independent,FALTA,WEST BENGAL,0
S25144,SAMBHU NATH KURMI,Communist Party of India (Marxist),FALTA,WEST BENGAL,0
